timestamp	state	soc_percent	battery_voltage_v	battery_current_a	battery_temp_c	power_kw	soh_percent	battery_degradation_percent	vehicle_speed_kmph	state_refined
1/1/2026 0:00	Idle	82	391.5	-0.12	26	-0.047	95	5	0	Idle
1/1/2026 0:00	Idle	82	391.49	-0.12	26	-0.047	95	5	0	Idle
1/1/2026 0:00	Idle	82	391.49	-0.12	26	-0.047	95	5	0	Idle
1/1/2026 0:00	Idle	81.999	391.49	-0.12	26	-0.047	95	5	0	Idle
1/1/2026 0:00	Idle	81.999	391.49	-0.12	26	-0.047	95	5	0	Idle
1/1/2026 0:00	Idle	81.999	391.49	-0.12	26	-0.047	95	5	0	Idle
1/1/2026 0:01	Idle	81.999	391.49	-0.12	26	-0.047	95	5	0	Idle
1/1/2026 0:01	Idle	81.998	391.49	-0.12	26	-0.047	95	5	0	Idle
1/1/2026 0:01	Idle	81.998	391.49	-0.12	26	-0.047	95	5	0	Idle
1/1/2026 0:01	Idle	81.998	391.49	-0.12	26	-0.047	95	5	0	Idle
1/1/2026 0:01	Idle	81.998	391.49	-0.12	26	-0.047	95	5	0	Idle
1/1/2026 0:01	Idle	81.997	391.49	-0.12	26	-0.047	95	5	0	Idle
1/1/2026 0:02	Idle	81.997	391.49	-0.12	26	-0.047	95	5	0	Idle
1/1/2026 0:02	Idle	81.997	391.49	-0.12	26	-0.047	95	5	0	Idle
1/1/2026 0:02	Idle	81.997	391.49	-0.12	26	-0.047	95	5	0	Idle
1/1/2026 0:02	Idle	81.997	391.49	-0.12	26	-0.047	95	5	0	Idle
1/1/2026 0:02	Idle	81.996	391.49	-0.12	26	-0.047	95	5	0	Idle
1/1/2026 0:02	Idle	81.996	391.49	-0.12	26	-0.047	95	5	0	Idle
1/1/2026 0:03	Idle	81.996	391.49	-0.12	26	-0.047	95	5	0	Idle
1/1/2026 0:03	Idle	81.996	391.49	-0.12	26	-0.047	95	5	0	Idle
1/1/2026 0:03	Idle	81.995	391.49	-0.12	26	-0.047	95	5	0	Idle
1/1/2026 0:03	Idle	81.995	391.49	-0.12	26	-0.047	95	5	0	Idle
1/1/2026 0:03	Idle	81.995	391.49	-0.12	26	-0.047	95	5	0	Idle
1/1/2026 0:03	Idle	81.995	391.49	-0.12	26	-0.047	95	5	0	Idle
1/1/2026 0:04	Idle	81.994	391.49	-0.12	26	-0.047	95	5	0	Idle
1/1/2026 0:04	Idle	81.994	391.49	-0.12	26	-0.047	95	5	0	Idle
1/1/2026 0:04	Idle	81.994	391.49	-0.12	26	-0.047	95	5	0	Idle
1/1/2026 0:04	Idle	81.994	391.49	-0.12	26	-0.047	95	5	0	Idle
1/1/2026 0:04	Idle	81.994	391.49	-0.12	26	-0.047	95	5	0	Idle
1/1/2026 0:04	Idle	81.993	391.49	-0.12	26	-0.047	95	5	0	Idle
1/1/2026 0:05	Idle	81.993	391.49	-0.12	26	-0.047	95	5	0	Idle
1/1/2026 0:05	Idle	81.993	391.49	-0.12	26	-0.047	95	5	0	Idle
1/1/2026 0:05	Idle	81.993	391.49	-0.12	26	-0.047	95	5	0	Idle
1/1/2026 0:05	Idle	81.992	391.49	-0.12	26	-0.047	95	5	0	Idle
1/1/2026 0:05	Idle	81.992	391.49	-0.12	26	-0.047	95	5	0	Idle
1/1/2026 0:05	Idle	81.992	391.49	-0.12	26	-0.047	95	5	0	Idle
1/1/2026 0:06	Idle	81.992	391.49	-0.12	26	-0.047	95	5	0	Idle
1/1/2026 0:06	Idle	81.991	391.49	-0.12	26	-0.047	95	5	0	Idle
1/1/2026 0:06	Idle	81.991	391.49	-0.12	26	-0.047	95	5	0	Idle
1/1/2026 0:06	Idle	81.991	391.49	-0.12	26	-0.047	95	5	0	Idle
1/1/2026 0:06	Idle	81.991	391.49	-0.12	26	-0.047	95	5	0	Idle
1/1/2026 0:06	Idle	81.991	391.49	-0.12	26	-0.047	95	5	0	Idle
1/1/2026 0:07	Idle	81.99	391.49	-0.12	26	-0.047	95	5	0	Idle
1/1/2026 0:07	Idle	81.99	391.49	-0.12	26	-0.047	95	5	0	Idle
1/1/2026 0:07	Idle	81.99	391.49	-0.12	26	-0.047	95	5	0	Idle
1/1/2026 0:07	Idle	81.99	391.49	-0.12	26	-0.047	95	5	0	Idle
1/1/2026 0:07	Idle	81.989	391.49	-0.12	26	-0.047	95	5	0	Idle
1/1/2026 0:07	Idle	81.989	391.49	-0.12	26	-0.047	95	5	0	Idle
1/1/2026 0:08	Idle	81.989	391.49	-0.12	26	-0.047	95	5	0	Idle
1/1/2026 0:08	Idle	81.989	391.49	-0.12	26	-0.047	95	5	0	Idle
1/1/2026 0:08	Idle	81.989	391.49	-0.12	26	-0.047	95	5	0	Idle
1/1/2026 0:08	Idle	81.988	391.49	-0.12	26	-0.047	95	5	0	Idle
1/1/2026 0:08	Idle	81.988	391.49	-0.12	26	-0.047	95	5	0	Idle
1/1/2026 0:08	Idle	81.988	391.48	-0.12	26	-0.047	95	5	0	Idle
1/1/2026 0:09	Idle	81.988	391.48	-0.12	26	-0.047	95	5	0	Idle
1/1/2026 0:09	Idle	81.987	391.48	-0.12	26	-0.047	95	5	0	Idle
1/1/2026 0:09	Idle	81.987	391.48	-0.12	26	-0.047	95	5	0	Idle
1/1/2026 0:09	Idle	81.987	391.48	-0.12	26	-0.047	95	5	0	Idle
1/1/2026 0:09	Idle	81.987	391.48	-0.12	26	-0.047	95	5	0	Idle
1/1/2026 0:09	Idle	81.986	391.48	-0.12	26	-0.047	95	5	0	Idle
1/1/2026 0:10	Idle	81.986	391.48	-0.12	26	-0.047	95	5	0	Idle
1/1/2026 0:10	Idle	81.986	391.48	-0.12	26	-0.047	95	5	0	Idle
1/1/2026 0:10	Idle	81.986	391.48	-0.12	26	-0.047	95	5	0	Idle
1/1/2026 0:10	Idle	81.986	391.48	-0.12	26	-0.047	95	5	0	Idle
1/1/2026 0:10	Idle	81.985	391.48	-0.12	26	-0.047	95	5	0	Idle
1/1/2026 0:10	Idle	81.985	391.48	-0.12	26	-0.047	95	5	0	Idle
1/1/2026 0:11	Idle	81.985	391.48	-0.12	26	-0.047	95	5	0	Idle
1/1/2026 0:11	Idle	81.985	391.48	-0.12	26	-0.047	95	5	0	Idle
1/1/2026 0:11	Idle	81.984	391.48	-0.12	26	-0.047	95	5	0	Idle
1/1/2026 0:11	Idle	81.984	391.48	-0.12	26	-0.047	95	5	0	Idle
1/1/2026 0:11	Idle	81.984	391.48	-0.12	26	-0.047	95	5	0	Idle
1/1/2026 0:11	Idle	81.984	391.48	-0.12	26	-0.047	95	5	0	Idle
1/1/2026 0:12	Idle	81.983	391.48	-0.12	26	-0.047	95	5	0	Idle
1/1/2026 0:12	Idle	81.983	391.48	-0.12	26	-0.047	95	5	0	Idle
1/1/2026 0:12	Idle	81.983	391.48	-0.12	26	-0.047	95	5	0	Idle
1/1/2026 0:12	Idle	81.983	391.48	-0.12	26	-0.047	95	5	0	Idle
1/1/2026 0:12	Idle	81.983	391.48	-0.12	26	-0.047	95	5	0	Idle
1/1/2026 0:12	Idle	81.982	391.48	-0.12	26	-0.047	95	5	0	Idle
1/1/2026 0:13	Idle	81.982	391.48	-0.12	26	-0.047	95	5	0	Idle
1/1/2026 0:13	Idle	81.982	391.48	-0.12	26	-0.047	95	5	0	Idle
1/1/2026 0:13	Idle	81.982	391.48	-0.12	26	-0.047	95	5	0	Idle
1/1/2026 0:13	Idle	81.981	391.48	-0.12	26	-0.047	95	5	0	Idle
1/1/2026 0:13	Idle	81.981	391.48	-0.12	26	-0.047	95	5	0	Idle
1/1/2026 0:13	Idle	81.981	391.48	-0.12	26	-0.047	95	5	0	Idle
1/1/2026 0:14	Idle	81.981	391.48	-0.12	26	-0.047	95	5	0	Idle
1/1/2026 0:14	Idle	81.98	391.48	-0.12	26	-0.047	95	5	0	Idle
1/1/2026 0:14	Idle	81.98	391.48	-0.12	26	-0.047	95	5	0	Idle
1/1/2026 0:14	Idle	81.98	391.48	-0.12	26	-0.047	95	5	0	Idle
1/1/2026 0:14	Idle	81.98	391.48	-0.12	26	-0.047	95	5	0	Idle
1/1/2026 0:14	Idle	81.98	391.48	-0.12	26	-0.047	95	5	0	Idle
1/1/2026 0:15	Idle	81.979	391.48	-0.12	26	-0.047	95	5	0	Idle
1/1/2026 0:15	Idle	81.979	391.48	-0.12	26	-0.047	95	5	0	Idle
1/1/2026 0:15	Idle	81.979	391.48	-0.12	26	-0.047	95	5	0	Idle
1/1/2026 0:15	Idle	81.979	391.48	-0.12	26	-0.047	95	5	0	Idle
1/1/2026 0:15	Idle	81.978	391.48	-0.12	26	-0.047	95	5	0	Idle
1/1/2026 0:15	Idle	81.978	391.48	-0.12	26	-0.047	95	5	0	Idle
1/1/2026 0:16	Idle	81.978	391.48	-0.12	26	-0.047	95	5	0	Idle
1/1/2026 0:16	Idle	81.978	391.48	-0.12	26	-0.047	95	5	0	Idle
1/1/2026 0:16	Idle	81.977	391.48	-0.12	26	-0.047	95	5	0	Idle
1/1/2026 0:16	Idle	81.977	391.48	-0.12	26	-0.047	95	5	0	Idle
1/1/2026 0:16	Idle	81.977	391.48	-0.12	26	-0.047	95	5	0	Idle
1/1/2026 0:16	Idle	81.977	391.48	-0.12	26	-0.047	95	5	0	Idle
1/1/2026 0:17	Idle	81.977	391.48	-0.12	26	-0.047	95	5	0	Idle
1/1/2026 0:17	Idle	81.976	391.48	-0.12	26	-0.047	95	5	0	Idle
1/1/2026 0:17	Idle	81.976	391.48	-0.12	26	-0.047	95	5	0	Idle
1/1/2026 0:17	Idle	81.976	391.48	-0.12	26	-0.047	95	5	0	Idle
1/1/2026 0:17	Idle	81.976	391.48	-0.12	26	-0.047	95	5	0	Idle
1/1/2026 0:17	Idle	81.975	391.48	-0.12	26	-0.047	95	5	0	Idle
1/1/2026 0:18	Idle	81.975	391.48	-0.12	26	-0.047	95	5	0	Idle
1/1/2026 0:18	Idle	81.975	391.48	-0.12	26	-0.047	95	5	0	Idle
1/1/2026 0:18	Idle	81.975	391.48	-0.12	26	-0.047	95	5	0	Idle
1/1/2026 0:18	Idle	81.974	391.47	-0.12	26	-0.047	95	5	0	Idle
1/1/2026 0:18	Idle	81.974	391.47	-0.12	26	-0.047	95	5	0	Idle
1/1/2026 0:18	Idle	81.974	391.47	-0.12	26	-0.047	95	5	0	Idle
1/1/2026 0:19	Idle	81.974	391.47	-0.12	26	-0.047	95	5	0	Idle
1/1/2026 0:19	Idle	81.974	391.47	-0.12	26	-0.047	95	5	0	Idle
1/1/2026 0:19	Idle	81.973	391.47	-0.12	26	-0.047	95	5	0	Idle
1/1/2026 0:19	Idle	81.973	391.47	-0.12	26	-0.047	95	5	0	Idle
1/1/2026 0:19	Idle	81.973	391.47	-0.12	26	-0.047	95	5	0	Idle
1/1/2026 0:19	Idle	81.973	391.47	-0.12	26	-0.047	95	5	0	Idle
1/1/2026 0:20	Idle	81.972	391.47	-0.12	26	-0.047	95	5	0	Idle
1/1/2026 0:20	Idle	81.972	391.47	-0.12	26	-0.047	95	5	0	Idle
1/1/2026 0:20	Idle	81.972	391.47	-0.12	26	-0.047	95	5	0	Idle
1/1/2026 0:20	Idle	81.972	391.47	-0.12	26	-0.047	95	5	0	Idle
1/1/2026 0:20	Idle	81.972	391.47	-0.12	26	-0.047	95	5	0	Idle
1/1/2026 0:20	Idle	81.971	391.47	-0.12	26	-0.047	95	5	0	Idle
1/1/2026 0:21	Idle	81.971	391.47	-0.12	26	-0.047	95	5	0	Idle
1/1/2026 0:21	Idle	81.971	391.47	-0.12	26	-0.047	95	5	0	Idle
1/1/2026 0:21	Idle	81.971	391.47	-0.12	26	-0.047	95	5	0	Idle
1/1/2026 0:21	Idle	81.97	391.47	-0.12	26	-0.047	95	5	0	Idle
1/1/2026 0:21	Idle	81.97	391.47	-0.12	26	-0.047	95	5	0	Idle
1/1/2026 0:21	Idle	81.97	391.47	-0.12	26	-0.047	95	5	0	Idle
1/1/2026 0:22	Idle	81.97	391.47	-0.12	26	-0.047	95	5	0	Idle
1/1/2026 0:22	Idle	81.969	391.47	-0.12	26	-0.047	95	5	0	Idle
1/1/2026 0:22	Idle	81.969	391.47	-0.12	26	-0.047	95	5	0	Idle
1/1/2026 0:22	Idle	81.969	391.47	-0.12	26	-0.047	95	5	0	Idle
1/1/2026 0:22	Idle	81.969	391.47	-0.12	26	-0.047	95	5	0	Idle
1/1/2026 0:22	Idle	81.969	391.47	-0.12	26	-0.047	95	5	0	Idle
1/1/2026 0:23	Idle	81.968	391.47	-0.12	26	-0.047	95	5	0	Idle
1/1/2026 0:23	Idle	81.968	391.47	-0.12	26	-0.047	95	5	0	Idle
1/1/2026 0:23	Idle	81.968	391.47	-0.12	26	-0.047	95	5	0	Idle
1/1/2026 0:23	Idle	81.968	391.47	-0.12	26	-0.047	95	5	0	Idle
1/1/2026 0:23	Idle	81.967	391.47	-0.12	26	-0.047	95	5	0	Idle
1/1/2026 0:23	Idle	81.967	391.47	-0.12	26	-0.047	95	5	0	Idle
1/1/2026 0:24	Idle	81.967	391.47	-0.12	26	-0.047	95	5	0	Idle
1/1/2026 0:24	Idle	81.967	391.47	-0.12	26	-0.047	95	5	0	Idle
1/1/2026 0:24	Idle	81.966	391.47	-0.12	26	-0.047	95	5	0	Idle
1/1/2026 0:24	Idle	81.966	391.47	-0.12	26	-0.047	95	5	0	Idle
1/1/2026 0:24	Idle	81.966	391.47	-0.12	26	-0.047	95	5	0	Idle
1/1/2026 0:24	Idle	81.966	391.47	-0.12	26	-0.047	95	5	0	Idle
1/1/2026 0:25	Idle	81.966	391.47	-0.12	26	-0.047	95	5	0	Idle
1/1/2026 0:25	Idle	81.965	391.47	-0.12	26	-0.047	95	5	0	Idle
1/1/2026 0:25	Idle	81.965	391.47	-0.12	26	-0.047	95	5	0	Idle
1/1/2026 0:25	Idle	81.965	391.47	-0.12	26	-0.047	95	5	0	Idle
1/1/2026 0:25	Idle	81.965	391.47	-0.12	26	-0.047	95	5	0	Idle
1/1/2026 0:25	Idle	81.964	391.47	-0.12	26	-0.047	95	5	0	Idle
1/1/2026 0:26	Idle	81.964	391.47	-0.12	26	-0.047	95	5	0	Idle
1/1/2026 0:26	Idle	81.964	391.47	-0.12	26	-0.047	95	5	0	Idle
1/1/2026 0:26	Idle	81.964	391.47	-0.12	26	-0.047	95	5	0	Idle
1/1/2026 0:26	Idle	81.963	391.47	-0.12	26	-0.047	95	5	0	Idle
1/1/2026 0:26	Idle	81.963	391.47	-0.12	26	-0.047	95	5	0	Idle
1/1/2026 0:26	Idle	81.963	391.47	-0.12	26	-0.047	95	5	0	Idle
1/1/2026 0:27	Idle	81.963	391.47	-0.12	26	-0.047	95	5	0	Idle
1/1/2026 0:27	Idle	81.963	391.47	-0.12	26	-0.047	95	5	0	Idle
1/1/2026 0:27	Idle	81.962	391.47	-0.12	26	-0.047	95	5	0	Idle
1/1/2026 0:27	Idle	81.962	391.47	-0.12	26	-0.047	95	5	0	Idle
1/1/2026 0:27	Idle	81.962	391.47	-0.12	26	-0.047	95	5	0	Idle
1/1/2026 0:27	Idle	81.962	391.47	-0.12	26	-0.047	95	5	0	Idle
1/1/2026 0:28	Idle	81.961	391.47	-0.12	26	-0.047	95	5	0	Idle
1/1/2026 0:28	Idle	81.961	391.46	-0.12	26	-0.047	95	5	0	Idle
1/1/2026 0:28	Idle	81.961	391.46	-0.12	26	-0.047	95	5	0	Idle
1/1/2026 0:28	Idle	81.961	391.46	-0.12	26	-0.047	95	5	0	Idle
1/1/2026 0:28	Idle	81.96	391.46	-0.12	26	-0.047	95	5	0	Idle
1/1/2026 0:28	Idle	81.96	391.46	-0.12	26	-0.047	95	5	0	Idle
1/1/2026 0:29	Idle	81.96	391.46	-0.12	26	-0.047	95	5	0	Idle
1/1/2026 0:29	Idle	81.96	391.46	-0.12	26	-0.047	95	5	0	Idle
1/1/2026 0:29	Idle	81.96	391.46	-0.12	26	-0.047	95	5	0	Idle
1/1/2026 0:29	Idle	81.959	391.46	-0.12	26	-0.047	95	5	0	Idle
1/1/2026 0:29	Idle	81.959	391.46	-0.12	26	-0.047	95	5	0	Idle
1/1/2026 0:29	Idle	81.959	391.46	-0.12	26	-0.047	95	5	0	Idle
1/1/2026 0:30	Idle	81.959	391.46	-0.12	26	-0.047	95	5	0	Idle
1/1/2026 0:30	Idle	81.958	391.46	-0.12	26	-0.047	95	5	0	Idle
1/1/2026 0:30	Idle	81.958	391.46	-0.12	26	-0.047	95	5	0	Idle
1/1/2026 0:30	Idle	81.958	391.46	-0.12	26	-0.047	95	5	0	Idle
1/1/2026 0:30	Idle	81.958	391.46	-0.12	26	-0.047	95	5	0	Idle
1/1/2026 0:30	Idle	81.957	391.46	-0.12	26	-0.047	95	5	0	Idle
1/1/2026 0:31	Idle	81.957	391.46	-0.12	26	-0.047	95	5	0	Idle
1/1/2026 0:31	Idle	81.957	391.46	-0.12	26	-0.047	95	5	0	Idle
1/1/2026 0:31	Idle	81.957	391.46	-0.12	26	-0.047	95	5	0	Idle
1/1/2026 0:31	Idle	81.957	391.46	-0.12	26	-0.047	95	5	0	Idle
1/1/2026 0:31	Idle	81.956	391.46	-0.12	26	-0.047	95	5	0	Idle
1/1/2026 0:31	Idle	81.956	391.46	-0.12	26	-0.047	95	5	0	Idle
1/1/2026 0:32	Idle	81.956	391.46	-0.12	26	-0.047	95	5	0	Idle
1/1/2026 0:32	Idle	81.956	391.46	-0.12	26	-0.047	95	5	0	Idle
1/1/2026 0:32	Idle	81.955	391.46	-0.12	26	-0.047	95	5	0	Idle
1/1/2026 0:32	Idle	81.955	391.46	-0.12	26	-0.047	95	5	0	Idle
1/1/2026 0:32	Idle	81.955	391.46	-0.12	26	-0.047	95	5	0	Idle
1/1/2026 0:32	Idle	81.955	391.46	-0.12	26	-0.047	95	5	0	Idle
1/1/2026 0:33	Idle	81.955	391.46	-0.12	26	-0.047	95	5	0	Idle
1/1/2026 0:33	Idle	81.954	391.46	-0.12	26	-0.047	95	5	0	Idle
1/1/2026 0:33	Idle	81.954	391.46	-0.12	26	-0.047	95	5	0	Idle
1/1/2026 0:33	Idle	81.954	391.46	-0.12	26	-0.047	95	5	0	Idle
1/1/2026 0:33	Idle	81.954	391.46	-0.12	26	-0.047	95	5	0	Idle
1/1/2026 0:33	Idle	81.953	391.46	-0.12	26	-0.047	95	5	0	Idle
1/1/2026 0:34	Idle	81.953	391.46	-0.12	26	-0.047	95	5	0	Idle
1/1/2026 0:34	Idle	81.953	391.46	-0.12	26	-0.047	95	5	0	Idle
1/1/2026 0:34	Idle	81.953	391.46	-0.12	26	-0.047	95	5	0	Idle
1/1/2026 0:34	Idle	81.952	391.46	-0.12	26	-0.047	95	5	0	Idle
1/1/2026 0:34	Idle	81.952	391.46	-0.12	26	-0.047	95	5	0	Idle
1/1/2026 0:34	Idle	81.952	391.46	-0.12	26	-0.047	95	5	0	Idle
1/1/2026 0:35	Idle	81.952	391.46	-0.12	26	-0.047	95	5	0	Idle
1/1/2026 0:35	Idle	81.952	391.46	-0.12	26	-0.047	95	5	0	Idle
1/1/2026 0:35	Idle	81.951	391.46	-0.12	26	-0.047	95	5	0	Idle
1/1/2026 0:35	Idle	81.951	391.46	-0.12	26	-0.047	95	5	0	Idle
1/1/2026 0:35	Idle	81.951	391.46	-0.12	26	-0.047	95	5	0	Idle
1/1/2026 0:35	Idle	81.951	391.46	-0.12	26	-0.047	95	5	0	Idle
1/1/2026 0:36	Idle	81.95	391.46	-0.12	26	-0.047	94.999	5.001	0	Idle
1/1/2026 0:36	Idle	81.95	391.46	-0.12	26	-0.047	94.999	5.001	0	Idle
1/1/2026 0:36	Idle	81.95	391.46	-0.12	26	-0.047	94.999	5.001	0	Idle
1/1/2026 0:36	Idle	81.95	391.46	-0.12	26	-0.047	94.999	5.001	0	Idle
1/1/2026 0:36	Idle	81.949	391.46	-0.12	26	-0.047	94.999	5.001	0	Idle
1/1/2026 0:36	Idle	81.949	391.46	-0.12	26	-0.047	94.999	5.001	0	Idle
1/1/2026 0:37	Idle	81.949	391.46	-0.12	26	-0.047	94.999	5.001	0	Idle
1/1/2026 0:37	Idle	81.949	391.46	-0.12	26	-0.047	94.999	5.001	0	Idle
1/1/2026 0:37	Idle	81.949	391.46	-0.12	26	-0.047	94.999	5.001	0	Idle
1/1/2026 0:37	Idle	81.948	391.46	-0.12	26	-0.047	94.999	5.001	0	Idle
1/1/2026 0:37	Idle	81.948	391.46	-0.12	26	-0.047	94.999	5.001	0	Idle
1/1/2026 0:37	Idle	81.948	391.45	-0.12	26	-0.047	94.999	5.001	0	Idle
1/1/2026 0:38	Idle	81.948	391.45	-0.12	26	-0.047	94.999	5.001	0	Idle
1/1/2026 0:38	Idle	81.947	391.45	-0.12	26	-0.047	94.999	5.001	0	Idle
1/1/2026 0:38	Idle	81.947	391.45	-0.12	26	-0.047	94.999	5.001	0	Idle
1/1/2026 0:38	Idle	81.947	391.45	-0.12	26	-0.047	94.999	5.001	0	Idle
1/1/2026 0:38	Idle	81.947	391.45	-0.12	26	-0.047	94.999	5.001	0	Idle
1/1/2026 0:38	Idle	81.946	391.45	-0.12	26	-0.047	94.999	5.001	0	Idle
1/1/2026 0:39	Idle	81.946	391.45	-0.12	26	-0.047	94.999	5.001	0	Idle
1/1/2026 0:39	Idle	81.946	391.45	-0.12	26	-0.047	94.999	5.001	0	Idle
1/1/2026 0:39	Idle	81.946	391.45	-0.12	26	-0.047	94.999	5.001	0	Idle
1/1/2026 0:39	Idle	81.946	391.45	-0.12	26	-0.047	94.999	5.001	0	Idle
1/1/2026 0:39	Idle	81.945	391.45	-0.12	26	-0.047	94.999	5.001	0	Idle
1/1/2026 0:39	Idle	81.945	391.45	-0.12	26	-0.047	94.999	5.001	0	Idle
1/1/2026 0:40	Idle	81.945	391.45	-0.12	26	-0.047	94.999	5.001	0	Idle
1/1/2026 0:40	Idle	81.945	391.45	-0.12	26	-0.047	94.999	5.001	0	Idle
1/1/2026 0:40	Idle	81.944	391.45	-0.12	26	-0.047	94.999	5.001	0	Idle
1/1/2026 0:40	Idle	81.944	391.45	-0.12	26	-0.047	94.999	5.001	0	Idle
1/1/2026 0:40	Idle	81.944	391.45	-0.12	26	-0.047	94.999	5.001	0	Idle
1/1/2026 0:40	Idle	81.944	391.45	-0.12	26	-0.047	94.999	5.001	0	Idle
1/1/2026 0:41	Idle	81.943	391.45	-0.12	26	-0.047	94.999	5.001	0	Idle
1/1/2026 0:41	Idle	81.943	391.45	-0.12	26	-0.047	94.999	5.001	0	Idle
1/1/2026 0:41	Idle	81.943	391.45	-0.12	26	-0.047	94.999	5.001	0	Idle
1/1/2026 0:41	Idle	81.943	391.45	-0.12	26	-0.047	94.999	5.001	0	Idle
1/1/2026 0:41	Idle	81.943	391.45	-0.12	26	-0.047	94.999	5.001	0	Idle
1/1/2026 0:41	Idle	81.942	391.45	-0.12	26	-0.047	94.999	5.001	0	Idle
1/1/2026 0:42	Idle	81.942	391.45	-0.12	26	-0.047	94.999	5.001	0	Idle
1/1/2026 0:42	Idle	81.942	391.45	-0.12	26	-0.047	94.999	5.001	0	Idle
1/1/2026 0:42	Idle	81.942	391.45	-0.12	26	-0.047	94.999	5.001	0	Idle
1/1/2026 0:42	Idle	81.941	391.45	-0.12	26	-0.047	94.999	5.001	0	Idle
1/1/2026 0:42	Idle	81.941	391.45	-0.12	26	-0.047	94.999	5.001	0	Idle
1/1/2026 0:42	Idle	81.941	391.45	-0.12	26	-0.047	94.999	5.001	0	Idle
1/1/2026 0:43	Idle	81.941	391.45	-0.12	26	-0.047	94.999	5.001	0	Idle
1/1/2026 0:43	Idle	81.94	391.45	-0.12	26	-0.047	94.999	5.001	0	Idle
1/1/2026 0:43	Idle	81.94	391.45	-0.12	26	-0.047	94.999	5.001	0	Idle
1/1/2026 0:43	Idle	81.94	391.45	-0.12	26	-0.047	94.999	5.001	0	Idle
1/1/2026 0:43	Idle	81.94	391.45	-0.12	26	-0.047	94.999	5.001	0	Idle
1/1/2026 0:43	Idle	81.94	391.45	-0.12	26	-0.047	94.999	5.001	0	Idle
1/1/2026 0:44	Idle	81.939	391.45	-0.12	26	-0.047	94.999	5.001	0	Idle
1/1/2026 0:44	Idle	81.939	391.45	-0.12	26	-0.047	94.999	5.001	0	Idle
1/1/2026 0:44	Idle	81.939	391.45	-0.12	26	-0.047	94.999	5.001	0	Idle
1/1/2026 0:44	Idle	81.939	391.45	-0.12	26	-0.047	94.999	5.001	0	Idle
1/1/2026 0:44	Idle	81.938	391.45	-0.12	26	-0.047	94.999	5.001	0	Idle
1/1/2026 0:44	Idle	81.938	391.45	-0.12	26	-0.047	94.999	5.001	0	Idle
1/1/2026 0:45	Idle	81.938	391.45	-0.12	26	-0.047	94.999	5.001	0	Idle
1/1/2026 0:45	Idle	81.938	391.45	-0.12	26	-0.047	94.999	5.001	0	Idle
1/1/2026 0:45	Idle	81.937	391.45	-0.12	26	-0.047	94.999	5.001	0	Idle
1/1/2026 0:45	Idle	81.937	391.45	-0.12	26	-0.047	94.999	5.001	0	Idle
1/1/2026 0:45	Idle	81.937	391.45	-0.12	26	-0.047	94.999	5.001	0	Idle
1/1/2026 0:45	Idle	81.937	391.45	-0.12	26	-0.047	94.999	5.001	0	Idle
1/1/2026 0:46	Idle	81.937	391.45	-0.12	26	-0.047	94.999	5.001	0	Idle
1/1/2026 0:46	Idle	81.936	391.45	-0.12	26	-0.047	94.999	5.001	0	Idle
1/1/2026 0:46	Idle	81.936	391.45	-0.12	26	-0.047	94.999	5.001	0	Idle
1/1/2026 0:46	Idle	81.936	391.45	-0.12	26	-0.047	94.999	5.001	0	Idle
1/1/2026 0:46	Idle	81.936	391.45	-0.12	26	-0.047	94.999	5.001	0	Idle
1/1/2026 0:46	Idle	81.935	391.45	-0.12	26	-0.047	94.999	5.001	0	Idle
1/1/2026 0:47	Idle	81.935	391.45	-0.12	26	-0.047	94.999	5.001	0	Idle
1/1/2026 0:47	Idle	81.935	391.45	-0.12	26	-0.047	94.999	5.001	0	Idle
1/1/2026 0:47	Idle	81.935	391.45	-0.12	26	-0.047	94.999	5.001	0	Idle
1/1/2026 0:47	Idle	81.935	391.44	-0.12	26	-0.047	94.999	5.001	0	Idle
1/1/2026 0:47	Idle	81.934	391.44	-0.12	26	-0.047	94.999	5.001	0	Idle
1/1/2026 0:47	Idle	81.934	391.44	-0.12	26	-0.047	94.999	5.001	0	Idle
1/1/2026 0:48	Idle	81.934	391.44	-0.12	26	-0.047	94.999	5.001	0	Idle
1/1/2026 0:48	Idle	81.934	391.44	-0.12	26	-0.047	94.999	5.001	0	Idle
1/1/2026 0:48	Idle	81.933	391.44	-0.12	26	-0.047	94.999	5.001	0	Idle
1/1/2026 0:48	Idle	81.933	391.44	-0.12	26	-0.047	94.999	5.001	0	Idle
1/1/2026 0:48	Idle	81.933	391.44	-0.12	26	-0.047	94.999	5.001	0	Idle
1/1/2026 0:48	Idle	81.933	391.44	-0.12	26	-0.047	94.999	5.001	0	Idle
1/1/2026 0:49	Idle	81.932	391.44	-0.12	26	-0.047	94.999	5.001	0	Idle
1/1/2026 0:49	Idle	81.932	391.44	-0.12	26	-0.047	94.999	5.001	0	Idle
1/1/2026 0:49	Idle	81.932	391.44	-0.12	26	-0.047	94.999	5.001	0	Idle
1/1/2026 0:49	Idle	81.932	391.44	-0.12	26	-0.047	94.999	5.001	0	Idle
1/1/2026 0:49	Idle	81.932	391.44	-0.12	26	-0.047	94.999	5.001	0	Idle
1/1/2026 0:49	Idle	81.931	391.44	-0.12	26	-0.047	94.999	5.001	0	Idle
1/1/2026 0:50	Idle	81.931	391.44	-0.12	26	-0.047	94.999	5.001	0	Idle
1/1/2026 0:50	Idle	81.931	391.44	-0.12	26	-0.047	94.999	5.001	0	Idle
1/1/2026 0:50	Idle	81.931	391.44	-0.12	26	-0.047	94.999	5.001	0	Idle
1/1/2026 0:50	Idle	81.93	391.44	-0.12	26	-0.047	94.999	5.001	0	Idle
1/1/2026 0:50	Idle	81.93	391.44	-0.12	26	-0.047	94.999	5.001	0	Idle
1/1/2026 0:50	Idle	81.93	391.44	-0.12	26	-0.047	94.999	5.001	0	Idle
1/1/2026 0:51	Idle	81.93	391.44	-0.12	26	-0.047	94.999	5.001	0	Idle
1/1/2026 0:51	Idle	81.929	391.44	-0.12	26	-0.047	94.999	5.001	0	Idle
1/1/2026 0:51	Idle	81.929	391.44	-0.12	26	-0.047	94.999	5.001	0	Idle
1/1/2026 0:51	Idle	81.929	391.44	-0.12	26	-0.047	94.999	5.001	0	Idle
1/1/2026 0:51	Idle	81.929	391.44	-0.12	26	-0.047	94.999	5.001	0	Idle
1/1/2026 0:51	Idle	81.929	391.44	-0.12	26	-0.047	94.999	5.001	0	Idle
1/1/2026 0:52	Idle	81.928	391.44	-0.12	26	-0.047	94.999	5.001	0	Idle
1/1/2026 0:52	Idle	81.928	391.44	-0.12	26	-0.047	94.999	5.001	0	Idle
1/1/2026 0:52	Idle	81.928	391.44	-0.12	26	-0.047	94.999	5.001	0	Idle
1/1/2026 0:52	Idle	81.928	391.44	-0.12	26	-0.047	94.999	5.001	0	Idle
1/1/2026 0:52	Idle	81.927	391.44	-0.12	26	-0.047	94.999	5.001	0	Idle
1/1/2026 0:52	Idle	81.927	391.44	-0.12	26	-0.047	94.999	5.001	0	Idle
1/1/2026 0:53	Idle	81.927	391.44	-0.12	26	-0.047	94.999	5.001	0	Idle
1/1/2026 0:53	Idle	81.927	391.44	-0.12	26	-0.047	94.999	5.001	0	Idle
1/1/2026 0:53	Idle	81.926	391.44	-0.12	26	-0.047	94.999	5.001	0	Idle
1/1/2026 0:53	Idle	81.926	391.44	-0.12	26	-0.047	94.999	5.001	0	Idle
1/1/2026 0:53	Idle	81.926	391.44	-0.12	26	-0.047	94.999	5.001	0	Idle
1/1/2026 0:53	Idle	81.926	391.44	-0.12	26	-0.047	94.999	5.001	0	Idle
1/1/2026 0:54	Idle	81.926	391.44	-0.12	26	-0.047	94.999	5.001	0	Idle
1/1/2026 0:54	Idle	81.925	391.44	-0.12	26	-0.047	94.999	5.001	0	Idle
1/1/2026 0:54	Idle	81.925	391.44	-0.12	26	-0.047	94.999	5.001	0	Idle
1/1/2026 0:54	Idle	81.925	391.44	-0.12	26	-0.047	94.999	5.001	0	Idle
1/1/2026 0:54	Idle	81.925	391.44	-0.12	26	-0.047	94.999	5.001	0	Idle
1/1/2026 0:54	Idle	81.924	391.44	-0.12	26	-0.047	94.999	5.001	0	Idle
1/1/2026 0:55	Idle	81.924	391.44	-0.12	26	-0.047	94.999	5.001	0	Idle
1/1/2026 0:55	Idle	81.924	391.44	-0.12	26	-0.047	94.999	5.001	0	Idle
1/1/2026 0:55	Idle	81.924	391.44	-0.12	26	-0.047	94.999	5.001	0	Idle
1/1/2026 0:55	Idle	81.923	391.44	-0.12	26	-0.047	94.999	5.001	0	Idle
1/1/2026 0:55	Idle	81.923	391.44	-0.12	26	-0.047	94.999	5.001	0	Idle
1/1/2026 0:55	Idle	81.923	391.44	-0.12	26	-0.047	94.999	5.001	0	Idle
1/1/2026 0:56	Idle	81.923	391.44	-0.12	26	-0.047	94.999	5.001	0	Idle
1/1/2026 0:56	Idle	81.923	391.44	-0.12	26	-0.047	94.999	5.001	0	Idle
1/1/2026 0:56	Idle	81.922	391.44	-0.12	26	-0.047	94.999	5.001	0	Idle
1/1/2026 0:56	Idle	81.922	391.44	-0.12	26	-0.047	94.999	5.001	0	Idle
1/1/2026 0:56	Idle	81.922	391.44	-0.12	26	-0.047	94.999	5.001	0	Idle
1/1/2026 0:56	Idle	81.922	391.44	-0.12	26	-0.047	94.999	5.001	0	Idle
1/1/2026 0:57	Idle	81.921	391.44	-0.12	26	-0.047	94.999	5.001	0	Idle
1/1/2026 0:57	Idle	81.921	391.43	-0.12	26	-0.047	94.999	5.001	0	Idle
1/1/2026 0:57	Idle	81.921	391.43	-0.12	26	-0.047	94.999	5.001	0	Idle
1/1/2026 0:57	Idle	81.921	391.43	-0.12	26	-0.047	94.999	5.001	0	Idle
1/1/2026 0:57	Idle	81.92	391.43	-0.12	26	-0.047	94.999	5.001	0	Idle
1/1/2026 0:57	Idle	81.92	391.43	-0.12	26	-0.047	94.999	5.001	0	Idle
1/1/2026 0:58	Idle	81.92	391.43	-0.12	26	-0.047	94.999	5.001	0	Idle
1/1/2026 0:58	Idle	81.92	391.43	-0.12	26	-0.047	94.999	5.001	0	Idle
1/1/2026 0:58	Idle	81.92	391.43	-0.12	26	-0.047	94.999	5.001	0	Idle
1/1/2026 0:58	Idle	81.919	391.43	-0.12	26	-0.047	94.999	5.001	0	Idle
1/1/2026 0:58	Idle	81.919	391.43	-0.12	26	-0.047	94.999	5.001	0	Idle
1/1/2026 0:58	Idle	81.919	391.43	-0.12	26	-0.047	94.999	5.001	0	Idle
1/1/2026 0:59	Idle	81.919	391.43	-0.12	26	-0.047	94.999	5.001	0	Idle
1/1/2026 0:59	Idle	81.918	391.43	-0.12	26	-0.047	94.999	5.001	0	Idle
1/1/2026 0:59	Idle	81.918	391.43	-0.12	26	-0.047	94.999	5.001	0	Idle
1/1/2026 0:59	Idle	81.918	391.43	-0.12	26	-0.047	94.999	5.001	0	Idle
1/1/2026 0:59	Idle	81.918	391.43	-0.12	26	-0.047	94.999	5.001	0	Idle
1/1/2026 0:59	Idle	81.918	391.43	-0.12	26	-0.047	94.999	5.001	0	Idle
1/1/2026 1:00	Idle	81.917	391.43	-0.12	26	-0.047	94.999	5.001	0	Idle
1/1/2026 1:00	Idle	81.917	391.43	-0.12	26	-0.047	94.999	5.001	0	Idle
1/1/2026 1:00	Idle	81.917	391.43	-0.12	26	-0.047	94.999	5.001	0	Idle
1/1/2026 1:00	Idle	81.917	391.43	-0.12	26	-0.047	94.999	5.001	0	Idle
1/1/2026 1:00	Idle	81.916	391.43	-0.12	26	-0.047	94.999	5.001	0	Idle
1/1/2026 1:00	Idle	81.916	391.43	-0.12	26	-0.047	94.999	5.001	0	Idle
1/1/2026 1:01	Idle	81.916	391.43	-0.12	26	-0.047	94.999	5.001	0	Idle
1/1/2026 1:01	Idle	81.916	391.43	-0.12	26	-0.047	94.999	5.001	0	Idle
1/1/2026 1:01	Idle	81.915	391.43	-0.12	26	-0.047	94.999	5.001	0	Idle
1/1/2026 1:01	Idle	81.915	391.43	-0.12	26	-0.047	94.999	5.001	0	Idle
1/1/2026 1:01	Idle	81.915	391.43	-0.12	26	-0.047	94.999	5.001	0	Idle
1/1/2026 1:01	Idle	81.915	391.43	-0.12	26	-0.047	94.999	5.001	0	Idle
1/1/2026 1:02	Idle	81.915	391.43	-0.12	26	-0.047	94.999	5.001	0	Idle
1/1/2026 1:02	Idle	81.914	391.43	-0.12	26	-0.047	94.999	5.001	0	Idle
1/1/2026 1:02	Idle	81.914	391.43	-0.12	26	-0.047	94.999	5.001	0	Idle
1/1/2026 1:02	Idle	81.914	391.43	-0.12	26	-0.047	94.999	5.001	0	Idle
1/1/2026 1:02	Idle	81.914	391.43	-0.12	26	-0.047	94.999	5.001	0	Idle
1/1/2026 1:02	Idle	81.913	391.43	-0.12	26	-0.047	94.999	5.001	0	Idle
1/1/2026 1:03	Idle	81.913	391.43	-0.12	26	-0.047	94.999	5.001	0	Idle
1/1/2026 1:03	Idle	81.913	391.43	-0.12	26	-0.047	94.999	5.001	0	Idle
1/1/2026 1:03	Idle	81.913	391.43	-0.12	26	-0.047	94.999	5.001	0	Idle
1/1/2026 1:03	Idle	81.912	391.43	-0.12	26	-0.047	94.999	5.001	0	Idle
1/1/2026 1:03	Idle	81.912	391.43	-0.12	26	-0.047	94.999	5.001	0	Idle
1/1/2026 1:03	Idle	81.912	391.43	-0.12	26	-0.047	94.999	5.001	0	Idle
1/1/2026 1:04	Idle	81.912	391.43	-0.12	26	-0.047	94.999	5.001	0	Idle
1/1/2026 1:04	Idle	81.912	391.43	-0.12	26	-0.047	94.999	5.001	0	Idle
1/1/2026 1:04	Idle	81.911	391.43	-0.12	26	-0.047	94.999	5.001	0	Idle
1/1/2026 1:04	Idle	81.911	391.43	-0.12	26	-0.047	94.999	5.001	0	Idle
1/1/2026 1:04	Idle	81.911	391.43	-0.12	26	-0.047	94.999	5.001	0	Idle
1/1/2026 1:04	Idle	81.911	391.43	-0.12	26	-0.047	94.999	5.001	0	Idle
1/1/2026 1:05	Idle	81.91	391.43	-0.12	26	-0.047	94.999	5.001	0	Idle
1/1/2026 1:05	Idle	81.91	391.43	-0.12	26	-0.047	94.999	5.001	0	Idle
1/1/2026 1:05	Idle	81.91	391.43	-0.12	26	-0.047	94.999	5.001	0	Idle
1/1/2026 1:05	Idle	81.91	391.43	-0.12	26	-0.047	94.999	5.001	0	Idle
1/1/2026 1:05	Idle	81.909	391.43	-0.12	26	-0.047	94.999	5.001	0	Idle
1/1/2026 1:05	Idle	81.909	391.43	-0.12	26	-0.047	94.999	5.001	0	Idle
1/1/2026 1:06	Idle	81.909	391.43	-0.12	26	-0.047	94.999	5.001	0	Idle
1/1/2026 1:06	Idle	81.909	391.43	-0.12	26	-0.047	94.999	5.001	0	Idle
1/1/2026 1:06	Idle	81.909	391.43	-0.12	26	-0.047	94.999	5.001	0	Idle
1/1/2026 1:06	Idle	81.908	391.43	-0.12	26	-0.047	94.999	5.001	0	Idle
1/1/2026 1:06	Idle	81.908	391.43	-0.12	26	-0.047	94.999	5.001	0	Idle
1/1/2026 1:06	Idle	81.908	391.42	-0.12	26	-0.047	94.999	5.001	0	Idle
1/1/2026 1:07	Idle	81.908	391.42	-0.12	26	-0.047	94.999	5.001	0	Idle
1/1/2026 1:07	Idle	81.907	391.42	-0.12	26	-0.047	94.999	5.001	0	Idle
1/1/2026 1:07	Idle	81.907	391.42	-0.12	26	-0.047	94.999	5.001	0	Idle
1/1/2026 1:07	Idle	81.907	391.42	-0.12	26	-0.047	94.999	5.001	0	Idle
1/1/2026 1:07	Idle	81.907	391.42	-0.12	26	-0.047	94.999	5.001	0	Idle
1/1/2026 1:07	Idle	81.906	391.42	-0.12	26	-0.047	94.999	5.001	0	Idle
1/1/2026 1:08	Idle	81.906	391.42	-0.12	26	-0.047	94.999	5.001	0	Idle
1/1/2026 1:08	Idle	81.906	391.42	-0.12	26	-0.047	94.999	5.001	0	Idle
1/1/2026 1:08	Idle	81.906	391.42	-0.12	26	-0.047	94.999	5.001	0	Idle
1/1/2026 1:08	Idle	81.906	391.42	-0.12	26	-0.047	94.999	5.001	0	Idle
1/1/2026 1:08	Idle	81.905	391.42	-0.12	26	-0.047	94.999	5.001	0	Idle
1/1/2026 1:08	Idle	81.905	391.42	-0.12	26	-0.047	94.999	5.001	0	Idle
1/1/2026 1:09	Idle	81.905	391.42	-0.12	26	-0.047	94.999	5.001	0	Idle
1/1/2026 1:09	Idle	81.905	391.42	-0.12	26	-0.047	94.999	5.001	0	Idle
1/1/2026 1:09	Idle	81.904	391.42	-0.12	26	-0.047	94.999	5.001	0	Idle
1/1/2026 1:09	Idle	81.904	391.42	-0.12	26	-0.047	94.999	5.001	0	Idle
1/1/2026 1:09	Idle	81.904	391.42	-0.12	26	-0.047	94.999	5.001	0	Idle
1/1/2026 1:09	Idle	81.904	391.42	-0.12	26	-0.047	94.999	5.001	0	Idle
1/1/2026 1:10	Idle	81.903	391.42	-0.12	26	-0.047	94.999	5.001	0	Idle
1/1/2026 1:10	Idle	81.903	391.42	-0.12	26	-0.047	94.999	5.001	0	Idle
1/1/2026 1:10	Idle	81.903	391.42	-0.12	26	-0.047	94.999	5.001	0	Idle
1/1/2026 1:10	Idle	81.903	391.42	-0.12	26	-0.047	94.999	5.001	0	Idle
1/1/2026 1:10	Idle	81.903	391.42	-0.12	26	-0.047	94.999	5.001	0	Idle
1/1/2026 1:10	Idle	81.902	391.42	-0.12	26	-0.047	94.999	5.001	0	Idle
1/1/2026 1:11	Idle	81.902	391.42	-0.12	26	-0.047	94.999	5.001	0	Idle
1/1/2026 1:11	Idle	81.902	391.42	-0.12	26	-0.047	94.999	5.001	0	Idle
1/1/2026 1:11	Idle	81.902	391.42	-0.12	26	-0.047	94.999	5.001	0	Idle
1/1/2026 1:11	Idle	81.901	391.42	-0.12	26	-0.047	94.999	5.001	0	Idle
1/1/2026 1:11	Idle	81.901	391.42	-0.12	26	-0.047	94.999	5.001	0	Idle
1/1/2026 1:11	Idle	81.901	391.42	-0.12	26	-0.047	94.999	5.001	0	Idle
1/1/2026 1:12	Idle	81.901	391.42	-0.12	26	-0.047	94.999	5.001	0	Idle
1/1/2026 1:12	Idle	81.901	391.42	-0.12	26	-0.047	94.999	5.001	0	Idle
1/1/2026 1:12	Idle	81.9	391.42	-0.12	26	-0.047	94.999	5.001	0	Idle
1/1/2026 1:12	Idle	81.9	391.42	-0.12	26	-0.047	94.999	5.001	0	Idle
1/1/2026 1:12	Idle	81.9	391.42	-0.12	26	-0.047	94.999	5.001	0	Idle
1/1/2026 1:12	Idle	81.9	391.42	-0.12	26	-0.047	94.999	5.001	0	Idle
1/1/2026 1:13	Idle	81.899	391.42	-0.12	26	-0.047	94.999	5.001	0	Idle
1/1/2026 1:13	Idle	81.899	391.42	-0.12	26	-0.047	94.999	5.001	0	Idle
1/1/2026 1:13	Idle	81.899	391.42	-0.12	26	-0.047	94.999	5.001	0	Idle
1/1/2026 1:13	Idle	81.899	391.42	-0.12	26	-0.047	94.999	5.001	0	Idle
1/1/2026 1:13	Idle	81.898	391.42	-0.12	26	-0.047	94.999	5.001	0	Idle
1/1/2026 1:13	Idle	81.898	391.42	-0.12	26	-0.047	94.999	5.001	0	Idle
1/1/2026 1:14	Idle	81.898	391.42	-0.12	26	-0.047	94.999	5.001	0	Idle
1/1/2026 1:14	Idle	81.898	391.42	-0.12	26	-0.047	94.999	5.001	0	Idle
1/1/2026 1:14	Idle	81.898	391.42	-0.12	26	-0.047	94.999	5.001	0	Idle
1/1/2026 1:14	Idle	81.897	391.42	-0.12	26	-0.047	94.999	5.001	0	Idle
1/1/2026 1:14	Idle	81.897	391.42	-0.12	26	-0.047	94.999	5.001	0	Idle
1/1/2026 1:14	Idle	81.897	391.42	-0.12	26	-0.047	94.999	5.001	0	Idle
1/1/2026 1:15	Idle	81.897	391.42	-0.12	26	-0.047	94.999	5.001	0	Idle
1/1/2026 1:15	Idle	81.896	391.42	-0.12	26	-0.047	94.999	5.001	0	Idle
1/1/2026 1:15	Idle	81.896	391.42	-0.12	26	-0.047	94.999	5.001	0	Idle
1/1/2026 1:15	Idle	81.896	391.42	-0.12	26	-0.047	94.999	5.001	0	Idle
1/1/2026 1:15	Idle	81.896	391.42	-0.12	26	-0.047	94.999	5.001	0	Idle
1/1/2026 1:15	Idle	81.895	391.42	-0.12	26	-0.047	94.999	5.001	0	Idle
1/1/2026 1:16	Idle	81.895	391.42	-0.12	26	-0.047	94.999	5.001	0	Idle
1/1/2026 1:16	Idle	81.895	391.42	-0.12	26	-0.047	94.999	5.001	0	Idle
1/1/2026 1:16	Idle	81.895	391.42	-0.12	26	-0.047	94.999	5.001	0	Idle
1/1/2026 1:16	Idle	81.895	391.41	-0.12	26	-0.047	94.999	5.001	0	Idle
1/1/2026 1:16	Idle	81.894	391.41	-0.12	26	-0.047	94.999	5.001	0	Idle
1/1/2026 1:16	Idle	81.894	391.41	-0.12	26	-0.047	94.999	5.001	0	Idle
1/1/2026 1:17	Idle	81.894	391.41	-0.12	26	-0.047	94.999	5.001	0	Idle
1/1/2026 1:17	Idle	81.894	391.41	-0.12	26	-0.047	94.999	5.001	0	Idle
1/1/2026 1:17	Idle	81.893	391.41	-0.12	26	-0.047	94.999	5.001	0	Idle
1/1/2026 1:17	Idle	81.893	391.41	-0.12	26	-0.047	94.999	5.001	0	Idle
1/1/2026 1:17	Idle	81.893	391.41	-0.12	26	-0.047	94.999	5.001	0	Idle
1/1/2026 1:17	Idle	81.893	391.41	-0.12	26	-0.047	94.999	5.001	0	Idle
1/1/2026 1:18	Idle	81.892	391.41	-0.12	26	-0.047	94.999	5.001	0	Idle
1/1/2026 1:18	Idle	81.892	391.41	-0.12	26	-0.047	94.999	5.001	0	Idle
1/1/2026 1:18	Idle	81.892	391.41	-0.12	26	-0.047	94.999	5.001	0	Idle
1/1/2026 1:18	Idle	81.892	391.41	-0.12	26	-0.047	94.999	5.001	0	Idle
1/1/2026 1:18	Idle	81.892	391.41	-0.12	26	-0.047	94.999	5.001	0	Idle
1/1/2026 1:18	Idle	81.891	391.41	-0.12	26	-0.047	94.999	5.001	0	Idle
1/1/2026 1:19	Idle	81.891	391.41	-0.12	26	-0.047	94.999	5.001	0	Idle
1/1/2026 1:19	Idle	81.891	391.41	-0.12	26	-0.047	94.999	5.001	0	Idle
1/1/2026 1:19	Idle	81.891	391.41	-0.12	26	-0.047	94.999	5.001	0	Idle
1/1/2026 1:19	Idle	81.89	391.41	-0.12	26	-0.047	94.999	5.001	0	Idle
1/1/2026 1:19	Idle	81.89	391.41	-0.12	26	-0.047	94.999	5.001	0	Idle
1/1/2026 1:19	Idle	81.89	391.41	-0.12	26	-0.047	94.999	5.001	0	Idle
1/1/2026 1:20	Idle	81.89	391.41	-0.12	26	-0.047	94.999	5.001	0	Idle
1/1/2026 1:20	Idle	81.889	391.41	-0.12	26	-0.047	94.999	5.001	0	Idle
1/1/2026 1:20	Idle	81.889	391.41	-0.12	26	-0.047	94.999	5.001	0	Idle
1/1/2026 1:20	Idle	81.889	391.41	-0.12	26	-0.047	94.999	5.001	0	Idle
1/1/2026 1:20	Idle	81.889	391.41	-0.12	26	-0.047	94.999	5.001	0	Idle
1/1/2026 1:20	Idle	81.889	391.41	-0.12	26	-0.047	94.999	5.001	0	Idle
1/1/2026 1:21	Idle	81.888	391.41	-0.12	26	-0.047	94.999	5.001	0	Idle
1/1/2026 1:21	Idle	81.888	391.41	-0.12	26	-0.047	94.999	5.001	0	Idle
1/1/2026 1:21	Idle	81.888	391.41	-0.12	26	-0.047	94.999	5.001	0	Idle
1/1/2026 1:21	Idle	81.888	391.41	-0.12	26	-0.047	94.999	5.001	0	Idle
1/1/2026 1:21	Idle	81.887	391.41	-0.12	26	-0.047	94.999	5.001	0	Idle
1/1/2026 1:21	Idle	81.887	391.41	-0.12	26	-0.047	94.999	5.001	0	Idle
1/1/2026 1:22	Idle	81.887	391.41	-0.12	26	-0.047	94.999	5.001	0	Idle
1/1/2026 1:22	Idle	81.887	391.41	-0.12	26	-0.047	94.999	5.001	0	Idle
1/1/2026 1:22	Idle	81.886	391.41	-0.12	26	-0.047	94.999	5.001	0	Idle
1/1/2026 1:22	Idle	81.886	391.41	-0.12	26	-0.047	94.999	5.001	0	Idle
1/1/2026 1:22	Idle	81.886	391.41	-0.12	26	-0.047	94.999	5.001	0	Idle
1/1/2026 1:22	Idle	81.886	391.41	-0.12	26	-0.047	94.999	5.001	0	Idle
1/1/2026 1:23	Idle	81.886	391.41	-0.12	26	-0.047	94.999	5.001	0	Idle
1/1/2026 1:23	Idle	81.885	391.41	-0.12	26	-0.047	94.999	5.001	0	Idle
1/1/2026 1:23	Idle	81.885	391.41	-0.12	26	-0.047	94.999	5.001	0	Idle
1/1/2026 1:23	Idle	81.885	391.41	-0.12	26	-0.047	94.999	5.001	0	Idle
1/1/2026 1:23	Idle	81.885	391.41	-0.12	26	-0.047	94.999	5.001	0	Idle
1/1/2026 1:23	Idle	81.884	391.41	-0.12	26	-0.047	94.999	5.001	0	Idle
1/1/2026 1:24	Idle	81.884	391.41	-0.12	26	-0.047	94.999	5.001	0	Idle
1/1/2026 1:24	Idle	81.884	391.41	-0.12	26	-0.047	94.999	5.001	0	Idle
1/1/2026 1:24	Idle	81.884	391.41	-0.12	26	-0.047	94.999	5.001	0	Idle
1/1/2026 1:24	Idle	81.883	391.41	-0.12	26	-0.047	94.999	5.001	0	Idle
1/1/2026 1:24	Idle	81.883	391.41	-0.12	26	-0.047	94.999	5.001	0	Idle
1/1/2026 1:24	Idle	81.883	391.41	-0.12	26	-0.047	94.999	5.001	0	Idle
1/1/2026 1:25	Idle	81.883	391.41	-0.12	26	-0.047	94.999	5.001	0	Idle
1/1/2026 1:25	Idle	81.883	391.41	-0.12	26	-0.047	94.999	5.001	0	Idle
1/1/2026 1:25	Idle	81.882	391.41	-0.12	26	-0.047	94.999	5.001	0	Idle
1/1/2026 1:25	Idle	81.882	391.41	-0.12	26	-0.047	94.999	5.001	0	Idle
1/1/2026 1:25	Idle	81.882	391.41	-0.12	26	-0.047	94.999	5.001	0	Idle
1/1/2026 1:25	Idle	81.882	391.41	-0.12	26	-0.047	94.999	5.001	0	Idle
1/1/2026 1:26	Idle	81.881	391.41	-0.12	26	-0.047	94.999	5.001	0	Idle
1/1/2026 1:26	Idle	81.881	391.4	-0.12	26	-0.047	94.999	5.001	0	Idle
1/1/2026 1:26	Idle	81.881	391.4	-0.12	26	-0.047	94.999	5.001	0	Idle
1/1/2026 1:26	Idle	81.881	391.4	-0.12	26	-0.047	94.999	5.001	0	Idle
1/1/2026 1:26	Idle	81.881	391.4	-0.12	26	-0.047	94.999	5.001	0	Idle
1/1/2026 1:26	Idle	81.88	391.4	-0.12	26	-0.047	94.999	5.001	0	Idle
1/1/2026 1:27	Idle	81.88	391.4	-0.12	26	-0.047	94.999	5.001	0	Idle
1/1/2026 1:27	Idle	81.88	391.4	-0.12	26	-0.047	94.999	5.001	0	Idle
1/1/2026 1:27	Idle	81.88	391.4	-0.12	26	-0.047	94.999	5.001	0	Idle
1/1/2026 1:27	Idle	81.879	391.4	-0.12	26	-0.047	94.999	5.001	0	Idle
1/1/2026 1:27	Idle	81.879	391.4	-0.12	26	-0.047	94.999	5.001	0	Idle
1/1/2026 1:27	Idle	81.879	391.4	-0.12	26	-0.047	94.999	5.001	0	Idle
1/1/2026 1:28	Idle	81.879	391.4	-0.12	26	-0.047	94.999	5.001	0	Idle
1/1/2026 1:28	Idle	81.878	391.4	-0.12	26	-0.047	94.999	5.001	0	Idle
1/1/2026 1:28	Idle	81.878	391.4	-0.12	26	-0.047	94.999	5.001	0	Idle
1/1/2026 1:28	Idle	81.878	391.4	-0.12	26	-0.047	94.999	5.001	0	Idle
1/1/2026 1:28	Idle	81.878	391.4	-0.12	26	-0.047	94.999	5.001	0	Idle
1/1/2026 1:28	Idle	81.878	391.4	-0.12	26	-0.047	94.999	5.001	0	Idle
1/1/2026 1:29	Idle	81.877	391.4	-0.12	26	-0.047	94.999	5.001	0	Idle
1/1/2026 1:29	Idle	81.877	391.4	-0.12	26	-0.047	94.999	5.001	0	Idle
1/1/2026 1:29	Idle	81.877	391.4	-0.12	26	-0.047	94.999	5.001	0	Idle
1/1/2026 1:29	Idle	81.877	391.4	-0.12	26	-0.047	94.999	5.001	0	Idle
1/1/2026 1:29	Idle	81.876	391.4	-0.12	26	-0.047	94.999	5.001	0	Idle
1/1/2026 1:29	Idle	81.876	391.4	-0.12	26	-0.047	94.999	5.001	0	Idle
1/1/2026 1:30	Idle	81.876	391.4	-0.12	26	-0.047	94.999	5.001	0	Idle
1/1/2026 1:30	Idle	81.876	391.4	-0.12	26	-0.047	94.999	5.001	0	Idle
1/1/2026 1:30	Idle	81.875	391.4	-0.12	26	-0.047	94.999	5.001	0	Idle
1/1/2026 1:30	Idle	81.875	391.4	-0.12	26	-0.047	94.999	5.001	0	Idle
1/1/2026 1:30	Idle	81.875	391.4	-0.12	26	-0.047	94.999	5.001	0	Idle
1/1/2026 1:30	Idle	81.875	391.4	-0.12	26	-0.047	94.999	5.001	0	Idle
1/1/2026 1:31	Idle	81.875	391.4	-0.12	26	-0.047	94.999	5.001	0	Idle
1/1/2026 1:31	Idle	81.874	391.4	-0.12	26	-0.047	94.999	5.001	0	Idle
1/1/2026 1:31	Idle	81.874	391.4	-0.12	26	-0.047	94.999	5.001	0	Idle
1/1/2026 1:31	Idle	81.874	391.4	-0.12	26	-0.047	94.999	5.001	0	Idle
1/1/2026 1:31	Idle	81.874	391.4	-0.12	26	-0.047	94.999	5.001	0	Idle
1/1/2026 1:31	Idle	81.873	391.4	-0.12	26	-0.047	94.999	5.001	0	Idle
1/1/2026 1:32	Idle	81.873	391.4	-0.12	26	-0.047	94.999	5.001	0	Idle
1/1/2026 1:32	Idle	81.873	391.4	-0.12	26	-0.047	94.999	5.001	0	Idle
1/1/2026 1:32	Idle	81.873	391.4	-0.12	26	-0.047	94.999	5.001	0	Idle
1/1/2026 1:32	Idle	81.872	391.4	-0.12	26	-0.047	94.999	5.001	0	Idle
1/1/2026 1:32	Idle	81.872	391.4	-0.12	26	-0.047	94.999	5.001	0	Idle
1/1/2026 1:32	Idle	81.872	391.4	-0.12	26	-0.047	94.999	5.001	0	Idle
1/1/2026 1:33	Idle	81.872	391.4	-0.12	26	-0.047	94.999	5.001	0	Idle
1/1/2026 1:33	Idle	81.872	391.4	-0.12	26	-0.047	94.999	5.001	0	Idle
1/1/2026 1:33	Idle	81.871	391.4	-0.12	26	-0.047	94.999	5.001	0	Idle
1/1/2026 1:33	Idle	81.871	391.4	-0.12	26	-0.047	94.999	5.001	0	Idle
1/1/2026 1:33	Idle	81.871	391.4	-0.12	26	-0.047	94.999	5.001	0	Idle
1/1/2026 1:33	Idle	81.871	391.4	-0.12	26	-0.047	94.999	5.001	0	Idle
1/1/2026 1:34	Idle	81.87	391.4	-0.12	26	-0.047	94.999	5.001	0	Idle
1/1/2026 1:34	Idle	81.87	391.4	-0.12	26	-0.047	94.999	5.001	0	Idle
1/1/2026 1:34	Idle	81.87	391.4	-0.12	26	-0.047	94.999	5.001	0	Idle
1/1/2026 1:34	Idle	81.87	391.4	-0.12	26	-0.047	94.999	5.001	0	Idle
1/1/2026 1:34	Idle	81.869	391.4	-0.12	26	-0.047	94.999	5.001	0	Idle
1/1/2026 1:34	Idle	81.869	391.4	-0.12	26	-0.047	94.999	5.001	0	Idle
1/1/2026 1:35	Idle	81.869	391.4	-0.12	26	-0.047	94.999	5.001	0	Idle
1/1/2026 1:35	Idle	81.869	391.4	-0.12	26	-0.047	94.999	5.001	0	Idle
1/1/2026 1:35	Idle	81.869	391.4	-0.12	26	-0.047	94.999	5.001	0	Idle
1/1/2026 1:35	Idle	81.868	391.4	-0.12	26	-0.047	94.999	5.001	0	Idle
1/1/2026 1:35	Idle	81.868	391.4	-0.12	26	-0.047	94.999	5.001	0	Idle
1/1/2026 1:35	Idle	81.868	391.39	-0.12	26	-0.047	94.999	5.001	0	Idle
1/1/2026 1:36	Idle	81.868	391.39	-0.12	26	-0.047	94.999	5.001	0	Idle
1/1/2026 1:36	Idle	81.867	391.39	-0.12	26	-0.047	94.999	5.001	0	Idle
1/1/2026 1:36	Idle	81.867	391.39	-0.12	26	-0.047	94.999	5.001	0	Idle
1/1/2026 1:36	Idle	81.867	391.39	-0.12	26	-0.047	94.999	5.001	0	Idle
1/1/2026 1:36	Idle	81.867	391.39	-0.12	26	-0.047	94.999	5.001	0	Idle
1/1/2026 1:36	Idle	81.866	391.39	-0.12	26	-0.047	94.999	5.001	0	Idle
1/1/2026 1:37	Idle	81.866	391.39	-0.12	26	-0.047	94.999	5.001	0	Idle
1/1/2026 1:37	Idle	81.866	391.39	-0.12	26	-0.047	94.999	5.001	0	Idle
1/1/2026 1:37	Idle	81.866	391.39	-0.12	26	-0.047	94.999	5.001	0	Idle
1/1/2026 1:37	Idle	81.866	391.39	-0.12	26	-0.047	94.999	5.001	0	Idle
1/1/2026 1:37	Idle	81.865	391.39	-0.12	26	-0.047	94.999	5.001	0	Idle
1/1/2026 1:37	Idle	81.865	391.39	-0.12	26	-0.047	94.999	5.001	0	Idle
1/1/2026 1:38	Idle	81.865	391.39	-0.12	26	-0.047	94.999	5.001	0	Idle
1/1/2026 1:38	Idle	81.865	391.39	-0.12	26	-0.047	94.999	5.001	0	Idle
1/1/2026 1:38	Idle	81.864	391.39	-0.12	26	-0.047	94.999	5.001	0	Idle
1/1/2026 1:38	Idle	81.864	391.39	-0.12	26	-0.047	94.999	5.001	0	Idle
1/1/2026 1:38	Idle	81.864	391.39	-0.12	26	-0.047	94.999	5.001	0	Idle
1/1/2026 1:38	Idle	81.864	391.39	-0.12	26	-0.047	94.999	5.001	0	Idle
1/1/2026 1:39	Idle	81.864	391.39	-0.12	26	-0.047	94.999	5.001	0	Idle
1/1/2026 1:39	Idle	81.863	391.39	-0.12	26	-0.047	94.999	5.001	0	Idle
1/1/2026 1:39	Idle	81.863	391.39	-0.12	26	-0.047	94.999	5.001	0	Idle
1/1/2026 1:39	Idle	81.863	391.39	-0.12	26	-0.047	94.999	5.001	0	Idle
1/1/2026 1:39	Idle	81.863	391.39	-0.12	26	-0.047	94.999	5.001	0	Idle
1/1/2026 1:39	Idle	81.862	391.39	-0.12	26	-0.047	94.999	5.001	0	Idle
1/1/2026 1:40	Idle	81.862	391.39	-0.12	26	-0.047	94.999	5.001	0	Idle
1/1/2026 1:40	Idle	81.862	391.39	-0.12	26	-0.047	94.999	5.001	0	Idle
1/1/2026 1:40	Idle	81.862	391.39	-0.12	26	-0.047	94.999	5.001	0	Idle
1/1/2026 1:40	Idle	81.861	391.39	-0.12	26	-0.047	94.999	5.001	0	Idle
1/1/2026 1:40	Idle	81.861	391.39	-0.12	26	-0.047	94.999	5.001	0	Idle
1/1/2026 1:40	Idle	81.861	391.39	-0.12	26	-0.047	94.999	5.001	0	Idle
1/1/2026 1:41	Idle	81.861	391.39	-0.12	26	-0.047	94.999	5.001	0	Idle
1/1/2026 1:41	Idle	81.861	391.39	-0.12	26	-0.047	94.999	5.001	0	Idle
1/1/2026 1:41	Idle	81.86	391.39	-0.12	26	-0.047	94.999	5.001	0	Idle
1/1/2026 1:41	Idle	81.86	391.39	-0.12	26	-0.047	94.999	5.001	0	Idle
1/1/2026 1:41	Idle	81.86	391.39	-0.12	26	-0.047	94.999	5.001	0	Idle
1/1/2026 1:41	Idle	81.86	391.39	-0.12	26	-0.047	94.999	5.001	0	Idle
1/1/2026 1:42	Idle	81.859	391.39	-0.12	26	-0.047	94.999	5.001	0	Idle
1/1/2026 1:42	Idle	81.859	391.39	-0.12	26	-0.047	94.999	5.001	0	Idle
1/1/2026 1:42	Idle	81.859	391.39	-0.12	26	-0.047	94.999	5.001	0	Idle
1/1/2026 1:42	Idle	81.859	391.39	-0.12	26	-0.047	94.999	5.001	0	Idle
1/1/2026 1:42	Idle	81.858	391.39	-0.12	26	-0.047	94.999	5.001	0	Idle
1/1/2026 1:42	Idle	81.858	391.39	-0.12	26	-0.047	94.999	5.001	0	Idle
1/1/2026 1:43	Idle	81.858	391.39	-0.12	26	-0.047	94.999	5.001	0	Idle
1/1/2026 1:43	Idle	81.858	391.39	-0.12	26	-0.047	94.999	5.001	0	Idle
1/1/2026 1:43	Idle	81.858	391.39	-0.12	26	-0.047	94.999	5.001	0	Idle
1/1/2026 1:43	Idle	81.857	391.39	-0.12	26	-0.047	94.999	5.001	0	Idle
1/1/2026 1:43	Idle	81.857	391.39	-0.12	26	-0.047	94.999	5.001	0	Idle
1/1/2026 1:43	Idle	81.857	391.39	-0.12	26	-0.047	94.999	5.001	0	Idle
1/1/2026 1:44	Idle	81.857	391.39	-0.12	26	-0.047	94.999	5.001	0	Idle
1/1/2026 1:44	Idle	81.856	391.39	-0.12	26	-0.047	94.999	5.001	0	Idle
1/1/2026 1:44	Idle	81.856	391.39	-0.12	26	-0.047	94.999	5.001	0	Idle
1/1/2026 1:44	Idle	81.856	391.39	-0.12	26	-0.047	94.999	5.001	0	Idle
1/1/2026 1:44	Idle	81.856	391.39	-0.12	26	-0.047	94.999	5.001	0	Idle
1/1/2026 1:44	Idle	81.855	391.39	-0.12	26	-0.047	94.999	5.001	0	Idle
1/1/2026 1:45	Idle	81.855	391.39	-0.12	26	-0.047	94.999	5.001	0	Idle
1/1/2026 1:45	Idle	81.855	391.39	-0.12	26	-0.047	94.999	5.001	0	Idle
1/1/2026 1:45	Idle	81.855	391.39	-0.12	26	-0.047	94.999	5.001	0	Idle
1/1/2026 1:45	Idle	81.855	391.38	-0.12	26	-0.047	94.999	5.001	0	Idle
1/1/2026 1:45	Idle	81.854	391.38	-0.12	26	-0.047	94.999	5.001	0	Idle
1/1/2026 1:45	Idle	81.854	391.38	-0.12	26	-0.047	94.999	5.001	0	Idle
1/1/2026 1:46	Idle	81.854	391.38	-0.12	26	-0.047	94.999	5.001	0	Idle
1/1/2026 1:46	Idle	81.854	391.38	-0.12	26	-0.047	94.999	5.001	0	Idle
1/1/2026 1:46	Idle	81.853	391.38	-0.12	26	-0.047	94.999	5.001	0	Idle
1/1/2026 1:46	Idle	81.853	391.38	-0.12	26	-0.047	94.999	5.001	0	Idle
1/1/2026 1:46	Idle	81.853	391.38	-0.12	26	-0.047	94.999	5.001	0	Idle
1/1/2026 1:46	Idle	81.853	391.38	-0.12	26	-0.047	94.999	5.001	0	Idle
1/1/2026 1:47	Idle	81.852	391.38	-0.12	26	-0.047	94.999	5.001	0	Idle
1/1/2026 1:47	Idle	81.852	391.38	-0.12	26	-0.047	94.999	5.001	0	Idle
1/1/2026 1:47	Idle	81.852	391.38	-0.12	26	-0.047	94.999	5.001	0	Idle
1/1/2026 1:47	Idle	81.852	391.38	-0.12	26	-0.047	94.999	5.001	0	Idle
1/1/2026 1:47	Idle	81.852	391.38	-0.12	26	-0.047	94.999	5.001	0	Idle
1/1/2026 1:47	Idle	81.851	391.38	-0.12	26	-0.047	94.999	5.001	0	Idle
1/1/2026 1:48	Idle	81.851	391.38	-0.12	26	-0.047	94.998	5.002	0	Idle
1/1/2026 1:48	Idle	81.851	391.38	-0.12	26	-0.047	94.998	5.002	0	Idle
1/1/2026 1:48	Idle	81.851	391.38	-0.12	26	-0.047	94.998	5.002	0	Idle
1/1/2026 1:48	Idle	81.85	391.38	-0.12	26	-0.047	94.998	5.002	0	Idle
1/1/2026 1:48	Idle	81.85	391.38	-0.12	26	-0.047	94.998	5.002	0	Idle
1/1/2026 1:48	Idle	81.85	391.38	-0.12	26	-0.047	94.998	5.002	0	Idle
1/1/2026 1:49	Idle	81.85	391.38	-0.12	26	-0.047	94.998	5.002	0	Idle
1/1/2026 1:49	Idle	81.849	391.38	-0.12	26	-0.047	94.998	5.002	0	Idle
1/1/2026 1:49	Idle	81.849	391.38	-0.12	26	-0.047	94.998	5.002	0	Idle
1/1/2026 1:49	Idle	81.849	391.38	-0.12	26	-0.047	94.998	5.002	0	Idle
1/1/2026 1:49	Idle	81.849	391.38	-0.12	26	-0.047	94.998	5.002	0	Idle
1/1/2026 1:49	Idle	81.849	391.38	-0.12	26	-0.047	94.998	5.002	0	Idle
1/1/2026 1:50	Idle	81.848	391.38	-0.12	26	-0.047	94.998	5.002	0	Idle
1/1/2026 1:50	Idle	81.848	391.38	-0.12	26	-0.047	94.998	5.002	0	Idle
1/1/2026 1:50	Idle	81.848	391.38	-0.12	26	-0.047	94.998	5.002	0	Idle
1/1/2026 1:50	Idle	81.848	391.38	-0.12	26	-0.047	94.998	5.002	0	Idle
1/1/2026 1:50	Idle	81.847	391.38	-0.12	26	-0.047	94.998	5.002	0	Idle
1/1/2026 1:50	Idle	81.847	391.38	-0.12	26	-0.047	94.998	5.002	0	Idle
1/1/2026 1:51	Idle	81.847	391.38	-0.12	26	-0.047	94.998	5.002	0	Idle
1/1/2026 1:51	Idle	81.847	391.38	-0.12	26	-0.047	94.998	5.002	0	Idle
1/1/2026 1:51	Idle	81.847	391.38	-0.12	26	-0.047	94.998	5.002	0	Idle
1/1/2026 1:51	Idle	81.846	391.38	-0.12	26	-0.047	94.998	5.002	0	Idle
1/1/2026 1:51	Idle	81.846	391.38	-0.12	26	-0.047	94.998	5.002	0	Idle
1/1/2026 1:51	Idle	81.846	391.38	-0.12	26	-0.047	94.998	5.002	0	Idle
1/1/2026 1:52	Idle	81.846	391.38	-0.12	26	-0.047	94.998	5.002	0	Idle
1/1/2026 1:52	Idle	81.845	391.38	-0.12	26	-0.047	94.998	5.002	0	Idle
1/1/2026 1:52	Idle	81.845	391.38	-0.12	26	-0.047	94.998	5.002	0	Idle
1/1/2026 1:52	Idle	81.845	391.38	-0.12	26	-0.047	94.998	5.002	0	Idle
1/1/2026 1:52	Idle	81.845	391.38	-0.12	26	-0.047	94.998	5.002	0	Idle
1/1/2026 1:52	Idle	81.844	391.38	-0.12	26	-0.047	94.998	5.002	0	Idle
1/1/2026 1:53	Idle	81.844	391.38	-0.12	26	-0.047	94.998	5.002	0	Idle
1/1/2026 1:53	Idle	81.844	391.38	-0.12	26	-0.047	94.998	5.002	0	Idle
1/1/2026 1:53	Idle	81.844	391.38	-0.12	26	-0.047	94.998	5.002	0	Idle
1/1/2026 1:53	Idle	81.844	391.38	-0.12	26	-0.047	94.998	5.002	0	Idle
1/1/2026 1:53	Idle	81.843	391.38	-0.12	26	-0.047	94.998	5.002	0	Idle
1/1/2026 1:53	Idle	81.843	391.38	-0.12	26	-0.047	94.998	5.002	0	Idle
1/1/2026 1:54	Idle	81.843	391.38	-0.12	26	-0.047	94.998	5.002	0	Idle
1/1/2026 1:54	Idle	81.843	391.38	-0.12	26	-0.047	94.998	5.002	0	Idle
1/1/2026 1:54	Idle	81.842	391.38	-0.12	26	-0.047	94.998	5.002	0	Idle
1/1/2026 1:54	Idle	81.842	391.38	-0.12	26	-0.047	94.998	5.002	0	Idle
1/1/2026 1:54	Idle	81.842	391.38	-0.12	26	-0.047	94.998	5.002	0	Idle
1/1/2026 1:54	Idle	81.842	391.38	-0.12	26	-0.047	94.998	5.002	0	Idle
1/1/2026 1:55	Idle	81.841	391.38	-0.12	26	-0.047	94.998	5.002	0	Idle
1/1/2026 1:55	Idle	81.841	391.37	-0.12	26	-0.047	94.998	5.002	0	Idle
1/1/2026 1:55	Idle	81.841	391.37	-0.12	26	-0.047	94.998	5.002	0	Idle
1/1/2026 1:55	Idle	81.841	391.37	-0.12	26	-0.047	94.998	5.002	0	Idle
1/1/2026 1:55	Idle	81.841	391.37	-0.12	26	-0.047	94.998	5.002	0	Idle
1/1/2026 1:55	Idle	81.84	391.37	-0.12	26	-0.047	94.998	5.002	0	Idle
1/1/2026 1:56	Idle	81.84	391.37	-0.12	26	-0.047	94.998	5.002	0	Idle
1/1/2026 1:56	Idle	81.84	391.37	-0.12	26	-0.047	94.998	5.002	0	Idle
1/1/2026 1:56	Idle	81.84	391.37	-0.12	26	-0.047	94.998	5.002	0	Idle
1/1/2026 1:56	Idle	81.839	391.37	-0.12	26	-0.047	94.998	5.002	0	Idle
1/1/2026 1:56	Idle	81.839	391.37	-0.12	26	-0.047	94.998	5.002	0	Idle
1/1/2026 1:56	Idle	81.839	391.37	-0.12	26	-0.047	94.998	5.002	0	Idle
1/1/2026 1:57	Idle	81.839	391.37	-0.12	26	-0.047	94.998	5.002	0	Idle
1/1/2026 1:57	Idle	81.838	391.37	-0.12	26	-0.047	94.998	5.002	0	Idle
1/1/2026 1:57	Idle	81.838	391.37	-0.12	26	-0.047	94.998	5.002	0	Idle
1/1/2026 1:57	Idle	81.838	391.37	-0.12	26	-0.047	94.998	5.002	0	Idle
1/1/2026 1:57	Idle	81.838	391.37	-0.12	26	-0.047	94.998	5.002	0	Idle
1/1/2026 1:57	Idle	81.838	391.37	-0.12	26	-0.047	94.998	5.002	0	Idle
1/1/2026 1:58	Idle	81.837	391.37	-0.12	26	-0.047	94.998	5.002	0	Idle
1/1/2026 1:58	Idle	81.837	391.37	-0.12	26	-0.047	94.998	5.002	0	Idle
1/1/2026 1:58	Idle	81.837	391.37	-0.12	26	-0.047	94.998	5.002	0	Idle
1/1/2026 1:58	Idle	81.837	391.37	-0.12	26	-0.047	94.998	5.002	0	Idle
1/1/2026 1:58	Idle	81.836	391.37	-0.12	26	-0.047	94.998	5.002	0	Idle
1/1/2026 1:58	Idle	81.836	391.37	-0.12	26	-0.047	94.998	5.002	0	Idle
1/1/2026 1:59	Idle	81.836	391.37	-0.12	26	-0.047	94.998	5.002	0	Idle
1/1/2026 1:59	Idle	81.836	391.37	-0.12	26	-0.047	94.998	5.002	0	Idle
1/1/2026 1:59	Idle	81.835	391.37	-0.12	26	-0.047	94.998	5.002	0	Idle
1/1/2026 1:59	Idle	81.835	391.37	-0.12	26	-0.047	94.998	5.002	0	Idle
1/1/2026 1:59	Idle	81.835	391.37	-0.12	26	-0.047	94.998	5.002	0	Idle
1/1/2026 1:59	Idle	81.835	391.37	-0.12	26	-0.047	94.998	5.002	0	Idle
1/1/2026 2:00	Idle	81.835	391.37	-0.12	26	-0.047	94.998	5.002	0	Idle
1/1/2026 2:00	Idle	81.834	391.37	-0.12	26	-0.047	94.998	5.002	0	Idle
1/1/2026 2:00	Idle	81.834	391.37	-0.12	26	-0.047	94.998	5.002	0	Idle
1/1/2026 2:00	Idle	81.834	391.37	-0.12	26	-0.047	94.998	5.002	0	Idle
1/1/2026 2:00	Idle	81.834	391.37	-0.12	26	-0.047	94.998	5.002	0	Idle
1/1/2026 2:00	Idle	81.833	391.37	-0.12	26	-0.047	94.998	5.002	0	Idle
1/1/2026 2:01	Idle	81.833	391.37	-0.12	26	-0.047	94.998	5.002	0	Idle
1/1/2026 2:01	Idle	81.833	391.37	-0.12	26	-0.047	94.998	5.002	0	Idle
1/1/2026 2:01	Idle	81.833	391.37	-0.12	26	-0.047	94.998	5.002	0	Idle
1/1/2026 2:01	Idle	81.832	391.37	-0.12	26	-0.047	94.998	5.002	0	Idle
1/1/2026 2:01	Idle	81.832	391.37	-0.12	26	-0.047	94.998	5.002	0	Idle
1/1/2026 2:01	Idle	81.832	391.37	-0.12	26	-0.047	94.998	5.002	0	Idle
1/1/2026 2:02	Idle	81.832	391.37	-0.12	26	-0.047	94.998	5.002	0	Idle
1/1/2026 2:02	Idle	81.832	391.37	-0.12	26	-0.047	94.998	5.002	0	Idle
1/1/2026 2:02	Idle	81.831	391.37	-0.12	26	-0.047	94.998	5.002	0	Idle
1/1/2026 2:02	Idle	81.831	391.37	-0.12	26	-0.047	94.998	5.002	0	Idle
1/1/2026 2:02	Idle	81.831	391.37	-0.12	26	-0.047	94.998	5.002	0	Idle
1/1/2026 2:02	Idle	81.831	391.37	-0.12	26	-0.047	94.998	5.002	0	Idle
1/1/2026 2:03	Idle	81.83	391.37	-0.12	26	-0.047	94.998	5.002	0	Idle
1/1/2026 2:03	Idle	81.83	391.37	-0.12	26	-0.047	94.998	5.002	0	Idle
1/1/2026 2:03	Idle	81.83	391.37	-0.12	26	-0.047	94.998	5.002	0	Idle
1/1/2026 2:03	Idle	81.83	391.37	-0.12	26	-0.047	94.998	5.002	0	Idle
1/1/2026 2:03	Idle	81.829	391.37	-0.12	26	-0.047	94.998	5.002	0	Idle
1/1/2026 2:03	Idle	81.829	391.37	-0.12	26	-0.047	94.998	5.002	0	Idle
1/1/2026 2:04	Idle	81.829	391.37	-0.12	26	-0.047	94.998	5.002	0	Idle
1/1/2026 2:04	Idle	81.829	391.37	-0.12	26	-0.047	94.998	5.002	0	Idle
1/1/2026 2:04	Idle	81.829	391.37	-0.12	26	-0.047	94.998	5.002	0	Idle
1/1/2026 2:04	Idle	81.828	391.37	-0.12	26	-0.047	94.998	5.002	0	Idle
1/1/2026 2:04	Idle	81.828	391.37	-0.12	26	-0.047	94.998	5.002	0	Idle
1/1/2026 2:04	Idle	81.828	391.36	-0.12	26	-0.047	94.998	5.002	0	Idle
1/1/2026 2:05	Idle	81.828	391.36	-0.12	26	-0.047	94.998	5.002	0	Idle
1/1/2026 2:05	Idle	81.827	391.36	-0.12	26	-0.047	94.998	5.002	0	Idle
1/1/2026 2:05	Idle	81.827	391.36	-0.12	26	-0.047	94.998	5.002	0	Idle
1/1/2026 2:05	Idle	81.827	391.36	-0.12	26	-0.047	94.998	5.002	0	Idle
1/1/2026 2:05	Idle	81.827	391.36	-0.12	26	-0.047	94.998	5.002	0	Idle
1/1/2026 2:05	Idle	81.827	391.36	-0.12	26	-0.047	94.998	5.002	0	Idle
1/1/2026 2:06	Idle	81.826	391.36	-0.12	26	-0.047	94.998	5.002	0	Idle
1/1/2026 2:06	Idle	81.826	391.36	-0.12	26	-0.047	94.998	5.002	0	Idle
1/1/2026 2:06	Idle	81.826	391.36	-0.12	26	-0.047	94.998	5.002	0	Idle
1/1/2026 2:06	Idle	81.826	391.36	-0.12	26	-0.047	94.998	5.002	0	Idle
1/1/2026 2:06	Idle	81.825	391.36	-0.12	26	-0.047	94.998	5.002	0	Idle
1/1/2026 2:06	Idle	81.825	391.36	-0.12	26	-0.047	94.998	5.002	0	Idle
1/1/2026 2:07	Idle	81.825	391.36	-0.12	26	-0.047	94.998	5.002	0	Idle
1/1/2026 2:07	Idle	81.825	391.36	-0.12	26	-0.047	94.998	5.002	0	Idle
1/1/2026 2:07	Idle	81.824	391.36	-0.12	26	-0.047	94.998	5.002	0	Idle
1/1/2026 2:07	Idle	81.824	391.36	-0.12	26	-0.047	94.998	5.002	0	Idle
1/1/2026 2:07	Idle	81.824	391.36	-0.12	26	-0.047	94.998	5.002	0	Idle
1/1/2026 2:07	Idle	81.824	391.36	-0.12	26	-0.047	94.998	5.002	0	Idle
1/1/2026 2:08	Idle	81.824	391.36	-0.12	26	-0.047	94.998	5.002	0	Idle
1/1/2026 2:08	Idle	81.823	391.36	-0.12	26	-0.047	94.998	5.002	0	Idle
1/1/2026 2:08	Idle	81.823	391.36	-0.12	26	-0.047	94.998	5.002	0	Idle
1/1/2026 2:08	Idle	81.823	391.36	-0.12	26	-0.047	94.998	5.002	0	Idle
1/1/2026 2:08	Idle	81.823	391.36	-0.12	26	-0.047	94.998	5.002	0	Idle
1/1/2026 2:08	Idle	81.822	391.36	-0.12	26	-0.047	94.998	5.002	0	Idle
1/1/2026 2:09	Idle	81.822	391.36	-0.12	26	-0.047	94.998	5.002	0	Idle
1/1/2026 2:09	Idle	81.822	391.36	-0.12	26	-0.047	94.998	5.002	0	Idle
1/1/2026 2:09	Idle	81.822	391.36	-0.12	26	-0.047	94.998	5.002	0	Idle
1/1/2026 2:09	Idle	81.821	391.36	-0.12	26	-0.047	94.998	5.002	0	Idle
1/1/2026 2:09	Idle	81.821	391.36	-0.12	26	-0.047	94.998	5.002	0	Idle
1/1/2026 2:09	Idle	81.821	391.36	-0.12	26	-0.047	94.998	5.002	0	Idle
1/1/2026 2:10	Idle	81.821	391.36	-0.12	26	-0.047	94.998	5.002	0	Idle
1/1/2026 2:10	Idle	81.821	391.36	-0.12	26	-0.047	94.998	5.002	0	Idle
1/1/2026 2:10	Idle	81.82	391.36	-0.12	26	-0.047	94.998	5.002	0	Idle
1/1/2026 2:10	Idle	81.82	391.36	-0.12	26	-0.047	94.998	5.002	0	Idle
1/1/2026 2:10	Idle	81.82	391.36	-0.12	26	-0.047	94.998	5.002	0	Idle
1/1/2026 2:10	Idle	81.82	391.36	-0.12	26	-0.047	94.998	5.002	0	Idle
1/1/2026 2:11	Idle	81.819	391.36	-0.12	26	-0.047	94.998	5.002	0	Idle
1/1/2026 2:11	Idle	81.819	391.36	-0.12	26	-0.047	94.998	5.002	0	Idle
1/1/2026 2:11	Idle	81.819	391.36	-0.12	26	-0.047	94.998	5.002	0	Idle
1/1/2026 2:11	Idle	81.819	391.36	-0.12	26	-0.047	94.998	5.002	0	Idle
1/1/2026 2:11	Idle	81.818	391.36	-0.12	26	-0.047	94.998	5.002	0	Idle
1/1/2026 2:11	Idle	81.818	391.36	-0.12	26	-0.047	94.998	5.002	0	Idle
1/1/2026 2:12	Idle	81.818	391.36	-0.12	26	-0.047	94.998	5.002	0	Idle
1/1/2026 2:12	Idle	81.818	391.36	-0.12	26	-0.047	94.998	5.002	0	Idle
1/1/2026 2:12	Idle	81.818	391.36	-0.12	26	-0.047	94.998	5.002	0	Idle
1/1/2026 2:12	Idle	81.817	391.36	-0.12	26	-0.047	94.998	5.002	0	Idle
1/1/2026 2:12	Idle	81.817	391.36	-0.12	26	-0.047	94.998	5.002	0	Idle
1/1/2026 2:12	Idle	81.817	391.36	-0.12	26	-0.047	94.998	5.002	0	Idle
1/1/2026 2:13	Idle	81.817	391.36	-0.12	26	-0.047	94.998	5.002	0	Idle
1/1/2026 2:13	Idle	81.816	391.36	-0.12	26	-0.047	94.998	5.002	0	Idle
1/1/2026 2:13	Idle	81.816	391.36	-0.12	26	-0.047	94.998	5.002	0	Idle
1/1/2026 2:13	Idle	81.816	391.36	-0.12	26	-0.047	94.998	5.002	0	Idle
1/1/2026 2:13	Idle	81.816	391.36	-0.12	26	-0.047	94.998	5.002	0	Idle
1/1/2026 2:13	Idle	81.815	391.36	-0.12	26	-0.047	94.998	5.002	0	Idle
1/1/2026 2:14	Idle	81.815	391.36	-0.12	26	-0.047	94.998	5.002	0	Idle
1/1/2026 2:14	Idle	81.815	391.36	-0.12	26	-0.047	94.998	5.002	0	Idle
1/1/2026 2:14	Idle	81.815	391.36	-0.12	26	-0.047	94.998	5.002	0	Idle
1/1/2026 2:14	Idle	81.815	391.35	-0.12	26	-0.047	94.998	5.002	0	Idle
1/1/2026 2:14	Idle	81.814	391.35	-0.12	26	-0.047	94.998	5.002	0	Idle
1/1/2026 2:14	Idle	81.814	391.35	-0.12	26	-0.047	94.998	5.002	0	Idle
1/1/2026 2:15	Idle	81.814	391.35	-0.12	26	-0.047	94.998	5.002	0	Idle
1/1/2026 2:15	Idle	81.814	391.35	-0.12	26	-0.047	94.998	5.002	0	Idle
1/1/2026 2:15	Idle	81.813	391.35	-0.12	26	-0.047	94.998	5.002	0	Idle
1/1/2026 2:15	Idle	81.813	391.35	-0.12	26	-0.047	94.998	5.002	0	Idle
1/1/2026 2:15	Idle	81.813	391.35	-0.12	26	-0.047	94.998	5.002	0	Idle
1/1/2026 2:15	Idle	81.813	391.35	-0.12	26	-0.047	94.998	5.002	0	Idle
1/1/2026 2:16	Idle	81.812	391.35	-0.12	26	-0.047	94.998	5.002	0	Idle
1/1/2026 2:16	Idle	81.812	391.35	-0.12	26	-0.047	94.998	5.002	0	Idle
1/1/2026 2:16	Idle	81.812	391.35	-0.12	26	-0.047	94.998	5.002	0	Idle
1/1/2026 2:16	Idle	81.812	391.35	-0.12	26	-0.047	94.998	5.002	0	Idle
1/1/2026 2:16	Idle	81.812	391.35	-0.12	26	-0.047	94.998	5.002	0	Idle
1/1/2026 2:16	Idle	81.811	391.35	-0.12	26	-0.047	94.998	5.002	0	Idle
1/1/2026 2:17	Idle	81.811	391.35	-0.12	26	-0.047	94.998	5.002	0	Idle
1/1/2026 2:17	Idle	81.811	391.35	-0.12	26	-0.047	94.998	5.002	0	Idle
1/1/2026 2:17	Idle	81.811	391.35	-0.12	26	-0.047	94.998	5.002	0	Idle
1/1/2026 2:17	Idle	81.81	391.35	-0.12	26	-0.047	94.998	5.002	0	Idle
1/1/2026 2:17	Idle	81.81	391.35	-0.12	26	-0.047	94.998	5.002	0	Idle
1/1/2026 2:17	Idle	81.81	391.35	-0.12	26	-0.047	94.998	5.002	0	Idle
1/1/2026 2:18	Idle	81.81	391.35	-0.12	26	-0.047	94.998	5.002	0	Idle
1/1/2026 2:18	Idle	81.81	391.35	-0.12	26	-0.047	94.998	5.002	0	Idle
1/1/2026 2:18	Idle	81.809	391.35	-0.12	26	-0.047	94.998	5.002	0	Idle
1/1/2026 2:18	Idle	81.809	391.35	-0.12	26	-0.047	94.998	5.002	0	Idle
1/1/2026 2:18	Idle	81.809	391.35	-0.12	26	-0.047	94.998	5.002	0	Idle
1/1/2026 2:18	Idle	81.809	391.35	-0.12	26	-0.047	94.998	5.002	0	Idle
1/1/2026 2:19	Idle	81.808	391.35	-0.12	26	-0.047	94.998	5.002	0	Idle
1/1/2026 2:19	Idle	81.808	391.35	-0.12	26	-0.047	94.998	5.002	0	Idle
1/1/2026 2:19	Idle	81.808	391.35	-0.12	26	-0.047	94.998	5.002	0	Idle
1/1/2026 2:19	Idle	81.808	391.35	-0.12	26	-0.047	94.998	5.002	0	Idle
1/1/2026 2:19	Idle	81.807	391.35	-0.12	26	-0.047	94.998	5.002	0	Idle
1/1/2026 2:19	Idle	81.807	391.35	-0.12	26	-0.047	94.998	5.002	0	Idle
1/1/2026 2:20	Idle	81.807	391.35	-0.12	26	-0.047	94.998	5.002	0	Idle
1/1/2026 2:20	Idle	81.807	391.35	-0.12	26	-0.047	94.998	5.002	0	Idle
1/1/2026 2:20	Idle	81.807	391.35	-0.12	26	-0.047	94.998	5.002	0	Idle
1/1/2026 2:20	Idle	81.806	391.35	-0.12	26	-0.047	94.998	5.002	0	Idle
1/1/2026 2:20	Idle	81.806	391.35	-0.12	26	-0.047	94.998	5.002	0	Idle
1/1/2026 2:20	Idle	81.806	391.35	-0.12	26	-0.047	94.998	5.002	0	Idle
1/1/2026 2:21	Idle	81.806	391.35	-0.12	26	-0.047	94.998	5.002	0	Idle
1/1/2026 2:21	Idle	81.805	391.35	-0.12	26	-0.047	94.998	5.002	0	Idle
1/1/2026 2:21	Idle	81.805	391.35	-0.12	26	-0.047	94.998	5.002	0	Idle
1/1/2026 2:21	Idle	81.805	391.35	-0.12	26	-0.047	94.998	5.002	0	Idle
1/1/2026 2:21	Idle	81.805	391.35	-0.12	26	-0.047	94.998	5.002	0	Idle
1/1/2026 2:21	Idle	81.804	391.35	-0.12	26	-0.047	94.998	5.002	0	Idle
1/1/2026 2:22	Idle	81.804	391.35	-0.12	26	-0.047	94.998	5.002	0	Idle
1/1/2026 2:22	Idle	81.804	391.35	-0.12	26	-0.047	94.998	5.002	0	Idle
1/1/2026 2:22	Idle	81.804	391.35	-0.12	26	-0.047	94.998	5.002	0	Idle
1/1/2026 2:22	Idle	81.804	391.35	-0.12	26	-0.047	94.998	5.002	0	Idle
1/1/2026 2:22	Idle	81.803	391.35	-0.12	26	-0.047	94.998	5.002	0	Idle
1/1/2026 2:22	Idle	81.803	391.35	-0.12	26	-0.047	94.998	5.002	0	Idle
1/1/2026 2:23	Idle	81.803	391.35	-0.12	26	-0.047	94.998	5.002	0	Idle
1/1/2026 2:23	Idle	81.803	391.35	-0.12	26	-0.047	94.998	5.002	0	Idle
1/1/2026 2:23	Idle	81.802	391.35	-0.12	26	-0.047	94.998	5.002	0	Idle
1/1/2026 2:23	Idle	81.802	391.35	-0.12	26	-0.047	94.998	5.002	0	Idle
1/1/2026 2:23	Idle	81.802	391.35	-0.12	26	-0.047	94.998	5.002	0	Idle
1/1/2026 2:23	Idle	81.802	391.35	-0.12	26	-0.047	94.998	5.002	0	Idle
1/1/2026 2:24	Idle	81.801	391.35	-0.12	26	-0.047	94.998	5.002	0	Idle
1/1/2026 2:24	Idle	81.801	391.34	-0.12	26	-0.047	94.998	5.002	0	Idle
1/1/2026 2:24	Idle	81.801	391.34	-0.12	26	-0.047	94.998	5.002	0	Idle
1/1/2026 2:24	Idle	81.801	391.34	-0.12	26	-0.047	94.998	5.002	0	Idle
1/1/2026 2:24	Idle	81.801	391.34	-0.12	26	-0.047	94.998	5.002	0	Idle
1/1/2026 2:24	Idle	81.8	391.34	-0.12	26	-0.047	94.998	5.002	0	Idle
1/1/2026 2:25	Idle	81.8	391.34	-0.12	26	-0.047	94.998	5.002	0	Idle
1/1/2026 2:25	Idle	81.8	391.34	-0.12	26	-0.047	94.998	5.002	0	Idle
1/1/2026 2:25	Idle	81.8	391.34	-0.12	26	-0.047	94.998	5.002	0	Idle
1/1/2026 2:25	Idle	81.799	391.34	-0.12	26	-0.047	94.998	5.002	0	Idle
1/1/2026 2:25	Idle	81.799	391.34	-0.12	26	-0.047	94.998	5.002	0	Idle
1/1/2026 2:25	Idle	81.799	391.34	-0.12	26	-0.047	94.998	5.002	0	Idle
1/1/2026 2:26	Idle	81.799	391.34	-0.12	26	-0.047	94.998	5.002	0	Idle
1/1/2026 2:26	Idle	81.798	391.34	-0.12	26	-0.047	94.998	5.002	0	Idle
1/1/2026 2:26	Idle	81.798	391.34	-0.12	26	-0.047	94.998	5.002	0	Idle
1/1/2026 2:26	Idle	81.798	391.34	-0.12	26	-0.047	94.998	5.002	0	Idle
1/1/2026 2:26	Idle	81.798	391.34	-0.12	26	-0.047	94.998	5.002	0	Idle
1/1/2026 2:26	Idle	81.798	391.34	-0.12	26	-0.047	94.998	5.002	0	Idle
1/1/2026 2:27	Idle	81.797	391.34	-0.12	26	-0.047	94.998	5.002	0	Idle
1/1/2026 2:27	Idle	81.797	391.34	-0.12	26	-0.047	94.998	5.002	0	Idle
1/1/2026 2:27	Idle	81.797	391.34	-0.12	26	-0.047	94.998	5.002	0	Idle
1/1/2026 2:27	Idle	81.797	391.34	-0.12	26	-0.047	94.998	5.002	0	Idle
1/1/2026 2:27	Idle	81.796	391.34	-0.12	26	-0.047	94.998	5.002	0	Idle
1/1/2026 2:27	Idle	81.796	391.34	-0.12	26	-0.047	94.998	5.002	0	Idle
1/1/2026 2:28	Idle	81.796	391.34	-0.12	26	-0.047	94.998	5.002	0	Idle
1/1/2026 2:28	Idle	81.796	391.34	-0.12	26	-0.047	94.998	5.002	0	Idle
1/1/2026 2:28	Idle	81.795	391.34	-0.12	26	-0.047	94.998	5.002	0	Idle
1/1/2026 2:28	Idle	81.795	391.34	-0.12	26	-0.047	94.998	5.002	0	Idle
1/1/2026 2:28	Idle	81.795	391.34	-0.12	26	-0.047	94.998	5.002	0	Idle
1/1/2026 2:28	Idle	81.795	391.34	-0.12	26	-0.047	94.998	5.002	0	Idle
1/1/2026 2:29	Idle	81.795	391.34	-0.12	26	-0.047	94.998	5.002	0	Idle
1/1/2026 2:29	Idle	81.794	391.34	-0.12	26	-0.047	94.998	5.002	0	Idle
1/1/2026 2:29	Idle	81.794	391.34	-0.12	26	-0.047	94.998	5.002	0	Idle
1/1/2026 2:29	Idle	81.794	391.34	-0.12	26	-0.047	94.998	5.002	0	Idle
1/1/2026 2:29	Idle	81.794	391.34	-0.12	26	-0.047	94.998	5.002	0	Idle
1/1/2026 2:29	Idle	81.793	391.34	-0.12	26	-0.047	94.998	5.002	0	Idle
1/1/2026 2:30	Idle	81.793	391.34	-0.12	26	-0.047	94.998	5.002	0	Idle
1/1/2026 2:30	Idle	81.793	391.34	-0.12	26	-0.047	94.998	5.002	0	Idle
1/1/2026 2:30	Idle	81.793	391.34	-0.12	26	-0.047	94.998	5.002	0	Idle
1/1/2026 2:30	Idle	81.793	391.34	-0.12	26	-0.047	94.998	5.002	0	Idle
1/1/2026 2:30	Idle	81.792	391.34	-0.12	26	-0.047	94.998	5.002	0	Idle
1/1/2026 2:30	Idle	81.792	391.34	-0.12	26	-0.047	94.998	5.002	0	Idle
1/1/2026 2:31	Idle	81.792	391.34	-0.12	26	-0.047	94.998	5.002	0	Idle
1/1/2026 2:31	Idle	81.792	391.34	-0.12	26	-0.047	94.998	5.002	0	Idle
1/1/2026 2:31	Idle	81.791	391.34	-0.12	26	-0.047	94.998	5.002	0	Idle
1/1/2026 2:31	Idle	81.791	391.34	-0.12	26	-0.047	94.998	5.002	0	Idle
1/1/2026 2:31	Idle	81.791	391.34	-0.12	26	-0.047	94.998	5.002	0	Idle
1/1/2026 2:31	Idle	81.791	391.34	-0.12	26	-0.047	94.998	5.002	0	Idle
1/1/2026 2:32	Idle	81.79	391.34	-0.12	26	-0.047	94.998	5.002	0	Idle
1/1/2026 2:32	Idle	81.79	391.34	-0.12	26	-0.047	94.998	5.002	0	Idle
1/1/2026 2:32	Idle	81.79	391.34	-0.12	26	-0.047	94.998	5.002	0	Idle
1/1/2026 2:32	Idle	81.79	391.34	-0.12	26	-0.047	94.998	5.002	0	Idle
1/1/2026 2:32	Idle	81.79	391.34	-0.12	26	-0.047	94.998	5.002	0	Idle
1/1/2026 2:32	Idle	81.789	391.34	-0.12	26	-0.047	94.998	5.002	0	Idle
1/1/2026 2:33	Idle	81.789	391.34	-0.12	26	-0.047	94.998	5.002	0	Idle
1/1/2026 2:33	Idle	81.789	391.34	-0.12	26	-0.047	94.998	5.002	0	Idle
1/1/2026 2:33	Idle	81.789	391.34	-0.12	26	-0.047	94.998	5.002	0	Idle
1/1/2026 2:33	Idle	81.788	391.34	-0.12	26	-0.047	94.998	5.002	0	Idle
1/1/2026 2:33	Idle	81.788	391.34	-0.12	26	-0.047	94.998	5.002	0	Idle
1/1/2026 2:33	Idle	81.788	391.33	-0.12	26	-0.047	94.998	5.002	0	Idle
1/1/2026 2:34	Idle	81.788	391.33	-0.12	26	-0.047	94.998	5.002	0	Idle
1/1/2026 2:34	Idle	81.787	391.33	-0.12	26	-0.047	94.998	5.002	0	Idle
1/1/2026 2:34	Idle	81.787	391.33	-0.12	26	-0.047	94.998	5.002	0	Idle
1/1/2026 2:34	Idle	81.787	391.33	-0.12	26	-0.047	94.998	5.002	0	Idle
1/1/2026 2:34	Idle	81.787	391.33	-0.12	26	-0.047	94.998	5.002	0	Idle
1/1/2026 2:34	Idle	81.787	391.33	-0.12	26	-0.047	94.998	5.002	0	Idle
1/1/2026 2:35	Idle	81.786	391.33	-0.12	26	-0.047	94.998	5.002	0	Idle
1/1/2026 2:35	Idle	81.786	391.33	-0.12	26	-0.047	94.998	5.002	0	Idle
1/1/2026 2:35	Idle	81.786	391.33	-0.12	26	-0.047	94.998	5.002	0	Idle
1/1/2026 2:35	Idle	81.786	391.33	-0.12	26	-0.047	94.998	5.002	0	Idle
1/1/2026 2:35	Idle	81.785	391.33	-0.12	26	-0.047	94.998	5.002	0	Idle
1/1/2026 2:35	Idle	81.785	391.33	-0.12	26	-0.047	94.998	5.002	0	Idle
1/1/2026 2:36	Idle	81.785	391.33	-0.12	26	-0.047	94.998	5.002	0	Idle
1/1/2026 2:36	Idle	81.785	391.33	-0.12	26	-0.047	94.998	5.002	0	Idle
1/1/2026 2:36	Idle	81.784	391.33	-0.12	26	-0.047	94.998	5.002	0	Idle
1/1/2026 2:36	Idle	81.784	391.33	-0.12	26	-0.047	94.998	5.002	0	Idle
1/1/2026 2:36	Idle	81.784	391.33	-0.12	26	-0.047	94.998	5.002	0	Idle
1/1/2026 2:36	Idle	81.784	391.33	-0.12	26	-0.047	94.998	5.002	0	Idle
1/1/2026 2:37	Idle	81.784	391.33	-0.12	26	-0.047	94.998	5.002	0	Idle
1/1/2026 2:37	Idle	81.783	391.33	-0.12	26	-0.047	94.998	5.002	0	Idle
1/1/2026 2:37	Idle	81.783	391.33	-0.12	26	-0.047	94.998	5.002	0	Idle
1/1/2026 2:37	Idle	81.783	391.33	-0.12	26	-0.047	94.998	5.002	0	Idle
1/1/2026 2:37	Idle	81.783	391.33	-0.12	26	-0.047	94.998	5.002	0	Idle
1/1/2026 2:37	Idle	81.782	391.33	-0.12	26	-0.047	94.998	5.002	0	Idle
1/1/2026 2:38	Idle	81.782	391.33	-0.12	26	-0.047	94.998	5.002	0	Idle
1/1/2026 2:38	Idle	81.782	391.33	-0.12	26	-0.047	94.998	5.002	0	Idle
1/1/2026 2:38	Idle	81.782	391.33	-0.12	26	-0.047	94.998	5.002	0	Idle
1/1/2026 2:38	Idle	81.781	391.33	-0.12	26	-0.047	94.998	5.002	0	Idle
1/1/2026 2:38	Idle	81.781	391.33	-0.12	26	-0.047	94.998	5.002	0	Idle
1/1/2026 2:38	Idle	81.781	391.33	-0.12	26	-0.047	94.998	5.002	0	Idle
1/1/2026 2:39	Idle	81.781	391.33	-0.12	26	-0.047	94.998	5.002	0	Idle
1/1/2026 2:39	Idle	81.781	391.33	-0.12	26	-0.047	94.998	5.002	0	Idle
1/1/2026 2:39	Idle	81.78	391.33	-0.12	26	-0.047	94.998	5.002	0	Idle
1/1/2026 2:39	Idle	81.78	391.33	-0.12	26	-0.047	94.998	5.002	0	Idle
1/1/2026 2:39	Idle	81.78	391.33	-0.12	26	-0.047	94.998	5.002	0	Idle
1/1/2026 2:39	Idle	81.78	391.33	-0.12	26	-0.047	94.998	5.002	0	Idle
1/1/2026 2:40	Idle	81.779	391.33	-0.12	26	-0.047	94.998	5.002	0	Idle
1/1/2026 2:40	Idle	81.779	391.33	-0.12	26	-0.047	94.998	5.002	0	Idle
1/1/2026 2:40	Idle	81.779	391.33	-0.12	26	-0.047	94.998	5.002	0	Idle
1/1/2026 2:40	Idle	81.779	391.33	-0.12	26	-0.047	94.998	5.002	0	Idle
1/1/2026 2:40	Idle	81.778	391.33	-0.12	26	-0.047	94.998	5.002	0	Idle
1/1/2026 2:40	Idle	81.778	391.33	-0.12	26	-0.047	94.998	5.002	0	Idle
1/1/2026 2:41	Idle	81.778	391.33	-0.12	26	-0.047	94.998	5.002	0	Idle
1/1/2026 2:41	Idle	81.778	391.33	-0.12	26	-0.047	94.998	5.002	0	Idle
1/1/2026 2:41	Idle	81.778	391.33	-0.12	26	-0.047	94.998	5.002	0	Idle
1/1/2026 2:41	Idle	81.777	391.33	-0.12	26	-0.047	94.998	5.002	0	Idle
1/1/2026 2:41	Idle	81.777	391.33	-0.12	26	-0.047	94.998	5.002	0	Idle
1/1/2026 2:41	Idle	81.777	391.33	-0.12	26	-0.047	94.998	5.002	0	Idle
1/1/2026 2:42	Idle	81.777	391.33	-0.12	26	-0.047	94.998	5.002	0	Idle
1/1/2026 2:42	Idle	81.776	391.33	-0.12	26	-0.047	94.998	5.002	0	Idle
1/1/2026 2:42	Idle	81.776	391.33	-0.12	26	-0.047	94.998	5.002	0	Idle
1/1/2026 2:42	Idle	81.776	391.33	-0.12	26	-0.047	94.998	5.002	0	Idle
1/1/2026 2:42	Idle	81.776	391.33	-0.12	26	-0.047	94.998	5.002	0	Idle
1/1/2026 2:42	Idle	81.775	391.33	-0.12	26	-0.047	94.998	5.002	0	Idle
1/1/2026 2:43	Idle	81.775	391.33	-0.12	26	-0.047	94.998	5.002	0	Idle
1/1/2026 2:43	Idle	81.775	391.33	-0.12	26	-0.047	94.998	5.002	0	Idle
1/1/2026 2:43	Idle	81.775	391.33	-0.12	26	-0.047	94.998	5.002	0	Idle
1/1/2026 2:43	Idle	81.775	391.32	-0.12	26	-0.047	94.998	5.002	0	Idle
1/1/2026 2:43	Idle	81.774	391.32	-0.12	26	-0.047	94.998	5.002	0	Idle
1/1/2026 2:43	Idle	81.774	391.32	-0.12	26	-0.047	94.998	5.002	0	Idle
1/1/2026 2:44	Idle	81.774	391.32	-0.12	26	-0.047	94.998	5.002	0	Idle
1/1/2026 2:44	Idle	81.774	391.32	-0.12	26	-0.047	94.998	5.002	0	Idle
1/1/2026 2:44	Idle	81.773	391.32	-0.12	26	-0.047	94.998	5.002	0	Idle
1/1/2026 2:44	Idle	81.773	391.32	-0.12	26	-0.047	94.998	5.002	0	Idle
1/1/2026 2:44	Idle	81.773	391.32	-0.12	26	-0.047	94.998	5.002	0	Idle
1/1/2026 2:44	Idle	81.773	391.32	-0.12	26	-0.047	94.998	5.002	0	Idle
1/1/2026 2:45	Idle	81.773	391.32	-0.12	26	-0.047	94.998	5.002	0	Idle
1/1/2026 2:45	Idle	81.772	391.32	-0.12	26	-0.047	94.998	5.002	0	Idle
1/1/2026 2:45	Idle	81.772	391.32	-0.12	26	-0.047	94.998	5.002	0	Idle
1/1/2026 2:45	Idle	81.772	391.32	-0.12	26	-0.047	94.998	5.002	0	Idle
1/1/2026 2:45	Idle	81.772	391.32	-0.12	26	-0.047	94.998	5.002	0	Idle
1/1/2026 2:45	Idle	81.771	391.32	-0.12	26	-0.047	94.998	5.002	0	Idle
1/1/2026 2:46	Idle	81.771	391.32	-0.12	26	-0.047	94.998	5.002	0	Idle
1/1/2026 2:46	Idle	81.771	391.32	-0.12	26	-0.047	94.998	5.002	0	Idle
1/1/2026 2:46	Idle	81.771	391.32	-0.12	26	-0.047	94.998	5.002	0	Idle
1/1/2026 2:46	Idle	81.77	391.32	-0.12	26	-0.047	94.998	5.002	0	Idle
1/1/2026 2:46	Idle	81.77	391.32	-0.12	26	-0.047	94.998	5.002	0	Idle
1/1/2026 2:46	Idle	81.77	391.32	-0.12	26	-0.047	94.998	5.002	0	Idle
1/1/2026 2:47	Idle	81.77	391.32	-0.12	26	-0.047	94.998	5.002	0	Idle
1/1/2026 2:47	Idle	81.77	391.32	-0.12	26	-0.047	94.998	5.002	0	Idle
1/1/2026 2:47	Idle	81.769	391.32	-0.12	26	-0.047	94.998	5.002	0	Idle
1/1/2026 2:47	Idle	81.769	391.32	-0.12	26	-0.047	94.998	5.002	0	Idle
1/1/2026 2:47	Idle	81.769	391.32	-0.12	26	-0.047	94.998	5.002	0	Idle
1/1/2026 2:47	Idle	81.769	391.32	-0.12	26	-0.047	94.998	5.002	0	Idle
1/1/2026 2:48	Idle	81.768	391.32	-0.12	26	-0.047	94.998	5.002	0	Idle
1/1/2026 2:48	Idle	81.768	391.32	-0.12	26	-0.047	94.998	5.002	0	Idle
1/1/2026 2:48	Idle	81.768	391.32	-0.12	26	-0.047	94.998	5.002	0	Idle
1/1/2026 2:48	Idle	81.768	391.32	-0.12	26	-0.047	94.998	5.002	0	Idle
1/1/2026 2:48	Idle	81.767	391.32	-0.12	26	-0.047	94.998	5.002	0	Idle
1/1/2026 2:48	Idle	81.767	391.32	-0.12	26	-0.047	94.998	5.002	0	Idle
1/1/2026 2:49	Idle	81.767	391.32	-0.12	26	-0.047	94.998	5.002	0	Idle
1/1/2026 2:49	Idle	81.767	391.32	-0.12	26	-0.047	94.998	5.002	0	Idle
1/1/2026 2:49	Idle	81.767	391.32	-0.12	26	-0.047	94.998	5.002	0	Idle
1/1/2026 2:49	Idle	81.766	391.32	-0.12	26	-0.047	94.998	5.002	0	Idle
1/1/2026 2:49	Idle	81.766	391.32	-0.12	26	-0.047	94.998	5.002	0	Idle
1/1/2026 2:49	Idle	81.766	391.32	-0.12	26	-0.047	94.998	5.002	0	Idle
1/1/2026 2:50	Idle	81.766	391.32	-0.12	26	-0.047	94.998	5.002	0	Idle
1/1/2026 2:50	Idle	81.765	391.32	-0.12	26	-0.047	94.998	5.002	0	Idle
1/1/2026 2:50	Idle	81.765	391.32	-0.12	26	-0.047	94.998	5.002	0	Idle
1/1/2026 2:50	Idle	81.765	391.32	-0.12	26	-0.047	94.998	5.002	0	Idle
1/1/2026 2:50	Idle	81.765	391.32	-0.12	26	-0.047	94.998	5.002	0	Idle
1/1/2026 2:50	Idle	81.764	391.32	-0.12	26	-0.047	94.998	5.002	0	Idle
1/1/2026 2:51	Idle	81.764	391.32	-0.12	26	-0.047	94.998	5.002	0	Idle
1/1/2026 2:51	Idle	81.764	391.32	-0.12	26	-0.047	94.998	5.002	0	Idle
1/1/2026 2:51	Idle	81.764	391.32	-0.12	26	-0.047	94.998	5.002	0	Idle
1/1/2026 2:51	Idle	81.764	391.32	-0.12	26	-0.047	94.998	5.002	0	Idle
1/1/2026 2:51	Idle	81.763	391.32	-0.12	26	-0.047	94.998	5.002	0	Idle
1/1/2026 2:51	Idle	81.763	391.32	-0.12	26	-0.047	94.998	5.002	0	Idle
1/1/2026 2:52	Idle	81.763	391.32	-0.12	26	-0.047	94.998	5.002	0	Idle
1/1/2026 2:52	Idle	81.763	391.32	-0.12	26	-0.047	94.998	5.002	0	Idle
1/1/2026 2:52	Idle	81.762	391.32	-0.12	26	-0.047	94.998	5.002	0	Idle
1/1/2026 2:52	Idle	81.762	391.32	-0.12	26	-0.047	94.998	5.002	0	Idle
1/1/2026 2:52	Idle	81.762	391.32	-0.12	26	-0.047	94.998	5.002	0	Idle
1/1/2026 2:52	Idle	81.762	391.32	-0.12	26	-0.047	94.998	5.002	0	Idle
1/1/2026 2:53	Idle	81.761	391.32	-0.12	26	-0.047	94.998	5.002	0	Idle
1/1/2026 2:53	Idle	81.761	391.31	-0.12	26	-0.047	94.998	5.002	0	Idle
1/1/2026 2:53	Idle	81.761	391.31	-0.12	26	-0.047	94.998	5.002	0	Idle
1/1/2026 2:53	Idle	81.761	391.31	-0.12	26	-0.047	94.998	5.002	0	Idle
1/1/2026 2:53	Idle	81.761	391.31	-0.12	26	-0.047	94.998	5.002	0	Idle
1/1/2026 2:53	Idle	81.76	391.31	-0.12	26	-0.047	94.998	5.002	0	Idle
1/1/2026 2:54	Idle	81.76	391.31	-0.12	26	-0.047	94.998	5.002	0	Idle
1/1/2026 2:54	Idle	81.76	391.31	-0.12	26	-0.047	94.998	5.002	0	Idle
1/1/2026 2:54	Idle	81.76	391.31	-0.12	26	-0.047	94.998	5.002	0	Idle
1/1/2026 2:54	Idle	81.759	391.31	-0.12	26	-0.047	94.998	5.002	0	Idle
1/1/2026 2:54	Idle	81.759	391.31	-0.12	26	-0.047	94.998	5.002	0	Idle
1/1/2026 2:54	Idle	81.759	391.31	-0.12	26	-0.047	94.998	5.002	0	Idle
1/1/2026 2:55	Idle	81.759	391.31	-0.12	26	-0.047	94.998	5.002	0	Idle
1/1/2026 2:55	Idle	81.758	391.31	-0.12	26	-0.047	94.998	5.002	0	Idle
1/1/2026 2:55	Idle	81.758	391.31	-0.12	26	-0.047	94.998	5.002	0	Idle
1/1/2026 2:55	Idle	81.758	391.31	-0.12	26	-0.047	94.998	5.002	0	Idle
1/1/2026 2:55	Idle	81.758	391.31	-0.12	26	-0.047	94.998	5.002	0	Idle
1/1/2026 2:55	Idle	81.758	391.31	-0.12	26	-0.047	94.998	5.002	0	Idle
1/1/2026 2:56	Idle	81.757	391.31	-0.12	26	-0.047	94.998	5.002	0	Idle
1/1/2026 2:56	Idle	81.757	391.31	-0.12	26	-0.047	94.998	5.002	0	Idle
1/1/2026 2:56	Idle	81.757	391.31	-0.12	26	-0.047	94.998	5.002	0	Idle
1/1/2026 2:56	Idle	81.757	391.31	-0.12	26	-0.047	94.998	5.002	0	Idle
1/1/2026 2:56	Idle	81.756	391.31	-0.12	26	-0.047	94.998	5.002	0	Idle
1/1/2026 2:56	Idle	81.756	391.31	-0.12	26	-0.047	94.998	5.002	0	Idle
1/1/2026 2:57	Idle	81.756	391.31	-0.12	26	-0.047	94.998	5.002	0	Idle
1/1/2026 2:57	Idle	81.756	391.31	-0.12	26	-0.047	94.998	5.002	0	Idle
1/1/2026 2:57	Idle	81.756	391.31	-0.12	26	-0.047	94.998	5.002	0	Idle
1/1/2026 2:57	Idle	81.755	391.31	-0.12	26	-0.047	94.998	5.002	0	Idle
1/1/2026 2:57	Idle	81.755	391.31	-0.12	26	-0.047	94.998	5.002	0	Idle
1/1/2026 2:57	Idle	81.755	391.31	-0.12	26	-0.047	94.998	5.002	0	Idle
1/1/2026 2:58	Idle	81.755	391.31	-0.12	26	-0.047	94.998	5.002	0	Idle
1/1/2026 2:58	Idle	81.754	391.31	-0.12	26	-0.047	94.998	5.002	0	Idle
1/1/2026 2:58	Idle	81.754	391.31	-0.12	26	-0.047	94.998	5.002	0	Idle
1/1/2026 2:58	Idle	81.754	391.31	-0.12	26	-0.047	94.998	5.002	0	Idle
1/1/2026 2:58	Idle	81.754	391.31	-0.12	26	-0.047	94.998	5.002	0	Idle
1/1/2026 2:58	Idle	81.753	391.31	-0.12	26	-0.047	94.998	5.002	0	Idle
1/1/2026 2:59	Idle	81.753	391.31	-0.12	26	-0.047	94.998	5.002	0	Idle
1/1/2026 2:59	Idle	81.753	391.31	-0.12	26	-0.047	94.998	5.002	0	Idle
1/1/2026 2:59	Idle	81.753	391.31	-0.12	26	-0.047	94.998	5.002	0	Idle
1/1/2026 2:59	Idle	81.753	391.31	-0.12	26	-0.047	94.998	5.002	0	Idle
1/1/2026 2:59	Idle	81.752	391.31	-0.12	26	-0.047	94.998	5.002	0	Idle
1/1/2026 2:59	Idle	81.752	391.31	-0.12	26	-0.047	94.998	5.002	0	Idle
1/1/2026 3:00	Idle	81.752	391.31	-0.12	26	-0.047	94.997	5.003	0	Idle
1/1/2026 3:00	Idle	81.752	391.31	-0.12	26	-0.047	94.997	5.003	0	Idle
1/1/2026 3:00	Idle	81.751	391.31	-0.12	26	-0.047	94.997	5.003	0	Idle
1/1/2026 3:00	Idle	81.751	391.31	-0.12	26	-0.047	94.997	5.003	0	Idle
1/1/2026 3:00	Idle	81.751	391.31	-0.12	26	-0.047	94.997	5.003	0	Idle
1/1/2026 3:00	Idle	81.751	391.31	-0.12	26	-0.047	94.997	5.003	0	Idle
1/1/2026 3:01	Idle	81.75	391.31	-0.12	26	-0.047	94.997	5.003	0	Idle
1/1/2026 3:01	Idle	81.75	391.31	-0.12	26	-0.047	94.997	5.003	0	Idle
1/1/2026 3:01	Idle	81.75	391.31	-0.12	26	-0.047	94.997	5.003	0	Idle
1/1/2026 3:01	Idle	81.75	391.31	-0.12	26	-0.047	94.997	5.003	0	Idle
1/1/2026 3:01	Idle	81.75	391.31	-0.12	26	-0.047	94.997	5.003	0	Idle
1/1/2026 3:01	Idle	81.749	391.31	-0.12	26	-0.047	94.997	5.003	0	Idle
1/1/2026 3:02	Idle	81.749	391.31	-0.12	26	-0.047	94.997	5.003	0	Idle
1/1/2026 3:02	Idle	81.749	391.31	-0.12	26	-0.047	94.997	5.003	0	Idle
1/1/2026 3:02	Idle	81.749	391.31	-0.12	26	-0.047	94.997	5.003	0	Idle
1/1/2026 3:02	Idle	81.748	391.31	-0.12	26	-0.047	94.997	5.003	0	Idle
1/1/2026 3:02	Idle	81.748	391.31	-0.12	26	-0.047	94.997	5.003	0	Idle
1/1/2026 3:02	Idle	81.748	391.3	-0.12	26	-0.047	94.997	5.003	0	Idle
1/1/2026 3:03	Idle	81.748	391.3	-0.12	26	-0.047	94.997	5.003	0	Idle
1/1/2026 3:03	Idle	81.747	391.3	-0.12	26	-0.047	94.997	5.003	0	Idle
1/1/2026 3:03	Idle	81.747	391.3	-0.12	26	-0.047	94.997	5.003	0	Idle
1/1/2026 3:03	Idle	81.747	391.3	-0.12	26	-0.047	94.997	5.003	0	Idle
1/1/2026 3:03	Idle	81.747	391.3	-0.12	26	-0.047	94.997	5.003	0	Idle
1/1/2026 3:03	Idle	81.747	391.3	-0.12	26	-0.047	94.997	5.003	0	Idle
1/1/2026 3:04	Idle	81.746	391.3	-0.12	26	-0.047	94.997	5.003	0	Idle
1/1/2026 3:04	Idle	81.746	391.3	-0.12	26	-0.047	94.997	5.003	0	Idle
1/1/2026 3:04	Idle	81.746	391.3	-0.12	26	-0.047	94.997	5.003	0	Idle
1/1/2026 3:04	Idle	81.746	391.3	-0.12	26	-0.047	94.997	5.003	0	Idle
1/1/2026 3:04	Idle	81.745	391.3	-0.12	26	-0.047	94.997	5.003	0	Idle
1/1/2026 3:04	Idle	81.745	391.3	-0.12	26	-0.047	94.997	5.003	0	Idle
1/1/2026 3:05	Idle	81.745	391.3	-0.12	26	-0.047	94.997	5.003	0	Idle
1/1/2026 3:05	Idle	81.745	391.3	-0.12	26	-0.047	94.997	5.003	0	Idle
1/1/2026 3:05	Idle	81.744	391.3	-0.12	26	-0.047	94.997	5.003	0	Idle
1/1/2026 3:05	Idle	81.744	391.3	-0.12	26	-0.047	94.997	5.003	0	Idle
1/1/2026 3:05	Idle	81.744	391.3	-0.12	26	-0.047	94.997	5.003	0	Idle
1/1/2026 3:05	Idle	81.744	391.3	-0.12	26	-0.047	94.997	5.003	0	Idle
1/1/2026 3:06	Idle	81.744	391.3	-0.12	26	-0.047	94.997	5.003	0	Idle
1/1/2026 3:06	Idle	81.743	391.3	-0.12	26	-0.047	94.997	5.003	0	Idle
1/1/2026 3:06	Idle	81.743	391.3	-0.12	26	-0.047	94.997	5.003	0	Idle
1/1/2026 3:06	Idle	81.743	391.3	-0.12	26	-0.047	94.997	5.003	0	Idle
1/1/2026 3:06	Idle	81.743	391.3	-0.12	26	-0.047	94.997	5.003	0	Idle
1/1/2026 3:06	Idle	81.742	391.3	-0.12	26	-0.047	94.997	5.003	0	Idle
1/1/2026 3:07	Idle	81.742	391.3	-0.12	26	-0.047	94.997	5.003	0	Idle
1/1/2026 3:07	Idle	81.742	391.3	-0.12	26	-0.047	94.997	5.003	0	Idle
1/1/2026 3:07	Idle	81.742	391.3	-0.12	26	-0.047	94.997	5.003	0	Idle
1/1/2026 3:07	Idle	81.741	391.3	-0.12	26	-0.047	94.997	5.003	0	Idle
1/1/2026 3:07	Idle	81.741	391.3	-0.12	26	-0.047	94.997	5.003	0	Idle
1/1/2026 3:07	Idle	81.741	391.3	-0.12	26	-0.047	94.997	5.003	0	Idle
1/1/2026 3:08	Idle	81.741	391.3	-0.12	26	-0.047	94.997	5.003	0	Idle
1/1/2026 3:08	Idle	81.741	391.3	-0.12	26	-0.047	94.997	5.003	0	Idle
1/1/2026 3:08	Idle	81.74	391.3	-0.12	26	-0.047	94.997	5.003	0	Idle
1/1/2026 3:08	Idle	81.74	391.3	-0.12	26	-0.047	94.997	5.003	0	Idle
1/1/2026 3:08	Idle	81.74	391.3	-0.12	26	-0.047	94.997	5.003	0	Idle
1/1/2026 3:08	Idle	81.74	391.3	-0.12	26	-0.047	94.997	5.003	0	Idle
1/1/2026 3:09	Idle	81.739	391.3	-0.12	26	-0.047	94.997	5.003	0	Idle
1/1/2026 3:09	Idle	81.739	391.3	-0.12	26	-0.047	94.997	5.003	0	Idle
1/1/2026 3:09	Idle	81.739	391.3	-0.12	26	-0.047	94.997	5.003	0	Idle
1/1/2026 3:09	Idle	81.739	391.3	-0.12	26	-0.047	94.997	5.003	0	Idle
1/1/2026 3:09	Idle	81.739	391.3	-0.12	26	-0.047	94.997	5.003	0	Idle
1/1/2026 3:09	Idle	81.738	391.3	-0.12	26	-0.047	94.997	5.003	0	Idle
1/1/2026 3:10	Idle	81.738	391.3	-0.12	26	-0.047	94.997	5.003	0	Idle
1/1/2026 3:10	Idle	81.738	391.3	-0.12	26	-0.047	94.997	5.003	0	Idle
1/1/2026 3:10	Idle	81.738	391.3	-0.12	26	-0.047	94.997	5.003	0	Idle
1/1/2026 3:10	Idle	81.737	391.3	-0.12	26	-0.047	94.997	5.003	0	Idle
1/1/2026 3:10	Idle	81.737	391.3	-0.12	26	-0.047	94.997	5.003	0	Idle
1/1/2026 3:10	Idle	81.737	391.3	-0.12	26	-0.047	94.997	5.003	0	Idle
1/1/2026 3:11	Idle	81.737	391.3	-0.12	26	-0.047	94.997	5.003	0	Idle
1/1/2026 3:11	Idle	81.736	391.3	-0.12	26	-0.047	94.997	5.003	0	Idle
1/1/2026 3:11	Idle	81.736	391.3	-0.12	26	-0.047	94.997	5.003	0	Idle
1/1/2026 3:11	Idle	81.736	391.3	-0.12	26	-0.047	94.997	5.003	0	Idle
1/1/2026 3:11	Idle	81.736	391.3	-0.12	26	-0.047	94.997	5.003	0	Idle
1/1/2026 3:11	Idle	81.736	391.3	-0.12	26	-0.047	94.997	5.003	0	Idle
1/1/2026 3:12	Idle	81.735	391.3	-0.12	26	-0.047	94.997	5.003	0	Idle
1/1/2026 3:12	Idle	81.735	391.3	-0.12	26	-0.047	94.997	5.003	0	Idle
1/1/2026 3:12	Idle	81.735	391.3	-0.12	26	-0.047	94.997	5.003	0	Idle
1/1/2026 3:12	Idle	81.735	391.29	-0.12	26	-0.047	94.997	5.003	0	Idle
1/1/2026 3:12	Idle	81.734	391.29	-0.12	26	-0.047	94.997	5.003	0	Idle
1/1/2026 3:12	Idle	81.734	391.29	-0.12	26	-0.047	94.997	5.003	0	Idle
1/1/2026 3:13	Idle	81.734	391.29	-0.12	26	-0.047	94.997	5.003	0	Idle
1/1/2026 3:13	Idle	81.734	391.29	-0.12	26	-0.047	94.997	5.003	0	Idle
1/1/2026 3:13	Idle	81.733	391.29	-0.12	26	-0.047	94.997	5.003	0	Idle
1/1/2026 3:13	Idle	81.733	391.29	-0.12	26	-0.047	94.997	5.003	0	Idle
1/1/2026 3:13	Idle	81.733	391.29	-0.12	26	-0.047	94.997	5.003	0	Idle
1/1/2026 3:13	Idle	81.733	391.29	-0.12	26	-0.047	94.997	5.003	0	Idle
1/1/2026 3:14	Idle	81.733	391.29	-0.12	26	-0.047	94.997	5.003	0	Idle
1/1/2026 3:14	Idle	81.732	391.29	-0.12	26	-0.047	94.997	5.003	0	Idle
1/1/2026 3:14	Idle	81.732	391.29	-0.12	26	-0.047	94.997	5.003	0	Idle
1/1/2026 3:14	Idle	81.732	391.29	-0.12	26	-0.047	94.997	5.003	0	Idle
1/1/2026 3:14	Idle	81.732	391.29	-0.12	26	-0.047	94.997	5.003	0	Idle
1/1/2026 3:14	Idle	81.731	391.29	-0.12	26	-0.047	94.997	5.003	0	Idle
1/1/2026 3:15	Idle	81.731	391.29	-0.12	26	-0.047	94.997	5.003	0	Idle
1/1/2026 3:15	Idle	81.731	391.29	-0.12	26	-0.047	94.997	5.003	0	Idle
1/1/2026 3:15	Idle	81.731	391.29	-0.12	26	-0.047	94.997	5.003	0	Idle
1/1/2026 3:15	Idle	81.73	391.29	-0.12	26	-0.047	94.997	5.003	0	Idle
1/1/2026 3:15	Idle	81.73	391.29	-0.12	26	-0.047	94.997	5.003	0	Idle
1/1/2026 3:15	Idle	81.73	391.29	-0.12	26	-0.047	94.997	5.003	0	Idle
1/1/2026 3:16	Idle	81.73	391.29	-0.12	26	-0.047	94.997	5.003	0	Idle
1/1/2026 3:16	Idle	81.73	391.29	-0.12	26	-0.047	94.997	5.003	0	Idle
1/1/2026 3:16	Idle	81.729	391.29	-0.12	26	-0.047	94.997	5.003	0	Idle
1/1/2026 3:16	Idle	81.729	391.29	-0.12	26	-0.047	94.997	5.003	0	Idle
1/1/2026 3:16	Idle	81.729	391.29	-0.12	26	-0.047	94.997	5.003	0	Idle
1/1/2026 3:16	Idle	81.729	391.29	-0.12	26	-0.047	94.997	5.003	0	Idle
1/1/2026 3:17	Idle	81.728	391.29	-0.12	26	-0.047	94.997	5.003	0	Idle
1/1/2026 3:17	Idle	81.728	391.29	-0.12	26	-0.047	94.997	5.003	0	Idle
1/1/2026 3:17	Idle	81.728	391.29	-0.12	26	-0.047	94.997	5.003	0	Idle
1/1/2026 3:17	Idle	81.728	391.29	-0.12	26	-0.047	94.997	5.003	0	Idle
1/1/2026 3:17	Idle	81.727	391.29	-0.12	26	-0.047	94.997	5.003	0	Idle
1/1/2026 3:17	Idle	81.727	391.29	-0.12	26	-0.047	94.997	5.003	0	Idle
1/1/2026 3:18	Idle	81.727	391.29	-0.12	26	-0.047	94.997	5.003	0	Idle
1/1/2026 3:18	Idle	81.727	391.29	-0.12	26	-0.047	94.997	5.003	0	Idle
1/1/2026 3:18	Idle	81.727	391.29	-0.12	26	-0.047	94.997	5.003	0	Idle
1/1/2026 3:18	Idle	81.726	391.29	-0.12	26	-0.047	94.997	5.003	0	Idle
1/1/2026 3:18	Idle	81.726	391.29	-0.12	26	-0.047	94.997	5.003	0	Idle
1/1/2026 3:18	Idle	81.726	391.29	-0.12	26	-0.047	94.997	5.003	0	Idle
1/1/2026 3:19	Idle	81.726	391.29	-0.12	26	-0.047	94.997	5.003	0	Idle
1/1/2026 3:19	Idle	81.725	391.29	-0.12	26	-0.047	94.997	5.003	0	Idle
1/1/2026 3:19	Idle	81.725	391.29	-0.12	26	-0.047	94.997	5.003	0	Idle
1/1/2026 3:19	Idle	81.725	391.29	-0.12	26	-0.047	94.997	5.003	0	Idle
1/1/2026 3:19	Idle	81.725	391.29	-0.12	26	-0.047	94.997	5.003	0	Idle
1/1/2026 3:19	Idle	81.724	391.29	-0.12	26	-0.047	94.997	5.003	0	Idle
1/1/2026 3:20	Idle	81.724	391.29	-0.12	26	-0.047	94.997	5.003	0	Idle
1/1/2026 3:20	Idle	81.724	391.29	-0.12	26	-0.047	94.997	5.003	0	Idle
1/1/2026 3:20	Idle	81.724	391.29	-0.12	26	-0.047	94.997	5.003	0	Idle
1/1/2026 3:20	Idle	81.724	391.29	-0.12	26	-0.047	94.997	5.003	0	Idle
1/1/2026 3:20	Idle	81.723	391.29	-0.12	26	-0.047	94.997	5.003	0	Idle
1/1/2026 3:20	Idle	81.723	391.29	-0.12	26	-0.047	94.997	5.003	0	Idle
1/1/2026 3:21	Idle	81.723	391.29	-0.12	26	-0.047	94.997	5.003	0	Idle
1/1/2026 3:21	Idle	81.723	391.29	-0.12	26	-0.047	94.997	5.003	0	Idle
1/1/2026 3:21	Idle	81.722	391.29	-0.12	26	-0.047	94.997	5.003	0	Idle
1/1/2026 3:21	Idle	81.722	391.29	-0.12	26	-0.047	94.997	5.003	0	Idle
1/1/2026 3:21	Idle	81.722	391.29	-0.12	26	-0.047	94.997	5.003	0	Idle
1/1/2026 3:21	Idle	81.722	391.29	-0.12	26	-0.047	94.997	5.003	0	Idle
1/1/2026 3:22	Idle	81.721	391.29	-0.12	26	-0.047	94.997	5.003	0	Idle
1/1/2026 3:22	Idle	81.721	391.28	-0.12	26	-0.047	94.997	5.003	0	Idle
1/1/2026 3:22	Idle	81.721	391.28	-0.12	26	-0.047	94.997	5.003	0	Idle
1/1/2026 3:22	Idle	81.721	391.28	-0.12	26	-0.047	94.997	5.003	0	Idle
1/1/2026 3:22	Idle	81.721	391.28	-0.12	26	-0.047	94.997	5.003	0	Idle
1/1/2026 3:22	Idle	81.72	391.28	-0.12	26	-0.047	94.997	5.003	0	Idle
1/1/2026 3:23	Idle	81.72	391.28	-0.12	26	-0.047	94.997	5.003	0	Idle
1/1/2026 3:23	Idle	81.72	391.28	-0.12	26	-0.047	94.997	5.003	0	Idle
1/1/2026 3:23	Idle	81.72	391.28	-0.12	26	-0.047	94.997	5.003	0	Idle
1/1/2026 3:23	Idle	81.719	391.28	-0.12	26	-0.047	94.997	5.003	0	Idle
1/1/2026 3:23	Idle	81.719	391.28	-0.12	26	-0.047	94.997	5.003	0	Idle
1/1/2026 3:23	Idle	81.719	391.28	-0.12	26	-0.047	94.997	5.003	0	Idle
1/1/2026 3:24	Idle	81.719	391.28	-0.12	26	-0.047	94.997	5.003	0	Idle
1/1/2026 3:24	Idle	81.719	391.28	-0.12	26	-0.047	94.997	5.003	0	Idle
1/1/2026 3:24	Idle	81.718	391.28	-0.12	26	-0.047	94.997	5.003	0	Idle
1/1/2026 3:24	Idle	81.718	391.28	-0.12	26	-0.047	94.997	5.003	0	Idle
1/1/2026 3:24	Idle	81.718	391.28	-0.12	26	-0.047	94.997	5.003	0	Idle
1/1/2026 3:24	Idle	81.718	391.28	-0.12	26	-0.047	94.997	5.003	0	Idle
1/1/2026 3:25	Idle	81.717	391.28	-0.12	26	-0.047	94.997	5.003	0	Idle
1/1/2026 3:25	Idle	81.717	391.28	-0.12	26	-0.047	94.997	5.003	0	Idle
1/1/2026 3:25	Idle	81.717	391.28	-0.12	26	-0.047	94.997	5.003	0	Idle
1/1/2026 3:25	Idle	81.717	391.28	-0.12	26	-0.047	94.997	5.003	0	Idle
1/1/2026 3:25	Idle	81.716	391.28	-0.12	26	-0.047	94.997	5.003	0	Idle
1/1/2026 3:25	Idle	81.716	391.28	-0.12	26	-0.047	94.997	5.003	0	Idle
1/1/2026 3:26	Idle	81.716	391.28	-0.12	26	-0.047	94.997	5.003	0	Idle
1/1/2026 3:26	Idle	81.716	391.28	-0.12	26	-0.047	94.997	5.003	0	Idle
1/1/2026 3:26	Idle	81.716	391.28	-0.12	26	-0.047	94.997	5.003	0	Idle
1/1/2026 3:26	Idle	81.715	391.28	-0.12	26	-0.047	94.997	5.003	0	Idle
1/1/2026 3:26	Idle	81.715	391.28	-0.12	26	-0.047	94.997	5.003	0	Idle
1/1/2026 3:26	Idle	81.715	391.28	-0.12	26	-0.047	94.997	5.003	0	Idle
1/1/2026 3:27	Idle	81.715	391.28	-0.12	26	-0.047	94.997	5.003	0	Idle
1/1/2026 3:27	Idle	81.714	391.28	-0.12	26	-0.047	94.997	5.003	0	Idle
1/1/2026 3:27	Idle	81.714	391.28	-0.12	26	-0.047	94.997	5.003	0	Idle
1/1/2026 3:27	Idle	81.714	391.28	-0.12	26	-0.047	94.997	5.003	0	Idle
1/1/2026 3:27	Idle	81.714	391.28	-0.12	26	-0.047	94.997	5.003	0	Idle
1/1/2026 3:27	Idle	81.713	391.28	-0.12	26	-0.047	94.997	5.003	0	Idle
1/1/2026 3:28	Idle	81.713	391.28	-0.12	26	-0.047	94.997	5.003	0	Idle
1/1/2026 3:28	Idle	81.713	391.28	-0.12	26	-0.047	94.997	5.003	0	Idle
1/1/2026 3:28	Idle	81.713	391.28	-0.12	26	-0.047	94.997	5.003	0	Idle
1/1/2026 3:28	Idle	81.713	391.28	-0.12	26	-0.047	94.997	5.003	0	Idle
1/1/2026 3:28	Idle	81.712	391.28	-0.12	26	-0.047	94.997	5.003	0	Idle
1/1/2026 3:28	Idle	81.712	391.28	-0.12	26	-0.047	94.997	5.003	0	Idle
1/1/2026 3:29	Idle	81.712	391.28	-0.12	26	-0.047	94.997	5.003	0	Idle
1/1/2026 3:29	Idle	81.712	391.28	-0.12	26	-0.047	94.997	5.003	0	Idle
1/1/2026 3:29	Idle	81.711	391.28	-0.12	26	-0.047	94.997	5.003	0	Idle
1/1/2026 3:29	Idle	81.711	391.28	-0.12	26	-0.047	94.997	5.003	0	Idle
1/1/2026 3:29	Idle	81.711	391.28	-0.12	26	-0.047	94.997	5.003	0	Idle
1/1/2026 3:29	Idle	81.711	391.28	-0.12	26	-0.047	94.997	5.003	0	Idle
1/1/2026 3:30	Idle	81.71	391.28	-0.12	26	-0.047	94.997	5.003	0	Idle
1/1/2026 3:30	Idle	81.71	391.28	-0.12	26	-0.047	94.997	5.003	0	Idle
1/1/2026 3:30	Idle	81.71	391.28	-0.12	26	-0.047	94.997	5.003	0	Idle
1/1/2026 3:30	Idle	81.71	391.28	-0.12	26	-0.047	94.997	5.003	0	Idle
1/1/2026 3:30	Idle	81.71	391.28	-0.12	26	-0.047	94.997	5.003	0	Idle
1/1/2026 3:30	Idle	81.709	391.28	-0.12	26	-0.047	94.997	5.003	0	Idle
1/1/2026 3:31	Idle	81.709	391.28	-0.12	26	-0.047	94.997	5.003	0	Idle
1/1/2026 3:31	Idle	81.709	391.28	-0.12	26	-0.047	94.997	5.003	0	Idle
1/1/2026 3:31	Idle	81.709	391.28	-0.12	26	-0.047	94.997	5.003	0	Idle
1/1/2026 3:31	Idle	81.708	391.28	-0.12	26	-0.047	94.997	5.003	0	Idle
1/1/2026 3:31	Idle	81.708	391.28	-0.12	26	-0.047	94.997	5.003	0	Idle
1/1/2026 3:31	Idle	81.708	391.27	-0.12	26	-0.047	94.997	5.003	0	Idle
1/1/2026 3:32	Idle	81.708	391.27	-0.12	26	-0.047	94.997	5.003	0	Idle
1/1/2026 3:32	Idle	81.707	391.27	-0.12	26	-0.047	94.997	5.003	0	Idle
1/1/2026 3:32	Idle	81.707	391.27	-0.12	26	-0.047	94.997	5.003	0	Idle
1/1/2026 3:32	Idle	81.707	391.27	-0.12	26	-0.047	94.997	5.003	0	Idle
1/1/2026 3:32	Idle	81.707	391.27	-0.12	26	-0.047	94.997	5.003	0	Idle
1/1/2026 3:32	Idle	81.707	391.27	-0.12	26	-0.047	94.997	5.003	0	Idle
1/1/2026 3:33	Idle	81.706	391.27	-0.12	26	-0.047	94.997	5.003	0	Idle
1/1/2026 3:33	Idle	81.706	391.27	-0.12	26	-0.047	94.997	5.003	0	Idle
1/1/2026 3:33	Idle	81.706	391.27	-0.12	26	-0.047	94.997	5.003	0	Idle
1/1/2026 3:33	Idle	81.706	391.27	-0.12	26	-0.047	94.997	5.003	0	Idle
1/1/2026 3:33	Idle	81.705	391.27	-0.12	26	-0.047	94.997	5.003	0	Idle
1/1/2026 3:33	Idle	81.705	391.27	-0.12	26	-0.047	94.997	5.003	0	Idle
1/1/2026 3:34	Idle	81.705	391.27	-0.12	26	-0.047	94.997	5.003	0	Idle
1/1/2026 3:34	Idle	81.705	391.27	-0.12	26	-0.047	94.997	5.003	0	Idle
1/1/2026 3:34	Idle	81.704	391.27	-0.12	26	-0.047	94.997	5.003	0	Idle
1/1/2026 3:34	Idle	81.704	391.27	-0.12	26	-0.047	94.997	5.003	0	Idle
1/1/2026 3:34	Idle	81.704	391.27	-0.12	26	-0.047	94.997	5.003	0	Idle
1/1/2026 3:34	Idle	81.704	391.27	-0.12	26	-0.047	94.997	5.003	0	Idle
1/1/2026 3:35	Idle	81.704	391.27	-0.12	26	-0.047	94.997	5.003	0	Idle
1/1/2026 3:35	Idle	81.703	391.27	-0.12	26	-0.047	94.997	5.003	0	Idle
1/1/2026 3:35	Idle	81.703	391.27	-0.12	26	-0.047	94.997	5.003	0	Idle
1/1/2026 3:35	Idle	81.703	391.27	-0.12	26	-0.047	94.997	5.003	0	Idle
1/1/2026 3:35	Idle	81.703	391.27	-0.12	26	-0.047	94.997	5.003	0	Idle
1/1/2026 3:35	Idle	81.702	391.27	-0.12	26	-0.047	94.997	5.003	0	Idle
1/1/2026 3:36	Idle	81.702	391.27	-0.12	26	-0.047	94.997	5.003	0	Idle
1/1/2026 3:36	Idle	81.702	391.27	-0.12	26	-0.047	94.997	5.003	0	Idle
1/1/2026 3:36	Idle	81.702	391.27	-0.12	26	-0.047	94.997	5.003	0	Idle
1/1/2026 3:36	Idle	81.702	391.27	-0.12	26	-0.047	94.997	5.003	0	Idle
1/1/2026 3:36	Idle	81.701	391.27	-0.12	26	-0.047	94.997	5.003	0	Idle
1/1/2026 3:36	Idle	81.701	391.27	-0.12	26	-0.047	94.997	5.003	0	Idle
1/1/2026 3:37	Idle	81.701	391.27	-0.12	26	-0.047	94.997	5.003	0	Idle
1/1/2026 3:37	Idle	81.701	391.27	-0.12	26	-0.047	94.997	5.003	0	Idle
1/1/2026 3:37	Idle	81.7	391.27	-0.12	26	-0.047	94.997	5.003	0	Idle
1/1/2026 3:37	Idle	81.7	391.27	-0.12	26	-0.047	94.997	5.003	0	Idle
1/1/2026 3:37	Idle	81.7	391.27	-0.12	26	-0.047	94.997	5.003	0	Idle
1/1/2026 3:37	Idle	81.7	391.27	-0.12	26	-0.047	94.997	5.003	0	Idle
1/1/2026 3:38	Idle	81.699	391.27	-0.12	26	-0.047	94.997	5.003	0	Idle
1/1/2026 3:38	Idle	81.699	391.27	-0.12	26	-0.047	94.997	5.003	0	Idle
1/1/2026 3:38	Idle	81.699	391.27	-0.12	26	-0.047	94.997	5.003	0	Idle
1/1/2026 3:38	Idle	81.699	391.27	-0.12	26	-0.047	94.997	5.003	0	Idle
1/1/2026 3:38	Idle	81.699	391.27	-0.12	26	-0.047	94.997	5.003	0	Idle
1/1/2026 3:38	Idle	81.698	391.27	-0.12	26	-0.047	94.997	5.003	0	Idle
1/1/2026 3:39	Idle	81.698	391.27	-0.12	26	-0.047	94.997	5.003	0	Idle
1/1/2026 3:39	Idle	81.698	391.27	-0.12	26	-0.047	94.997	5.003	0	Idle
1/1/2026 3:39	Idle	81.698	391.27	-0.12	26	-0.047	94.997	5.003	0	Idle
1/1/2026 3:39	Idle	81.697	391.27	-0.12	26	-0.047	94.997	5.003	0	Idle
1/1/2026 3:39	Idle	81.697	391.27	-0.12	26	-0.047	94.997	5.003	0	Idle
1/1/2026 3:39	Idle	81.697	391.27	-0.12	26	-0.047	94.997	5.003	0	Idle
1/1/2026 3:40	Idle	81.697	391.27	-0.12	26	-0.047	94.997	5.003	0	Idle
1/1/2026 3:40	Idle	81.696	391.27	-0.12	26	-0.047	94.997	5.003	0	Idle
1/1/2026 3:40	Idle	81.696	391.27	-0.12	26	-0.047	94.997	5.003	0	Idle
1/1/2026 3:40	Idle	81.696	391.27	-0.12	26	-0.047	94.997	5.003	0	Idle
1/1/2026 3:40	Idle	81.696	391.27	-0.12	26	-0.047	94.997	5.003	0	Idle
1/1/2026 3:40	Idle	81.696	391.27	-0.12	26	-0.047	94.997	5.003	0	Idle
1/1/2026 3:41	Idle	81.695	391.27	-0.12	26	-0.047	94.997	5.003	0	Idle
1/1/2026 3:41	Idle	81.695	391.27	-0.12	26	-0.047	94.997	5.003	0	Idle
1/1/2026 3:41	Idle	81.695	391.27	-0.12	26	-0.047	94.997	5.003	0	Idle
1/1/2026 3:41	Idle	81.695	391.26	-0.12	26	-0.047	94.997	5.003	0	Idle
1/1/2026 3:41	Idle	81.694	391.26	-0.12	26	-0.047	94.997	5.003	0	Idle
1/1/2026 3:41	Idle	81.694	391.26	-0.12	26	-0.047	94.997	5.003	0	Idle
1/1/2026 3:42	Idle	81.694	391.26	-0.12	26	-0.047	94.997	5.003	0	Idle
1/1/2026 3:42	Idle	81.694	391.26	-0.12	26	-0.047	94.997	5.003	0	Idle
1/1/2026 3:42	Idle	81.693	391.26	-0.12	26	-0.047	94.997	5.003	0	Idle
1/1/2026 3:42	Idle	81.693	391.26	-0.12	26	-0.047	94.997	5.003	0	Idle
1/1/2026 3:42	Idle	81.693	391.26	-0.12	26	-0.047	94.997	5.003	0	Idle
1/1/2026 3:42	Idle	81.693	391.26	-0.12	26	-0.047	94.997	5.003	0	Idle
1/1/2026 3:43	Idle	81.693	391.26	-0.12	26	-0.047	94.997	5.003	0	Idle
1/1/2026 3:43	Idle	81.692	391.26	-0.12	26	-0.047	94.997	5.003	0	Idle
1/1/2026 3:43	Idle	81.692	391.26	-0.12	26	-0.047	94.997	5.003	0	Idle
1/1/2026 3:43	Idle	81.692	391.26	-0.12	26	-0.047	94.997	5.003	0	Idle
1/1/2026 3:43	Idle	81.692	391.26	-0.12	26	-0.047	94.997	5.003	0	Idle
1/1/2026 3:43	Idle	81.691	391.26	-0.12	26	-0.047	94.997	5.003	0	Idle
1/1/2026 3:44	Idle	81.691	391.26	-0.12	26	-0.047	94.997	5.003	0	Idle
1/1/2026 3:44	Idle	81.691	391.26	-0.12	26	-0.047	94.997	5.003	0	Idle
1/1/2026 3:44	Idle	81.691	391.26	-0.12	26	-0.047	94.997	5.003	0	Idle
1/1/2026 3:44	Idle	81.69	391.26	-0.12	26	-0.047	94.997	5.003	0	Idle
1/1/2026 3:44	Idle	81.69	391.26	-0.12	26	-0.047	94.997	5.003	0	Idle
1/1/2026 3:44	Idle	81.69	391.26	-0.12	26	-0.047	94.997	5.003	0	Idle
1/1/2026 3:45	Idle	81.69	391.26	-0.12	26	-0.047	94.997	5.003	0	Idle
1/1/2026 3:45	Idle	81.69	391.26	-0.12	26	-0.047	94.997	5.003	0	Idle
1/1/2026 3:45	Idle	81.689	391.26	-0.12	26	-0.047	94.997	5.003	0	Idle
1/1/2026 3:45	Idle	81.689	391.26	-0.12	26	-0.047	94.997	5.003	0	Idle
1/1/2026 3:45	Idle	81.689	391.26	-0.12	26	-0.047	94.997	5.003	0	Idle
1/1/2026 3:45	Idle	81.689	391.26	-0.12	26	-0.047	94.997	5.003	0	Idle
1/1/2026 3:46	Idle	81.688	391.26	-0.12	26	-0.047	94.997	5.003	0	Idle
1/1/2026 3:46	Idle	81.688	391.26	-0.12	26	-0.047	94.997	5.003	0	Idle
1/1/2026 3:46	Idle	81.688	391.26	-0.12	26	-0.047	94.997	5.003	0	Idle
1/1/2026 3:46	Idle	81.688	391.26	-0.12	26	-0.047	94.997	5.003	0	Idle
1/1/2026 3:46	Idle	81.687	391.26	-0.12	26	-0.047	94.997	5.003	0	Idle
1/1/2026 3:46	Idle	81.687	391.26	-0.12	26	-0.047	94.997	5.003	0	Idle
1/1/2026 3:47	Idle	81.687	391.26	-0.12	26	-0.047	94.997	5.003	0	Idle
1/1/2026 3:47	Idle	81.687	391.26	-0.12	26	-0.047	94.997	5.003	0	Idle
1/1/2026 3:47	Idle	81.687	391.26	-0.12	26	-0.047	94.997	5.003	0	Idle
1/1/2026 3:47	Idle	81.686	391.26	-0.12	26	-0.047	94.997	5.003	0	Idle
1/1/2026 3:47	Idle	81.686	391.26	-0.12	26	-0.047	94.997	5.003	0	Idle
1/1/2026 3:47	Idle	81.686	391.26	-0.12	26	-0.047	94.997	5.003	0	Idle
1/1/2026 3:48	Idle	81.686	391.26	-0.12	26	-0.047	94.997	5.003	0	Idle
1/1/2026 3:48	Idle	81.685	391.26	-0.12	26	-0.047	94.997	5.003	0	Idle
1/1/2026 3:48	Idle	81.685	391.26	-0.12	26	-0.047	94.997	5.003	0	Idle
1/1/2026 3:48	Idle	81.685	391.26	-0.12	26	-0.047	94.997	5.003	0	Idle
1/1/2026 3:48	Idle	81.685	391.26	-0.12	26	-0.047	94.997	5.003	0	Idle
1/1/2026 3:48	Idle	81.685	391.26	-0.12	26	-0.047	94.997	5.003	0	Idle
1/1/2026 3:49	Idle	81.684	391.26	-0.12	26	-0.047	94.997	5.003	0	Idle
1/1/2026 3:49	Idle	81.684	391.26	-0.12	26	-0.047	94.997	5.003	0	Idle
1/1/2026 3:49	Idle	81.684	391.26	-0.12	26	-0.047	94.997	5.003	0	Idle
1/1/2026 3:49	Idle	81.684	391.26	-0.12	26	-0.047	94.997	5.003	0	Idle
1/1/2026 3:49	Idle	81.683	391.26	-0.12	26	-0.047	94.997	5.003	0	Idle
1/1/2026 3:49	Idle	81.683	391.26	-0.12	26	-0.047	94.997	5.003	0	Idle
1/1/2026 3:50	Idle	81.683	391.26	-0.12	26	-0.047	94.997	5.003	0	Idle
1/1/2026 3:50	Idle	81.683	391.26	-0.12	26	-0.047	94.997	5.003	0	Idle
1/1/2026 3:50	Idle	81.682	391.26	-0.12	26	-0.047	94.997	5.003	0	Idle
1/1/2026 3:50	Idle	81.682	391.26	-0.12	26	-0.047	94.997	5.003	0	Idle
1/1/2026 3:50	Idle	81.682	391.26	-0.12	26	-0.047	94.997	5.003	0	Idle
1/1/2026 3:50	Idle	81.682	391.26	-0.12	26	-0.047	94.997	5.003	0	Idle
1/1/2026 3:51	Idle	81.682	391.26	-0.12	26	-0.047	94.997	5.003	0	Idle
1/1/2026 3:51	Idle	81.681	391.25	-0.12	26	-0.047	94.997	5.003	0	Idle
1/1/2026 3:51	Idle	81.681	391.25	-0.12	26	-0.047	94.997	5.003	0	Idle
1/1/2026 3:51	Idle	81.681	391.25	-0.12	26	-0.047	94.997	5.003	0	Idle
1/1/2026 3:51	Idle	81.681	391.25	-0.12	26	-0.047	94.997	5.003	0	Idle
1/1/2026 3:51	Idle	81.68	391.25	-0.12	26	-0.047	94.997	5.003	0	Idle
1/1/2026 3:52	Idle	81.68	391.25	-0.12	26	-0.047	94.997	5.003	0	Idle
1/1/2026 3:52	Idle	81.68	391.25	-0.12	26	-0.047	94.997	5.003	0	Idle
1/1/2026 3:52	Idle	81.68	391.25	-0.12	26	-0.047	94.997	5.003	0	Idle
1/1/2026 3:52	Idle	81.679	391.25	-0.12	26	-0.047	94.997	5.003	0	Idle
1/1/2026 3:52	Idle	81.679	391.25	-0.12	26	-0.047	94.997	5.003	0	Idle
1/1/2026 3:52	Idle	81.679	391.25	-0.12	26	-0.047	94.997	5.003	0	Idle
1/1/2026 3:53	Idle	81.679	391.25	-0.12	26	-0.047	94.997	5.003	0	Idle
1/1/2026 3:53	Idle	81.679	391.25	-0.12	26	-0.047	94.997	5.003	0	Idle
1/1/2026 3:53	Idle	81.678	391.25	-0.12	26	-0.047	94.997	5.003	0	Idle
1/1/2026 3:53	Idle	81.678	391.25	-0.12	26	-0.047	94.997	5.003	0	Idle
1/1/2026 3:53	Idle	81.678	391.25	-0.12	26	-0.047	94.997	5.003	0	Idle
1/1/2026 3:53	Idle	81.678	391.25	-0.12	26	-0.047	94.997	5.003	0	Idle
1/1/2026 3:54	Idle	81.677	391.25	-0.12	26	-0.047	94.997	5.003	0	Idle
1/1/2026 3:54	Idle	81.677	391.25	-0.12	26	-0.047	94.997	5.003	0	Idle
1/1/2026 3:54	Idle	81.677	391.25	-0.12	26	-0.047	94.997	5.003	0	Idle
1/1/2026 3:54	Idle	81.677	391.25	-0.12	26	-0.047	94.997	5.003	0	Idle
1/1/2026 3:54	Idle	81.676	391.25	-0.12	26	-0.047	94.997	5.003	0	Idle
1/1/2026 3:54	Idle	81.676	391.25	-0.12	26	-0.047	94.997	5.003	0	Idle
1/1/2026 3:55	Idle	81.676	391.25	-0.12	26	-0.047	94.997	5.003	0	Idle
1/1/2026 3:55	Idle	81.676	391.25	-0.12	26	-0.047	94.997	5.003	0	Idle
1/1/2026 3:55	Idle	81.676	391.25	-0.12	26	-0.047	94.997	5.003	0	Idle
1/1/2026 3:55	Idle	81.675	391.25	-0.12	26	-0.047	94.997	5.003	0	Idle
1/1/2026 3:55	Idle	81.675	391.25	-0.12	26	-0.047	94.997	5.003	0	Idle
1/1/2026 3:55	Idle	81.675	391.25	-0.12	26	-0.047	94.997	5.003	0	Idle
1/1/2026 3:56	Idle	81.675	391.25	-0.12	26	-0.047	94.997	5.003	0	Idle
1/1/2026 3:56	Idle	81.674	391.25	-0.12	26	-0.047	94.997	5.003	0	Idle
1/1/2026 3:56	Idle	81.674	391.25	-0.12	26	-0.047	94.997	5.003	0	Idle
1/1/2026 3:56	Idle	81.674	391.25	-0.12	26	-0.047	94.997	5.003	0	Idle
1/1/2026 3:56	Idle	81.674	391.25	-0.12	26	-0.047	94.997	5.003	0	Idle
1/1/2026 3:56	Idle	81.673	391.25	-0.12	26	-0.047	94.997	5.003	0	Idle
1/1/2026 3:57	Idle	81.673	391.25	-0.12	26	-0.047	94.997	5.003	0	Idle
1/1/2026 3:57	Idle	81.673	391.25	-0.12	26	-0.047	94.997	5.003	0	Idle
1/1/2026 3:57	Idle	81.673	391.25	-0.12	26	-0.047	94.997	5.003	0	Idle
1/1/2026 3:57	Idle	81.673	391.25	-0.12	26	-0.047	94.997	5.003	0	Idle
1/1/2026 3:57	Idle	81.672	391.25	-0.12	26	-0.047	94.997	5.003	0	Idle
1/1/2026 3:57	Idle	81.672	391.25	-0.12	26	-0.047	94.997	5.003	0	Idle
1/1/2026 3:58	Idle	81.672	391.25	-0.12	26	-0.047	94.997	5.003	0	Idle
1/1/2026 3:58	Idle	81.672	391.25	-0.12	26	-0.047	94.997	5.003	0	Idle
1/1/2026 3:58	Idle	81.671	391.25	-0.12	26	-0.047	94.997	5.003	0	Idle
1/1/2026 3:58	Idle	81.671	391.25	-0.12	26	-0.047	94.997	5.003	0	Idle
1/1/2026 3:58	Idle	81.671	391.25	-0.12	26	-0.047	94.997	5.003	0	Idle
1/1/2026 3:58	Idle	81.671	391.25	-0.12	26	-0.047	94.997	5.003	0	Idle
1/1/2026 3:59	Idle	81.67	391.25	-0.12	26	-0.047	94.997	5.003	0	Idle
1/1/2026 3:59	Idle	81.67	391.25	-0.12	26	-0.047	94.997	5.003	0	Idle
1/1/2026 3:59	Idle	81.67	391.25	-0.12	26	-0.047	94.997	5.003	0	Idle
1/1/2026 3:59	Idle	81.67	391.25	-0.12	26	-0.047	94.997	5.003	0	Idle
1/1/2026 3:59	Idle	81.67	391.25	-0.12	26	-0.047	94.997	5.003	0	Idle
1/1/2026 3:59	Idle	81.669	391.25	-0.12	26	-0.047	94.997	5.003	0	Idle
1/1/2026 4:00	Idle	81.669	391.25	-0.12	26	-0.047	94.997	5.003	0	Idle
1/1/2026 4:00	Idle	81.669	391.25	-0.12	26	-0.047	94.997	5.003	0	Idle
1/1/2026 4:00	Idle	81.669	391.25	-0.12	26	-0.047	94.997	5.003	0	Idle
1/1/2026 4:00	Idle	81.668	391.25	-0.12	26	-0.047	94.997	5.003	0	Idle
1/1/2026 4:00	Idle	81.668	391.25	-0.12	26	-0.047	94.997	5.003	0	Idle
1/1/2026 4:00	Idle	81.668	391.24	-0.12	26	-0.047	94.997	5.003	0	Idle
1/1/2026 4:01	Idle	81.668	391.24	-0.12	26	-0.047	94.997	5.003	0	Idle
1/1/2026 4:01	Idle	81.667	391.24	-0.12	26	-0.047	94.997	5.003	0	Idle
1/1/2026 4:01	Idle	81.667	391.24	-0.12	26	-0.047	94.997	5.003	0	Idle
1/1/2026 4:01	Idle	81.667	391.24	-0.12	26	-0.047	94.997	5.003	0	Idle
1/1/2026 4:01	Idle	81.667	391.24	-0.12	26	-0.047	94.997	5.003	0	Idle
1/1/2026 4:01	Idle	81.667	391.24	-0.12	26	-0.047	94.997	5.003	0	Idle
1/1/2026 4:02	Idle	81.666	391.24	-0.12	26	-0.047	94.997	5.003	0	Idle
1/1/2026 4:02	Idle	81.666	391.24	-0.12	26	-0.047	94.997	5.003	0	Idle
1/1/2026 4:02	Idle	81.666	391.24	-0.12	26	-0.047	94.997	5.003	0	Idle
1/1/2026 4:02	Idle	81.666	391.24	-0.12	26	-0.047	94.997	5.003	0	Idle
1/1/2026 4:02	Idle	81.665	391.24	-0.12	26	-0.047	94.997	5.003	0	Idle
1/1/2026 4:02	Idle	81.665	391.24	-0.12	26	-0.047	94.997	5.003	0	Idle
1/1/2026 4:03	Idle	81.665	391.24	-0.12	26	-0.047	94.997	5.003	0	Idle
1/1/2026 4:03	Idle	81.665	391.24	-0.12	26	-0.047	94.997	5.003	0	Idle
1/1/2026 4:03	Idle	81.665	391.24	-0.12	26	-0.047	94.997	5.003	0	Idle
1/1/2026 4:03	Idle	81.664	391.24	-0.12	26	-0.047	94.997	5.003	0	Idle
1/1/2026 4:03	Idle	81.664	391.24	-0.12	26	-0.047	94.997	5.003	0	Idle
1/1/2026 4:03	Idle	81.664	391.24	-0.12	26	-0.047	94.997	5.003	0	Idle
1/1/2026 4:04	Idle	81.664	391.24	-0.12	26	-0.047	94.997	5.003	0	Idle
1/1/2026 4:04	Idle	81.663	391.24	-0.12	26	-0.047	94.997	5.003	0	Idle
1/1/2026 4:04	Idle	81.663	391.24	-0.12	26	-0.047	94.997	5.003	0	Idle
1/1/2026 4:04	Idle	81.663	391.24	-0.12	26	-0.047	94.997	5.003	0	Idle
1/1/2026 4:04	Idle	81.663	391.24	-0.12	26	-0.047	94.997	5.003	0	Idle
1/1/2026 4:04	Idle	81.662	391.24	-0.12	26	-0.047	94.997	5.003	0	Idle
1/1/2026 4:05	Idle	81.662	391.24	-0.12	26	-0.047	94.997	5.003	0	Idle
1/1/2026 4:05	Idle	81.662	391.24	-0.12	26	-0.047	94.997	5.003	0	Idle
1/1/2026 4:05	Idle	81.662	391.24	-0.12	26	-0.047	94.997	5.003	0	Idle
1/1/2026 4:05	Idle	81.662	391.24	-0.12	26	-0.047	94.997	5.003	0	Idle
1/1/2026 4:05	Idle	81.661	391.24	-0.12	26	-0.047	94.997	5.003	0	Idle
1/1/2026 4:05	Idle	81.661	391.24	-0.12	26	-0.047	94.997	5.003	0	Idle
1/1/2026 4:06	Idle	81.661	391.24	-0.12	26	-0.047	94.997	5.003	0	Idle
1/1/2026 4:06	Idle	81.661	391.24	-0.12	26	-0.047	94.997	5.003	0	Idle
1/1/2026 4:06	Idle	81.66	391.24	-0.12	26	-0.047	94.997	5.003	0	Idle
1/1/2026 4:06	Idle	81.66	391.24	-0.12	26	-0.047	94.997	5.003	0	Idle
1/1/2026 4:06	Idle	81.66	391.24	-0.12	26	-0.047	94.997	5.003	0	Idle
1/1/2026 4:06	Idle	81.66	391.24	-0.12	26	-0.047	94.997	5.003	0	Idle
1/1/2026 4:07	Idle	81.659	391.24	-0.12	26	-0.047	94.997	5.003	0	Idle
1/1/2026 4:07	Idle	81.659	391.24	-0.12	26	-0.047	94.997	5.003	0	Idle
1/1/2026 4:07	Idle	81.659	391.24	-0.12	26	-0.047	94.997	5.003	0	Idle
1/1/2026 4:07	Idle	81.659	391.24	-0.12	26	-0.047	94.997	5.003	0	Idle
1/1/2026 4:07	Idle	81.659	391.24	-0.12	26	-0.047	94.997	5.003	0	Idle
1/1/2026 4:07	Idle	81.658	391.24	-0.12	26	-0.047	94.997	5.003	0	Idle
1/1/2026 4:08	Idle	81.658	391.24	-0.12	26	-0.047	94.997	5.003	0	Idle
1/1/2026 4:08	Idle	81.658	391.24	-0.12	26	-0.047	94.997	5.003	0	Idle
1/1/2026 4:08	Idle	81.658	391.24	-0.12	26	-0.047	94.997	5.003	0	Idle
1/1/2026 4:08	Idle	81.657	391.24	-0.12	26	-0.047	94.997	5.003	0	Idle
1/1/2026 4:08	Idle	81.657	391.24	-0.12	26	-0.047	94.997	5.003	0	Idle
1/1/2026 4:08	Idle	81.657	391.24	-0.12	26	-0.047	94.997	5.003	0	Idle
1/1/2026 4:09	Idle	81.657	391.24	-0.12	26	-0.047	94.997	5.003	0	Idle
1/1/2026 4:09	Idle	81.656	391.24	-0.12	26	-0.047	94.997	5.003	0	Idle
1/1/2026 4:09	Idle	81.656	391.24	-0.12	26	-0.047	94.997	5.003	0	Idle
1/1/2026 4:09	Idle	81.656	391.24	-0.12	26	-0.047	94.997	5.003	0	Idle
1/1/2026 4:09	Idle	81.656	391.24	-0.12	26	-0.047	94.997	5.003	0	Idle
1/1/2026 4:09	Idle	81.656	391.24	-0.12	26	-0.047	94.997	5.003	0	Idle
1/1/2026 4:10	Idle	81.655	391.24	-0.12	26	-0.047	94.997	5.003	0	Idle
1/1/2026 4:10	Idle	81.655	391.24	-0.12	26	-0.047	94.997	5.003	0	Idle
1/1/2026 4:10	Idle	81.655	391.24	-0.12	26	-0.047	94.997	5.003	0	Idle
1/1/2026 4:10	Idle	81.655	391.23	-0.12	26	-0.047	94.997	5.003	0	Idle
1/1/2026 4:10	Idle	81.654	391.23	-0.12	26	-0.047	94.997	5.003	0	Idle
1/1/2026 4:10	Idle	81.654	391.23	-0.12	26	-0.047	94.997	5.003	0	Idle
1/1/2026 4:11	Idle	81.654	391.23	-0.12	26	-0.047	94.997	5.003	0	Idle
1/1/2026 4:11	Idle	81.654	391.23	-0.12	26	-0.047	94.997	5.003	0	Idle
1/1/2026 4:11	Idle	81.653	391.23	-0.12	26	-0.047	94.997	5.003	0	Idle
1/1/2026 4:11	Idle	81.653	391.23	-0.12	26	-0.047	94.997	5.003	0	Idle
1/1/2026 4:11	Idle	81.653	391.23	-0.12	26	-0.047	94.997	5.003	0	Idle
1/1/2026 4:11	Idle	81.653	391.23	-0.12	26	-0.047	94.997	5.003	0	Idle
1/1/2026 4:12	Idle	81.653	391.23	-0.12	26	-0.047	94.996	5.004	0	Idle
1/1/2026 4:12	Idle	81.652	391.23	-0.12	26	-0.047	94.996	5.004	0	Idle
1/1/2026 4:12	Idle	81.652	391.23	-0.12	26	-0.047	94.996	5.004	0	Idle
1/1/2026 4:12	Idle	81.652	391.23	-0.12	26	-0.047	94.996	5.004	0	Idle
1/1/2026 4:12	Idle	81.652	391.23	-0.12	26	-0.047	94.996	5.004	0	Idle
1/1/2026 4:12	Idle	81.651	391.23	-0.12	26	-0.047	94.996	5.004	0	Idle
1/1/2026 4:13	Idle	81.651	391.23	-0.12	26	-0.047	94.996	5.004	0	Idle
1/1/2026 4:13	Idle	81.651	391.23	-0.12	26	-0.047	94.996	5.004	0	Idle
1/1/2026 4:13	Idle	81.651	391.23	-0.12	26	-0.047	94.996	5.004	0	Idle
1/1/2026 4:13	Idle	81.65	391.23	-0.12	26	-0.047	94.996	5.004	0	Idle
1/1/2026 4:13	Idle	81.65	391.23	-0.12	26	-0.047	94.996	5.004	0	Idle
1/1/2026 4:13	Idle	81.65	391.23	-0.12	26	-0.047	94.996	5.004	0	Idle
1/1/2026 4:14	Idle	81.65	391.23	-0.12	26	-0.047	94.996	5.004	0	Idle
1/1/2026 4:14	Idle	81.65	391.23	-0.12	26	-0.047	94.996	5.004	0	Idle
1/1/2026 4:14	Idle	81.649	391.23	-0.12	26	-0.047	94.996	5.004	0	Idle
1/1/2026 4:14	Idle	81.649	391.23	-0.12	26	-0.047	94.996	5.004	0	Idle
1/1/2026 4:14	Idle	81.649	391.23	-0.12	26	-0.047	94.996	5.004	0	Idle
1/1/2026 4:14	Idle	81.649	391.23	-0.12	26	-0.047	94.996	5.004	0	Idle
1/1/2026 4:15	Idle	81.648	391.23	-0.12	26	-0.047	94.996	5.004	0	Idle
1/1/2026 4:15	Idle	81.648	391.23	-0.12	26	-0.047	94.996	5.004	0	Idle
1/1/2026 4:15	Idle	81.648	391.23	-0.12	26	-0.047	94.996	5.004	0	Idle
1/1/2026 4:15	Idle	81.648	391.23	-0.12	26	-0.047	94.996	5.004	0	Idle
1/1/2026 4:15	Idle	81.648	391.23	-0.12	26	-0.047	94.996	5.004	0	Idle
1/1/2026 4:15	Idle	81.647	391.23	-0.12	26	-0.047	94.996	5.004	0	Idle
1/1/2026 4:16	Idle	81.647	391.23	-0.12	26	-0.047	94.996	5.004	0	Idle
1/1/2026 4:16	Idle	81.647	391.23	-0.12	26	-0.047	94.996	5.004	0	Idle
1/1/2026 4:16	Idle	81.647	391.23	-0.12	26	-0.047	94.996	5.004	0	Idle
1/1/2026 4:16	Idle	81.646	391.23	-0.12	26	-0.047	94.996	5.004	0	Idle
1/1/2026 4:16	Idle	81.646	391.23	-0.12	26	-0.047	94.996	5.004	0	Idle
1/1/2026 4:16	Idle	81.646	391.23	-0.12	26	-0.047	94.996	5.004	0	Idle
1/1/2026 4:17	Idle	81.646	391.23	-0.12	26	-0.047	94.996	5.004	0	Idle
1/1/2026 4:17	Idle	81.645	391.23	-0.12	26	-0.047	94.996	5.004	0	Idle
1/1/2026 4:17	Idle	81.645	391.23	-0.12	26	-0.047	94.996	5.004	0	Idle
1/1/2026 4:17	Idle	81.645	391.23	-0.12	26	-0.047	94.996	5.004	0	Idle
1/1/2026 4:17	Idle	81.645	391.23	-0.12	26	-0.047	94.996	5.004	0	Idle
1/1/2026 4:17	Idle	81.645	391.23	-0.12	26	-0.047	94.996	5.004	0	Idle
1/1/2026 4:18	Idle	81.644	391.23	-0.12	26	-0.047	94.996	5.004	0	Idle
1/1/2026 4:18	Idle	81.644	391.23	-0.12	26	-0.047	94.996	5.004	0	Idle
1/1/2026 4:18	Idle	81.644	391.23	-0.12	26	-0.047	94.996	5.004	0	Idle
1/1/2026 4:18	Idle	81.644	391.23	-0.12	26	-0.047	94.996	5.004	0	Idle
1/1/2026 4:18	Idle	81.643	391.23	-0.12	26	-0.047	94.996	5.004	0	Idle
1/1/2026 4:18	Idle	81.643	391.23	-0.12	26	-0.047	94.996	5.004	0	Idle
1/1/2026 4:19	Idle	81.643	391.23	-0.12	26	-0.047	94.996	5.004	0	Idle
1/1/2026 4:19	Idle	81.643	391.23	-0.12	26	-0.047	94.996	5.004	0	Idle
1/1/2026 4:19	Idle	81.642	391.23	-0.12	26	-0.047	94.996	5.004	0	Idle
1/1/2026 4:19	Idle	81.642	391.23	-0.12	26	-0.047	94.996	5.004	0	Idle
1/1/2026 4:19	Idle	81.642	391.23	-0.12	26	-0.047	94.996	5.004	0	Idle
1/1/2026 4:19	Idle	81.642	391.23	-0.12	26	-0.047	94.996	5.004	0	Idle
1/1/2026 4:20	Idle	81.642	391.23	-0.12	26	-0.047	94.996	5.004	0	Idle
1/1/2026 4:20	Idle	81.641	391.22	-0.12	26	-0.047	94.996	5.004	0	Idle
1/1/2026 4:20	Idle	81.641	391.22	-0.12	26	-0.047	94.996	5.004	0	Idle
1/1/2026 4:20	Idle	81.641	391.22	-0.12	26	-0.047	94.996	5.004	0	Idle
1/1/2026 4:20	Idle	81.641	391.22	-0.12	26	-0.047	94.996	5.004	0	Idle
1/1/2026 4:20	Idle	81.64	391.22	-0.12	26	-0.047	94.996	5.004	0	Idle
1/1/2026 4:21	Idle	81.64	391.22	-0.12	26	-0.047	94.996	5.004	0	Idle
1/1/2026 4:21	Idle	81.64	391.22	-0.12	26	-0.047	94.996	5.004	0	Idle
1/1/2026 4:21	Idle	81.64	391.22	-0.12	26	-0.047	94.996	5.004	0	Idle
1/1/2026 4:21	Idle	81.639	391.22	-0.12	26	-0.047	94.996	5.004	0	Idle
1/1/2026 4:21	Idle	81.639	391.22	-0.12	26	-0.047	94.996	5.004	0	Idle
1/1/2026 4:21	Idle	81.639	391.22	-0.12	26	-0.047	94.996	5.004	0	Idle
1/1/2026 4:22	Idle	81.639	391.22	-0.12	26	-0.047	94.996	5.004	0	Idle
1/1/2026 4:22	Idle	81.639	391.22	-0.12	26	-0.047	94.996	5.004	0	Idle
1/1/2026 4:22	Idle	81.638	391.22	-0.12	26	-0.047	94.996	5.004	0	Idle
1/1/2026 4:22	Idle	81.638	391.22	-0.12	26	-0.047	94.996	5.004	0	Idle
1/1/2026 4:22	Idle	81.638	391.22	-0.12	26	-0.047	94.996	5.004	0	Idle
1/1/2026 4:22	Idle	81.638	391.22	-0.12	26	-0.047	94.996	5.004	0	Idle
1/1/2026 4:23	Idle	81.637	391.22	-0.12	26	-0.047	94.996	5.004	0	Idle
1/1/2026 4:23	Idle	81.637	391.22	-0.12	26	-0.047	94.996	5.004	0	Idle
1/1/2026 4:23	Idle	81.637	391.22	-0.12	26	-0.047	94.996	5.004	0	Idle
1/1/2026 4:23	Idle	81.637	391.22	-0.12	26	-0.047	94.996	5.004	0	Idle
1/1/2026 4:23	Idle	81.636	391.22	-0.12	26	-0.047	94.996	5.004	0	Idle
1/1/2026 4:23	Idle	81.636	391.22	-0.12	26	-0.047	94.996	5.004	0	Idle
1/1/2026 4:24	Idle	81.636	391.22	-0.12	26	-0.047	94.996	5.004	0	Idle
1/1/2026 4:24	Idle	81.636	391.22	-0.12	26	-0.047	94.996	5.004	0	Idle
1/1/2026 4:24	Idle	81.636	391.22	-0.12	26	-0.047	94.996	5.004	0	Idle
1/1/2026 4:24	Idle	81.635	391.22	-0.12	26	-0.047	94.996	5.004	0	Idle
1/1/2026 4:24	Idle	81.635	391.22	-0.12	26	-0.047	94.996	5.004	0	Idle
1/1/2026 4:24	Idle	81.635	391.22	-0.12	26	-0.047	94.996	5.004	0	Idle
1/1/2026 4:25	Idle	81.635	391.22	-0.12	26	-0.047	94.996	5.004	0	Idle
1/1/2026 4:25	Idle	81.634	391.22	-0.12	26	-0.047	94.996	5.004	0	Idle
1/1/2026 4:25	Idle	81.634	391.22	-0.12	26	-0.047	94.996	5.004	0	Idle
1/1/2026 4:25	Idle	81.634	391.22	-0.12	26	-0.047	94.996	5.004	0	Idle
1/1/2026 4:25	Idle	81.634	391.22	-0.12	26	-0.047	94.996	5.004	0	Idle
1/1/2026 4:25	Idle	81.633	391.22	-0.12	26	-0.047	94.996	5.004	0	Idle
1/1/2026 4:26	Idle	81.633	391.22	-0.12	26	-0.047	94.996	5.004	0	Idle
1/1/2026 4:26	Idle	81.633	391.22	-0.12	26	-0.047	94.996	5.004	0	Idle
1/1/2026 4:26	Idle	81.633	391.22	-0.12	26	-0.047	94.996	5.004	0	Idle
1/1/2026 4:26	Idle	81.633	391.22	-0.12	26	-0.047	94.996	5.004	0	Idle
1/1/2026 4:26	Idle	81.632	391.22	-0.12	26	-0.047	94.996	5.004	0	Idle
1/1/2026 4:26	Idle	81.632	391.22	-0.12	26	-0.047	94.996	5.004	0	Idle
1/1/2026 4:27	Idle	81.632	391.22	-0.12	26	-0.047	94.996	5.004	0	Idle
1/1/2026 4:27	Idle	81.632	391.22	-0.12	26	-0.047	94.996	5.004	0	Idle
1/1/2026 4:27	Idle	81.631	391.22	-0.12	26	-0.047	94.996	5.004	0	Idle
1/1/2026 4:27	Idle	81.631	391.22	-0.12	26	-0.047	94.996	5.004	0	Idle
1/1/2026 4:27	Idle	81.631	391.22	-0.12	26	-0.047	94.996	5.004	0	Idle
1/1/2026 4:27	Idle	81.631	391.22	-0.12	26	-0.047	94.996	5.004	0	Idle
1/1/2026 4:28	Idle	81.631	391.22	-0.12	26	-0.047	94.996	5.004	0	Idle
1/1/2026 4:28	Idle	81.63	391.22	-0.12	26	-0.047	94.996	5.004	0	Idle
1/1/2026 4:28	Idle	81.63	391.22	-0.12	26	-0.047	94.996	5.004	0	Idle
1/1/2026 4:28	Idle	81.63	391.22	-0.12	26	-0.047	94.996	5.004	0	Idle
1/1/2026 4:28	Idle	81.63	391.22	-0.12	26	-0.047	94.996	5.004	0	Idle
1/1/2026 4:28	Idle	81.629	391.22	-0.12	26	-0.047	94.996	5.004	0	Idle
1/1/2026 4:29	Idle	81.629	391.22	-0.12	26	-0.047	94.996	5.004	0	Idle
1/1/2026 4:29	Idle	81.629	391.22	-0.12	26	-0.047	94.996	5.004	0	Idle
1/1/2026 4:29	Idle	81.629	391.22	-0.12	26	-0.047	94.996	5.004	0	Idle
1/1/2026 4:29	Idle	81.628	391.22	-0.12	26	-0.047	94.996	5.004	0	Idle
1/1/2026 4:29	Idle	81.628	391.22	-0.12	26	-0.047	94.996	5.004	0	Idle
1/1/2026 4:29	Idle	81.628	391.21	-0.12	26	-0.047	94.996	5.004	0	Idle
1/1/2026 4:30	Idle	81.628	391.21	-0.12	26	-0.047	94.996	5.004	0	Idle
1/1/2026 4:30	Idle	81.628	391.21	-0.12	26	-0.047	94.996	5.004	0	Idle
1/1/2026 4:30	Idle	81.627	391.21	-0.12	26	-0.047	94.996	5.004	0	Idle
1/1/2026 4:30	Idle	81.627	391.21	-0.12	26	-0.047	94.996	5.004	0	Idle
1/1/2026 4:30	Idle	81.627	391.21	-0.12	26	-0.047	94.996	5.004	0	Idle
1/1/2026 4:30	Idle	81.627	391.21	-0.12	26	-0.047	94.996	5.004	0	Idle
1/1/2026 4:31	Idle	81.626	391.21	-0.12	26	-0.047	94.996	5.004	0	Idle
1/1/2026 4:31	Idle	81.626	391.21	-0.12	26	-0.047	94.996	5.004	0	Idle
1/1/2026 4:31	Idle	81.626	391.21	-0.12	26	-0.047	94.996	5.004	0	Idle
1/1/2026 4:31	Idle	81.626	391.21	-0.12	26	-0.047	94.996	5.004	0	Idle
1/1/2026 4:31	Idle	81.625	391.21	-0.12	26	-0.047	94.996	5.004	0	Idle
1/1/2026 4:31	Idle	81.625	391.21	-0.12	26	-0.047	94.996	5.004	0	Idle
1/1/2026 4:32	Idle	81.625	391.21	-0.12	26	-0.047	94.996	5.004	0	Idle
1/1/2026 4:32	Idle	81.625	391.21	-0.12	26	-0.047	94.996	5.004	0	Idle
1/1/2026 4:32	Idle	81.625	391.21	-0.12	26	-0.047	94.996	5.004	0	Idle
1/1/2026 4:32	Idle	81.624	391.21	-0.12	26	-0.047	94.996	5.004	0	Idle
1/1/2026 4:32	Idle	81.624	391.21	-0.12	26	-0.047	94.996	5.004	0	Idle
1/1/2026 4:32	Idle	81.624	391.21	-0.12	26	-0.047	94.996	5.004	0	Idle
1/1/2026 4:33	Idle	81.624	391.21	-0.12	26	-0.047	94.996	5.004	0	Idle
1/1/2026 4:33	Idle	81.623	391.21	-0.12	26	-0.047	94.996	5.004	0	Idle
1/1/2026 4:33	Idle	81.623	391.21	-0.12	26	-0.047	94.996	5.004	0	Idle
1/1/2026 4:33	Idle	81.623	391.21	-0.12	26	-0.047	94.996	5.004	0	Idle
1/1/2026 4:33	Idle	81.623	391.21	-0.12	26	-0.047	94.996	5.004	0	Idle
1/1/2026 4:33	Idle	81.622	391.21	-0.12	26	-0.047	94.996	5.004	0	Idle
1/1/2026 4:34	Idle	81.622	391.21	-0.12	26	-0.047	94.996	5.004	0	Idle
1/1/2026 4:34	Idle	81.622	391.21	-0.12	26	-0.047	94.996	5.004	0	Idle
1/1/2026 4:34	Idle	81.622	391.21	-0.12	26	-0.047	94.996	5.004	0	Idle
1/1/2026 4:34	Idle	81.622	391.21	-0.12	26	-0.047	94.996	5.004	0	Idle
1/1/2026 4:34	Idle	81.621	391.21	-0.12	26	-0.047	94.996	5.004	0	Idle
1/1/2026 4:34	Idle	81.621	391.21	-0.12	26	-0.047	94.996	5.004	0	Idle
1/1/2026 4:35	Idle	81.621	391.21	-0.12	26	-0.047	94.996	5.004	0	Idle
1/1/2026 4:35	Idle	81.621	391.21	-0.12	26	-0.047	94.996	5.004	0	Idle
1/1/2026 4:35	Idle	81.62	391.21	-0.12	26	-0.047	94.996	5.004	0	Idle
1/1/2026 4:35	Idle	81.62	391.21	-0.12	26	-0.047	94.996	5.004	0	Idle
1/1/2026 4:35	Idle	81.62	391.21	-0.12	26	-0.047	94.996	5.004	0	Idle
1/1/2026 4:35	Idle	81.62	391.21	-0.12	26	-0.047	94.996	5.004	0	Idle
1/1/2026 4:36	Idle	81.619	391.21	-0.12	26	-0.047	94.996	5.004	0	Idle
1/1/2026 4:36	Idle	81.619	391.21	-0.12	26	-0.047	94.996	5.004	0	Idle
1/1/2026 4:36	Idle	81.619	391.21	-0.12	26	-0.047	94.996	5.004	0	Idle
1/1/2026 4:36	Idle	81.619	391.21	-0.12	26	-0.047	94.996	5.004	0	Idle
1/1/2026 4:36	Idle	81.619	391.21	-0.12	26	-0.047	94.996	5.004	0	Idle
1/1/2026 4:36	Idle	81.618	391.21	-0.12	26	-0.047	94.996	5.004	0	Idle
1/1/2026 4:37	Idle	81.618	391.21	-0.12	26	-0.047	94.996	5.004	0	Idle
1/1/2026 4:37	Idle	81.618	391.21	-0.12	26	-0.047	94.996	5.004	0	Idle
1/1/2026 4:37	Idle	81.618	391.21	-0.12	26	-0.047	94.996	5.004	0	Idle
1/1/2026 4:37	Idle	81.617	391.21	-0.12	26	-0.047	94.996	5.004	0	Idle
1/1/2026 4:37	Idle	81.617	391.21	-0.12	26	-0.047	94.996	5.004	0	Idle
1/1/2026 4:37	Idle	81.617	391.21	-0.12	26	-0.047	94.996	5.004	0	Idle
1/1/2026 4:38	Idle	81.617	391.21	-0.12	26	-0.047	94.996	5.004	0	Idle
1/1/2026 4:38	Idle	81.616	391.21	-0.12	26	-0.047	94.996	5.004	0	Idle
1/1/2026 4:38	Idle	81.616	391.21	-0.12	26	-0.047	94.996	5.004	0	Idle
1/1/2026 4:38	Idle	81.616	391.21	-0.12	26	-0.047	94.996	5.004	0	Idle
1/1/2026 4:38	Idle	81.616	391.21	-0.12	26	-0.047	94.996	5.004	0	Idle
1/1/2026 4:38	Idle	81.616	391.21	-0.12	26	-0.047	94.996	5.004	0	Idle
1/1/2026 4:39	Idle	81.615	391.21	-0.12	26	-0.047	94.996	5.004	0	Idle
1/1/2026 4:39	Idle	81.615	391.21	-0.12	26	-0.047	94.996	5.004	0	Idle
1/1/2026 4:39	Idle	81.615	391.21	-0.12	26	-0.047	94.996	5.004	0	Idle
1/1/2026 4:39	Idle	81.615	391.2	-0.12	26	-0.047	94.996	5.004	0	Idle
1/1/2026 4:39	Idle	81.614	391.2	-0.12	26	-0.047	94.996	5.004	0	Idle
1/1/2026 4:39	Idle	81.614	391.2	-0.12	26	-0.047	94.996	5.004	0	Idle
1/1/2026 4:40	Idle	81.614	391.2	-0.12	26	-0.047	94.996	5.004	0	Idle
1/1/2026 4:40	Idle	81.614	391.2	-0.12	26	-0.047	94.996	5.004	0	Idle
1/1/2026 4:40	Idle	81.613	391.2	-0.12	26	-0.047	94.996	5.004	0	Idle
1/1/2026 4:40	Idle	81.613	391.2	-0.12	26	-0.047	94.996	5.004	0	Idle
1/1/2026 4:40	Idle	81.613	391.2	-0.12	26	-0.047	94.996	5.004	0	Idle
1/1/2026 4:40	Idle	81.613	391.2	-0.12	26	-0.047	94.996	5.004	0	Idle
1/1/2026 4:41	Idle	81.613	391.2	-0.12	26	-0.047	94.996	5.004	0	Idle
1/1/2026 4:41	Idle	81.612	391.2	-0.12	26	-0.047	94.996	5.004	0	Idle
1/1/2026 4:41	Idle	81.612	391.2	-0.12	26	-0.047	94.996	5.004	0	Idle
1/1/2026 4:41	Idle	81.612	391.2	-0.12	26	-0.047	94.996	5.004	0	Idle
1/1/2026 4:41	Idle	81.612	391.2	-0.12	26	-0.047	94.996	5.004	0	Idle
1/1/2026 4:41	Idle	81.611	391.2	-0.12	26	-0.047	94.996	5.004	0	Idle
1/1/2026 4:42	Idle	81.611	391.2	-0.12	26	-0.047	94.996	5.004	0	Idle
1/1/2026 4:42	Idle	81.611	391.2	-0.12	26	-0.047	94.996	5.004	0	Idle
1/1/2026 4:42	Idle	81.611	391.2	-0.12	26	-0.047	94.996	5.004	0	Idle
1/1/2026 4:42	Idle	81.611	391.2	-0.12	26	-0.047	94.996	5.004	0	Idle
1/1/2026 4:42	Idle	81.61	391.2	-0.12	26	-0.047	94.996	5.004	0	Idle
1/1/2026 4:42	Idle	81.61	391.2	-0.12	26	-0.047	94.996	5.004	0	Idle
1/1/2026 4:43	Idle	81.61	391.2	-0.12	26	-0.047	94.996	5.004	0	Idle
1/1/2026 4:43	Idle	81.61	391.2	-0.12	26	-0.047	94.996	5.004	0	Idle
1/1/2026 4:43	Idle	81.609	391.2	-0.12	26	-0.047	94.996	5.004	0	Idle
1/1/2026 4:43	Idle	81.609	391.2	-0.12	26	-0.047	94.996	5.004	0	Idle
1/1/2026 4:43	Idle	81.609	391.2	-0.12	26	-0.047	94.996	5.004	0	Idle
1/1/2026 4:43	Idle	81.609	391.2	-0.12	26	-0.047	94.996	5.004	0	Idle
1/1/2026 4:44	Idle	81.608	391.2	-0.12	26	-0.047	94.996	5.004	0	Idle
1/1/2026 4:44	Idle	81.608	391.2	-0.12	26	-0.047	94.996	5.004	0	Idle
1/1/2026 4:44	Idle	81.608	391.2	-0.12	26	-0.047	94.996	5.004	0	Idle
1/1/2026 4:44	Idle	81.608	391.2	-0.12	26	-0.047	94.996	5.004	0	Idle
1/1/2026 4:44	Idle	81.608	391.2	-0.12	26	-0.047	94.996	5.004	0	Idle
1/1/2026 4:44	Idle	81.607	391.2	-0.12	26	-0.047	94.996	5.004	0	Idle
1/1/2026 4:45	Idle	81.607	391.2	-0.12	26	-0.047	94.996	5.004	0	Idle
1/1/2026 4:45	Idle	81.607	391.2	-0.12	26	-0.047	94.996	5.004	0	Idle
1/1/2026 4:45	Idle	81.607	391.2	-0.12	26	-0.047	94.996	5.004	0	Idle
1/1/2026 4:45	Idle	81.606	391.2	-0.12	26	-0.047	94.996	5.004	0	Idle
1/1/2026 4:45	Idle	81.606	391.2	-0.12	26	-0.047	94.996	5.004	0	Idle
1/1/2026 4:45	Idle	81.606	391.2	-0.12	26	-0.047	94.996	5.004	0	Idle
1/1/2026 4:46	Idle	81.606	391.2	-0.12	26	-0.047	94.996	5.004	0	Idle
1/1/2026 4:46	Idle	81.605	391.2	-0.12	26	-0.047	94.996	5.004	0	Idle
1/1/2026 4:46	Idle	81.605	391.2	-0.12	26	-0.047	94.996	5.004	0	Idle
1/1/2026 4:46	Idle	81.605	391.2	-0.12	26	-0.047	94.996	5.004	0	Idle
1/1/2026 4:46	Idle	81.605	391.2	-0.12	26	-0.047	94.996	5.004	0	Idle
1/1/2026 4:46	Idle	81.605	391.2	-0.12	26	-0.047	94.996	5.004	0	Idle
1/1/2026 4:47	Idle	81.604	391.2	-0.12	26	-0.047	94.996	5.004	0	Idle
1/1/2026 4:47	Idle	81.604	391.2	-0.12	26	-0.047	94.996	5.004	0	Idle
1/1/2026 4:47	Idle	81.604	391.2	-0.12	26	-0.047	94.996	5.004	0	Idle
1/1/2026 4:47	Idle	81.604	391.2	-0.12	26	-0.047	94.996	5.004	0	Idle
1/1/2026 4:47	Idle	81.603	391.2	-0.12	26	-0.047	94.996	5.004	0	Idle
1/1/2026 4:47	Idle	81.603	391.2	-0.12	26	-0.047	94.996	5.004	0	Idle
1/1/2026 4:48	Idle	81.603	391.2	-0.12	26	-0.047	94.996	5.004	0	Idle
1/1/2026 4:48	Idle	81.603	391.2	-0.12	26	-0.047	94.996	5.004	0	Idle
1/1/2026 4:48	Idle	81.602	391.2	-0.12	26	-0.047	94.996	5.004	0	Idle
1/1/2026 4:48	Idle	81.602	391.2	-0.12	26	-0.047	94.996	5.004	0	Idle
1/1/2026 4:48	Idle	81.602	391.2	-0.12	26	-0.047	94.996	5.004	0	Idle
1/1/2026 4:48	Idle	81.602	391.2	-0.12	26	-0.047	94.996	5.004	0	Idle
1/1/2026 4:49	Idle	81.602	391.2	-0.12	26	-0.047	94.996	5.004	0	Idle
1/1/2026 4:49	Idle	81.601	391.19	-0.12	26	-0.047	94.996	5.004	0	Idle
1/1/2026 4:49	Idle	81.601	391.19	-0.12	26	-0.047	94.996	5.004	0	Idle
1/1/2026 4:49	Idle	81.601	391.19	-0.12	26	-0.047	94.996	5.004	0	Idle
1/1/2026 4:49	Idle	81.601	391.19	-0.12	26	-0.047	94.996	5.004	0	Idle
1/1/2026 4:49	Idle	81.6	391.19	-0.12	26	-0.047	94.996	5.004	0	Idle
1/1/2026 4:50	Idle	81.6	391.19	-0.12	26	-0.047	94.996	5.004	0	Idle
1/1/2026 4:50	Idle	81.6	391.19	-0.12	26	-0.047	94.996	5.004	0	Idle
1/1/2026 4:50	Idle	81.6	391.19	-0.12	26	-0.047	94.996	5.004	0	Idle
1/1/2026 4:50	Idle	81.599	391.19	-0.12	26	-0.047	94.996	5.004	0	Idle
1/1/2026 4:50	Idle	81.599	391.19	-0.12	26	-0.047	94.996	5.004	0	Idle
1/1/2026 4:50	Idle	81.599	391.19	-0.12	26	-0.047	94.996	5.004	0	Idle
1/1/2026 4:51	Idle	81.599	391.19	-0.12	26	-0.047	94.996	5.004	0	Idle
1/1/2026 4:51	Idle	81.599	391.19	-0.12	26	-0.047	94.996	5.004	0	Idle
1/1/2026 4:51	Idle	81.598	391.19	-0.12	26	-0.047	94.996	5.004	0	Idle
1/1/2026 4:51	Idle	81.598	391.19	-0.12	26	-0.047	94.996	5.004	0	Idle
1/1/2026 4:51	Idle	81.598	391.19	-0.12	26	-0.047	94.996	5.004	0	Idle
1/1/2026 4:51	Idle	81.598	391.19	-0.12	26	-0.047	94.996	5.004	0	Idle
1/1/2026 4:52	Idle	81.597	391.19	-0.12	26	-0.047	94.996	5.004	0	Idle
1/1/2026 4:52	Idle	81.597	391.19	-0.12	26	-0.047	94.996	5.004	0	Idle
1/1/2026 4:52	Idle	81.597	391.19	-0.12	26	-0.047	94.996	5.004	0	Idle
1/1/2026 4:52	Idle	81.597	391.19	-0.12	26	-0.047	94.996	5.004	0	Idle
1/1/2026 4:52	Idle	81.596	391.19	-0.12	26	-0.047	94.996	5.004	0	Idle
1/1/2026 4:52	Idle	81.596	391.19	-0.12	26	-0.047	94.996	5.004	0	Idle
1/1/2026 4:53	Idle	81.596	391.19	-0.12	26	-0.047	94.996	5.004	0	Idle
1/1/2026 4:53	Idle	81.596	391.19	-0.12	26	-0.047	94.996	5.004	0	Idle
1/1/2026 4:53	Idle	81.596	391.19	-0.12	26	-0.047	94.996	5.004	0	Idle
1/1/2026 4:53	Idle	81.595	391.19	-0.12	26	-0.047	94.996	5.004	0	Idle
1/1/2026 4:53	Idle	81.595	391.19	-0.12	26	-0.047	94.996	5.004	0	Idle
1/1/2026 4:53	Idle	81.595	391.19	-0.12	26	-0.047	94.996	5.004	0	Idle
1/1/2026 4:54	Idle	81.595	391.19	-0.12	26	-0.047	94.996	5.004	0	Idle
1/1/2026 4:54	Idle	81.594	391.19	-0.12	26	-0.047	94.996	5.004	0	Idle
1/1/2026 4:54	Idle	81.594	391.19	-0.12	26	-0.047	94.996	5.004	0	Idle
1/1/2026 4:54	Idle	81.594	391.19	-0.12	26	-0.047	94.996	5.004	0	Idle
1/1/2026 4:54	Idle	81.594	391.19	-0.12	26	-0.047	94.996	5.004	0	Idle
1/1/2026 4:54	Idle	81.594	391.19	-0.12	26	-0.047	94.996	5.004	0	Idle
1/1/2026 4:55	Idle	81.593	391.19	-0.12	26	-0.047	94.996	5.004	0	Idle
1/1/2026 4:55	Idle	81.593	391.19	-0.12	26	-0.047	94.996	5.004	0	Idle
1/1/2026 4:55	Idle	81.593	391.19	-0.12	26	-0.047	94.996	5.004	0	Idle
1/1/2026 4:55	Idle	81.593	391.19	-0.12	26	-0.047	94.996	5.004	0	Idle
1/1/2026 4:55	Idle	81.592	391.19	-0.12	26	-0.047	94.996	5.004	0	Idle
1/1/2026 4:55	Idle	81.592	391.19	-0.12	26	-0.047	94.996	5.004	0	Idle
1/1/2026 4:56	Idle	81.592	391.19	-0.12	26	-0.047	94.996	5.004	0	Idle
1/1/2026 4:56	Idle	81.592	391.19	-0.12	26	-0.047	94.996	5.004	0	Idle
1/1/2026 4:56	Idle	81.591	391.19	-0.12	26	-0.047	94.996	5.004	0	Idle
1/1/2026 4:56	Idle	81.591	391.19	-0.12	26	-0.047	94.996	5.004	0	Idle
1/1/2026 4:56	Idle	81.591	391.19	-0.12	26	-0.047	94.996	5.004	0	Idle
1/1/2026 4:56	Idle	81.591	391.19	-0.12	26	-0.047	94.996	5.004	0	Idle
1/1/2026 4:57	Idle	81.591	391.19	-0.12	26	-0.047	94.996	5.004	0	Idle
1/1/2026 4:57	Idle	81.59	391.19	-0.12	26	-0.047	94.996	5.004	0	Idle
1/1/2026 4:57	Idle	81.59	391.19	-0.12	26	-0.047	94.996	5.004	0	Idle
1/1/2026 4:57	Idle	81.59	391.19	-0.12	26	-0.047	94.996	5.004	0	Idle
1/1/2026 4:57	Idle	81.59	391.19	-0.12	26	-0.047	94.996	5.004	0	Idle
1/1/2026 4:57	Idle	81.589	391.19	-0.12	26	-0.047	94.996	5.004	0	Idle
1/1/2026 4:58	Idle	81.589	391.19	-0.12	26	-0.047	94.996	5.004	0	Idle
1/1/2026 4:58	Idle	81.589	391.19	-0.12	26	-0.047	94.996	5.004	0	Idle
1/1/2026 4:58	Idle	81.589	391.19	-0.12	26	-0.047	94.996	5.004	0	Idle
1/1/2026 4:58	Idle	81.588	391.19	-0.12	26	-0.047	94.996	5.004	0	Idle
1/1/2026 4:58	Idle	81.588	391.19	-0.12	26	-0.047	94.996	5.004	0	Idle
1/1/2026 4:58	Idle	81.588	391.18	-0.12	26	-0.047	94.996	5.004	0	Idle
1/1/2026 4:59	Idle	81.588	391.18	-0.12	26	-0.047	94.996	5.004	0	Idle
1/1/2026 4:59	Idle	81.588	391.18	-0.12	26	-0.047	94.996	5.004	0	Idle
1/1/2026 4:59	Idle	81.587	391.18	-0.12	26	-0.047	94.996	5.004	0	Idle
1/1/2026 4:59	Idle	81.587	391.18	-0.12	26	-0.047	94.996	5.004	0	Idle
1/1/2026 4:59	Idle	81.587	391.18	-0.12	26	-0.047	94.996	5.004	0	Idle
1/1/2026 4:59	Idle	81.587	391.18	-0.12	26	-0.047	94.996	5.004	0	Idle
1/1/2026 5:00	Idle	81.586	391.18	-0.12	26	-0.047	94.996	5.004	0	Idle
1/1/2026 5:00	Idle	81.586	391.18	-0.12	26	-0.047	94.996	5.004	0	Idle
1/1/2026 5:00	Idle	81.586	391.18	-0.12	26	-0.047	94.996	5.004	0	Idle
1/1/2026 5:00	Idle	81.586	391.18	-0.12	26	-0.047	94.996	5.004	0	Idle
1/1/2026 5:00	Idle	81.585	391.18	-0.12	26	-0.047	94.996	5.004	0	Idle
1/1/2026 5:00	Idle	81.585	391.18	-0.12	26	-0.047	94.996	5.004	0	Idle
1/1/2026 5:01	Idle	81.585	391.18	-0.12	26	-0.047	94.996	5.004	0	Idle
1/1/2026 5:01	Idle	81.585	391.18	-0.12	26	-0.047	94.996	5.004	0	Idle
1/1/2026 5:01	Idle	81.585	391.18	-0.12	26	-0.047	94.996	5.004	0	Idle
1/1/2026 5:01	Idle	81.584	391.18	-0.12	26	-0.047	94.996	5.004	0	Idle
1/1/2026 5:01	Idle	81.584	391.18	-0.12	26	-0.047	94.996	5.004	0	Idle
1/1/2026 5:01	Idle	81.584	391.18	-0.12	26	-0.047	94.996	5.004	0	Idle
1/1/2026 5:02	Idle	81.584	391.18	-0.12	26	-0.047	94.996	5.004	0	Idle
1/1/2026 5:02	Idle	81.583	391.18	-0.12	26	-0.047	94.996	5.004	0	Idle
1/1/2026 5:02	Idle	81.583	391.18	-0.12	26	-0.047	94.996	5.004	0	Idle
1/1/2026 5:02	Idle	81.583	391.18	-0.12	26	-0.047	94.996	5.004	0	Idle
1/1/2026 5:02	Idle	81.583	391.18	-0.12	26	-0.047	94.996	5.004	0	Idle
1/1/2026 5:02	Idle	81.582	391.18	-0.12	26	-0.047	94.996	5.004	0	Idle
1/1/2026 5:03	Idle	81.582	391.18	-0.12	26	-0.047	94.996	5.004	0	Idle
1/1/2026 5:03	Idle	81.582	391.18	-0.12	26	-0.047	94.996	5.004	0	Idle
1/1/2026 5:03	Idle	81.582	391.18	-0.12	26	-0.047	94.996	5.004	0	Idle
1/1/2026 5:03	Idle	81.582	391.18	-0.12	26	-0.047	94.996	5.004	0	Idle
1/1/2026 5:03	Idle	81.581	391.18	-0.12	26	-0.047	94.996	5.004	0	Idle
1/1/2026 5:03	Idle	81.581	391.18	-0.12	26	-0.047	94.996	5.004	0	Idle
1/1/2026 5:04	Idle	81.581	391.18	-0.12	26	-0.047	94.996	5.004	0	Idle
1/1/2026 5:04	Idle	81.581	391.18	-0.12	26	-0.047	94.996	5.004	0	Idle
1/1/2026 5:04	Idle	81.58	391.18	-0.12	26	-0.047	94.996	5.004	0	Idle
1/1/2026 5:04	Idle	81.58	391.18	-0.12	26	-0.047	94.996	5.004	0	Idle
1/1/2026 5:04	Idle	81.58	391.18	-0.12	26	-0.047	94.996	5.004	0	Idle
1/1/2026 5:04	Idle	81.58	391.18	-0.12	26	-0.047	94.996	5.004	0	Idle
1/1/2026 5:05	Idle	81.579	391.18	-0.12	26	-0.047	94.996	5.004	0	Idle
1/1/2026 5:05	Idle	81.579	391.18	-0.12	26	-0.047	94.996	5.004	0	Idle
1/1/2026 5:05	Idle	81.579	391.18	-0.12	26	-0.047	94.996	5.004	0	Idle
1/1/2026 5:05	Idle	81.579	391.18	-0.12	26	-0.047	94.996	5.004	0	Idle
1/1/2026 5:05	Idle	81.579	391.18	-0.12	26	-0.047	94.996	5.004	0	Idle
1/1/2026 5:05	Idle	81.578	391.18	-0.12	26	-0.047	94.996	5.004	0	Idle
1/1/2026 5:06	Idle	81.578	391.18	-0.12	26	-0.047	94.996	5.004	0	Idle
1/1/2026 5:06	Idle	81.578	391.18	-0.12	26	-0.047	94.996	5.004	0	Idle
1/1/2026 5:06	Idle	81.578	391.18	-0.12	26	-0.047	94.996	5.004	0	Idle
1/1/2026 5:06	Idle	81.577	391.18	-0.12	26	-0.047	94.996	5.004	0	Idle
1/1/2026 5:06	Idle	81.577	391.18	-0.12	26	-0.047	94.996	5.004	0	Idle
1/1/2026 5:06	Idle	81.577	391.18	-0.12	26	-0.047	94.996	5.004	0	Idle
1/1/2026 5:07	Idle	81.577	391.18	-0.12	26	-0.047	94.996	5.004	0	Idle
1/1/2026 5:07	Idle	81.577	391.18	-0.12	26	-0.047	94.996	5.004	0	Idle
1/1/2026 5:07	Idle	81.576	391.18	-0.12	26	-0.047	94.996	5.004	0	Idle
1/1/2026 5:07	Idle	81.576	391.18	-0.12	26	-0.047	94.996	5.004	0	Idle
1/1/2026 5:07	Idle	81.576	391.18	-0.12	26	-0.047	94.996	5.004	0	Idle
1/1/2026 5:07	Idle	81.576	391.18	-0.12	26	-0.047	94.996	5.004	0	Idle
1/1/2026 5:08	Idle	81.575	391.18	-0.12	26	-0.047	94.996	5.004	0	Idle
1/1/2026 5:08	Idle	81.575	391.18	-0.12	26	-0.047	94.996	5.004	0	Idle
1/1/2026 5:08	Idle	81.575	391.18	-0.12	26	-0.047	94.996	5.004	0	Idle
1/1/2026 5:08	Idle	81.575	391.17	-0.12	26	-0.047	94.996	5.004	0	Idle
1/1/2026 5:08	Idle	81.574	391.17	-0.12	26	-0.047	94.996	5.004	0	Idle
1/1/2026 5:08	Idle	81.574	391.17	-0.12	26	-0.047	94.996	5.004	0	Idle
1/1/2026 5:09	Idle	81.574	391.17	-0.12	26	-0.047	94.996	5.004	0	Idle
1/1/2026 5:09	Idle	81.574	391.17	-0.12	26	-0.047	94.996	5.004	0	Idle
1/1/2026 5:09	Idle	81.574	391.17	-0.12	26	-0.047	94.996	5.004	0	Idle
1/1/2026 5:09	Idle	81.573	391.17	-0.12	26	-0.047	94.996	5.004	0	Idle
1/1/2026 5:09	Idle	81.573	391.17	-0.12	26	-0.047	94.996	5.004	0	Idle
1/1/2026 5:09	Idle	81.573	391.17	-0.12	26	-0.047	94.996	5.004	0	Idle
1/1/2026 5:10	Idle	81.573	391.17	-0.12	26	-0.047	94.996	5.004	0	Idle
1/1/2026 5:10	Idle	81.572	391.17	-0.12	26	-0.047	94.996	5.004	0	Idle
1/1/2026 5:10	Idle	81.572	391.17	-0.12	26	-0.047	94.996	5.004	0	Idle
1/1/2026 5:10	Idle	81.572	391.17	-0.12	26	-0.047	94.996	5.004	0	Idle
1/1/2026 5:10	Idle	81.572	391.17	-0.12	26	-0.047	94.996	5.004	0	Idle
1/1/2026 5:10	Idle	81.571	391.17	-0.12	26	-0.047	94.996	5.004	0	Idle
1/1/2026 5:11	Idle	81.571	391.17	-0.12	26	-0.047	94.996	5.004	0	Idle
1/1/2026 5:11	Idle	81.571	391.17	-0.12	26	-0.047	94.996	5.004	0	Idle
1/1/2026 5:11	Idle	81.571	391.17	-0.12	26	-0.047	94.996	5.004	0	Idle
1/1/2026 5:11	Idle	81.571	391.17	-0.12	26	-0.047	94.996	5.004	0	Idle
1/1/2026 5:11	Idle	81.57	391.17	-0.12	26	-0.047	94.996	5.004	0	Idle
1/1/2026 5:11	Idle	81.57	391.17	-0.12	26	-0.047	94.996	5.004	0	Idle
1/1/2026 5:12	Idle	81.57	391.17	-0.12	26	-0.047	94.996	5.004	0	Idle
1/1/2026 5:12	Idle	81.57	391.17	-0.12	26	-0.047	94.996	5.004	0	Idle
1/1/2026 5:12	Idle	81.569	391.17	-0.12	26	-0.047	94.996	5.004	0	Idle
1/1/2026 5:12	Idle	81.569	391.17	-0.12	26	-0.047	94.996	5.004	0	Idle
1/1/2026 5:12	Idle	81.569	391.17	-0.12	26	-0.047	94.996	5.004	0	Idle
1/1/2026 5:12	Idle	81.569	391.17	-0.12	26	-0.047	94.996	5.004	0	Idle
1/1/2026 5:13	Idle	81.568	391.17	-0.12	26	-0.047	94.996	5.004	0	Idle
1/1/2026 5:13	Idle	81.568	391.17	-0.12	26	-0.047	94.996	5.004	0	Idle
1/1/2026 5:13	Idle	81.568	391.17	-0.12	26	-0.047	94.996	5.004	0	Idle
1/1/2026 5:13	Idle	81.568	391.17	-0.12	26	-0.047	94.996	5.004	0	Idle
1/1/2026 5:13	Idle	81.568	391.17	-0.12	26	-0.047	94.996	5.004	0	Idle
1/1/2026 5:13	Idle	81.567	391.17	-0.12	26	-0.047	94.996	5.004	0	Idle
1/1/2026 5:14	Idle	81.567	391.17	-0.12	26	-0.047	94.996	5.004	0	Idle
1/1/2026 5:14	Idle	81.567	391.17	-0.12	26	-0.047	94.996	5.004	0	Idle
1/1/2026 5:14	Idle	81.567	391.17	-0.12	26	-0.047	94.996	5.004	0	Idle
1/1/2026 5:14	Idle	81.566	391.17	-0.12	26	-0.047	94.996	5.004	0	Idle
1/1/2026 5:14	Idle	81.566	391.17	-0.12	26	-0.047	94.996	5.004	0	Idle
1/1/2026 5:14	Idle	81.566	391.17	-0.12	26	-0.047	94.996	5.004	0	Idle
1/1/2026 5:15	Idle	81.566	391.17	-0.12	26	-0.047	94.996	5.004	0	Idle
1/1/2026 5:15	Idle	81.565	391.17	-0.12	26	-0.047	94.996	5.004	0	Idle
1/1/2026 5:15	Idle	81.565	391.17	-0.12	26	-0.047	94.996	5.004	0	Idle
1/1/2026 5:15	Idle	81.565	391.17	-0.12	26	-0.047	94.996	5.004	0	Idle
1/1/2026 5:15	Idle	81.565	391.17	-0.12	26	-0.047	94.996	5.004	0	Idle
1/1/2026 5:15	Idle	81.565	391.17	-0.12	26	-0.047	94.996	5.004	0	Idle
1/1/2026 5:16	Idle	81.564	391.17	-0.12	26	-0.047	94.996	5.004	0	Idle
1/1/2026 5:16	Idle	81.564	391.17	-0.12	26	-0.047	94.996	5.004	0	Idle
1/1/2026 5:16	Idle	81.564	391.17	-0.12	26	-0.047	94.996	5.004	0	Idle
1/1/2026 5:16	Idle	81.564	391.17	-0.12	26	-0.047	94.996	5.004	0	Idle
1/1/2026 5:16	Idle	81.563	391.17	-0.12	26	-0.047	94.996	5.004	0	Idle
1/1/2026 5:16	Idle	81.563	391.17	-0.12	26	-0.047	94.996	5.004	0	Idle
1/1/2026 5:17	Idle	81.563	391.17	-0.12	26	-0.047	94.996	5.004	0	Idle
1/1/2026 5:17	Idle	81.563	391.17	-0.12	26	-0.047	94.996	5.004	0	Idle
1/1/2026 5:17	Idle	81.562	391.17	-0.12	26	-0.047	94.996	5.004	0	Idle
1/1/2026 5:17	Idle	81.562	391.17	-0.12	26	-0.047	94.996	5.004	0	Idle
1/1/2026 5:17	Idle	81.562	391.17	-0.12	26	-0.047	94.996	5.004	0	Idle
1/1/2026 5:17	Idle	81.562	391.17	-0.12	26	-0.047	94.996	5.004	0	Idle
1/1/2026 5:18	Idle	81.562	391.17	-0.12	26	-0.047	94.996	5.004	0	Idle
1/1/2026 5:18	Idle	81.561	391.17	-0.12	26	-0.047	94.996	5.004	0	Idle
1/1/2026 5:18	Idle	81.561	391.16	-0.12	26	-0.047	94.996	5.004	0	Idle
1/1/2026 5:18	Idle	81.561	391.16	-0.12	26	-0.047	94.996	5.004	0	Idle
1/1/2026 5:18	Idle	81.561	391.16	-0.12	26	-0.047	94.996	5.004	0	Idle
1/1/2026 5:18	Idle	81.56	391.16	-0.12	26	-0.047	94.996	5.004	0	Idle
1/1/2026 5:19	Idle	81.56	391.16	-0.12	26	-0.047	94.996	5.004	0	Idle
1/1/2026 5:19	Idle	81.56	391.16	-0.12	26	-0.047	94.996	5.004	0	Idle
1/1/2026 5:19	Idle	81.56	391.16	-0.12	26	-0.047	94.996	5.004	0	Idle
1/1/2026 5:19	Idle	81.559	391.16	-0.12	26	-0.047	94.996	5.004	0	Idle
1/1/2026 5:19	Idle	81.559	391.16	-0.12	26	-0.047	94.996	5.004	0	Idle
1/1/2026 5:19	Idle	81.559	391.16	-0.12	26	-0.047	94.996	5.004	0	Idle
1/1/2026 5:20	Idle	81.559	391.16	-0.12	26	-0.047	94.996	5.004	0	Idle
1/1/2026 5:20	Idle	81.559	391.16	-0.12	26	-0.047	94.996	5.004	0	Idle
1/1/2026 5:20	Idle	81.558	391.16	-0.12	26	-0.047	94.996	5.004	0	Idle
1/1/2026 5:20	Idle	81.558	391.16	-0.12	26	-0.047	94.996	5.004	0	Idle
1/1/2026 5:20	Idle	81.558	391.16	-0.12	26	-0.047	94.996	5.004	0	Idle
1/1/2026 5:20	Idle	81.558	391.16	-0.12	26	-0.047	94.996	5.004	0	Idle
1/1/2026 5:21	Idle	81.557	391.16	-0.12	26	-0.047	94.996	5.004	0	Idle
1/1/2026 5:21	Idle	81.557	391.16	-0.12	26	-0.047	94.996	5.004	0	Idle
1/1/2026 5:21	Idle	81.557	391.16	-0.12	26	-0.047	94.996	5.004	0	Idle
1/1/2026 5:21	Idle	81.557	391.16	-0.12	26	-0.047	94.996	5.004	0	Idle
1/1/2026 5:21	Idle	81.557	391.16	-0.12	26	-0.047	94.996	5.004	0	Idle
1/1/2026 5:21	Idle	81.556	391.16	-0.12	26	-0.047	94.996	5.004	0	Idle
1/1/2026 5:22	Idle	81.556	391.16	-0.12	26	-0.047	94.996	5.004	0	Idle
1/1/2026 5:22	Idle	81.556	391.16	-0.12	26	-0.047	94.996	5.004	0	Idle
1/1/2026 5:22	Idle	81.556	391.16	-0.12	26	-0.047	94.996	5.004	0	Idle
1/1/2026 5:22	Idle	81.555	391.16	-0.12	26	-0.047	94.996	5.004	0	Idle
1/1/2026 5:22	Idle	81.555	391.16	-0.12	26	-0.047	94.996	5.004	0	Idle
1/1/2026 5:22	Idle	81.555	391.16	-0.12	26	-0.047	94.996	5.004	0	Idle
1/1/2026 5:23	Idle	81.555	391.16	-0.12	26	-0.047	94.996	5.004	0	Idle
1/1/2026 5:23	Idle	81.554	391.16	-0.12	26	-0.047	94.996	5.004	0	Idle
1/1/2026 5:23	Idle	81.554	391.16	-0.12	26	-0.047	94.996	5.004	0	Idle
1/1/2026 5:23	Idle	81.554	391.16	-0.12	26	-0.047	94.996	5.004	0	Idle
1/1/2026 5:23	Idle	81.554	391.16	-0.12	26	-0.047	94.996	5.004	0	Idle
1/1/2026 5:23	Idle	81.554	391.16	-0.12	26	-0.047	94.996	5.004	0	Idle
1/1/2026 5:24	Idle	81.553	391.16	-0.12	26	-0.047	94.995	5.005	0	Idle
1/1/2026 5:24	Idle	81.553	391.16	-0.12	26	-0.047	94.995	5.005	0	Idle
1/1/2026 5:24	Idle	81.553	391.16	-0.12	26	-0.047	94.995	5.005	0	Idle
1/1/2026 5:24	Idle	81.553	391.16	-0.12	26	-0.047	94.995	5.005	0	Idle
1/1/2026 5:24	Idle	81.552	391.16	-0.12	26	-0.047	94.995	5.005	0	Idle
1/1/2026 5:24	Idle	81.552	391.16	-0.12	26	-0.047	94.995	5.005	0	Idle
1/1/2026 5:25	Idle	81.552	391.16	-0.12	26	-0.047	94.995	5.005	0	Idle
1/1/2026 5:25	Idle	81.552	391.16	-0.12	26	-0.047	94.995	5.005	0	Idle
1/1/2026 5:25	Idle	81.551	391.16	-0.12	26	-0.047	94.995	5.005	0	Idle
1/1/2026 5:25	Idle	81.551	391.16	-0.12	26	-0.047	94.995	5.005	0	Idle
1/1/2026 5:25	Idle	81.551	391.16	-0.12	26	-0.047	94.995	5.005	0	Idle
1/1/2026 5:25	Idle	81.551	391.16	-0.12	26	-0.047	94.995	5.005	0	Idle
1/1/2026 5:26	Idle	81.551	391.16	-0.12	26	-0.047	94.995	5.005	0	Idle
1/1/2026 5:26	Idle	81.55	391.16	-0.12	26	-0.047	94.995	5.005	0	Idle
1/1/2026 5:26	Idle	81.55	391.16	-0.12	26	-0.047	94.995	5.005	0	Idle
1/1/2026 5:26	Idle	81.55	391.16	-0.12	26	-0.047	94.995	5.005	0	Idle
1/1/2026 5:26	Idle	81.55	391.16	-0.12	26	-0.047	94.995	5.005	0	Idle
1/1/2026 5:26	Idle	81.549	391.16	-0.12	26	-0.047	94.995	5.005	0	Idle
1/1/2026 5:27	Idle	81.549	391.16	-0.12	26	-0.047	94.995	5.005	0	Idle
1/1/2026 5:27	Idle	81.549	391.16	-0.12	26	-0.047	94.995	5.005	0	Idle
1/1/2026 5:27	Idle	81.549	391.16	-0.12	26	-0.047	94.995	5.005	0	Idle
1/1/2026 5:27	Idle	81.548	391.16	-0.12	26	-0.047	94.995	5.005	0	Idle
1/1/2026 5:27	Idle	81.548	391.16	-0.12	26	-0.047	94.995	5.005	0	Idle
1/1/2026 5:27	Idle	81.548	391.16	-0.12	26	-0.047	94.995	5.005	0	Idle
1/1/2026 5:28	Idle	81.548	391.15	-0.12	26	-0.047	94.995	5.005	0	Idle
1/1/2026 5:28	Idle	81.548	391.15	-0.12	26	-0.047	94.995	5.005	0	Idle
1/1/2026 5:28	Idle	81.547	391.15	-0.12	26	-0.047	94.995	5.005	0	Idle
1/1/2026 5:28	Idle	81.547	391.15	-0.12	26	-0.047	94.995	5.005	0	Idle
1/1/2026 5:28	Idle	81.547	391.15	-0.12	26	-0.047	94.995	5.005	0	Idle
1/1/2026 5:28	Idle	81.547	391.15	-0.12	26	-0.047	94.995	5.005	0	Idle
1/1/2026 5:29	Idle	81.546	391.15	-0.12	26	-0.047	94.995	5.005	0	Idle
1/1/2026 5:29	Idle	81.546	391.15	-0.12	26	-0.047	94.995	5.005	0	Idle
1/1/2026 5:29	Idle	81.546	391.15	-0.12	26	-0.047	94.995	5.005	0	Idle
1/1/2026 5:29	Idle	81.546	391.15	-0.12	26	-0.047	94.995	5.005	0	Idle
1/1/2026 5:29	Idle	81.545	391.15	-0.12	26	-0.047	94.995	5.005	0	Idle
1/1/2026 5:29	Idle	81.545	391.15	-0.12	26	-0.047	94.995	5.005	0	Idle
1/1/2026 5:30	Idle	81.545	391.15	-0.12	26	-0.047	94.995	5.005	0	Idle
1/1/2026 5:30	Idle	81.545	391.15	-0.12	26	-0.047	94.995	5.005	0	Idle
1/1/2026 5:30	Idle	81.545	391.15	-0.12	26	-0.047	94.995	5.005	0	Idle
1/1/2026 5:30	Idle	81.544	391.15	-0.12	26	-0.047	94.995	5.005	0	Idle
1/1/2026 5:30	Idle	81.544	391.15	-0.12	26	-0.047	94.995	5.005	0	Idle
1/1/2026 5:30	Idle	81.544	391.15	-0.12	26	-0.047	94.995	5.005	0	Idle
1/1/2026 5:31	Idle	81.544	391.15	-0.12	26	-0.047	94.995	5.005	0	Idle
1/1/2026 5:31	Idle	81.543	391.15	-0.12	26	-0.047	94.995	5.005	0	Idle
1/1/2026 5:31	Idle	81.543	391.15	-0.12	26	-0.047	94.995	5.005	0	Idle
1/1/2026 5:31	Idle	81.543	391.15	-0.12	26	-0.047	94.995	5.005	0	Idle
1/1/2026 5:31	Idle	81.543	391.15	-0.12	26	-0.047	94.995	5.005	0	Idle
1/1/2026 5:31	Idle	81.542	391.15	-0.12	26	-0.047	94.995	5.005	0	Idle
1/1/2026 5:32	Idle	81.542	391.15	-0.12	26	-0.047	94.995	5.005	0	Idle
1/1/2026 5:32	Idle	81.542	391.15	-0.12	26	-0.047	94.995	5.005	0	Idle
1/1/2026 5:32	Idle	81.542	391.15	-0.12	26	-0.047	94.995	5.005	0	Idle
1/1/2026 5:32	Idle	81.542	391.15	-0.12	26	-0.047	94.995	5.005	0	Idle
1/1/2026 5:32	Idle	81.541	391.15	-0.12	26	-0.047	94.995	5.005	0	Idle
1/1/2026 5:32	Idle	81.541	391.15	-0.12	26	-0.047	94.995	5.005	0	Idle
1/1/2026 5:33	Idle	81.541	391.15	-0.12	26	-0.047	94.995	5.005	0	Idle
1/1/2026 5:33	Idle	81.541	391.15	-0.12	26	-0.047	94.995	5.005	0	Idle
1/1/2026 5:33	Idle	81.54	391.15	-0.12	26	-0.047	94.995	5.005	0	Idle
1/1/2026 5:33	Idle	81.54	391.15	-0.12	26	-0.047	94.995	5.005	0	Idle
1/1/2026 5:33	Idle	81.54	391.15	-0.12	26	-0.047	94.995	5.005	0	Idle
1/1/2026 5:33	Idle	81.54	391.15	-0.12	26	-0.047	94.995	5.005	0	Idle
1/1/2026 5:34	Idle	81.54	391.15	-0.12	26	-0.047	94.995	5.005	0	Idle
1/1/2026 5:34	Idle	81.539	391.15	-0.12	26	-0.047	94.995	5.005	0	Idle
1/1/2026 5:34	Idle	81.539	391.15	-0.12	26	-0.047	94.995	5.005	0	Idle
1/1/2026 5:34	Idle	81.539	391.15	-0.12	26	-0.047	94.995	5.005	0	Idle
1/1/2026 5:34	Idle	81.539	391.15	-0.12	26	-0.047	94.995	5.005	0	Idle
1/1/2026 5:34	Idle	81.538	391.15	-0.12	26	-0.047	94.995	5.005	0	Idle
1/1/2026 5:35	Idle	81.538	391.15	-0.12	26	-0.047	94.995	5.005	0	Idle
1/1/2026 5:35	Idle	81.538	391.15	-0.12	26	-0.047	94.995	5.005	0	Idle
1/1/2026 5:35	Idle	81.538	391.15	-0.12	26	-0.047	94.995	5.005	0	Idle
1/1/2026 5:35	Idle	81.537	391.15	-0.12	26	-0.047	94.995	5.005	0	Idle
1/1/2026 5:35	Idle	81.537	391.15	-0.12	26	-0.047	94.995	5.005	0	Idle
1/1/2026 5:35	Idle	81.537	391.15	-0.12	26	-0.047	94.995	5.005	0	Idle
1/1/2026 5:36	Idle	81.537	391.15	-0.12	26	-0.047	94.995	5.005	0	Idle
1/1/2026 5:36	Idle	81.537	391.15	-0.12	26	-0.047	94.995	5.005	0	Idle
1/1/2026 5:36	Idle	81.536	391.15	-0.12	26	-0.047	94.995	5.005	0	Idle
1/1/2026 5:36	Idle	81.536	391.15	-0.12	26	-0.047	94.995	5.005	0	Idle
1/1/2026 5:36	Idle	81.536	391.15	-0.12	26	-0.047	94.995	5.005	0	Idle
1/1/2026 5:36	Idle	81.536	391.15	-0.12	26	-0.047	94.995	5.005	0	Idle
1/1/2026 5:37	Idle	81.535	391.15	-0.12	26	-0.047	94.995	5.005	0	Idle
1/1/2026 5:37	Idle	81.535	391.15	-0.12	26	-0.047	94.995	5.005	0	Idle
1/1/2026 5:37	Idle	81.535	391.15	-0.12	26	-0.047	94.995	5.005	0	Idle
1/1/2026 5:37	Idle	81.535	391.15	-0.12	26	-0.047	94.995	5.005	0	Idle
1/1/2026 5:37	Idle	81.534	391.14	-0.12	26	-0.047	94.995	5.005	0	Idle
1/1/2026 5:37	Idle	81.534	391.14	-0.12	26	-0.047	94.995	5.005	0	Idle
1/1/2026 5:38	Idle	81.534	391.14	-0.12	26	-0.047	94.995	5.005	0	Idle
1/1/2026 5:38	Idle	81.534	391.14	-0.12	26	-0.047	94.995	5.005	0	Idle
1/1/2026 5:38	Idle	81.534	391.14	-0.12	26	-0.047	94.995	5.005	0	Idle
1/1/2026 5:38	Idle	81.533	391.14	-0.12	26	-0.047	94.995	5.005	0	Idle
1/1/2026 5:38	Idle	81.533	391.14	-0.12	26	-0.047	94.995	5.005	0	Idle
1/1/2026 5:38	Idle	81.533	391.14	-0.12	26	-0.047	94.995	5.005	0	Idle
1/1/2026 5:39	Idle	81.533	391.14	-0.12	26	-0.047	94.995	5.005	0	Idle
1/1/2026 5:39	Idle	81.532	391.14	-0.12	26	-0.047	94.995	5.005	0	Idle
1/1/2026 5:39	Idle	81.532	391.14	-0.12	26	-0.047	94.995	5.005	0	Idle
1/1/2026 5:39	Idle	81.532	391.14	-0.12	26	-0.047	94.995	5.005	0	Idle
1/1/2026 5:39	Idle	81.532	391.14	-0.12	26	-0.047	94.995	5.005	0	Idle
1/1/2026 5:39	Idle	81.531	391.14	-0.12	26	-0.047	94.995	5.005	0	Idle
1/1/2026 5:40	Idle	81.531	391.14	-0.12	26	-0.047	94.995	5.005	0	Idle
1/1/2026 5:40	Idle	81.531	391.14	-0.12	26	-0.047	94.995	5.005	0	Idle
1/1/2026 5:40	Idle	81.531	391.14	-0.12	26	-0.047	94.995	5.005	0	Idle
1/1/2026 5:40	Idle	81.531	391.14	-0.12	26	-0.047	94.995	5.005	0	Idle
1/1/2026 5:40	Idle	81.53	391.14	-0.12	26	-0.047	94.995	5.005	0	Idle
1/1/2026 5:40	Idle	81.53	391.14	-0.12	26	-0.047	94.995	5.005	0	Idle
1/1/2026 5:41	Idle	81.53	391.14	-0.12	26	-0.047	94.995	5.005	0	Idle
1/1/2026 5:41	Idle	81.53	391.14	-0.12	26	-0.047	94.995	5.005	0	Idle
1/1/2026 5:41	Idle	81.529	391.14	-0.12	26	-0.047	94.995	5.005	0	Idle
1/1/2026 5:41	Idle	81.529	391.14	-0.12	26	-0.047	94.995	5.005	0	Idle
1/1/2026 5:41	Idle	81.529	391.14	-0.12	26	-0.047	94.995	5.005	0	Idle
1/1/2026 5:41	Idle	81.529	391.14	-0.12	26	-0.047	94.995	5.005	0	Idle
1/1/2026 5:42	Idle	81.528	391.14	-0.12	26	-0.047	94.995	5.005	0	Idle
1/1/2026 5:42	Idle	81.528	391.14	-0.12	26	-0.047	94.995	5.005	0	Idle
1/1/2026 5:42	Idle	81.528	391.14	-0.12	26	-0.047	94.995	5.005	0	Idle
1/1/2026 5:42	Idle	81.528	391.14	-0.12	26	-0.047	94.995	5.005	0	Idle
1/1/2026 5:42	Idle	81.528	391.14	-0.12	26	-0.047	94.995	5.005	0	Idle
1/1/2026 5:42	Idle	81.527	391.14	-0.12	26	-0.047	94.995	5.005	0	Idle
1/1/2026 5:43	Idle	81.527	391.14	-0.12	26	-0.047	94.995	5.005	0	Idle
1/1/2026 5:43	Idle	81.527	391.14	-0.12	26	-0.047	94.995	5.005	0	Idle
1/1/2026 5:43	Idle	81.527	391.14	-0.12	26	-0.047	94.995	5.005	0	Idle
1/1/2026 5:43	Idle	81.526	391.14	-0.12	26	-0.047	94.995	5.005	0	Idle
1/1/2026 5:43	Idle	81.526	391.14	-0.12	26	-0.047	94.995	5.005	0	Idle
1/1/2026 5:43	Idle	81.526	391.14	-0.12	26	-0.047	94.995	5.005	0	Idle
1/1/2026 5:44	Idle	81.526	391.14	-0.12	26	-0.047	94.995	5.005	0	Idle
1/1/2026 5:44	Idle	81.525	391.14	-0.12	26	-0.047	94.995	5.005	0	Idle
1/1/2026 5:44	Idle	81.525	391.14	-0.12	26	-0.047	94.995	5.005	0	Idle
1/1/2026 5:44	Idle	81.525	391.14	-0.12	26	-0.047	94.995	5.005	0	Idle
1/1/2026 5:44	Idle	81.525	391.14	-0.12	26	-0.047	94.995	5.005	0	Idle
1/1/2026 5:44	Idle	81.525	391.14	-0.12	26	-0.047	94.995	5.005	0	Idle
1/1/2026 5:45	Idle	81.524	391.14	-0.12	26	-0.047	94.995	5.005	0	Idle
1/1/2026 5:45	Idle	81.524	391.14	-0.12	26	-0.047	94.995	5.005	0	Idle
1/1/2026 5:45	Idle	81.524	391.14	-0.12	26	-0.047	94.995	5.005	0	Idle
1/1/2026 5:45	Idle	81.524	391.14	-0.12	26	-0.047	94.995	5.005	0	Idle
1/1/2026 5:45	Idle	81.523	391.14	-0.12	26	-0.047	94.995	5.005	0	Idle
1/1/2026 5:45	Idle	81.523	391.14	-0.12	26	-0.047	94.995	5.005	0	Idle
1/1/2026 5:46	Idle	81.523	391.14	-0.12	26	-0.047	94.995	5.005	0	Idle
1/1/2026 5:46	Idle	81.523	391.14	-0.12	26	-0.047	94.995	5.005	0	Idle
1/1/2026 5:46	Idle	81.523	391.14	-0.12	26	-0.047	94.995	5.005	0	Idle
1/1/2026 5:46	Idle	81.522	391.14	-0.12	26	-0.047	94.995	5.005	0	Idle
1/1/2026 5:46	Idle	81.522	391.14	-0.12	26	-0.047	94.995	5.005	0	Idle
1/1/2026 5:46	Idle	81.522	391.14	-0.12	26	-0.047	94.995	5.005	0	Idle
1/1/2026 5:47	Idle	81.522	391.14	-0.12	26	-0.047	94.995	5.005	0	Idle
1/1/2026 5:47	Idle	81.521	391.14	-0.12	26	-0.047	94.995	5.005	0	Idle
1/1/2026 5:47	Idle	81.521	391.13	-0.12	26	-0.047	94.995	5.005	0	Idle
1/1/2026 5:47	Idle	81.521	391.13	-0.12	26	-0.047	94.995	5.005	0	Idle
1/1/2026 5:47	Idle	81.521	391.13	-0.12	26	-0.047	94.995	5.005	0	Idle
1/1/2026 5:47	Idle	81.52	391.13	-0.12	26	-0.047	94.995	5.005	0	Idle
1/1/2026 5:48	Idle	81.52	391.13	-0.12	26	-0.047	94.995	5.005	0	Idle
1/1/2026 5:48	Idle	81.52	391.13	-0.12	26	-0.047	94.995	5.005	0	Idle
1/1/2026 5:48	Idle	81.52	391.13	-0.12	26	-0.047	94.995	5.005	0	Idle
1/1/2026 5:48	Idle	81.52	391.13	-0.12	26	-0.047	94.995	5.005	0	Idle
1/1/2026 5:48	Idle	81.519	391.13	-0.12	26	-0.047	94.995	5.005	0	Idle
1/1/2026 5:48	Idle	81.519	391.13	-0.12	26	-0.047	94.995	5.005	0	Idle
1/1/2026 5:49	Idle	81.519	391.13	-0.12	26	-0.047	94.995	5.005	0	Idle
1/1/2026 5:49	Idle	81.519	391.13	-0.12	26	-0.047	94.995	5.005	0	Idle
1/1/2026 5:49	Idle	81.518	391.13	-0.12	26	-0.047	94.995	5.005	0	Idle
1/1/2026 5:49	Idle	81.518	391.13	-0.12	26	-0.047	94.995	5.005	0	Idle
1/1/2026 5:49	Idle	81.518	391.13	-0.12	26	-0.047	94.995	5.005	0	Idle
1/1/2026 5:49	Idle	81.518	391.13	-0.12	26	-0.047	94.995	5.005	0	Idle
1/1/2026 5:50	Idle	81.517	391.13	-0.12	26	-0.047	94.995	5.005	0	Idle
1/1/2026 5:50	Idle	81.517	391.13	-0.12	26	-0.047	94.995	5.005	0	Idle
1/1/2026 5:50	Idle	81.517	391.13	-0.12	26	-0.047	94.995	5.005	0	Idle
1/1/2026 5:50	Idle	81.517	391.13	-0.12	26	-0.047	94.995	5.005	0	Idle
1/1/2026 5:50	Idle	81.517	391.13	-0.12	26	-0.047	94.995	5.005	0	Idle
1/1/2026 5:50	Idle	81.516	391.13	-0.12	26	-0.047	94.995	5.005	0	Idle
1/1/2026 5:51	Idle	81.516	391.13	-0.12	26	-0.047	94.995	5.005	0	Idle
1/1/2026 5:51	Idle	81.516	391.13	-0.12	26	-0.047	94.995	5.005	0	Idle
1/1/2026 5:51	Idle	81.516	391.13	-0.12	26	-0.047	94.995	5.005	0	Idle
1/1/2026 5:51	Idle	81.515	391.13	-0.12	26	-0.047	94.995	5.005	0	Idle
1/1/2026 5:51	Idle	81.515	391.13	-0.12	26	-0.047	94.995	5.005	0	Idle
1/1/2026 5:51	Idle	81.515	391.13	-0.12	26	-0.047	94.995	5.005	0	Idle
1/1/2026 5:52	Idle	81.515	391.13	-0.12	26	-0.047	94.995	5.005	0	Idle
1/1/2026 5:52	Idle	81.514	391.13	-0.12	26	-0.047	94.995	5.005	0	Idle
1/1/2026 5:52	Idle	81.514	391.13	-0.12	26	-0.047	94.995	5.005	0	Idle
1/1/2026 5:52	Idle	81.514	391.13	-0.12	26	-0.047	94.995	5.005	0	Idle
1/1/2026 5:52	Idle	81.514	391.13	-0.12	26	-0.047	94.995	5.005	0	Idle
1/1/2026 5:52	Idle	81.514	391.13	-0.12	26	-0.047	94.995	5.005	0	Idle
1/1/2026 5:53	Idle	81.513	391.13	-0.12	26	-0.047	94.995	5.005	0	Idle
1/1/2026 5:53	Idle	81.513	391.13	-0.12	26	-0.047	94.995	5.005	0	Idle
1/1/2026 5:53	Idle	81.513	391.13	-0.12	26	-0.047	94.995	5.005	0	Idle
1/1/2026 5:53	Idle	81.513	391.13	-0.12	26	-0.047	94.995	5.005	0	Idle
1/1/2026 5:53	Idle	81.512	391.13	-0.12	26	-0.047	94.995	5.005	0	Idle
1/1/2026 5:53	Idle	81.512	391.13	-0.12	26	-0.047	94.995	5.005	0	Idle
1/1/2026 5:54	Idle	81.512	391.13	-0.12	26	-0.047	94.995	5.005	0	Idle
1/1/2026 5:54	Idle	81.512	391.13	-0.12	26	-0.047	94.995	5.005	0	Idle
1/1/2026 5:54	Idle	81.511	391.13	-0.12	26	-0.047	94.995	5.005	0	Idle
1/1/2026 5:54	Idle	81.511	391.13	-0.12	26	-0.047	94.995	5.005	0	Idle
1/1/2026 5:54	Idle	81.511	391.13	-0.12	26	-0.047	94.995	5.005	0	Idle
1/1/2026 5:54	Idle	81.511	391.13	-0.12	26	-0.047	94.995	5.005	0	Idle
1/1/2026 5:55	Idle	81.511	391.13	-0.12	26	-0.047	94.995	5.005	0	Idle
1/1/2026 5:55	Idle	81.51	391.13	-0.12	26	-0.047	94.995	5.005	0	Idle
1/1/2026 5:55	Idle	81.51	391.13	-0.12	26	-0.047	94.995	5.005	0	Idle
1/1/2026 5:55	Idle	81.51	391.13	-0.12	26	-0.047	94.995	5.005	0	Idle
1/1/2026 5:55	Idle	81.51	391.13	-0.12	26	-0.047	94.995	5.005	0	Idle
1/1/2026 5:55	Idle	81.509	391.13	-0.12	26	-0.047	94.995	5.005	0	Idle
1/1/2026 5:56	Idle	81.509	391.13	-0.12	26	-0.047	94.995	5.005	0	Idle
1/1/2026 5:56	Idle	81.509	391.13	-0.12	26	-0.047	94.995	5.005	0	Idle
1/1/2026 5:56	Idle	81.509	391.13	-0.12	26	-0.047	94.995	5.005	0	Idle
1/1/2026 5:56	Idle	81.508	391.13	-0.12	26	-0.047	94.995	5.005	0	Idle
1/1/2026 5:56	Idle	81.508	391.13	-0.12	26	-0.047	94.995	5.005	0	Idle
1/1/2026 5:56	Idle	81.508	391.13	-0.12	26	-0.047	94.995	5.005	0	Idle
1/1/2026 5:57	Idle	81.508	391.12	-0.12	26	-0.047	94.995	5.005	0	Idle
1/1/2026 5:57	Idle	81.508	391.12	-0.12	26	-0.047	94.995	5.005	0	Idle
1/1/2026 5:57	Idle	81.507	391.12	-0.12	26	-0.047	94.995	5.005	0	Idle
1/1/2026 5:57	Idle	81.507	391.12	-0.12	26	-0.047	94.995	5.005	0	Idle
1/1/2026 5:57	Idle	81.507	391.12	-0.12	26	-0.047	94.995	5.005	0	Idle
1/1/2026 5:57	Idle	81.507	391.12	-0.12	26	-0.047	94.995	5.005	0	Idle
1/1/2026 5:58	Idle	81.506	391.12	-0.12	26	-0.047	94.995	5.005	0	Idle
1/1/2026 5:58	Idle	81.506	391.12	-0.12	26	-0.047	94.995	5.005	0	Idle
1/1/2026 5:58	Idle	81.506	391.12	-0.12	26	-0.047	94.995	5.005	0	Idle
1/1/2026 5:58	Idle	81.506	391.12	-0.12	26	-0.047	94.995	5.005	0	Idle
1/1/2026 5:58	Idle	81.505	391.12	-0.12	26	-0.047	94.995	5.005	0	Idle
1/1/2026 5:58	Idle	81.505	391.12	-0.12	26	-0.047	94.995	5.005	0	Idle
1/1/2026 5:59	Idle	81.505	391.12	-0.12	26	-0.047	94.995	5.005	0	Idle
1/1/2026 5:59	Idle	81.505	391.12	-0.12	26	-0.047	94.995	5.005	0	Idle
1/1/2026 5:59	Idle	81.505	391.12	-0.12	26	-0.047	94.995	5.005	0	Idle
1/1/2026 5:59	Idle	81.504	391.12	-0.12	26	-0.047	94.995	5.005	0	Idle
1/1/2026 5:59	Idle	81.504	391.12	-0.12	26	-0.047	94.995	5.005	0	Idle
1/1/2026 5:59	Idle	81.504	391.12	-0.12	26	-0.047	94.995	5.005	0	Idle
1/1/2026 6:00	Idle	81.504	391.12	-0.12	26	-0.047	94.995	5.005	0	Idle
1/1/2026 6:00	Idle	81.503	391.12	-0.12	26	-0.047	94.995	5.005	0	Idle
1/1/2026 6:00	Idle	81.503	391.12	-0.12	26	-0.047	94.995	5.005	0	Idle
1/1/2026 6:00	Idle	81.503	391.12	-0.12	26	-0.047	94.995	5.005	0	Idle
1/1/2026 6:00	Idle	81.503	391.12	-0.12	26	-0.047	94.995	5.005	0	Idle
1/1/2026 6:00	Idle	81.503	391.12	-0.12	26	-0.047	94.995	5.005	0	Idle
1/1/2026 6:01	Idle	81.502	391.12	-0.12	26	-0.047	94.995	5.005	0	Idle
1/1/2026 6:01	Idle	81.502	391.12	-0.12	26	-0.047	94.995	5.005	0	Idle
1/1/2026 6:01	Idle	81.502	391.12	-0.12	26	-0.047	94.995	5.005	0	Idle
1/1/2026 6:01	Idle	81.502	391.12	-0.12	26	-0.047	94.995	5.005	0	Idle
1/1/2026 6:01	Idle	81.501	391.12	-0.12	26	-0.047	94.995	5.005	0	Idle
1/1/2026 6:01	Idle	81.501	391.12	-0.12	26	-0.047	94.995	5.005	0	Idle
1/1/2026 6:02	Idle	81.501	391.12	-0.12	26	-0.047	94.995	5.005	0	Idle
1/1/2026 6:02	Idle	81.501	391.12	-0.12	26	-0.047	94.995	5.005	0	Idle
1/1/2026 6:02	Idle	81.5	391.12	-0.12	26	-0.047	94.995	5.005	0	Idle
1/1/2026 6:02	Idle	81.5	391.12	-0.12	26	-0.047	94.995	5.005	0	Idle
1/1/2026 6:02	Idle	81.5	391.12	-0.12	26	-0.047	94.995	5.005	0	Idle
1/1/2026 6:02	Idle	81.5	391.12	-0.12	26	-0.047	94.995	5.005	0	Idle
1/1/2026 6:03	Idle	81.5	391.12	-0.12	26	-0.047	94.995	5.005	0	Idle
1/1/2026 6:03	Idle	81.499	391.12	-0.12	26	-0.047	94.995	5.005	0	Idle
1/1/2026 6:03	Idle	81.499	391.12	-0.12	26	-0.047	94.995	5.005	0	Idle
1/1/2026 6:03	Idle	81.499	391.12	-0.12	26	-0.047	94.995	5.005	0	Idle
1/1/2026 6:03	Idle	81.499	391.12	-0.12	26	-0.047	94.995	5.005	0	Idle
1/1/2026 6:03	Idle	81.498	391.12	-0.12	26	-0.047	94.995	5.005	0	Idle
1/1/2026 6:04	Idle	81.498	391.12	-0.12	26	-0.047	94.995	5.005	0	Idle
1/1/2026 6:04	Idle	81.498	391.12	-0.12	26	-0.047	94.995	5.005	0	Idle
1/1/2026 6:04	Idle	81.498	391.12	-0.12	26	-0.047	94.995	5.005	0	Idle
1/1/2026 6:04	Idle	81.497	391.12	-0.12	26	-0.047	94.995	5.005	0	Idle
1/1/2026 6:04	Idle	81.497	391.12	-0.12	26	-0.047	94.995	5.005	0	Idle
1/1/2026 6:04	Idle	81.497	391.12	-0.12	26	-0.047	94.995	5.005	0	Idle
1/1/2026 6:05	Idle	81.497	391.12	-0.12	26	-0.047	94.995	5.005	0	Idle
1/1/2026 6:05	Idle	81.497	391.12	-0.12	26	-0.047	94.995	5.005	0	Idle
1/1/2026 6:05	Idle	81.496	391.12	-0.12	26	-0.047	94.995	5.005	0	Idle
1/1/2026 6:05	Idle	81.496	391.12	-0.12	26	-0.047	94.995	5.005	0	Idle
1/1/2026 6:05	Idle	81.496	391.12	-0.12	26	-0.047	94.995	5.005	0	Idle
1/1/2026 6:05	Idle	81.496	391.12	-0.12	26	-0.047	94.995	5.005	0	Idle
1/1/2026 6:06	Idle	81.495	391.12	-0.12	26	-0.047	94.995	5.005	0	Idle
1/1/2026 6:06	Idle	81.495	391.12	-0.12	26	-0.047	94.995	5.005	0	Idle
1/1/2026 6:06	Idle	81.495	391.12	-0.12	26	-0.047	94.995	5.005	0	Idle
1/1/2026 6:06	Idle	81.495	391.12	-0.12	26	-0.047	94.995	5.005	0	Idle
1/1/2026 6:06	Idle	81.494	391.11	-0.12	26	-0.047	94.995	5.005	0	Idle
1/1/2026 6:06	Idle	81.494	391.11	-0.12	26	-0.047	94.995	5.005	0	Idle
1/1/2026 6:07	Idle	81.494	391.11	-0.12	26	-0.047	94.995	5.005	0	Idle
1/1/2026 6:07	Idle	81.494	391.11	-0.12	26	-0.047	94.995	5.005	0	Idle
1/1/2026 6:07	Idle	81.494	391.11	-0.12	26	-0.047	94.995	5.005	0	Idle
1/1/2026 6:07	Idle	81.493	391.11	-0.12	26	-0.047	94.995	5.005	0	Idle
1/1/2026 6:07	Idle	81.493	391.11	-0.12	26	-0.047	94.995	5.005	0	Idle
1/1/2026 6:07	Idle	81.493	391.11	-0.12	26	-0.047	94.995	5.005	0	Idle
1/1/2026 6:08	Idle	81.493	391.11	-0.12	26	-0.047	94.995	5.005	0	Idle
1/1/2026 6:08	Idle	81.492	391.11	-0.12	26	-0.047	94.995	5.005	0	Idle
1/1/2026 6:08	Idle	81.492	391.11	-0.12	26	-0.047	94.995	5.005	0	Idle
1/1/2026 6:08	Idle	81.492	391.11	-0.12	26	-0.047	94.995	5.005	0	Idle
1/1/2026 6:08	Idle	81.492	391.11	-0.12	26	-0.047	94.995	5.005	0	Idle
1/1/2026 6:08	Idle	81.491	391.11	-0.12	26	-0.047	94.995	5.005	0	Idle
1/1/2026 6:09	Idle	81.491	391.11	-0.12	26	-0.047	94.995	5.005	0	Idle
1/1/2026 6:09	Idle	81.491	391.11	-0.12	26	-0.047	94.995	5.005	0	Idle
1/1/2026 6:09	Idle	81.491	391.11	-0.12	26	-0.047	94.995	5.005	0	Idle
1/1/2026 6:09	Idle	81.491	391.11	-0.12	26	-0.047	94.995	5.005	0	Idle
1/1/2026 6:09	Idle	81.49	391.11	-0.12	26	-0.047	94.995	5.005	0	Idle
1/1/2026 6:09	Idle	81.49	391.11	-0.12	26	-0.047	94.995	5.005	0	Idle
1/1/2026 6:10	Idle	81.49	391.11	-0.12	26	-0.047	94.995	5.005	0	Idle
1/1/2026 6:10	Idle	81.49	391.11	-0.12	26	-0.047	94.995	5.005	0	Idle
1/1/2026 6:10	Idle	81.489	391.11	-0.12	26	-0.047	94.995	5.005	0	Idle
1/1/2026 6:10	Idle	81.489	391.11	-0.12	26	-0.047	94.995	5.005	0	Idle
1/1/2026 6:10	Idle	81.489	391.11	-0.12	26	-0.047	94.995	5.005	0	Idle
1/1/2026 6:10	Idle	81.489	391.11	-0.12	26	-0.047	94.995	5.005	0	Idle
1/1/2026 6:11	Idle	81.488	391.11	-0.12	26	-0.047	94.995	5.005	0	Idle
1/1/2026 6:11	Idle	81.488	391.11	-0.12	26	-0.047	94.995	5.005	0	Idle
1/1/2026 6:11	Idle	81.488	391.11	-0.12	26	-0.047	94.995	5.005	0	Idle
1/1/2026 6:11	Idle	81.488	391.11	-0.12	26	-0.047	94.995	5.005	0	Idle
1/1/2026 6:11	Idle	81.488	391.11	-0.12	26	-0.047	94.995	5.005	0	Idle
1/1/2026 6:11	Idle	81.487	391.11	-0.12	26	-0.047	94.995	5.005	0	Idle
1/1/2026 6:12	Idle	81.487	391.11	-0.12	26	-0.047	94.995	5.005	0	Idle
1/1/2026 6:12	Idle	81.487	391.11	-0.12	26	-0.047	94.995	5.005	0	Idle
1/1/2026 6:12	Idle	81.487	391.11	-0.12	26	-0.047	94.995	5.005	0	Idle
1/1/2026 6:12	Idle	81.486	391.11	-0.12	26	-0.047	94.995	5.005	0	Idle
1/1/2026 6:12	Idle	81.486	391.11	-0.12	26	-0.047	94.995	5.005	0	Idle
1/1/2026 6:12	Idle	81.486	391.11	-0.12	26	-0.047	94.995	5.005	0	Idle
1/1/2026 6:13	Idle	81.486	391.11	-0.12	26	-0.047	94.995	5.005	0	Idle
1/1/2026 6:13	Idle	81.486	391.11	-0.12	26	-0.047	94.995	5.005	0	Idle
1/1/2026 6:13	Idle	81.485	391.11	-0.12	26	-0.047	94.995	5.005	0	Idle
1/1/2026 6:13	Idle	81.485	391.11	-0.12	26	-0.047	94.995	5.005	0	Idle
1/1/2026 6:13	Idle	81.485	391.11	-0.12	26	-0.047	94.995	5.005	0	Idle
1/1/2026 6:13	Idle	81.485	391.11	-0.12	26	-0.047	94.995	5.005	0	Idle
1/1/2026 6:14	Idle	81.484	391.11	-0.12	26	-0.047	94.995	5.005	0	Idle
1/1/2026 6:14	Idle	81.484	391.11	-0.12	26	-0.047	94.995	5.005	0	Idle
1/1/2026 6:14	Idle	81.484	391.11	-0.12	26	-0.047	94.995	5.005	0	Idle
1/1/2026 6:14	Idle	81.484	391.11	-0.12	26	-0.047	94.995	5.005	0	Idle
1/1/2026 6:14	Idle	81.483	391.11	-0.12	26	-0.047	94.995	5.005	0	Idle
1/1/2026 6:14	Idle	81.483	391.11	-0.12	26	-0.047	94.995	5.005	0	Idle
1/1/2026 6:15	Idle	81.483	391.11	-0.12	26	-0.047	94.995	5.005	0	Idle
1/1/2026 6:15	Idle	81.483	391.11	-0.12	26	-0.047	94.995	5.005	0	Idle
1/1/2026 6:15	Idle	81.483	391.11	-0.12	26	-0.047	94.995	5.005	0	Idle
1/1/2026 6:15	Idle	81.482	391.11	-0.12	26	-0.047	94.995	5.005	0	Idle
1/1/2026 6:15	Idle	81.482	391.11	-0.12	26	-0.047	94.995	5.005	0	Idle
1/1/2026 6:15	Idle	81.482	391.11	-0.12	26	-0.047	94.995	5.005	0	Idle
1/1/2026 6:16	Idle	81.482	391.11	-0.12	26	-0.047	94.995	5.005	0	Idle
1/1/2026 6:16	Idle	81.481	391.11	-0.12	26	-0.047	94.995	5.005	0	Idle
1/1/2026 6:16	Idle	81.481	391.1	-0.12	26	-0.047	94.995	5.005	0	Idle
1/1/2026 6:16	Idle	81.481	391.1	-0.12	26	-0.047	94.995	5.005	0	Idle
1/1/2026 6:16	Idle	81.481	391.1	-0.12	26	-0.047	94.995	5.005	0	Idle
1/1/2026 6:16	Idle	81.48	391.1	-0.12	26	-0.047	94.995	5.005	0	Idle
1/1/2026 6:17	Idle	81.48	391.1	-0.12	26	-0.047	94.995	5.005	0	Idle
1/1/2026 6:17	Idle	81.48	391.1	-0.12	26	-0.047	94.995	5.005	0	Idle
1/1/2026 6:17	Idle	81.48	391.1	-0.12	26	-0.047	94.995	5.005	0	Idle
1/1/2026 6:17	Idle	81.48	391.1	-0.12	26	-0.047	94.995	5.005	0	Idle
1/1/2026 6:17	Idle	81.479	391.1	-0.12	26	-0.047	94.995	5.005	0	Idle
1/1/2026 6:17	Idle	81.479	391.1	-0.12	26	-0.047	94.995	5.005	0	Idle
1/1/2026 6:18	Idle	81.479	391.1	-0.12	26	-0.047	94.995	5.005	0	Idle
1/1/2026 6:18	Idle	81.479	391.1	-0.12	26	-0.047	94.995	5.005	0	Idle
1/1/2026 6:18	Idle	81.478	391.1	-0.12	26	-0.047	94.995	5.005	0	Idle
1/1/2026 6:18	Idle	81.478	391.1	-0.12	26	-0.047	94.995	5.005	0	Idle
1/1/2026 6:18	Idle	81.478	391.1	-0.12	26	-0.047	94.995	5.005	0	Idle
1/1/2026 6:18	Idle	81.478	391.1	-0.12	26	-0.047	94.995	5.005	0	Idle
1/1/2026 6:19	Idle	81.477	391.1	-0.12	26	-0.047	94.995	5.005	0	Idle
1/1/2026 6:19	Idle	81.477	391.1	-0.12	26	-0.047	94.995	5.005	0	Idle
1/1/2026 6:19	Idle	81.477	391.1	-0.12	26	-0.047	94.995	5.005	0	Idle
1/1/2026 6:19	Idle	81.477	391.1	-0.12	26	-0.047	94.995	5.005	0	Idle
1/1/2026 6:19	Idle	81.477	391.1	-0.12	26	-0.047	94.995	5.005	0	Idle
1/1/2026 6:19	Idle	81.476	391.1	-0.12	26	-0.047	94.995	5.005	0	Idle
1/1/2026 6:20	Idle	81.476	391.1	-0.12	26	-0.047	94.995	5.005	0	Idle
1/1/2026 6:20	Idle	81.476	391.1	-0.12	26	-0.047	94.995	5.005	0	Idle
1/1/2026 6:20	Idle	81.476	391.1	-0.12	26	-0.047	94.995	5.005	0	Idle
1/1/2026 6:20	Idle	81.475	391.1	-0.12	26	-0.047	94.995	5.005	0	Idle
1/1/2026 6:20	Idle	81.475	391.1	-0.12	26	-0.047	94.995	5.005	0	Idle
1/1/2026 6:20	Idle	81.475	391.1	-0.12	26	-0.047	94.995	5.005	0	Idle
1/1/2026 6:21	Idle	81.475	391.1	-0.12	26	-0.047	94.995	5.005	0	Idle
1/1/2026 6:21	Idle	81.474	391.1	-0.12	26	-0.047	94.995	5.005	0	Idle
1/1/2026 6:21	Idle	81.474	391.1	-0.12	26	-0.047	94.995	5.005	0	Idle
1/1/2026 6:21	Idle	81.474	391.1	-0.12	26	-0.047	94.995	5.005	0	Idle
1/1/2026 6:21	Idle	81.474	391.1	-0.12	26	-0.047	94.995	5.005	0	Idle
1/1/2026 6:21	Idle	81.474	391.1	-0.12	26	-0.047	94.995	5.005	0	Idle
1/1/2026 6:22	Idle	81.473	391.1	-0.12	26	-0.047	94.995	5.005	0	Idle
1/1/2026 6:22	Idle	81.473	391.1	-0.12	26	-0.047	94.995	5.005	0	Idle
1/1/2026 6:22	Idle	81.473	391.1	-0.12	26	-0.047	94.995	5.005	0	Idle
1/1/2026 6:22	Idle	81.473	391.1	-0.12	26	-0.047	94.995	5.005	0	Idle
1/1/2026 6:22	Idle	81.472	391.1	-0.12	26	-0.047	94.995	5.005	0	Idle
1/1/2026 6:22	Idle	81.472	391.1	-0.12	26	-0.047	94.995	5.005	0	Idle
1/1/2026 6:23	Idle	81.472	391.1	-0.12	26	-0.047	94.995	5.005	0	Idle
1/1/2026 6:23	Idle	81.472	391.1	-0.12	26	-0.047	94.995	5.005	0	Idle
1/1/2026 6:23	Idle	81.471	391.1	-0.12	26	-0.047	94.995	5.005	0	Idle
1/1/2026 6:23	Idle	81.471	391.1	-0.12	26	-0.047	94.995	5.005	0	Idle
1/1/2026 6:23	Idle	81.471	391.1	-0.12	26	-0.047	94.995	5.005	0	Idle
1/1/2026 6:23	Idle	81.471	391.1	-0.12	26	-0.047	94.995	5.005	0	Idle
1/1/2026 6:24	Idle	81.471	391.1	-0.12	26	-0.047	94.995	5.005	0	Idle
1/1/2026 6:24	Idle	81.47	391.1	-0.12	26	-0.047	94.995	5.005	0	Idle
1/1/2026 6:24	Idle	81.47	391.1	-0.12	26	-0.047	94.995	5.005	0	Idle
1/1/2026 6:24	Idle	81.47	391.1	-0.12	26	-0.047	94.995	5.005	0	Idle
1/1/2026 6:24	Idle	81.47	391.1	-0.12	26	-0.047	94.995	5.005	0	Idle
1/1/2026 6:24	Idle	81.469	391.1	-0.12	26	-0.047	94.995	5.005	0	Idle
1/1/2026 6:25	Idle	81.469	391.1	-0.12	26	-0.047	94.995	5.005	0	Idle
1/1/2026 6:25	Idle	81.469	391.1	-0.12	26	-0.047	94.995	5.005	0	Idle
1/1/2026 6:25	Idle	81.469	391.1	-0.12	26	-0.047	94.995	5.005	0	Idle
1/1/2026 6:25	Idle	81.469	391.1	-0.12	26	-0.047	94.995	5.005	0	Idle
1/1/2026 6:25	Idle	81.468	391.1	-0.12	26	-0.047	94.995	5.005	0	Idle
1/1/2026 6:25	Idle	81.468	391.1	-0.12	26	-0.047	94.995	5.005	0	Idle
1/1/2026 6:26	Idle	81.468	391.09	-0.12	26	-0.047	94.995	5.005	0	Idle
1/1/2026 6:26	Idle	81.468	391.09	-0.12	26	-0.047	94.995	5.005	0	Idle
1/1/2026 6:26	Idle	81.467	391.09	-0.12	26	-0.047	94.995	5.005	0	Idle
1/1/2026 6:26	Idle	81.467	391.09	-0.12	26	-0.047	94.995	5.005	0	Idle
1/1/2026 6:26	Idle	81.467	391.09	-0.12	26	-0.047	94.995	5.005	0	Idle
1/1/2026 6:26	Idle	81.467	391.09	-0.12	26	-0.047	94.995	5.005	0	Idle
1/1/2026 6:27	Idle	81.466	391.09	-0.12	26	-0.047	94.995	5.005	0	Idle
1/1/2026 6:27	Idle	81.466	391.09	-0.12	26	-0.047	94.995	5.005	0	Idle
1/1/2026 6:27	Idle	81.466	391.09	-0.12	26	-0.047	94.995	5.005	0	Idle
1/1/2026 6:27	Idle	81.466	391.09	-0.12	26	-0.047	94.995	5.005	0	Idle
1/1/2026 6:27	Idle	81.466	391.09	-0.12	26	-0.047	94.995	5.005	0	Idle
1/1/2026 6:27	Idle	81.465	391.09	-0.12	26	-0.047	94.995	5.005	0	Idle
1/1/2026 6:28	Idle	81.465	391.09	-0.12	26	-0.047	94.995	5.005	0	Idle
1/1/2026 6:28	Idle	81.465	391.09	-0.12	26	-0.047	94.995	5.005	0	Idle
1/1/2026 6:28	Idle	81.465	391.09	-0.12	26	-0.047	94.995	5.005	0	Idle
1/1/2026 6:28	Idle	81.464	391.09	-0.12	26	-0.047	94.995	5.005	0	Idle
1/1/2026 6:28	Idle	81.464	391.09	-0.12	26	-0.047	94.995	5.005	0	Idle
1/1/2026 6:28	Idle	81.464	391.09	-0.12	26	-0.047	94.995	5.005	0	Idle
1/1/2026 6:29	Idle	81.464	391.09	-0.12	26	-0.047	94.995	5.005	0	Idle
1/1/2026 6:29	Idle	81.463	391.09	-0.12	26	-0.047	94.995	5.005	0	Idle
1/1/2026 6:29	Idle	81.463	391.09	-0.12	26	-0.047	94.995	5.005	0	Idle
1/1/2026 6:29	Idle	81.463	391.09	-0.12	26	-0.047	94.995	5.005	0	Idle
1/1/2026 6:29	Idle	81.463	391.09	-0.12	26	-0.047	94.995	5.005	0	Idle
1/1/2026 6:29	Idle	81.463	391.09	-0.12	26	-0.047	94.995	5.005	0	Idle
1/1/2026 6:30	Idle	81.462	391.09	-0.12	26	-0.047	94.995	5.005	0	Idle
1/1/2026 6:30	Idle	81.462	391.09	-0.12	26	-0.047	94.995	5.005	0	Idle
1/1/2026 6:30	Idle	81.462	391.09	-0.12	26	-0.047	94.995	5.005	0	Idle
1/1/2026 6:30	Idle	81.462	391.09	-0.12	26	-0.047	94.995	5.005	0	Idle
1/1/2026 6:30	Idle	81.461	391.09	-0.12	26	-0.047	94.995	5.005	0	Idle
1/1/2026 6:30	Idle	81.461	391.09	-0.12	26	-0.047	94.995	5.005	0	Idle
1/1/2026 6:31	Idle	81.461	391.09	-0.12	26	-0.047	94.995	5.005	0	Idle
1/1/2026 6:31	Idle	81.461	391.09	-0.12	26	-0.047	94.995	5.005	0	Idle
1/1/2026 6:31	Idle	81.46	391.09	-0.12	26	-0.047	94.995	5.005	0	Idle
1/1/2026 6:31	Idle	81.46	391.09	-0.12	26	-0.047	94.995	5.005	0	Idle
1/1/2026 6:31	Idle	81.46	391.09	-0.12	26	-0.047	94.995	5.005	0	Idle
1/1/2026 6:31	Idle	81.46	391.09	-0.12	26	-0.047	94.995	5.005	0	Idle
1/1/2026 6:32	Idle	81.46	391.09	-0.12	26	-0.047	94.995	5.005	0	Idle
1/1/2026 6:32	Idle	81.459	391.09	-0.12	26	-0.047	94.995	5.005	0	Idle
1/1/2026 6:32	Idle	81.459	391.09	-0.12	26	-0.047	94.995	5.005	0	Idle
1/1/2026 6:32	Idle	81.459	391.09	-0.12	26	-0.047	94.995	5.005	0	Idle
1/1/2026 6:32	Idle	81.459	391.09	-0.12	26	-0.047	94.995	5.005	0	Idle
1/1/2026 6:32	Idle	81.458	391.09	-0.12	26	-0.047	94.995	5.005	0	Idle
1/1/2026 6:33	Idle	81.458	391.09	-0.12	26	-0.047	94.995	5.005	0	Idle
1/1/2026 6:33	Idle	81.458	391.09	-0.12	26	-0.047	94.995	5.005	0	Idle
1/1/2026 6:33	Idle	81.458	391.09	-0.12	26	-0.047	94.995	5.005	0	Idle
1/1/2026 6:33	Idle	81.457	391.09	-0.12	26	-0.047	94.995	5.005	0	Idle
1/1/2026 6:33	Idle	81.457	391.09	-0.12	26	-0.047	94.995	5.005	0	Idle
1/1/2026 6:33	Idle	81.457	391.09	-0.12	26	-0.047	94.995	5.005	0	Idle
1/1/2026 6:34	Idle	81.457	391.09	-0.12	26	-0.047	94.995	5.005	0	Idle
1/1/2026 6:34	Idle	81.457	391.09	-0.12	26	-0.047	94.995	5.005	0	Idle
1/1/2026 6:34	Idle	81.456	391.09	-0.12	26	-0.047	94.995	5.005	0	Idle
1/1/2026 6:34	Idle	81.456	391.09	-0.12	26	-0.047	94.995	5.005	0	Idle
1/1/2026 6:34	Idle	81.456	391.09	-0.12	26	-0.047	94.995	5.005	0	Idle
1/1/2026 6:34	Idle	81.456	391.09	-0.12	26	-0.047	94.995	5.005	0	Idle
1/1/2026 6:35	Idle	81.455	391.09	-0.12	26	-0.047	94.995	5.005	0	Idle
1/1/2026 6:35	Idle	81.455	391.09	-0.12	26	-0.047	94.995	5.005	0	Idle
1/1/2026 6:35	Idle	81.455	391.09	-0.12	26	-0.047	94.995	5.005	0	Idle
1/1/2026 6:35	Idle	81.455	391.09	-0.12	26	-0.047	94.995	5.005	0	Idle
1/1/2026 6:35	Idle	81.454	391.08	-0.12	26	-0.047	94.995	5.005	0	Idle
1/1/2026 6:35	Idle	81.454	391.08	-0.12	26	-0.047	94.995	5.005	0	Idle
1/1/2026 6:36	Idle	81.454	391.08	-0.12	26	-0.047	94.994	5.006	0	Idle
1/1/2026 6:36	Idle	81.454	391.08	-0.12	26	-0.047	94.994	5.006	0	Idle
1/1/2026 6:36	Idle	81.454	391.08	-0.12	26	-0.047	94.994	5.006	0	Idle
1/1/2026 6:36	Idle	81.453	391.08	-0.12	26	-0.047	94.994	5.006	0	Idle
1/1/2026 6:36	Idle	81.453	391.08	-0.12	26	-0.047	94.994	5.006	0	Idle
1/1/2026 6:36	Idle	81.453	391.08	-0.12	26	-0.047	94.994	5.006	0	Idle
1/1/2026 6:37	Idle	81.453	391.08	-0.12	26	-0.047	94.994	5.006	0	Idle
1/1/2026 6:37	Idle	81.452	391.08	-0.12	26	-0.047	94.994	5.006	0	Idle
1/1/2026 6:37	Idle	81.452	391.08	-0.12	26	-0.047	94.994	5.006	0	Idle
1/1/2026 6:37	Idle	81.452	391.08	-0.12	26	-0.047	94.994	5.006	0	Idle
1/1/2026 6:37	Idle	81.452	391.08	-0.12	26	-0.047	94.994	5.006	0	Idle
1/1/2026 6:37	Idle	81.451	391.08	-0.12	26	-0.047	94.994	5.006	0	Idle
1/1/2026 6:38	Idle	81.451	391.08	-0.12	26	-0.047	94.994	5.006	0	Idle
1/1/2026 6:38	Idle	81.451	391.08	-0.12	26	-0.047	94.994	5.006	0	Idle
1/1/2026 6:38	Idle	81.451	391.08	-0.12	26	-0.047	94.994	5.006	0	Idle
1/1/2026 6:38	Idle	81.451	391.08	-0.12	26	-0.047	94.994	5.006	0	Idle
1/1/2026 6:38	Idle	81.45	391.08	-0.12	26	-0.047	94.994	5.006	0	Idle
1/1/2026 6:38	Idle	81.45	391.08	-0.12	26	-0.047	94.994	5.006	0	Idle
1/1/2026 6:39	Idle	81.45	391.08	-0.12	26	-0.047	94.994	5.006	0	Idle
1/1/2026 6:39	Idle	81.45	391.08	-0.12	26	-0.047	94.994	5.006	0	Idle
1/1/2026 6:39	Idle	81.449	391.08	-0.12	26	-0.047	94.994	5.006	0	Idle
1/1/2026 6:39	Idle	81.449	391.08	-0.12	26	-0.047	94.994	5.006	0	Idle
1/1/2026 6:39	Idle	81.449	391.08	-0.12	26	-0.047	94.994	5.006	0	Idle
1/1/2026 6:39	Idle	81.449	391.08	-0.12	26	-0.047	94.994	5.006	0	Idle
1/1/2026 6:40	Idle	81.449	391.08	-0.12	26	-0.047	94.994	5.006	0	Idle
1/1/2026 6:40	Idle	81.448	391.08	-0.12	26	-0.047	94.994	5.006	0	Idle
1/1/2026 6:40	Idle	81.448	391.08	-0.12	26	-0.047	94.994	5.006	0	Idle
1/1/2026 6:40	Idle	81.448	391.08	-0.12	26	-0.047	94.994	5.006	0	Idle
1/1/2026 6:40	Idle	81.448	391.08	-0.12	26	-0.047	94.994	5.006	0	Idle
1/1/2026 6:40	Idle	81.447	391.08	-0.12	26	-0.047	94.994	5.006	0	Idle
1/1/2026 6:41	Idle	81.447	391.08	-0.12	26	-0.047	94.994	5.006	0	Idle
1/1/2026 6:41	Idle	81.447	391.08	-0.12	26	-0.047	94.994	5.006	0	Idle
1/1/2026 6:41	Idle	81.447	391.08	-0.12	26	-0.047	94.994	5.006	0	Idle
1/1/2026 6:41	Idle	81.446	391.08	-0.12	26	-0.047	94.994	5.006	0	Idle
1/1/2026 6:41	Idle	81.446	391.08	-0.12	26	-0.047	94.994	5.006	0	Idle
1/1/2026 6:41	Idle	81.446	391.08	-0.12	26	-0.047	94.994	5.006	0	Idle
1/1/2026 6:42	Idle	81.446	391.08	-0.12	26	-0.047	94.994	5.006	0	Idle
1/1/2026 6:42	Idle	81.446	391.08	-0.12	26	-0.047	94.994	5.006	0	Idle
1/1/2026 6:42	Idle	81.445	391.08	-0.12	26	-0.047	94.994	5.006	0	Idle
1/1/2026 6:42	Idle	81.445	391.08	-0.12	26	-0.047	94.994	5.006	0	Idle
1/1/2026 6:42	Idle	81.445	391.08	-0.12	26	-0.047	94.994	5.006	0	Idle
1/1/2026 6:42	Idle	81.445	391.08	-0.12	26	-0.047	94.994	5.006	0	Idle
1/1/2026 6:43	Idle	81.444	391.08	-0.12	26	-0.047	94.994	5.006	0	Idle
1/1/2026 6:43	Idle	81.444	391.08	-0.12	26	-0.047	94.994	5.006	0	Idle
1/1/2026 6:43	Idle	81.444	391.08	-0.12	26	-0.047	94.994	5.006	0	Idle
1/1/2026 6:43	Idle	81.444	391.08	-0.12	26	-0.047	94.994	5.006	0	Idle
1/1/2026 6:43	Idle	81.443	391.08	-0.12	26	-0.047	94.994	5.006	0	Idle
1/1/2026 6:43	Idle	81.443	391.08	-0.12	26	-0.047	94.994	5.006	0	Idle
1/1/2026 6:44	Idle	81.443	391.08	-0.12	26	-0.047	94.994	5.006	0	Idle
1/1/2026 6:44	Idle	81.443	391.08	-0.12	26	-0.047	94.994	5.006	0	Idle
1/1/2026 6:44	Idle	81.443	391.08	-0.12	26	-0.047	94.994	5.006	0	Idle
1/1/2026 6:44	Idle	81.442	391.08	-0.12	26	-0.047	94.994	5.006	0	Idle
1/1/2026 6:44	Idle	81.442	391.08	-0.12	26	-0.047	94.994	5.006	0	Idle
1/1/2026 6:44	Idle	81.442	391.08	-0.12	26	-0.047	94.994	5.006	0	Idle
1/1/2026 6:45	Idle	81.442	391.08	-0.12	26	-0.047	94.994	5.006	0	Idle
1/1/2026 6:45	Idle	81.441	391.08	-0.12	26	-0.047	94.994	5.006	0	Idle
1/1/2026 6:45	Idle	81.441	391.07	-0.12	26	-0.047	94.994	5.006	0	Idle
1/1/2026 6:45	Idle	81.441	391.07	-0.12	26	-0.047	94.994	5.006	0	Idle
1/1/2026 6:45	Idle	81.441	391.07	-0.12	26	-0.047	94.994	5.006	0	Idle
1/1/2026 6:45	Idle	81.44	391.07	-0.12	26	-0.047	94.994	5.006	0	Idle
1/1/2026 6:46	Idle	81.44	391.07	-0.12	26	-0.047	94.994	5.006	0	Idle
1/1/2026 6:46	Idle	81.44	391.07	-0.12	26	-0.047	94.994	5.006	0	Idle
1/1/2026 6:46	Idle	81.44	391.07	-0.12	26	-0.047	94.994	5.006	0	Idle
1/1/2026 6:46	Idle	81.44	391.07	-0.12	26	-0.047	94.994	5.006	0	Idle
1/1/2026 6:46	Idle	81.439	391.07	-0.12	26	-0.047	94.994	5.006	0	Idle
1/1/2026 6:46	Idle	81.439	391.07	-0.12	26	-0.047	94.994	5.006	0	Idle
1/1/2026 6:47	Idle	81.439	391.07	-0.12	26	-0.047	94.994	5.006	0	Idle
1/1/2026 6:47	Idle	81.439	391.07	-0.12	26	-0.047	94.994	5.006	0	Idle
1/1/2026 6:47	Idle	81.438	391.07	-0.12	26	-0.047	94.994	5.006	0	Idle
1/1/2026 6:47	Idle	81.438	391.07	-0.12	26	-0.047	94.994	5.006	0	Idle
1/1/2026 6:47	Idle	81.438	391.07	-0.12	26	-0.047	94.994	5.006	0	Idle
1/1/2026 6:47	Idle	81.438	391.07	-0.12	26	-0.047	94.994	5.006	0	Idle
1/1/2026 6:48	Idle	81.437	391.07	-0.12	26	-0.047	94.994	5.006	0	Idle
1/1/2026 6:48	Idle	81.437	391.07	-0.12	26	-0.047	94.994	5.006	0	Idle
1/1/2026 6:48	Idle	81.437	391.07	-0.12	26	-0.047	94.994	5.006	0	Idle
1/1/2026 6:48	Idle	81.437	391.07	-0.12	26	-0.047	94.994	5.006	0	Idle
1/1/2026 6:48	Idle	81.437	391.07	-0.12	26	-0.047	94.994	5.006	0	Idle
1/1/2026 6:48	Idle	81.436	391.07	-0.12	26	-0.047	94.994	5.006	0	Idle
1/1/2026 6:49	Idle	81.436	391.07	-0.12	26	-0.047	94.994	5.006	0	Idle
1/1/2026 6:49	Idle	81.436	391.07	-0.12	26	-0.047	94.994	5.006	0	Idle
1/1/2026 6:49	Idle	81.436	391.07	-0.12	26	-0.047	94.994	5.006	0	Idle
1/1/2026 6:49	Idle	81.435	391.07	-0.12	26	-0.047	94.994	5.006	0	Idle
1/1/2026 6:49	Idle	81.435	391.07	-0.12	26	-0.047	94.994	5.006	0	Idle
1/1/2026 6:49	Idle	81.435	391.07	-0.12	26	-0.047	94.994	5.006	0	Idle
1/1/2026 6:50	Idle	81.435	391.07	-0.12	26	-0.047	94.994	5.006	0	Idle
1/1/2026 6:50	Idle	81.434	391.07	-0.12	26	-0.047	94.994	5.006	0	Idle
1/1/2026 6:50	Idle	81.434	391.07	-0.12	26	-0.047	94.994	5.006	0	Idle
1/1/2026 6:50	Idle	81.434	391.07	-0.12	26	-0.047	94.994	5.006	0	Idle
1/1/2026 6:50	Idle	81.434	391.07	-0.12	26	-0.047	94.994	5.006	0	Idle
1/1/2026 6:50	Idle	81.434	391.07	-0.12	26	-0.047	94.994	5.006	0	Idle
1/1/2026 6:51	Idle	81.433	391.07	-0.12	26	-0.047	94.994	5.006	0	Idle
1/1/2026 6:51	Idle	81.433	391.07	-0.12	26	-0.047	94.994	5.006	0	Idle
1/1/2026 6:51	Idle	81.433	391.07	-0.12	26	-0.047	94.994	5.006	0	Idle
1/1/2026 6:51	Idle	81.433	391.07	-0.12	26	-0.047	94.994	5.006	0	Idle
1/1/2026 6:51	Idle	81.432	391.07	-0.12	26	-0.047	94.994	5.006	0	Idle
1/1/2026 6:51	Idle	81.432	391.07	-0.12	26	-0.047	94.994	5.006	0	Idle
1/1/2026 6:52	Idle	81.432	391.07	-0.12	26	-0.047	94.994	5.006	0	Idle
1/1/2026 6:52	Idle	81.432	391.07	-0.12	26	-0.047	94.994	5.006	0	Idle
1/1/2026 6:52	Idle	81.432	391.07	-0.12	26	-0.047	94.994	5.006	0	Idle
1/1/2026 6:52	Idle	81.431	391.07	-0.12	26	-0.047	94.994	5.006	0	Idle
1/1/2026 6:52	Idle	81.431	391.07	-0.12	26	-0.047	94.994	5.006	0	Idle
1/1/2026 6:52	Idle	81.431	391.07	-0.12	26	-0.047	94.994	5.006	0	Idle
1/1/2026 6:53	Idle	81.431	391.07	-0.12	26	-0.047	94.994	5.006	0	Idle
1/1/2026 6:53	Idle	81.43	391.07	-0.12	26	-0.047	94.994	5.006	0	Idle
1/1/2026 6:53	Idle	81.43	391.07	-0.12	26	-0.047	94.994	5.006	0	Idle
1/1/2026 6:53	Idle	81.43	391.07	-0.12	26	-0.047	94.994	5.006	0	Idle
1/1/2026 6:53	Idle	81.43	391.07	-0.12	26	-0.047	94.994	5.006	0	Idle
1/1/2026 6:53	Idle	81.429	391.07	-0.12	26	-0.047	94.994	5.006	0	Idle
1/1/2026 6:54	Idle	81.429	391.07	-0.12	26	-0.047	94.994	5.006	0	Idle
1/1/2026 6:54	Idle	81.429	391.07	-0.12	26	-0.047	94.994	5.006	0	Idle
1/1/2026 6:54	Idle	81.429	391.07	-0.12	26	-0.047	94.994	5.006	0	Idle
1/1/2026 6:54	Idle	81.429	391.07	-0.12	26	-0.047	94.994	5.006	0	Idle
1/1/2026 6:54	Idle	81.428	391.07	-0.12	26	-0.047	94.994	5.006	0	Idle
1/1/2026 6:54	Idle	81.428	391.07	-0.12	26	-0.047	94.994	5.006	0	Idle
1/1/2026 6:55	Idle	81.428	391.06	-0.12	26	-0.047	94.994	5.006	0	Idle
1/1/2026 6:55	Idle	81.428	391.06	-0.12	26	-0.047	94.994	5.006	0	Idle
1/1/2026 6:55	Idle	81.427	391.06	-0.12	26	-0.047	94.994	5.006	0	Idle
1/1/2026 6:55	Idle	81.427	391.06	-0.12	26	-0.047	94.994	5.006	0	Idle
1/1/2026 6:55	Idle	81.427	391.06	-0.12	26	-0.047	94.994	5.006	0	Idle
1/1/2026 6:55	Idle	81.427	391.06	-0.12	26	-0.047	94.994	5.006	0	Idle
1/1/2026 6:56	Idle	81.426	391.06	-0.12	26	-0.047	94.994	5.006	0	Idle
1/1/2026 6:56	Idle	81.426	391.06	-0.12	26	-0.047	94.994	5.006	0	Idle
1/1/2026 6:56	Idle	81.426	391.06	-0.12	26	-0.047	94.994	5.006	0	Idle
1/1/2026 6:56	Idle	81.426	391.06	-0.12	26	-0.047	94.994	5.006	0	Idle
1/1/2026 6:56	Idle	81.426	391.06	-0.12	26	-0.047	94.994	5.006	0	Idle
1/1/2026 6:56	Idle	81.425	391.06	-0.12	26	-0.047	94.994	5.006	0	Idle
1/1/2026 6:57	Idle	81.425	391.06	-0.12	26	-0.047	94.994	5.006	0	Idle
1/1/2026 6:57	Idle	81.425	391.06	-0.12	26	-0.047	94.994	5.006	0	Idle
1/1/2026 6:57	Idle	81.425	391.06	-0.12	26	-0.047	94.994	5.006	0	Idle
1/1/2026 6:57	Idle	81.424	391.06	-0.12	26	-0.047	94.994	5.006	0	Idle
1/1/2026 6:57	Idle	81.424	391.06	-0.12	26	-0.047	94.994	5.006	0	Idle
1/1/2026 6:57	Idle	81.424	391.06	-0.12	26	-0.047	94.994	5.006	0	Idle
1/1/2026 6:58	Idle	81.424	391.06	-0.12	26	-0.047	94.994	5.006	0	Idle
1/1/2026 6:58	Idle	81.423	391.06	-0.12	26	-0.047	94.994	5.006	0	Idle
1/1/2026 6:58	Idle	81.423	391.06	-0.12	26	-0.047	94.994	5.006	0	Idle
1/1/2026 6:58	Idle	81.423	391.06	-0.12	26	-0.047	94.994	5.006	0	Idle
1/1/2026 6:58	Idle	81.423	391.06	-0.12	26	-0.047	94.994	5.006	0	Idle
1/1/2026 6:58	Idle	81.423	391.06	-0.12	26	-0.047	94.994	5.006	0	Idle
1/1/2026 6:59	Idle	81.422	391.06	-0.12	26	-0.047	94.994	5.006	0	Idle
1/1/2026 6:59	Idle	81.422	391.06	-0.12	26	-0.047	94.994	5.006	0	Idle
1/1/2026 6:59	Idle	81.422	391.06	-0.12	26	-0.047	94.994	5.006	0	Idle
1/1/2026 6:59	Idle	81.422	391.06	-0.12	26	-0.047	94.994	5.006	0	Idle
1/1/2026 6:59	Idle	81.421	391.06	-0.12	26	-0.047	94.994	5.006	0	Idle
1/1/2026 6:59	Idle	81.421	391.06	-0.12	26	-0.047	94.994	5.006	0	Idle
1/1/2026 7:00	Driving	81.338	388.84	-43.37	26	-16.864	94.994	5.006	35	Driving
1/1/2026 7:00	Driving	81.255	388.78	-43.32	26.01	-16.842	94.994	5.006	35.34	Driving
1/1/2026 7:00	Driving	81.172	388.72	-43.27	26.01	-16.82	94.994	5.006	35.67	Driving
1/1/2026 7:00	Driving	81.09	388.66	-43.23	26.02	-16.802	94.994	5.006	36.01	Driving
1/1/2026 7:00	Driving	81.007	388.6	-43.18	26.02	-16.78	94.994	5.006	36.34	Driving
1/1/2026 7:00	Driving	80.924	388.54	-43.13	26.02	-16.758	94.994	5.006	36.67	Driving
1/1/2026 7:01	Driving	80.842	388.48	-43.08	26.03	-16.736	94.994	5.006	37	Driving
1/1/2026 7:01	Driving	80.759	388.42	-43.03	26.03	-16.714	94.994	5.006	37.32	Driving
1/1/2026 7:01	Driving	80.677	388.36	-42.98	26.04	-16.692	94.994	5.006	37.64	Driving
1/1/2026 7:01	Driving	80.595	388.3	-42.93	26.04	-16.67	94.994	5.006	37.95	Driving
1/1/2026 7:01	Driving	80.513	388.24	-42.88	26.04	-16.648	94.994	5.006	38.26	Driving
1/1/2026 7:01	Driving	80.431	388.18	-42.83	26.05	-16.626	94.994	5.006	38.57	Driving
1/1/2026 7:02	Driving	80.349	388.12	-42.78	26.05	-16.604	94.994	5.006	38.87	Driving
1/1/2026 7:02	Driving	80.267	388.06	-42.73	26.06	-16.582	94.994	5.006	39.16	Driving
1/1/2026 7:02	Driving	80.185	388.01	-42.67	26.06	-16.556	94.994	5.006	39.44	Driving
1/1/2026 7:02	Driving	80.104	387.95	-42.62	26.06	-16.534	94.994	5.006	39.72	Driving
1/1/2026 7:02	Driving	80.022	387.89	-42.56	26.07	-16.509	94.994	5.006	39.98	Driving
1/1/2026 7:02	Driving	79.941	387.83	-42.51	26.07	-16.487	94.994	5.006	40.24	Driving
1/1/2026 7:03	Driving	79.859	387.77	-42.45	26.08	-16.461	94.994	5.006	40.49	Driving
1/1/2026 7:03	Driving	79.778	387.71	-42.4	26.08	-16.439	94.994	5.006	40.73	Driving
1/1/2026 7:03	Driving	79.697	387.66	-42.34	26.08	-16.414	94.994	5.006	40.96	Driving
1/1/2026 7:03	Driving	79.616	387.6	-42.29	26.09	-16.392	94.994	5.006	41.18	Driving
1/1/2026 7:03	Driving	79.535	387.54	-42.23	26.09	-16.366	94.994	5.006	41.39	Driving
1/1/2026 7:03	Driving	79.455	387.48	-42.17	26.1	-16.34	94.994	5.006	41.58	Driving
1/1/2026 7:04	Driving	79.374	387.42	-42.11	26.1	-16.314	94.994	5.006	41.77	Driving
1/1/2026 7:04	Driving	79.293	387.37	-42.05	26.1	-16.289	94.994	5.006	41.94	Driving
1/1/2026 7:04	Driving	79.213	387.31	-41.99	26.11	-16.263	94.994	5.006	42.1	Driving
1/1/2026 7:04	Driving	79.133	387.25	-41.93	26.11	-16.237	94.994	5.006	42.25	Driving
1/1/2026 7:04	Driving	79.053	387.2	-41.87	26.12	-16.212	94.994	5.006	42.39	Driving
1/1/2026 7:04	Driving	78.972	387.14	-41.81	26.12	-16.186	94.994	5.006	42.51	Driving
1/1/2026 7:05	Driving	78.893	387.08	-41.75	26.12	-16.161	94.994	5.006	42.62	Driving
1/1/2026 7:05	Driving	78.813	387.03	-41.69	26.13	-16.135	94.994	5.006	42.71	Driving
1/1/2026 7:05	Driving	78.733	386.97	-41.63	26.13	-16.11	94.994	5.006	42.8	Driving
1/1/2026 7:05	Driving	78.653	386.91	-41.56	26.14	-16.08	94.994	5.006	42.87	Driving
1/1/2026 7:05	Driving	78.574	386.86	-41.5	26.14	-16.055	94.994	5.006	42.92	Driving
1/1/2026 7:05	Driving	78.495	386.8	-41.44	26.14	-16.029	94.994	5.006	42.96	Driving
1/1/2026 7:06	Driving	78.415	386.74	-41.37	26.15	-15.999	94.994	5.006	42.99	Driving
1/1/2026 7:06	Driving	78.336	386.69	-41.31	26.15	-15.974	94.994	5.006	43	Driving
1/1/2026 7:06	Driving	78.257	386.63	-41.24	26.16	-15.945	94.994	5.006	43	Driving
1/1/2026 7:06	Driving	78.178	386.57	-41.18	26.16	-15.919	94.994	5.006	42.98	Driving
1/1/2026 7:06	Driving	78.1	386.52	-41.11	26.16	-15.89	94.994	5.006	42.95	Driving
1/1/2026 7:06	Driving	78.021	386.46	-41.05	26.17	-15.864	94.994	5.006	42.91	Driving
1/1/2026 7:07	Driving	77.943	386.41	-40.98	26.17	-15.835	94.994	5.006	42.85	Driving
1/1/2026 7:07	Driving	77.864	386.35	-40.91	26.18	-15.806	94.994	5.006	42.78	Driving
1/1/2026 7:07	Driving	77.786	386.3	-40.85	26.18	-15.78	94.994	5.006	42.69	Driving
1/1/2026 7:07	Driving	77.708	386.24	-40.78	26.18	-15.751	94.994	5.006	42.59	Driving
1/1/2026 7:07	Driving	77.63	386.19	-40.71	26.19	-15.722	94.994	5.006	42.48	Driving
1/1/2026 7:07	Driving	77.552	386.13	-40.64	26.19	-15.692	94.994	5.006	42.35	Driving
1/1/2026 7:08	Driving	77.474	386.08	-40.57	26.2	-15.663	94.994	5.006	42.22	Driving
1/1/2026 7:08	Driving	77.397	386.02	-40.5	26.2	-15.634	94.994	5.006	42.06	Driving
1/1/2026 7:08	Driving	77.319	385.97	-40.43	26.2	-15.605	94.994	5.006	41.9	Driving
1/1/2026 7:08	Driving	77.242	385.91	-40.36	26.21	-15.575	94.994	5.006	41.72	Driving
1/1/2026 7:08	Driving	77.165	385.86	-40.29	26.21	-15.546	94.994	5.006	41.54	Driving
1/1/2026 7:08	Driving	77.088	385.8	-40.22	26.22	-15.517	94.994	5.006	41.34	Driving
1/1/2026 7:09	Driving	77.011	385.75	-40.15	26.22	-15.488	94.994	5.006	41.13	Driving
1/1/2026 7:09	Driving	76.934	385.7	-40.08	26.22	-15.459	94.994	5.006	40.9	Driving
1/1/2026 7:09	Driving	76.858	385.64	-40.01	26.23	-15.429	94.994	5.006	40.67	Driving
1/1/2026 7:09	Driving	76.781	385.59	-39.94	26.23	-15.4	94.994	5.006	40.43	Driving
1/1/2026 7:09	Driving	76.705	385.54	-39.86	26.24	-15.368	94.994	5.006	40.18	Driving
1/1/2026 7:09	Driving	76.629	385.48	-39.79	26.24	-15.338	94.994	5.006	39.92	Driving
1/1/2026 7:10	Driving	76.553	385.43	-39.72	26.24	-15.309	94.994	5.006	39.65	Driving
1/1/2026 7:10	Driving	76.477	385.38	-39.64	26.25	-15.276	94.994	5.006	39.37	Driving
1/1/2026 7:10	Driving	76.401	385.32	-39.57	26.25	-15.247	94.994	5.006	39.08	Driving
1/1/2026 7:10	Driving	76.325	385.27	-39.49	26.26	-15.214	94.994	5.006	38.79	Driving
1/1/2026 7:10	Driving	76.25	385.22	-39.42	26.26	-15.185	94.994	5.006	38.49	Driving
1/1/2026 7:10	Driving	76.175	385.16	-39.34	26.26	-15.152	94.994	5.006	38.19	Driving
1/1/2026 7:11	Driving	76.099	385.11	-39.27	26.27	-15.123	94.994	5.006	37.88	Driving
1/1/2026 7:11	Driving	76.024	385.06	-39.19	26.27	-15.091	94.994	5.006	37.56	Driving
1/1/2026 7:11	Driving	75.949	385.01	-39.12	26.28	-15.062	94.994	5.006	37.24	Driving
1/1/2026 7:11	Driving	75.875	384.95	-39.04	26.28	-15.028	94.994	5.006	36.91	Driving
1/1/2026 7:11	Driving	75.8	384.9	-38.97	26.28	-15	94.994	5.006	36.59	Driving
1/1/2026 7:11	Driving	75.726	384.85	-38.89	26.29	-14.967	94.994	5.006	36.26	Driving
1/1/2026 7:12	Driving	75.651	384.8	-38.81	26.29	-14.934	94.994	5.006	35.92	Driving
1/1/2026 7:12	Driving	75.577	384.75	-38.74	26.3	-14.905	94.994	5.006	35.59	Driving
1/1/2026 7:12	Driving	75.503	384.69	-38.66	26.3	-14.872	94.994	5.006	35.25	Driving
1/1/2026 7:12	Driving	75.429	384.64	-38.58	26.3	-14.839	94.994	5.006	34.92	Driving
1/1/2026 7:12	Driving	75.355	384.59	-38.5	26.31	-14.807	94.994	5.006	34.58	Driving
1/1/2026 7:12	Driving	75.282	384.54	-38.42	26.31	-14.774	94.994	5.006	34.24	Driving
1/1/2026 7:13	Driving	75.208	384.49	-38.35	26.32	-14.745	94.994	5.006	33.91	Driving
1/1/2026 7:13	Driving	75.135	384.44	-38.27	26.32	-14.713	94.994	5.006	33.58	Driving
1/1/2026 7:13	Driving	75.062	384.39	-38.19	26.32	-14.68	94.994	5.006	33.25	Driving
1/1/2026 7:13	Driving	74.989	384.34	-38.11	26.33	-14.647	94.994	5.006	32.92	Driving
1/1/2026 7:13	Driving	74.916	384.29	-38.03	26.33	-14.615	94.994	5.006	32.6	Driving
1/1/2026 7:13	Driving	74.844	384.24	-37.95	26.34	-14.582	94.994	5.006	32.28	Driving
1/1/2026 7:14	Driving	74.771	384.18	-37.87	26.34	-14.549	94.994	5.006	31.97	Driving
1/1/2026 7:14	Driving	74.699	384.13	-37.79	26.34	-14.516	94.994	5.006	31.66	Driving
1/1/2026 7:14	Driving	74.626	384.08	-37.71	26.35	-14.484	94.994	5.006	31.36	Driving
1/1/2026 7:14	Driving	74.554	384.03	-37.63	26.35	-14.451	94.994	5.006	31.06	Driving
1/1/2026 7:14	Driving	74.483	383.98	-37.55	26.36	-14.418	94.994	5.006	30.77	Driving
1/1/2026 7:14	Driving	74.411	383.93	-37.47	26.36	-14.386	94.994	5.006	30.49	Driving
1/1/2026 7:15	Driving	74.339	383.88	-37.39	26.36	-14.353	94.994	5.006	30.22	Driving
1/1/2026 7:15	Driving	74.268	383.84	-37.31	26.37	-14.321	94.994	5.006	29.95	Driving
1/1/2026 7:15	Driving	74.196	383.79	-37.23	26.37	-14.289	94.994	5.006	29.7	Driving
1/1/2026 7:15	Driving	74.125	383.74	-37.14	26.38	-14.252	94.994	5.006	29.45	Driving
1/1/2026 7:15	Driving	74.054	383.69	-37.06	26.38	-14.22	94.994	5.006	29.21	Driving
1/1/2026 7:15	Driving	73.984	383.64	-36.98	26.38	-14.187	94.994	5.006	28.98	Driving
1/1/2026 7:16	Driving	73.913	383.59	-36.9	26.39	-14.154	94.994	5.006	28.77	Driving
1/1/2026 7:16	Driving	73.842	383.54	-36.82	26.39	-14.122	94.994	5.006	28.56	Driving
1/1/2026 7:16	Driving	73.772	383.49	-36.74	26.4	-14.089	94.994	5.006	28.37	Driving
1/1/2026 7:16	Driving	73.702	383.44	-36.65	26.4	-14.053	94.994	5.006	28.19	Driving
1/1/2026 7:16	Driving	73.632	383.4	-36.57	26.4	-14.021	94.994	5.006	28.02	Driving
1/1/2026 7:16	Driving	73.562	383.35	-36.49	26.41	-13.988	94.994	5.006	27.86	Driving
1/1/2026 7:17	Driving	73.492	383.3	-36.41	26.41	-13.956	94.994	5.006	27.71	Driving
1/1/2026 7:17	Driving	73.423	383.25	-36.32	26.42	-13.92	94.994	5.006	27.58	Driving
1/1/2026 7:17	Driving	73.353	383.2	-36.24	26.42	-13.887	94.994	5.006	27.46	Driving
1/1/2026 7:17	Driving	73.284	383.16	-36.16	26.42	-13.855	94.994	5.006	27.36	Driving
1/1/2026 7:17	Driving	73.215	383.11	-36.08	26.43	-13.823	94.994	5.006	27.26	Driving
1/1/2026 7:17	Driving	73.146	383.06	-35.99	26.43	-13.786	94.994	5.006	27.18	Driving
1/1/2026 7:18	Driving	73.077	383.01	-35.91	26.44	-13.754	94.994	5.006	27.12	Driving
1/1/2026 7:18	Driving	73.009	382.97	-35.83	26.44	-13.722	94.994	5.006	27.07	Driving
1/1/2026 7:18	Driving	72.94	382.92	-35.74	26.44	-13.686	94.994	5.006	27.03	Driving
1/1/2026 7:18	Driving	72.872	382.87	-35.66	26.45	-13.653	94.994	5.006	27.01	Driving
1/1/2026 7:18	Driving	72.804	382.82	-35.58	26.45	-13.621	94.994	5.006	27	Driving
1/1/2026 7:18	Driving	72.736	382.78	-35.49	26.46	-13.585	94.994	5.006	27.01	Driving
1/1/2026 7:19	Driving	72.668	382.73	-35.41	26.46	-13.552	94.994	5.006	27.02	Driving
1/1/2026 7:19	Driving	72.6	382.68	-35.33	26.46	-13.52	94.994	5.006	27.06	Driving
1/1/2026 7:19	Driving	72.533	382.64	-35.24	26.47	-13.484	94.994	5.006	27.11	Driving
1/1/2026 7:19	Driving	72.466	382.59	-35.16	26.47	-13.452	94.994	5.006	27.17	Driving
1/1/2026 7:19	Driving	72.398	382.54	-35.08	26.48	-13.42	94.994	5.006	27.24	Driving
1/1/2026 7:19	Driving	72.331	382.5	-34.99	26.48	-13.384	94.994	5.006	27.33	Driving
1/1/2026 7:20	Driving	72.265	382.45	-34.91	26.48	-13.351	94.994	5.006	27.43	Driving
1/1/2026 7:20	Driving	72.198	382.41	-34.83	26.49	-13.319	94.994	5.006	27.55	Driving
1/1/2026 7:20	Driving	72.131	382.36	-34.74	26.49	-13.283	94.994	5.006	27.68	Driving
1/1/2026 7:20	Driving	72.065	382.32	-34.66	26.5	-13.251	94.994	5.006	27.82	Driving
1/1/2026 7:20	Driving	71.999	382.27	-34.58	26.5	-13.219	94.994	5.006	27.98	Driving
1/1/2026 7:20	Driving	71.933	382.22	-34.5	26.5	-13.187	94.994	5.006	28.14	Driving
1/1/2026 7:21	Driving	71.867	382.18	-34.41	26.51	-13.151	94.994	5.006	28.32	Driving
1/1/2026 7:21	Driving	71.801	382.13	-34.33	26.51	-13.119	94.994	5.006	28.51	Driving
1/1/2026 7:21	Driving	71.735	382.09	-34.25	26.52	-13.087	94.994	5.006	28.72	Driving
1/1/2026 7:21	Driving	71.67	382.04	-34.16	26.52	-13.05	94.994	5.006	28.93	Driving
1/1/2026 7:21	Driving	71.605	382	-34.08	26.52	-13.019	94.994	5.006	29.15	Driving
1/1/2026 7:21	Driving	71.54	381.95	-34	26.53	-12.986	94.994	5.006	29.39	Driving
1/1/2026 7:22	Driving	71.475	381.91	-33.91	26.53	-12.951	94.994	5.006	29.63	Driving
1/1/2026 7:22	Driving	71.41	381.87	-33.83	26.54	-12.919	94.994	5.006	29.89	Driving
1/1/2026 7:22	Driving	71.345	381.82	-33.75	26.54	-12.886	94.994	5.006	30.15	Driving
1/1/2026 7:22	Driving	71.281	381.78	-33.67	26.54	-12.855	94.994	5.006	30.42	Driving
1/1/2026 7:22	Driving	71.217	381.73	-33.58	26.55	-12.818	94.994	5.006	30.7	Driving
1/1/2026 7:22	Driving	71.152	381.69	-33.5	26.55	-12.787	94.994	5.006	30.99	Driving
1/1/2026 7:23	Driving	71.088	381.65	-33.42	26.56	-12.755	94.994	5.006	31.28	Driving
1/1/2026 7:23	Driving	71.025	381.6	-33.34	26.56	-12.723	94.994	5.006	31.58	Driving
1/1/2026 7:23	Driving	70.961	381.56	-33.25	26.56	-12.687	94.994	5.006	31.89	Driving
1/1/2026 7:23	Driving	70.897	381.51	-33.17	26.57	-12.655	94.994	5.006	32.2	Driving
1/1/2026 7:23	Driving	70.834	381.47	-33.09	26.57	-12.623	94.994	5.006	32.52	Driving
1/1/2026 7:23	Driving	70.771	381.43	-33.01	26.58	-12.591	94.994	5.006	32.84	Driving
1/1/2026 7:24	Driving	70.708	381.38	-32.93	26.58	-12.559	94.994	5.006	33.17	Driving
1/1/2026 7:24	Driving	70.645	381.34	-32.85	26.58	-12.527	94.994	5.006	33.5	Driving
1/1/2026 7:24	Driving	70.582	381.3	-32.76	26.59	-12.491	94.994	5.006	33.83	Driving
1/1/2026 7:24	Driving	70.52	381.26	-32.68	26.59	-12.46	94.994	5.006	34.16	Driving
1/1/2026 7:24	Driving	70.457	381.21	-32.6	26.6	-12.427	94.994	5.006	34.5	Driving
1/1/2026 7:24	Driving	70.395	381.17	-32.52	26.6	-12.396	94.994	5.006	34.83	Driving
1/1/2026 7:25	Driving	70.333	381.13	-32.44	26.6	-12.364	94.994	5.006	35.17	Driving
1/1/2026 7:25	Driving	70.271	381.09	-32.36	26.61	-12.332	94.994	5.006	35.5	Driving
1/1/2026 7:25	Driving	70.209	381.04	-32.28	26.61	-12.3	94.994	5.006	35.84	Driving
1/1/2026 7:25	Driving	70.147	381	-32.2	26.62	-12.268	94.994	5.006	36.17	Driving
1/1/2026 7:25	Driving	70.086	380.96	-32.12	26.62	-12.236	94.994	5.006	36.5	Driving
1/1/2026 7:25	Driving	70.024	380.92	-32.04	26.62	-12.205	94.994	5.006	36.83	Driving
1/1/2026 7:26	Driving	69.963	380.87	-31.96	26.63	-12.173	94.994	5.006	37.16	Driving
1/1/2026 7:26	Driving	69.902	380.83	-31.88	26.63	-12.141	94.994	5.006	37.48	Driving
1/1/2026 7:26	Driving	69.841	380.79	-31.8	26.64	-12.109	94.994	5.006	37.8	Driving
1/1/2026 7:26	Driving	69.781	380.75	-31.72	26.64	-12.077	94.994	5.006	38.11	Driving
1/1/2026 7:26	Driving	69.72	380.71	-31.64	26.64	-12.046	94.994	5.006	38.42	Driving
1/1/2026 7:26	Driving	69.659	380.67	-31.57	26.65	-12.018	94.994	5.006	38.72	Driving
1/1/2026 7:27	Driving	69.599	380.62	-31.49	26.65	-11.986	94.994	5.006	39.01	Driving
1/1/2026 7:27	Driving	69.539	380.58	-31.41	26.66	-11.954	94.994	5.006	39.3	Driving
1/1/2026 7:27	Driving	69.479	380.54	-31.33	26.66	-11.922	94.994	5.006	39.58	Driving
1/1/2026 7:27	Driving	69.419	380.5	-31.26	26.66	-11.894	94.994	5.006	39.85	Driving
1/1/2026 7:27	Driving	69.359	380.46	-31.18	26.67	-11.863	94.994	5.006	40.11	Driving
1/1/2026 7:27	Driving	69.3	380.42	-31.1	26.67	-11.831	94.994	5.006	40.37	Driving
1/1/2026 7:28	Driving	69.241	380.38	-31.02	26.68	-11.799	94.994	5.006	40.61	Driving
1/1/2026 7:28	Driving	69.181	380.34	-30.95	26.68	-11.772	94.994	5.006	40.85	Driving
1/1/2026 7:28	Driving	69.122	380.3	-30.87	26.68	-11.74	94.994	5.006	41.07	Driving
1/1/2026 7:28	Driving	69.063	380.26	-30.8	26.69	-11.712	94.994	5.006	41.28	Driving
1/1/2026 7:28	Driving	69.004	380.22	-30.72	26.69	-11.68	94.994	5.006	41.49	Driving
1/1/2026 7:28	Driving	68.946	380.18	-30.65	26.7	-11.653	94.994	5.006	41.68	Driving
1/1/2026 7:29	Driving	68.887	380.14	-30.57	26.7	-11.621	94.994	5.006	41.86	Driving
1/1/2026 7:29	Driving	68.829	380.1	-30.5	26.7	-11.593	94.994	5.006	42.02	Driving
1/1/2026 7:29	Driving	68.77	380.06	-30.42	26.71	-11.561	94.994	5.006	42.18	Driving
1/1/2026 7:29	Driving	68.712	380.02	-30.35	26.71	-11.534	94.994	5.006	42.32	Driving
1/1/2026 7:29	Driving	68.654	379.98	-30.27	26.72	-11.502	94.994	5.006	42.45	Driving
1/1/2026 7:29	Driving	68.597	379.94	-30.2	26.72	-11.474	94.994	5.006	42.57	Driving
1/1/2026 7:30	Driving	68.539	379.9	-30.13	26.72	-11.446	94.994	5.006	42.67	Driving
1/1/2026 7:30	Driving	68.481	379.86	-30.06	26.73	-11.419	94.994	5.006	42.76	Driving
1/1/2026 7:30	Driving	68.424	379.82	-29.98	26.73	-11.387	94.994	5.006	42.83	Driving
1/1/2026 7:30	Driving	68.367	379.78	-29.91	26.74	-11.359	94.994	5.006	42.89	Driving
1/1/2026 7:30	Driving	68.309	379.74	-29.84	26.74	-11.331	94.994	5.006	42.94	Driving
1/1/2026 7:30	Driving	68.252	379.7	-29.77	26.74	-11.304	94.994	5.006	42.98	Driving
1/1/2026 7:31	Driving	68.196	379.66	-29.7	26.75	-11.276	94.994	5.006	42.99	Driving
1/1/2026 7:31	Driving	68.139	379.62	-29.63	26.75	-11.248	94.994	5.006	43	Driving
1/1/2026 7:31	Driving	68.082	379.58	-29.56	26.76	-11.22	94.994	5.006	42.99	Driving
1/1/2026 7:31	Driving	68.026	379.54	-29.49	26.76	-11.193	94.994	5.006	42.97	Driving
1/1/2026 7:31	Driving	67.969	379.51	-29.42	26.76	-11.165	94.994	5.006	42.93	Driving
1/1/2026 7:31	Driving	67.913	379.47	-29.35	26.77	-11.137	94.994	5.006	42.88	Driving
1/1/2026 7:32	Driving	67.857	379.43	-29.28	26.77	-11.11	94.994	5.006	42.82	Driving
1/1/2026 7:32	Driving	67.801	379.39	-29.21	26.78	-11.082	94.994	5.006	42.74	Driving
1/1/2026 7:32	Driving	67.745	379.35	-29.14	26.78	-11.054	94.994	5.006	42.64	Driving
1/1/2026 7:32	Driving	67.69	379.31	-29.08	26.78	-11.03	94.994	5.006	42.54	Driving
1/1/2026 7:32	Driving	67.634	379.28	-29.01	26.79	-11.003	94.994	5.006	42.42	Driving
1/1/2026 7:32	Driving	67.579	379.24	-28.94	26.79	-10.975	94.994	5.006	42.29	Driving
1/1/2026 7:33	Driving	67.523	379.2	-28.88	26.8	-10.951	94.994	5.006	42.14	Driving
1/1/2026 7:33	Driving	67.468	379.16	-28.81	26.8	-10.924	94.994	5.006	41.98	Driving
1/1/2026 7:33	Driving	67.413	379.12	-28.75	26.8	-10.9	94.994	5.006	41.81	Driving
1/1/2026 7:33	Driving	67.358	379.08	-28.68	26.81	-10.872	94.994	5.006	41.63	Driving
1/1/2026 7:33	Driving	67.304	379.05	-28.62	26.81	-10.848	94.994	5.006	41.44	Driving
1/1/2026 7:33	Driving	67.249	379.01	-28.55	26.82	-10.821	94.994	5.006	41.23	Driving
1/1/2026 7:34	Driving	67.194	378.97	-28.49	26.82	-10.797	94.994	5.006	41.02	Driving
1/1/2026 7:34	Driving	67.14	378.93	-28.43	26.82	-10.773	94.994	5.006	40.79	Driving
1/1/2026 7:34	Driving	67.086	378.9	-28.36	26.83	-10.746	94.994	5.006	40.55	Driving
1/1/2026 7:34	Driving	67.031	378.86	-28.3	26.83	-10.722	94.994	5.006	40.3	Driving
1/1/2026 7:34	Driving	66.977	378.82	-28.24	26.84	-10.698	94.994	5.006	40.05	Driving
1/1/2026 7:34	Driving	66.923	378.78	-28.18	26.84	-10.674	94.994	5.006	39.78	Driving
1/1/2026 7:35	Driving	66.869	378.75	-28.12	26.84	-10.65	94.994	5.006	39.51	Driving
1/1/2026 7:35	Driving	66.816	378.71	-28.06	26.85	-10.627	94.994	5.006	39.23	Driving
1/1/2026 7:35	Driving	66.762	378.67	-28	26.85	-10.603	94.994	5.006	38.94	Driving
1/1/2026 7:35	Driving	66.709	378.63	-27.94	26.86	-10.579	94.994	5.006	38.64	Driving
1/1/2026 7:35	Driving	66.655	378.6	-27.88	26.86	-10.555	94.994	5.006	38.34	Driving
1/1/2026 7:35	Driving	66.602	378.56	-27.82	26.86	-10.532	94.994	5.006	38.03	Driving
1/1/2026 7:36	Driving	66.549	378.52	-27.77	26.87	-10.512	94.994	5.006	37.72	Driving
1/1/2026 7:36	Driving	66.496	378.49	-27.71	26.87	-10.488	94.994	5.006	37.4	Driving
1/1/2026 7:36	Driving	66.443	378.45	-27.65	26.88	-10.464	94.994	5.006	37.08	Driving
1/1/2026 7:36	Driving	66.39	378.41	-27.59	26.88	-10.44	94.994	5.006	36.75	Driving
1/1/2026 7:36	Driving	66.337	378.38	-27.54	26.88	-10.421	94.994	5.006	36.42	Driving
1/1/2026 7:36	Driving	66.285	378.34	-27.48	26.89	-10.397	94.994	5.006	36.09	Driving
1/1/2026 7:37	Driving	66.232	378.3	-27.43	26.89	-10.377	94.994	5.006	35.76	Driving
1/1/2026 7:37	Driving	66.18	378.27	-27.37	26.9	-10.353	94.994	5.006	35.42	Driving
1/1/2026 7:37	Driving	66.127	378.23	-27.32	26.9	-10.333	94.994	5.006	35.08	Driving
1/1/2026 7:37	Driving	66.075	378.19	-27.27	26.9	-10.313	94.994	5.006	34.75	Driving
1/1/2026 7:37	Driving	66.023	378.16	-27.22	26.91	-10.294	94.994	5.006	34.41	Driving
1/1/2026 7:37	Driving	65.971	378.12	-27.16	26.91	-10.27	94.994	5.006	34.08	Driving
1/1/2026 7:38	Driving	65.919	378.08	-27.11	26.92	-10.25	94.994	5.006	33.74	Driving
1/1/2026 7:38	Driving	65.867	378.05	-27.06	26.92	-10.23	94.994	5.006	33.41	Driving
1/1/2026 7:38	Driving	65.816	378.01	-27.01	26.92	-10.21	94.994	5.006	33.09	Driving
1/1/2026 7:38	Driving	65.764	377.97	-26.96	26.93	-10.19	94.994	5.006	32.76	Driving
1/1/2026 7:38	Driving	65.712	377.94	-26.91	26.93	-10.17	94.994	5.006	32.44	Driving
1/1/2026 7:38	Driving	65.661	377.9	-26.86	26.94	-10.15	94.994	5.006	32.12	Driving
1/1/2026 7:39	Driving	65.61	377.87	-26.81	26.94	-10.131	94.994	5.006	31.81	Driving
1/1/2026 7:39	Driving	65.558	377.83	-26.77	26.94	-10.115	94.994	5.006	31.51	Driving
1/1/2026 7:39	Driving	65.507	377.79	-26.72	26.95	-10.095	94.994	5.006	31.21	Driving
1/1/2026 7:39	Driving	65.456	377.76	-26.67	26.95	-10.075	94.994	5.006	30.92	Driving
1/1/2026 7:39	Driving	65.405	377.72	-26.63	26.96	-10.059	94.994	5.006	30.63	Driving
1/1/2026 7:39	Driving	65.354	377.69	-26.58	26.96	-10.039	94.994	5.006	30.35	Driving
1/1/2026 7:40	Driving	65.303	377.65	-26.54	26.96	-10.023	94.994	5.006	30.08	Driving
1/1/2026 7:40	Driving	65.253	377.61	-26.49	26.97	-10.003	94.994	5.006	29.82	Driving
1/1/2026 7:40	Driving	65.202	377.58	-26.45	26.97	-9.987	94.994	5.006	29.57	Driving
1/1/2026 7:40	Driving	65.151	377.54	-26.41	26.98	-9.971	94.994	5.006	29.33	Driving
1/1/2026 7:40	Driving	65.101	377.51	-26.36	26.98	-9.951	94.994	5.006	29.1	Driving
1/1/2026 7:40	Driving	65.051	377.47	-26.32	26.98	-9.935	94.994	5.006	28.87	Driving
1/1/2026 7:41	Driving	65	377.44	-26.28	26.99	-9.919	94.994	5.006	28.66	Driving
1/1/2026 7:41	Driving	64.95	377.4	-26.24	26.99	-9.903	94.994	5.006	28.46	Driving
1/1/2026 7:41	Driving	64.9	377.36	-26.2	27	-9.887	94.994	5.006	28.28	Driving
1/1/2026 7:41	Driving	64.85	377.33	-26.16	27	-9.871	94.994	5.006	28.1	Driving
1/1/2026 7:41	Driving	64.8	377.29	-26.12	27	-9.855	94.994	5.006	27.94	Driving
1/1/2026 7:41	Driving	64.75	377.26	-26.09	27.01	-9.843	94.994	5.006	27.78	Driving
1/1/2026 7:42	Driving	64.7	377.22	-26.05	27.01	-9.827	94.994	5.006	27.65	Driving
1/1/2026 7:42	Driving	64.65	377.19	-26.01	27.02	-9.811	94.994	5.006	27.52	Driving
1/1/2026 7:42	Driving	64.6	377.15	-25.98	27.02	-9.798	94.994	5.006	27.41	Driving
1/1/2026 7:42	Driving	64.551	377.12	-25.94	27.02	-9.782	94.994	5.006	27.31	Driving
1/1/2026 7:42	Driving	64.501	377.08	-25.9	27.03	-9.766	94.994	5.006	27.22	Driving
1/1/2026 7:42	Driving	64.451	377.05	-25.87	27.03	-9.754	94.994	5.006	27.15	Driving
1/1/2026 7:43	Driving	64.402	377.01	-25.84	27.04	-9.742	94.994	5.006	27.09	Driving
1/1/2026 7:43	Driving	64.353	376.97	-25.8	27.04	-9.726	94.994	5.006	27.05	Driving
1/1/2026 7:43	Driving	64.303	376.94	-25.77	27.04	-9.714	94.994	5.006	27.02	Driving
1/1/2026 7:43	Driving	64.254	376.9	-25.74	27.05	-9.701	94.994	5.006	27	Driving
1/1/2026 7:43	Driving	64.205	376.87	-25.71	27.05	-9.689	94.994	5.006	27	Driving
1/1/2026 7:43	Driving	64.156	376.83	-25.68	27.06	-9.677	94.994	5.006	27.01	Driving
1/1/2026 7:44	Driving	64.106	376.8	-25.65	27.06	-9.665	94.994	5.006	27.04	Driving
1/1/2026 7:44	Driving	64.057	376.76	-25.62	27.06	-9.653	94.994	5.006	27.08	Driving
1/1/2026 7:44	Driving	64.008	376.73	-25.59	27.07	-9.641	94.994	5.006	27.13	Driving
1/1/2026 7:44	Driving	63.959	376.69	-25.56	27.07	-9.628	94.994	5.006	27.2	Driving
1/1/2026 7:44	Driving	63.911	376.66	-25.54	27.08	-9.62	94.994	5.006	27.29	Driving
1/1/2026 7:44	Driving	63.862	376.62	-25.51	27.08	-9.608	94.994	5.006	27.38	Driving
1/1/2026 7:45	Driving	63.813	376.59	-25.48	27.08	-9.596	94.994	5.006	27.49	Driving
1/1/2026 7:45	Driving	63.764	376.55	-25.46	27.09	-9.587	94.994	5.006	27.61	Driving
1/1/2026 7:45	Driving	63.715	376.51	-25.43	27.09	-9.575	94.994	5.006	27.75	Driving
1/1/2026 7:45	Driving	63.667	376.48	-25.41	27.1	-9.566	94.994	5.006	27.9	Driving
1/1/2026 7:45	Driving	63.618	376.44	-25.39	27.1	-9.558	94.994	5.006	28.06	Driving
1/1/2026 7:45	Driving	63.57	376.41	-25.36	27.1	-9.546	94.994	5.006	28.23	Driving
1/1/2026 7:46	Driving	63.521	376.37	-25.34	27.11	-9.537	94.994	5.006	28.42	Driving
1/1/2026 7:46	Driving	63.473	376.34	-25.32	27.11	-9.529	94.994	5.006	28.61	Driving
1/1/2026 7:46	Driving	63.424	376.3	-25.3	27.12	-9.52	94.994	5.006	28.82	Driving
1/1/2026 7:46	Driving	63.376	376.27	-25.28	27.12	-9.512	94.994	5.006	29.04	Driving
1/1/2026 7:46	Driving	63.327	376.23	-25.26	27.12	-9.504	94.994	5.006	29.27	Driving
1/1/2026 7:46	Driving	63.279	376.2	-25.24	27.13	-9.495	94.994	5.006	29.51	Driving
1/1/2026 7:47	Driving	63.231	376.16	-25.22	27.13	-9.487	94.994	5.006	29.76	Driving
1/1/2026 7:47	Driving	63.182	376.13	-25.21	27.14	-9.482	94.994	5.006	30.02	Driving
1/1/2026 7:47	Driving	63.134	376.09	-25.19	27.14	-9.474	94.994	5.006	30.28	Driving
1/1/2026 7:47	Driving	63.086	376.06	-25.17	27.14	-9.465	94.994	5.006	30.56	Driving
1/1/2026 7:47	Driving	63.038	376.02	-25.16	27.15	-9.461	94.994	5.006	30.84	Driving
1/1/2026 7:47	Driving	62.99	375.99	-25.14	27.15	-9.452	94.994	5.006	31.13	Driving
1/1/2026 7:48	Driving	62.942	375.95	-25.13	27.16	-9.448	94.993	5.007	31.43	Driving
1/1/2026 7:48	Driving	62.893	375.91	-25.12	27.16	-9.443	94.993	5.007	31.74	Driving
1/1/2026 7:48	Driving	62.845	375.88	-25.11	27.16	-9.438	94.993	5.007	32.05	Driving
1/1/2026 7:48	Driving	62.797	375.84	-25.09	27.17	-9.43	94.993	5.007	32.36	Driving
1/1/2026 7:48	Driving	62.749	375.81	-25.08	27.17	-9.425	94.993	5.007	32.68	Driving
1/1/2026 7:48	Driving	62.701	375.77	-25.07	27.18	-9.421	94.993	5.007	33	Driving
1/1/2026 7:49	Driving	62.653	375.74	-25.06	27.18	-9.416	94.993	5.007	33.33	Driving
1/1/2026 7:49	Driving	62.605	375.7	-25.05	27.18	-9.411	94.993	5.007	33.66	Driving
1/1/2026 7:49	Driving	62.557	375.67	-25.05	27.19	-9.411	94.993	5.007	33.99	Driving
1/1/2026 7:49	Driving	62.509	375.63	-25.04	27.19	-9.406	94.993	5.007	34.33	Driving
1/1/2026 7:49	Driving	62.461	375.59	-25.03	27.2	-9.401	94.993	5.007	34.66	Driving
1/1/2026 7:49	Driving	62.414	375.56	-25.02	27.2	-9.397	94.993	5.007	35	Driving
1/1/2026 7:50	Driving	62.366	375.52	-12	27.2	-9.396	94.993	5.007	20	Parking
1/1/2026 7:50	Driving	62.318	375.49	-11.799	27.21	-9.391	94.993	5.007	19.66	Parking
1/1/2026 7:50	Driving	62.27	375.45	-11.598	27.21	-9.39	94.993	5.007	19.32	Parking
1/1/2026 7:50	Driving	62.222	375.42	-11.397	27.22	-9.389	94.993	5.007	18.98	Parking
1/1/2026 7:50	Driving	62.174	375.38	-11.197	27.22	-9.384	94.993	5.007	18.64	Parking
1/1/2026 7:50	Driving	62.126	375.34	-10.996	27.22	-9.384	94.993	5.007	18.31	Parking
1/1/2026 7:51	Driving	62.078	375.31	-10.795	27.23	-9.383	94.993	5.007	17.97	Parking
1/1/2026 7:51	Driving	62.03	375.27	-10.594	27.23	-9.382	94.993	5.007	17.63	Parking
1/1/2026 7:51	Driving	61.983	375.24	-10.393	27.24	-9.381	94.993	5.007	17.29	Parking
1/1/2026 7:51	Driving	61.935	375.2	-10.192	27.24	-9.38	94.993	5.007	16.95	Parking
1/1/2026 7:51	Driving	61.887	375.17	-9.992	27.24	-9.379	94.993	5.007	16.61	Parking
1/1/2026 7:51	Driving	61.839	375.13	-9.791	27.25	-9.378	94.993	5.007	16.27	Parking
1/1/2026 7:52	Driving	61.791	375.09	-9.59	27.25	-9.381	94.993	5.007	15.93	Parking
1/1/2026 7:52	Driving	61.743	375.06	-9.389	27.26	-9.38	94.993	5.007	15.59	Parking
1/1/2026 7:52	Driving	61.695	375.02	-9.188	27.26	-9.379	94.993	5.007	15.25	Parking
1/1/2026 7:52	Driving	61.647	374.98	-8.987	27.26	-9.382	94.993	5.007	14.92	Parking
1/1/2026 7:52	Driving	61.599	374.95	-8.786	27.27	-9.385	94.993	5.007	14.58	Parking
1/1/2026 7:52	Driving	61.552	374.91	-8.586	27.27	-9.384	94.993	5.007	14.24	Parking
1/1/2026 7:53	Driving	61.504	374.88	-8.385	27.28	-9.387	94.993	5.007	13.9	Parking
1/1/2026 7:53	Driving	61.456	374.84	-8.184	27.28	-9.39	94.993	5.007	13.56	Parking
1/1/2026 7:53	Driving	61.408	374.8	-7.983	27.28	-9.389	94.993	5.007	13.22	Parking
1/1/2026 7:53	Driving	61.36	374.77	-7.782	27.29	-9.392	94.993	5.007	12.88	Parking
1/1/2026 7:53	Driving	61.312	374.73	-7.581	27.29	-9.394	94.993	5.007	12.54	Parking
1/1/2026 7:53	Driving	61.264	374.69	-7.381	27.3	-9.397	94.993	5.007	12.2	Parking
1/1/2026 7:54	Driving	61.216	374.66	-7.18	27.3	-9.404	94.993	5.007	11.86	Parking
1/1/2026 7:54	Driving	61.167	374.62	-6.979	27.3	-9.407	94.993	5.007	11.53	Parking
1/1/2026 7:54	Driving	61.119	374.58	-6.778	27.31	-9.409	94.993	5.007	11.19	Parking
1/1/2026 7:54	Driving	61.071	374.55	-6.577	27.31	-9.412	94.993	5.007	10.85	Parking
1/1/2026 7:54	Driving	61.023	374.51	-6.376	27.32	-9.419	94.993	5.007	10.51	Parking
1/1/2026 7:54	Driving	60.975	374.47	-6.175	27.32	-9.422	94.993	5.007	10.17	Parking
1/1/2026 7:55	Driving	60.927	374.44	-5.975	27.32	-9.428	94.993	5.007	9.83	Parking
1/1/2026 7:55	Driving	60.878	374.4	-5.774	27.33	-9.431	94.993	5.007	9.49	Parking
1/1/2026 7:55	Driving	60.83	374.36	-5.573	27.33	-9.438	94.993	5.007	9.15	Parking
1/1/2026 7:55	Driving	60.782	374.33	-5.372	27.34	-9.444	94.993	5.007	8.81	Parking
1/1/2026 7:55	Driving	60.734	374.29	-5.171	27.34	-9.447	94.993	5.007	8.47	Parking
1/1/2026 7:55	Driving	60.685	374.25	-4.97	27.34	-9.454	94.993	5.007	8.14	Parking
1/1/2026 7:56	Driving	60.637	374.21	-4.769	27.35	-9.46	94.993	5.007	7.8	Parking
1/1/2026 7:56	Driving	60.588	374.18	-4.569	27.35	-9.467	94.993	5.007	7.46	Parking
1/1/2026 7:56	Driving	60.54	374.14	-4.368	27.36	-9.473	94.993	5.007	7.12	Parking
1/1/2026 7:56	Driving	60.491	374.1	-4.167	27.36	-9.48	94.993	5.007	6.78	Parking
1/1/2026 7:56	Driving	60.443	374.06	-3.966	27.36	-9.49	94.993	5.007	6.44	Parking
1/1/2026 7:56	Driving	60.394	374.03	-3.765	27.37	-9.497	94.993	5.007	6.1	Parking
1/1/2026 7:57	Driving	60.345	373.99	-3.564	27.37	-9.503	94.993	5.007	5.76	Parking
1/1/2026 7:57	Driving	60.297	373.95	-3.364	27.38	-9.513	94.993	5.007	5.42	Parking
1/1/2026 7:57	Driving	60.248	373.91	-3.163	27.38	-9.52	94.993	5.007	5.08	Parking
1/1/2026 7:57	Driving	60.199	373.88	-2.962	27.38	-9.53	94.993	5.007	4.75	Parking
1/1/2026 7:57	Driving	60.15	373.84	-2.761	27.39	-9.537	94.993	5.007	4.41	Parking
1/1/2026 7:57	Driving	60.101	373.8	-2.56	27.39	-9.547	94.993	5.007	4.07	Parking
1/1/2026 7:58	Driving	60.052	373.76	-2.359	27.4	-9.557	94.993	5.007	3.73	Parking
1/1/2026 7:58	Driving	60.003	373.72	-2.158	27.4	-9.563	94.993	5.007	3.39	Parking
1/1/2026 7:58	Driving	59.954	373.68	-1.958	27.4	-9.574	94.993	5.007	3.05	Parking
1/1/2026 7:58	Driving	59.905	373.65	-1.757	27.41	-9.584	94.993	5.007	2.71	Parking
1/1/2026 7:58	Driving	59.856	373.61	-1.556	27.41	-9.594	94.993	5.007	2.37	Parking
1/1/2026 7:58	Driving	59.807	373.57	-1.355	27.42	-9.604	94.993	5.007	2.03	Parking
1/1/2026 7:59	Driving	59.758	373.53	-1.154	27.42	-9.615	94.993	5.007	1.69	Parking
1/1/2026 7:59	Driving	59.708	373.49	-0.953	27.42	-9.629	94.993	5.007	1.36	Parking
1/1/2026 7:59	Driving	59.659	373.45	-0.753	27.43	-9.639	94.993	5.007	1.02	Parking
1/1/2026 7:59	Driving	59.609	373.41	-0.552	27.43	-9.649	94.993	5.007	0.68	Parking
1/1/2026 7:59	Driving	59.56	373.38	-0.351	27.44	-9.659	94.993	5.007	0.34	Parking
1/1/2026 7:59	Driving	59.51	373.34	-0.15	27.44	-9.673	94.993	5.007	0	Parking
1/1/2026 8:00	Idle	59.51	374.63	-0.15	27.44	-0.045	94.993	5.007	0	Parked
1/1/2026 8:00	Idle	59.51	374.63	-0.15	27.43	-0.045	94.993	5.007	0	Parked
1/1/2026 8:00	Idle	59.509	374.63	-0.15	27.43	-0.045	94.993	5.007	0	Parked
1/1/2026 8:00	Idle	59.509	374.63	-0.15	27.43	-0.045	94.993	5.007	0	Parked
1/1/2026 8:00	Idle	59.509	374.63	-0.15	27.43	-0.045	94.993	5.007	0	Parked
1/1/2026 8:00	Idle	59.509	374.63	-0.15	27.42	-0.045	94.993	5.007	0	Parked
1/1/2026 8:01	Idle	59.509	374.63	-0.15	27.42	-0.045	94.993	5.007	0	Parked
1/1/2026 8:01	Idle	59.508	374.63	-0.15	27.42	-0.045	94.993	5.007	0	Parked
1/1/2026 8:01	Idle	59.508	374.63	-0.15	27.41	-0.045	94.993	5.007	0	Parked
1/1/2026 8:01	Idle	59.508	374.62	-0.15	27.41	-0.045	94.993	5.007	0	Parked
1/1/2026 8:01	Idle	59.508	374.62	-0.15	27.41	-0.045	94.993	5.007	0	Parked
1/1/2026 8:01	Idle	59.507	374.62	-0.15	27.41	-0.045	94.993	5.007	0	Parked
1/1/2026 8:02	Idle	59.507	374.62	-0.15	27.4	-0.045	94.993	5.007	0	Parked
1/1/2026 8:02	Idle	59.507	374.62	-0.15	27.4	-0.045	94.993	5.007	0	Parked
1/1/2026 8:02	Idle	59.507	374.62	-0.15	27.4	-0.045	94.993	5.007	0	Parked
1/1/2026 8:02	Idle	59.506	374.62	-0.15	27.39	-0.045	94.993	5.007	0	Parked
1/1/2026 8:02	Idle	59.506	374.62	-0.15	27.39	-0.045	94.993	5.007	0	Parked
1/1/2026 8:02	Idle	59.506	374.62	-0.15	27.39	-0.045	94.993	5.007	0	Parked
1/1/2026 8:03	Idle	59.506	374.62	-0.15	27.39	-0.045	94.993	5.007	0	Parked
1/1/2026 8:03	Idle	59.506	374.62	-0.15	27.38	-0.045	94.993	5.007	0	Parked
1/1/2026 8:03	Idle	59.505	374.62	-0.15	27.38	-0.045	94.993	5.007	0	Parked
1/1/2026 8:03	Idle	59.505	374.62	-0.15	27.38	-0.045	94.993	5.007	0	Parked
1/1/2026 8:03	Idle	59.505	374.62	-0.15	27.38	-0.045	94.993	5.007	0	Parked
1/1/2026 8:03	Idle	59.505	374.62	-0.15	27.37	-0.045	94.993	5.007	0	Parked
1/1/2026 8:04	Idle	59.504	374.62	-0.15	27.37	-0.045	94.993	5.007	0	Parked
1/1/2026 8:04	Idle	59.504	374.62	-0.15	27.37	-0.045	94.993	5.007	0	Parked
1/1/2026 8:04	Idle	59.504	374.62	-0.15	27.36	-0.045	94.993	5.007	0	Parked
1/1/2026 8:04	Idle	59.504	374.62	-0.15	27.36	-0.045	94.993	5.007	0	Parked
1/1/2026 8:04	Idle	59.503	374.62	-0.15	27.36	-0.045	94.993	5.007	0	Parked
1/1/2026 8:04	Idle	59.503	374.62	-0.15	27.36	-0.045	94.993	5.007	0	Parked
1/1/2026 8:05	Idle	59.503	374.62	-0.15	27.35	-0.045	94.993	5.007	0	Parked
1/1/2026 8:05	Idle	59.503	374.62	-0.15	27.35	-0.045	94.993	5.007	0	Parked
1/1/2026 8:05	Idle	59.503	374.62	-0.15	27.35	-0.045	94.993	5.007	0	Parked
1/1/2026 8:05	Idle	59.502	374.62	-0.15	27.35	-0.045	94.993	5.007	0	Parked
1/1/2026 8:05	Idle	59.502	374.62	-0.15	27.34	-0.045	94.993	5.007	0	Parked
1/1/2026 8:05	Idle	59.502	374.62	-0.15	27.34	-0.045	94.993	5.007	0	Parked
1/1/2026 8:06	Idle	59.502	374.62	-0.15	27.34	-0.045	94.993	5.007	0	Parked
1/1/2026 8:06	Idle	59.501	374.62	-0.15	27.33	-0.045	94.993	5.007	0	Parked
1/1/2026 8:06	Idle	59.501	374.62	-0.15	27.33	-0.045	94.993	5.007	0	Parked
1/1/2026 8:06	Idle	59.501	374.62	-0.15	27.33	-0.045	94.993	5.007	0	Parked
1/1/2026 8:06	Idle	59.501	374.62	-0.15	27.33	-0.045	94.993	5.007	0	Parked
1/1/2026 8:06	Idle	59.5	374.62	-0.15	27.32	-0.045	94.993	5.007	0	Parked
1/1/2026 8:07	Idle	59.5	374.62	-0.15	27.32	-0.045	94.993	5.007	0	Parked
1/1/2026 8:07	Idle	59.5	374.62	-0.15	27.32	-0.045	94.993	5.007	0	Parked
1/1/2026 8:07	Idle	59.5	374.62	-0.15	27.32	-0.045	94.993	5.007	0	Parked
1/1/2026 8:07	Idle	59.5	374.62	-0.15	27.31	-0.045	94.993	5.007	0	Parked
1/1/2026 8:07	Idle	59.499	374.62	-0.15	27.31	-0.045	94.993	5.007	0	Parked
1/1/2026 8:07	Idle	59.499	374.62	-0.15	27.31	-0.045	94.993	5.007	0	Parked
1/1/2026 8:08	Idle	59.499	374.62	-0.15	27.31	-0.045	94.993	5.007	0	Parked
1/1/2026 8:08	Idle	59.499	374.62	-0.15	27.3	-0.045	94.993	5.007	0	Parked
1/1/2026 8:08	Idle	59.498	374.62	-0.15	27.3	-0.045	94.993	5.007	0	Parked
1/1/2026 8:08	Idle	59.498	374.62	-0.15	27.3	-0.045	94.993	5.007	0	Parked
1/1/2026 8:08	Idle	59.498	374.62	-0.15	27.3	-0.045	94.993	5.007	0	Parked
1/1/2026 8:08	Idle	59.498	374.62	-0.15	27.29	-0.045	94.993	5.007	0	Parked
1/1/2026 8:09	Idle	59.497	374.62	-0.15	27.29	-0.045	94.993	5.007	0	Parked
1/1/2026 8:09	Idle	59.497	374.62	-0.15	27.29	-0.045	94.993	5.007	0	Parked
1/1/2026 8:09	Idle	59.497	374.62	-0.15	27.28	-0.045	94.993	5.007	0	Parked
1/1/2026 8:09	Idle	59.497	374.62	-0.15	27.28	-0.045	94.993	5.007	0	Parked
1/1/2026 8:09	Idle	59.497	374.62	-0.15	27.28	-0.045	94.993	5.007	0	Parked
1/1/2026 8:09	Idle	59.496	374.62	-0.15	27.28	-0.045	94.993	5.007	0	Parked
1/1/2026 8:10	Idle	59.496	374.62	-0.15	27.27	-0.045	94.993	5.007	0	Parked
1/1/2026 8:10	Idle	59.496	374.62	-0.15	27.27	-0.045	94.993	5.007	0	Parked
1/1/2026 8:10	Idle	59.496	374.62	-0.15	27.27	-0.045	94.993	5.007	0	Parked
1/1/2026 8:10	Idle	59.495	374.62	-0.15	27.27	-0.045	94.993	5.007	0	Parked
1/1/2026 8:10	Idle	59.495	374.62	-0.15	27.26	-0.045	94.993	5.007	0	Parked
1/1/2026 8:10	Idle	59.495	374.62	-0.15	27.26	-0.045	94.993	5.007	0	Parked
1/1/2026 8:11	Idle	59.495	374.62	-0.15	27.26	-0.045	94.993	5.007	0	Parked
1/1/2026 8:11	Idle	59.495	374.61	-0.15	27.26	-0.045	94.993	5.007	0	Parked
1/1/2026 8:11	Idle	59.494	374.61	-0.15	27.25	-0.045	94.993	5.007	0	Parked
1/1/2026 8:11	Idle	59.494	374.61	-0.15	27.25	-0.045	94.993	5.007	0	Parked
1/1/2026 8:11	Idle	59.494	374.61	-0.15	27.25	-0.045	94.993	5.007	0	Parked
1/1/2026 8:11	Idle	59.494	374.61	-0.15	27.25	-0.045	94.993	5.007	0	Parked
1/1/2026 8:12	Idle	59.493	374.61	-0.15	27.24	-0.045	94.993	5.007	0	Parked
1/1/2026 8:12	Idle	59.493	374.61	-0.15	27.24	-0.045	94.993	5.007	0	Parked
1/1/2026 8:12	Idle	59.493	374.61	-0.15	27.24	-0.045	94.993	5.007	0	Parked
1/1/2026 8:12	Idle	59.493	374.61	-0.15	27.24	-0.045	94.993	5.007	0	Parked
1/1/2026 8:12	Idle	59.492	374.61	-0.15	27.23	-0.045	94.993	5.007	0	Parked
1/1/2026 8:12	Idle	59.492	374.61	-0.15	27.23	-0.045	94.993	5.007	0	Parked
1/1/2026 8:13	Idle	59.492	374.61	-0.15	27.23	-0.045	94.993	5.007	0	Parked
1/1/2026 8:13	Idle	59.492	374.61	-0.15	27.23	-0.045	94.993	5.007	0	Parked
1/1/2026 8:13	Idle	59.492	374.61	-0.15	27.22	-0.045	94.993	5.007	0	Parked
1/1/2026 8:13	Idle	59.491	374.61	-0.15	27.22	-0.045	94.993	5.007	0	Parked
1/1/2026 8:13	Idle	59.491	374.61	-0.15	27.22	-0.045	94.993	5.007	0	Parked
1/1/2026 8:13	Idle	59.491	374.61	-0.15	27.22	-0.045	94.993	5.007	0	Parked
1/1/2026 8:14	Idle	59.491	374.61	-0.15	27.21	-0.045	94.993	5.007	0	Parked
1/1/2026 8:14	Idle	59.49	374.61	-0.15	27.21	-0.045	94.993	5.007	0	Parked
1/1/2026 8:14	Idle	59.49	374.61	-0.15	27.21	-0.045	94.993	5.007	0	Parked
1/1/2026 8:14	Idle	59.49	374.61	-0.15	27.21	-0.045	94.993	5.007	0	Parked
1/1/2026 8:14	Idle	59.49	374.61	-0.15	27.2	-0.045	94.993	5.007	0	Parked
1/1/2026 8:14	Idle	59.489	374.61	-0.15	27.2	-0.045	94.993	5.007	0	Parked
1/1/2026 8:15	Idle	59.489	374.61	-0.15	27.2	-0.045	94.993	5.007	0	Parked
1/1/2026 8:15	Idle	59.489	374.61	-0.15	27.2	-0.045	94.993	5.007	0	Parked
1/1/2026 8:15	Idle	59.489	374.61	-0.15	27.2	-0.045	94.993	5.007	0	Parked
1/1/2026 8:15	Idle	59.489	374.61	-0.15	27.19	-0.045	94.993	5.007	0	Parked
1/1/2026 8:15	Idle	59.488	374.61	-0.15	27.19	-0.045	94.993	5.007	0	Parked
1/1/2026 8:15	Idle	59.488	374.61	-0.15	27.19	-0.045	94.993	5.007	0	Parked
1/1/2026 8:16	Idle	59.488	374.61	-0.15	27.19	-0.045	94.993	5.007	0	Parked
1/1/2026 8:16	Idle	59.488	374.61	-0.15	27.18	-0.045	94.993	5.007	0	Parked
1/1/2026 8:16	Idle	59.487	374.61	-0.15	27.18	-0.045	94.993	5.007	0	Parked
1/1/2026 8:16	Idle	59.487	374.61	-0.15	27.18	-0.045	94.993	5.007	0	Parked
1/1/2026 8:16	Idle	59.487	374.61	-0.15	27.18	-0.045	94.993	5.007	0	Parked
1/1/2026 8:16	Idle	59.487	374.61	-0.15	27.17	-0.045	94.993	5.007	0	Parked
1/1/2026 8:17	Idle	59.486	374.61	-0.15	27.17	-0.045	94.993	5.007	0	Parked
1/1/2026 8:17	Idle	59.486	374.61	-0.15	27.17	-0.045	94.993	5.007	0	Parked
1/1/2026 8:17	Idle	59.486	374.61	-0.15	27.17	-0.045	94.993	5.007	0	Parked
1/1/2026 8:17	Idle	59.486	374.61	-0.15	27.16	-0.045	94.993	5.007	0	Parked
1/1/2026 8:17	Idle	59.486	374.61	-0.15	27.16	-0.045	94.993	5.007	0	Parked
1/1/2026 8:17	Idle	59.485	374.61	-0.15	27.16	-0.045	94.993	5.007	0	Parked
1/1/2026 8:18	Idle	59.485	374.61	-0.15	27.16	-0.045	94.993	5.007	0	Parked
1/1/2026 8:18	Idle	59.485	374.61	-0.15	27.16	-0.045	94.993	5.007	0	Parked
1/1/2026 8:18	Idle	59.485	374.61	-0.15	27.15	-0.045	94.993	5.007	0	Parked
1/1/2026 8:18	Idle	59.484	374.61	-0.15	27.15	-0.045	94.993	5.007	0	Parked
1/1/2026 8:18	Idle	59.484	374.61	-0.15	27.15	-0.045	94.993	5.007	0	Parked
1/1/2026 8:18	Idle	59.484	374.61	-0.15	27.15	-0.045	94.993	5.007	0	Parked
1/1/2026 8:19	Idle	59.484	374.61	-0.15	27.14	-0.045	94.993	5.007	0	Parked
1/1/2026 8:19	Idle	59.483	374.61	-0.15	27.14	-0.045	94.993	5.007	0	Parked
1/1/2026 8:19	Idle	59.483	374.61	-0.15	27.14	-0.045	94.993	5.007	0	Parked
1/1/2026 8:19	Idle	59.483	374.61	-0.15	27.14	-0.045	94.993	5.007	0	Parked
1/1/2026 8:19	Idle	59.483	374.61	-0.15	27.13	-0.045	94.993	5.007	0	Parked
1/1/2026 8:19	Idle	59.483	374.61	-0.15	27.13	-0.045	94.993	5.007	0	Parked
1/1/2026 8:20	Idle	59.482	374.61	-0.15	27.13	-0.045	94.993	5.007	0	Parked
1/1/2026 8:20	Idle	59.482	374.61	-0.15	27.13	-0.045	94.993	5.007	0	Parked
1/1/2026 8:20	Idle	59.482	374.61	-0.15	27.13	-0.045	94.993	5.007	0	Parked
1/1/2026 8:20	Idle	59.482	374.61	-0.15	27.12	-0.045	94.993	5.007	0	Parked
1/1/2026 8:20	Idle	59.481	374.61	-0.15	27.12	-0.045	94.993	5.007	0	Parked
1/1/2026 8:20	Idle	59.481	374.6	-0.15	27.12	-0.045	94.993	5.007	0	Parked
1/1/2026 8:21	Idle	59.481	374.6	-0.15	27.12	-0.045	94.993	5.007	0	Parked
1/1/2026 8:21	Idle	59.481	374.6	-0.15	27.11	-0.045	94.993	5.007	0	Parked
1/1/2026 8:21	Idle	59.48	374.6	-0.15	27.11	-0.045	94.993	5.007	0	Parked
1/1/2026 8:21	Idle	59.48	374.6	-0.15	27.11	-0.045	94.993	5.007	0	Parked
1/1/2026 8:21	Idle	59.48	374.6	-0.15	27.11	-0.045	94.993	5.007	0	Parked
1/1/2026 8:21	Idle	59.48	374.6	-0.15	27.11	-0.045	94.993	5.007	0	Parked
1/1/2026 8:22	Idle	59.48	374.6	-0.15	27.1	-0.045	94.993	5.007	0	Parked
1/1/2026 8:22	Idle	59.479	374.6	-0.15	27.1	-0.045	94.993	5.007	0	Parked
1/1/2026 8:22	Idle	59.479	374.6	-0.15	27.1	-0.045	94.993	5.007	0	Parked
1/1/2026 8:22	Idle	59.479	374.6	-0.15	27.1	-0.045	94.993	5.007	0	Parked
1/1/2026 8:22	Idle	59.479	374.6	-0.15	27.09	-0.045	94.993	5.007	0	Parked
1/1/2026 8:22	Idle	59.478	374.6	-0.15	27.09	-0.045	94.993	5.007	0	Parked
1/1/2026 8:23	Idle	59.478	374.6	-0.15	27.09	-0.045	94.993	5.007	0	Parked
1/1/2026 8:23	Idle	59.478	374.6	-0.15	27.09	-0.045	94.993	5.007	0	Parked
1/1/2026 8:23	Idle	59.478	374.6	-0.15	27.09	-0.045	94.993	5.007	0	Parked
1/1/2026 8:23	Idle	59.478	374.6	-0.15	27.08	-0.045	94.993	5.007	0	Parked
1/1/2026 8:23	Idle	59.477	374.6	-0.15	27.08	-0.045	94.993	5.007	0	Parked
1/1/2026 8:23	Idle	59.477	374.6	-0.15	27.08	-0.045	94.993	5.007	0	Parked
1/1/2026 8:24	Idle	59.477	374.6	-0.15	27.08	-0.045	94.993	5.007	0	Parked
1/1/2026 8:24	Idle	59.477	374.6	-0.15	27.08	-0.045	94.993	5.007	0	Parked
1/1/2026 8:24	Idle	59.476	374.6	-0.15	27.07	-0.045	94.993	5.007	0	Parked
1/1/2026 8:24	Idle	59.476	374.6	-0.15	27.07	-0.045	94.993	5.007	0	Parked
1/1/2026 8:24	Idle	59.476	374.6	-0.15	27.07	-0.045	94.993	5.007	0	Parked
1/1/2026 8:24	Idle	59.476	374.6	-0.15	27.07	-0.045	94.993	5.007	0	Parked
1/1/2026 8:25	Idle	59.475	374.6	-0.15	27.06	-0.045	94.993	5.007	0	Parked
1/1/2026 8:25	Idle	59.475	374.6	-0.15	27.06	-0.045	94.993	5.007	0	Parked
1/1/2026 8:25	Idle	59.475	374.6	-0.15	27.06	-0.045	94.993	5.007	0	Parked
1/1/2026 8:25	Idle	59.475	374.6	-0.15	27.06	-0.045	94.993	5.007	0	Parked
1/1/2026 8:25	Idle	59.475	374.6	-0.15	27.06	-0.045	94.993	5.007	0	Parked
1/1/2026 8:25	Idle	59.474	374.6	-0.15	27.05	-0.045	94.993	5.007	0	Parked
1/1/2026 8:26	Idle	59.474	374.6	-0.15	27.05	-0.045	94.993	5.007	0	Parked
1/1/2026 8:26	Idle	59.474	374.6	-0.15	27.05	-0.045	94.993	5.007	0	Parked
1/1/2026 8:26	Idle	59.474	374.6	-0.15	27.05	-0.045	94.993	5.007	0	Parked
1/1/2026 8:26	Idle	59.473	374.6	-0.15	27.05	-0.045	94.993	5.007	0	Parked
1/1/2026 8:26	Idle	59.473	374.6	-0.15	27.04	-0.045	94.993	5.007	0	Parked
1/1/2026 8:26	Idle	59.473	374.6	-0.15	27.04	-0.045	94.993	5.007	0	Parked
1/1/2026 8:27	Idle	59.473	374.6	-0.15	27.04	-0.045	94.993	5.007	0	Parked
1/1/2026 8:27	Idle	59.472	374.6	-0.15	27.04	-0.045	94.993	5.007	0	Parked
1/1/2026 8:27	Idle	59.472	374.6	-0.15	27.03	-0.045	94.993	5.007	0	Parked
1/1/2026 8:27	Idle	59.472	374.6	-0.15	27.03	-0.045	94.993	5.007	0	Parked
1/1/2026 8:27	Idle	59.472	374.6	-0.15	27.03	-0.045	94.993	5.007	0	Parked
1/1/2026 8:27	Idle	59.472	374.6	-0.15	27.03	-0.045	94.993	5.007	0	Parked
1/1/2026 8:28	Idle	59.471	374.6	-0.15	27.03	-0.045	94.993	5.007	0	Parked
1/1/2026 8:28	Idle	59.471	374.6	-0.15	27.02	-0.045	94.993	5.007	0	Parked
1/1/2026 8:28	Idle	59.471	374.6	-0.15	27.02	-0.045	94.993	5.007	0	Parked
1/1/2026 8:28	Idle	59.471	374.6	-0.15	27.02	-0.045	94.993	5.007	0	Parked
1/1/2026 8:28	Idle	59.47	374.6	-0.15	27.02	-0.045	94.993	5.007	0	Parked
1/1/2026 8:28	Idle	59.47	374.6	-0.15	27.02	-0.045	94.993	5.007	0	Parked
1/1/2026 8:29	Idle	59.47	374.6	-0.15	27.01	-0.045	94.993	5.007	0	Parked
1/1/2026 8:29	Idle	59.47	374.6	-0.15	27.01	-0.045	94.993	5.007	0	Parked
1/1/2026 8:29	Idle	59.469	374.6	-0.15	27.01	-0.045	94.993	5.007	0	Parked
1/1/2026 8:29	Idle	59.469	374.6	-0.15	27.01	-0.045	94.993	5.007	0	Parked
1/1/2026 8:29	Idle	59.469	374.6	-0.15	27.01	-0.045	94.993	5.007	0	Parked
1/1/2026 8:29	Idle	59.469	374.6	-0.15	27	-0.045	94.993	5.007	0	Parked
1/1/2026 8:30	Idle	59.469	374.6	-0.15	27	-0.045	94.993	5.007	0	Parked
1/1/2026 8:30	Idle	59.468	374.6	-0.15	27	-0.045	94.993	5.007	0	Parked
1/1/2026 8:30	Idle	59.468	374.6	-0.15	27	-0.045	94.993	5.007	0	Parked
1/1/2026 8:30	Idle	59.468	374.59	-0.15	27	-0.045	94.993	5.007	0	Parked
1/1/2026 8:30	Idle	59.468	374.59	-0.15	26.99	-0.045	94.993	5.007	0	Parked
1/1/2026 8:30	Idle	59.467	374.59	-0.15	26.99	-0.045	94.993	5.007	0	Parked
1/1/2026 8:31	Idle	59.467	374.59	-0.15	26.99	-0.045	94.993	5.007	0	Parked
1/1/2026 8:31	Idle	59.467	374.59	-0.15	26.99	-0.045	94.993	5.007	0	Parked
1/1/2026 8:31	Idle	59.467	374.59	-0.15	26.99	-0.045	94.993	5.007	0	Parked
1/1/2026 8:31	Idle	59.466	374.59	-0.15	26.98	-0.045	94.993	5.007	0	Parked
1/1/2026 8:31	Idle	59.466	374.59	-0.15	26.98	-0.045	94.993	5.007	0	Parked
1/1/2026 8:31	Idle	59.466	374.59	-0.15	26.98	-0.045	94.993	5.007	0	Parked
1/1/2026 8:32	Idle	59.466	374.59	-0.15	26.98	-0.045	94.993	5.007	0	Parked
1/1/2026 8:32	Idle	59.466	374.59	-0.15	26.98	-0.045	94.993	5.007	0	Parked
1/1/2026 8:32	Idle	59.465	374.59	-0.15	26.97	-0.045	94.993	5.007	0	Parked
1/1/2026 8:32	Idle	59.465	374.59	-0.15	26.97	-0.045	94.993	5.007	0	Parked
1/1/2026 8:32	Idle	59.465	374.59	-0.15	26.97	-0.045	94.993	5.007	0	Parked
1/1/2026 8:32	Idle	59.465	374.59	-0.15	26.97	-0.045	94.993	5.007	0	Parked
1/1/2026 8:33	Idle	59.464	374.59	-0.15	26.97	-0.045	94.993	5.007	0	Parked
1/1/2026 8:33	Idle	59.464	374.59	-0.15	26.96	-0.045	94.993	5.007	0	Parked
1/1/2026 8:33	Idle	59.464	374.59	-0.15	26.96	-0.045	94.993	5.007	0	Parked
1/1/2026 8:33	Idle	59.464	374.59	-0.15	26.96	-0.045	94.993	5.007	0	Parked
1/1/2026 8:33	Idle	59.463	374.59	-0.15	26.96	-0.045	94.993	5.007	0	Parked
1/1/2026 8:33	Idle	59.463	374.59	-0.15	26.96	-0.045	94.993	5.007	0	Parked
1/1/2026 8:34	Idle	59.463	374.59	-0.15	26.96	-0.045	94.993	5.007	0	Parked
1/1/2026 8:34	Idle	59.463	374.59	-0.15	26.95	-0.045	94.993	5.007	0	Parked
1/1/2026 8:34	Idle	59.463	374.59	-0.15	26.95	-0.045	94.993	5.007	0	Parked
1/1/2026 8:34	Idle	59.462	374.59	-0.15	26.95	-0.045	94.993	5.007	0	Parked
1/1/2026 8:34	Idle	59.462	374.59	-0.15	26.95	-0.045	94.993	5.007	0	Parked
1/1/2026 8:34	Idle	59.462	374.59	-0.15	26.95	-0.045	94.993	5.007	0	Parked
1/1/2026 8:35	Idle	59.462	374.59	-0.15	26.94	-0.045	94.993	5.007	0	Parked
1/1/2026 8:35	Idle	59.461	374.59	-0.15	26.94	-0.045	94.993	5.007	0	Parked
1/1/2026 8:35	Idle	59.461	374.59	-0.15	26.94	-0.045	94.993	5.007	0	Parked
1/1/2026 8:35	Idle	59.461	374.59	-0.15	26.94	-0.045	94.993	5.007	0	Parked
1/1/2026 8:35	Idle	59.461	374.59	-0.15	26.94	-0.045	94.993	5.007	0	Parked
1/1/2026 8:35	Idle	59.46	374.59	-0.15	26.93	-0.045	94.993	5.007	0	Parked
1/1/2026 8:36	Idle	59.46	374.59	-0.15	26.93	-0.045	94.993	5.007	0	Parked
1/1/2026 8:36	Idle	59.46	374.59	-0.15	26.93	-0.045	94.993	5.007	0	Parked
1/1/2026 8:36	Idle	59.46	374.59	-0.15	26.93	-0.045	94.993	5.007	0	Parked
1/1/2026 8:36	Idle	59.46	374.59	-0.15	26.93	-0.045	94.993	5.007	0	Parked
1/1/2026 8:36	Idle	59.459	374.59	-0.15	26.93	-0.045	94.993	5.007	0	Parked
1/1/2026 8:36	Idle	59.459	374.59	-0.15	26.92	-0.045	94.993	5.007	0	Parked
1/1/2026 8:37	Idle	59.459	374.59	-0.15	26.92	-0.045	94.993	5.007	0	Parked
1/1/2026 8:37	Idle	59.459	374.59	-0.15	26.92	-0.045	94.993	5.007	0	Parked
1/1/2026 8:37	Idle	59.458	374.59	-0.15	26.92	-0.045	94.993	5.007	0	Parked
1/1/2026 8:37	Idle	59.458	374.59	-0.15	26.92	-0.045	94.993	5.007	0	Parked
1/1/2026 8:37	Idle	59.458	374.59	-0.15	26.91	-0.045	94.993	5.007	0	Parked
1/1/2026 8:37	Idle	59.458	374.59	-0.15	26.91	-0.045	94.993	5.007	0	Parked
1/1/2026 8:38	Idle	59.458	374.59	-0.15	26.91	-0.045	94.993	5.007	0	Parked
1/1/2026 8:38	Idle	59.457	374.59	-0.15	26.91	-0.045	94.993	5.007	0	Parked
1/1/2026 8:38	Idle	59.457	374.59	-0.15	26.91	-0.045	94.993	5.007	0	Parked
1/1/2026 8:38	Idle	59.457	374.59	-0.15	26.9	-0.045	94.993	5.007	0	Parked
1/1/2026 8:38	Idle	59.457	374.59	-0.15	26.9	-0.045	94.993	5.007	0	Parked
1/1/2026 8:38	Idle	59.456	374.59	-0.15	26.9	-0.045	94.993	5.007	0	Parked
1/1/2026 8:39	Idle	59.456	374.59	-0.15	26.9	-0.045	94.993	5.007	0	Parked
1/1/2026 8:39	Idle	59.456	374.59	-0.15	26.9	-0.045	94.993	5.007	0	Parked
1/1/2026 8:39	Idle	59.456	374.59	-0.15	26.9	-0.045	94.993	5.007	0	Parked
1/1/2026 8:39	Idle	59.455	374.59	-0.15	26.89	-0.045	94.993	5.007	0	Parked
1/1/2026 8:39	Idle	59.455	374.59	-0.15	26.89	-0.045	94.993	5.007	0	Parked
1/1/2026 8:39	Idle	59.455	374.59	-0.15	26.89	-0.045	94.993	5.007	0	Parked
1/1/2026 8:40	Idle	59.455	374.59	-0.15	26.89	-0.045	94.993	5.007	0	Parked
1/1/2026 8:40	Idle	59.455	374.58	-0.15	26.89	-0.045	94.993	5.007	0	Parked
1/1/2026 8:40	Idle	59.454	374.58	-0.15	26.89	-0.045	94.993	5.007	0	Parked
1/1/2026 8:40	Idle	59.454	374.58	-0.15	26.88	-0.045	94.993	5.007	0	Parked
1/1/2026 8:40	Idle	59.454	374.58	-0.15	26.88	-0.045	94.993	5.007	0	Parked
1/1/2026 8:40	Idle	59.454	374.58	-0.15	26.88	-0.045	94.993	5.007	0	Parked
1/1/2026 8:41	Idle	59.453	374.58	-0.15	26.88	-0.045	94.993	5.007	0	Parked
1/1/2026 8:41	Idle	59.453	374.58	-0.15	26.88	-0.045	94.993	5.007	0	Parked
1/1/2026 8:41	Idle	59.453	374.58	-0.15	26.87	-0.045	94.993	5.007	0	Parked
1/1/2026 8:41	Idle	59.453	374.58	-0.15	26.87	-0.045	94.993	5.007	0	Parked
1/1/2026 8:41	Idle	59.452	374.58	-0.15	26.87	-0.045	94.993	5.007	0	Parked
1/1/2026 8:41	Idle	59.452	374.58	-0.15	26.87	-0.045	94.993	5.007	0	Parked
1/1/2026 8:42	Idle	59.452	374.58	-0.15	26.87	-0.045	94.993	5.007	0	Parked
1/1/2026 8:42	Idle	59.452	374.58	-0.15	26.87	-0.045	94.993	5.007	0	Parked
1/1/2026 8:42	Idle	59.452	374.58	-0.15	26.86	-0.045	94.993	5.007	0	Parked
1/1/2026 8:42	Idle	59.451	374.58	-0.15	26.86	-0.045	94.993	5.007	0	Parked
1/1/2026 8:42	Idle	59.451	374.58	-0.15	26.86	-0.045	94.993	5.007	0	Parked
1/1/2026 8:42	Idle	59.451	374.58	-0.15	26.86	-0.045	94.993	5.007	0	Parked
1/1/2026 8:43	Idle	59.451	374.58	-0.15	26.86	-0.045	94.993	5.007	0	Parked
1/1/2026 8:43	Idle	59.45	374.58	-0.15	26.86	-0.045	94.993	5.007	0	Parked
1/1/2026 8:43	Idle	59.45	374.58	-0.15	26.85	-0.045	94.993	5.007	0	Parked
1/1/2026 8:43	Idle	59.45	374.58	-0.15	26.85	-0.045	94.993	5.007	0	Parked
1/1/2026 8:43	Idle	59.45	374.58	-0.15	26.85	-0.045	94.993	5.007	0	Parked
1/1/2026 8:43	Idle	59.449	374.58	-0.15	26.85	-0.045	94.993	5.007	0	Parked
1/1/2026 8:44	Idle	59.449	374.58	-0.15	26.85	-0.045	94.993	5.007	0	Parked
1/1/2026 8:44	Idle	59.449	374.58	-0.15	26.85	-0.045	94.993	5.007	0	Parked
1/1/2026 8:44	Idle	59.449	374.58	-0.15	26.84	-0.045	94.993	5.007	0	Parked
1/1/2026 8:44	Idle	59.449	374.58	-0.15	26.84	-0.045	94.993	5.007	0	Parked
1/1/2026 8:44	Idle	59.448	374.58	-0.15	26.84	-0.045	94.993	5.007	0	Parked
1/1/2026 8:44	Idle	59.448	374.58	-0.15	26.84	-0.045	94.993	5.007	0	Parked
1/1/2026 8:45	Idle	59.448	374.58	-0.15	26.84	-0.045	94.993	5.007	0	Parked
1/1/2026 8:45	Idle	59.448	374.58	-0.15	26.84	-0.045	94.993	5.007	0	Parked
1/1/2026 8:45	Idle	59.447	374.58	-0.15	26.83	-0.045	94.993	5.007	0	Parked
1/1/2026 8:45	Idle	59.447	374.58	-0.15	26.83	-0.045	94.993	5.007	0	Parked
1/1/2026 8:45	Idle	59.447	374.58	-0.15	26.83	-0.045	94.993	5.007	0	Parked
1/1/2026 8:45	Idle	59.447	374.58	-0.15	26.83	-0.045	94.993	5.007	0	Parked
1/1/2026 8:46	Idle	59.446	374.58	-0.15	26.83	-0.045	94.993	5.007	0	Parked
1/1/2026 8:46	Idle	59.446	374.58	-0.15	26.83	-0.045	94.993	5.007	0	Parked
1/1/2026 8:46	Idle	59.446	374.58	-0.15	26.82	-0.045	94.993	5.007	0	Parked
1/1/2026 8:46	Idle	59.446	374.58	-0.15	26.82	-0.045	94.993	5.007	0	Parked
1/1/2026 8:46	Idle	59.446	374.58	-0.15	26.82	-0.045	94.993	5.007	0	Parked
1/1/2026 8:46	Idle	59.445	374.58	-0.15	26.82	-0.045	94.993	5.007	0	Parked
1/1/2026 8:47	Idle	59.445	374.58	-0.15	26.82	-0.045	94.993	5.007	0	Parked
1/1/2026 8:47	Idle	59.445	374.58	-0.15	26.82	-0.045	94.993	5.007	0	Parked
1/1/2026 8:47	Idle	59.445	374.58	-0.15	26.81	-0.045	94.993	5.007	0	Parked
1/1/2026 8:47	Idle	59.444	374.58	-0.15	26.81	-0.045	94.993	5.007	0	Parked
1/1/2026 8:47	Idle	59.444	374.58	-0.15	26.81	-0.045	94.993	5.007	0	Parked
1/1/2026 8:47	Idle	59.444	374.58	-0.15	26.81	-0.045	94.993	5.007	0	Parked
1/1/2026 8:48	Idle	59.444	374.58	-0.15	26.81	-0.045	94.993	5.007	0	Parked
1/1/2026 8:48	Idle	59.443	374.58	-0.15	26.81	-0.045	94.993	5.007	0	Parked
1/1/2026 8:48	Idle	59.443	374.58	-0.15	26.8	-0.045	94.993	5.007	0	Parked
1/1/2026 8:48	Idle	59.443	374.58	-0.15	26.8	-0.045	94.993	5.007	0	Parked
1/1/2026 8:48	Idle	59.443	374.58	-0.15	26.8	-0.045	94.993	5.007	0	Parked
1/1/2026 8:48	Idle	59.443	374.58	-0.15	26.8	-0.045	94.993	5.007	0	Parked
1/1/2026 8:49	Idle	59.442	374.58	-0.15	26.8	-0.045	94.993	5.007	0	Parked
1/1/2026 8:49	Idle	59.442	374.58	-0.15	26.8	-0.045	94.993	5.007	0	Parked
1/1/2026 8:49	Idle	59.442	374.58	-0.15	26.79	-0.045	94.993	5.007	0	Parked
1/1/2026 8:49	Idle	59.442	374.58	-0.15	26.79	-0.045	94.993	5.007	0	Parked
1/1/2026 8:49	Idle	59.441	374.58	-0.15	26.79	-0.045	94.993	5.007	0	Parked
1/1/2026 8:49	Idle	59.441	374.57	-0.15	26.79	-0.045	94.993	5.007	0	Parked
1/1/2026 8:50	Idle	59.441	374.57	-0.15	26.79	-0.045	94.993	5.007	0	Parked
1/1/2026 8:50	Idle	59.441	374.57	-0.15	26.79	-0.045	94.993	5.007	0	Parked
1/1/2026 8:50	Idle	59.441	374.57	-0.15	26.79	-0.045	94.993	5.007	0	Parked
1/1/2026 8:50	Idle	59.44	374.57	-0.15	26.78	-0.045	94.993	5.007	0	Parked
1/1/2026 8:50	Idle	59.44	374.57	-0.15	26.78	-0.045	94.993	5.007	0	Parked
1/1/2026 8:50	Idle	59.44	374.57	-0.15	26.78	-0.045	94.993	5.007	0	Parked
1/1/2026 8:51	Idle	59.44	374.57	-0.15	26.78	-0.045	94.993	5.007	0	Parked
1/1/2026 8:51	Idle	59.439	374.57	-0.15	26.78	-0.045	94.993	5.007	0	Parked
1/1/2026 8:51	Idle	59.439	374.57	-0.15	26.78	-0.045	94.993	5.007	0	Parked
1/1/2026 8:51	Idle	59.439	374.57	-0.15	26.77	-0.045	94.993	5.007	0	Parked
1/1/2026 8:51	Idle	59.439	374.57	-0.15	26.77	-0.045	94.993	5.007	0	Parked
1/1/2026 8:51	Idle	59.438	374.57	-0.15	26.77	-0.045	94.993	5.007	0	Parked
1/1/2026 8:52	Idle	59.438	374.57	-0.15	26.77	-0.045	94.993	5.007	0	Parked
1/1/2026 8:52	Idle	59.438	374.57	-0.15	26.77	-0.045	94.993	5.007	0	Parked
1/1/2026 8:52	Idle	59.438	374.57	-0.15	26.77	-0.045	94.993	5.007	0	Parked
1/1/2026 8:52	Idle	59.438	374.57	-0.15	26.76	-0.045	94.993	5.007	0	Parked
1/1/2026 8:52	Idle	59.437	374.57	-0.15	26.76	-0.045	94.993	5.007	0	Parked
1/1/2026 8:52	Idle	59.437	374.57	-0.15	26.76	-0.045	94.993	5.007	0	Parked
1/1/2026 8:53	Idle	59.437	374.57	-0.15	26.76	-0.045	94.993	5.007	0	Parked
1/1/2026 8:53	Idle	59.437	374.57	-0.15	26.76	-0.045	94.993	5.007	0	Parked
1/1/2026 8:53	Idle	59.436	374.57	-0.15	26.76	-0.045	94.993	5.007	0	Parked
1/1/2026 8:53	Idle	59.436	374.57	-0.15	26.76	-0.045	94.993	5.007	0	Parked
1/1/2026 8:53	Idle	59.436	374.57	-0.15	26.75	-0.045	94.993	5.007	0	Parked
1/1/2026 8:53	Idle	59.436	374.57	-0.15	26.75	-0.045	94.993	5.007	0	Parked
1/1/2026 8:54	Idle	59.435	374.57	-0.15	26.75	-0.045	94.993	5.007	0	Parked
1/1/2026 8:54	Idle	59.435	374.57	-0.15	26.75	-0.045	94.993	5.007	0	Parked
1/1/2026 8:54	Idle	59.435	374.57	-0.15	26.75	-0.045	94.993	5.007	0	Parked
1/1/2026 8:54	Idle	59.435	374.57	-0.15	26.75	-0.045	94.993	5.007	0	Parked
1/1/2026 8:54	Idle	59.435	374.57	-0.15	26.75	-0.045	94.993	5.007	0	Parked
1/1/2026 8:54	Idle	59.434	374.57	-0.15	26.74	-0.045	94.993	5.007	0	Parked
1/1/2026 8:55	Idle	59.434	374.57	-0.15	26.74	-0.045	94.993	5.007	0	Parked
1/1/2026 8:55	Idle	59.434	374.57	-0.15	26.74	-0.045	94.993	5.007	0	Parked
1/1/2026 8:55	Idle	59.434	374.57	-0.15	26.74	-0.045	94.993	5.007	0	Parked
1/1/2026 8:55	Idle	59.433	374.57	-0.15	26.74	-0.045	94.993	5.007	0	Parked
1/1/2026 8:55	Idle	59.433	374.57	-0.15	26.74	-0.045	94.993	5.007	0	Parked
1/1/2026 8:55	Idle	59.433	374.57	-0.15	26.73	-0.045	94.993	5.007	0	Parked
1/1/2026 8:56	Idle	59.433	374.57	-0.15	26.73	-0.045	94.993	5.007	0	Parked
1/1/2026 8:56	Idle	59.432	374.57	-0.15	26.73	-0.045	94.993	5.007	0	Parked
1/1/2026 8:56	Idle	59.432	374.57	-0.15	26.73	-0.045	94.993	5.007	0	Parked
1/1/2026 8:56	Idle	59.432	374.57	-0.15	26.73	-0.045	94.993	5.007	0	Parked
1/1/2026 8:56	Idle	59.432	374.57	-0.15	26.73	-0.045	94.993	5.007	0	Parked
1/1/2026 8:56	Idle	59.432	374.57	-0.15	26.73	-0.045	94.993	5.007	0	Parked
1/1/2026 8:57	Idle	59.431	374.57	-0.15	26.72	-0.045	94.993	5.007	0	Parked
1/1/2026 8:57	Idle	59.431	374.57	-0.15	26.72	-0.045	94.993	5.007	0	Parked
1/1/2026 8:57	Idle	59.431	374.57	-0.15	26.72	-0.045	94.993	5.007	0	Parked
1/1/2026 8:57	Idle	59.431	374.57	-0.15	26.72	-0.045	94.993	5.007	0	Parked
1/1/2026 8:57	Idle	59.43	374.57	-0.15	26.72	-0.045	94.993	5.007	0	Parked
1/1/2026 8:57	Idle	59.43	374.57	-0.15	26.72	-0.045	94.993	5.007	0	Parked
1/1/2026 8:58	Idle	59.43	374.57	-0.15	26.72	-0.045	94.993	5.007	0	Parked
1/1/2026 8:58	Idle	59.43	374.57	-0.15	26.71	-0.045	94.993	5.007	0	Parked
1/1/2026 8:58	Idle	59.429	374.57	-0.15	26.71	-0.045	94.993	5.007	0	Parked
1/1/2026 8:58	Idle	59.429	374.57	-0.15	26.71	-0.045	94.993	5.007	0	Parked
1/1/2026 8:58	Idle	59.429	374.57	-0.15	26.71	-0.045	94.993	5.007	0	Parked
1/1/2026 8:58	Idle	59.429	374.57	-0.15	26.71	-0.045	94.993	5.007	0	Parked
1/1/2026 8:59	Idle	59.429	374.57	-0.15	26.71	-0.045	94.993	5.007	0	Parked
1/1/2026 8:59	Idle	59.428	374.57	-0.15	26.71	-0.045	94.993	5.007	0	Parked
1/1/2026 8:59	Idle	59.428	374.57	-0.15	26.7	-0.045	94.993	5.007	0	Parked
1/1/2026 8:59	Idle	59.428	374.56	-0.15	26.7	-0.045	94.993	5.007	0	Parked
1/1/2026 8:59	Idle	59.428	374.56	-0.15	26.7	-0.045	94.993	5.007	0	Parked
1/1/2026 8:59	Idle	59.427	374.56	-0.15	26.7	-0.045	94.993	5.007	0	Parked
1/1/2026 9:00	Idle	59.427	374.56	-0.15	26.7	-0.045	94.992	5.008	0	Parked
1/1/2026 9:00	Idle	59.427	374.56	-0.15	26.7	-0.045	94.992	5.008	0	Parked
1/1/2026 9:00	Idle	59.427	374.56	-0.15	26.7	-0.045	94.992	5.008	0	Parked
1/1/2026 9:00	Idle	59.426	374.56	-0.15	26.69	-0.045	94.992	5.008	0	Parked
1/1/2026 9:00	Idle	59.426	374.56	-0.15	26.69	-0.045	94.992	5.008	0	Parked
1/1/2026 9:00	Idle	59.426	374.56	-0.15	26.69	-0.045	94.992	5.008	0	Parked
1/1/2026 9:01	Idle	59.426	374.56	-0.15	26.69	-0.045	94.992	5.008	0	Parked
1/1/2026 9:01	Idle	59.426	374.56	-0.15	26.69	-0.045	94.992	5.008	0	Parked
1/1/2026 9:01	Idle	59.425	374.56	-0.15	26.69	-0.045	94.992	5.008	0	Parked
1/1/2026 9:01	Idle	59.425	374.56	-0.15	26.69	-0.045	94.992	5.008	0	Parked
1/1/2026 9:01	Idle	59.425	374.56	-0.15	26.69	-0.045	94.992	5.008	0	Parked
1/1/2026 9:01	Idle	59.425	374.56	-0.15	26.68	-0.045	94.992	5.008	0	Parked
1/1/2026 9:02	Idle	59.424	374.56	-0.15	26.68	-0.045	94.992	5.008	0	Parked
1/1/2026 9:02	Idle	59.424	374.56	-0.15	26.68	-0.045	94.992	5.008	0	Parked
1/1/2026 9:02	Idle	59.424	374.56	-0.15	26.68	-0.045	94.992	5.008	0	Parked
1/1/2026 9:02	Idle	59.424	374.56	-0.15	26.68	-0.045	94.992	5.008	0	Parked
1/1/2026 9:02	Idle	59.424	374.56	-0.15	26.68	-0.045	94.992	5.008	0	Parked
1/1/2026 9:02	Idle	59.423	374.56	-0.15	26.68	-0.045	94.992	5.008	0	Parked
1/1/2026 9:03	Idle	59.423	374.56	-0.15	26.67	-0.045	94.992	5.008	0	Parked
1/1/2026 9:03	Idle	59.423	374.56	-0.15	26.67	-0.045	94.992	5.008	0	Parked
1/1/2026 9:03	Idle	59.423	374.56	-0.15	26.67	-0.045	94.992	5.008	0	Parked
1/1/2026 9:03	Idle	59.422	374.56	-0.15	26.67	-0.045	94.992	5.008	0	Parked
1/1/2026 9:03	Idle	59.422	374.56	-0.15	26.67	-0.045	94.992	5.008	0	Parked
1/1/2026 9:03	Idle	59.422	374.56	-0.15	26.67	-0.045	94.992	5.008	0	Parked
1/1/2026 9:04	Idle	59.422	374.56	-0.15	26.67	-0.045	94.992	5.008	0	Parked
1/1/2026 9:04	Idle	59.421	374.56	-0.15	26.66	-0.045	94.992	5.008	0	Parked
1/1/2026 9:04	Idle	59.421	374.56	-0.15	26.66	-0.045	94.992	5.008	0	Parked
1/1/2026 9:04	Idle	59.421	374.56	-0.15	26.66	-0.045	94.992	5.008	0	Parked
1/1/2026 9:04	Idle	59.421	374.56	-0.15	26.66	-0.045	94.992	5.008	0	Parked
1/1/2026 9:04	Idle	59.421	374.56	-0.15	26.66	-0.045	94.992	5.008	0	Parked
1/1/2026 9:05	Idle	59.42	374.56	-0.15	26.66	-0.045	94.992	5.008	0	Parked
1/1/2026 9:05	Idle	59.42	374.56	-0.15	26.66	-0.045	94.992	5.008	0	Parked
1/1/2026 9:05	Idle	59.42	374.56	-0.15	26.66	-0.045	94.992	5.008	0	Parked
1/1/2026 9:05	Idle	59.42	374.56	-0.15	26.65	-0.045	94.992	5.008	0	Parked
1/1/2026 9:05	Idle	59.419	374.56	-0.15	26.65	-0.045	94.992	5.008	0	Parked
1/1/2026 9:05	Idle	59.419	374.56	-0.15	26.65	-0.045	94.992	5.008	0	Parked
1/1/2026 9:06	Idle	59.419	374.56	-0.15	26.65	-0.045	94.992	5.008	0	Parked
1/1/2026 9:06	Idle	59.419	374.56	-0.15	26.65	-0.045	94.992	5.008	0	Parked
1/1/2026 9:06	Idle	59.418	374.56	-0.15	26.65	-0.045	94.992	5.008	0	Parked
1/1/2026 9:06	Idle	59.418	374.56	-0.15	26.65	-0.045	94.992	5.008	0	Parked
1/1/2026 9:06	Idle	59.418	374.56	-0.15	26.65	-0.045	94.992	5.008	0	Parked
1/1/2026 9:06	Idle	59.418	374.56	-0.15	26.64	-0.045	94.992	5.008	0	Parked
1/1/2026 9:07	Idle	59.418	374.56	-0.15	26.64	-0.045	94.992	5.008	0	Parked
1/1/2026 9:07	Idle	59.417	374.56	-0.15	26.64	-0.045	94.992	5.008	0	Parked
1/1/2026 9:07	Idle	59.417	374.56	-0.15	26.64	-0.045	94.992	5.008	0	Parked
1/1/2026 9:07	Idle	59.417	374.56	-0.15	26.64	-0.045	94.992	5.008	0	Parked
1/1/2026 9:07	Idle	59.417	374.56	-0.15	26.64	-0.045	94.992	5.008	0	Parked
1/1/2026 9:07	Idle	59.416	374.56	-0.15	26.64	-0.045	94.992	5.008	0	Parked
1/1/2026 9:08	Idle	59.416	374.56	-0.15	26.63	-0.045	94.992	5.008	0	Parked
1/1/2026 9:08	Idle	59.416	374.56	-0.15	26.63	-0.045	94.992	5.008	0	Parked
1/1/2026 9:08	Idle	59.416	374.56	-0.15	26.63	-0.045	94.992	5.008	0	Parked
1/1/2026 9:08	Idle	59.415	374.56	-0.15	26.63	-0.045	94.992	5.008	0	Parked
1/1/2026 9:08	Idle	59.415	374.56	-0.15	26.63	-0.045	94.992	5.008	0	Parked
1/1/2026 9:08	Idle	59.415	374.56	-0.15	26.63	-0.045	94.992	5.008	0	Parked
1/1/2026 9:09	Idle	59.415	374.56	-0.15	26.63	-0.045	94.992	5.008	0	Parked
1/1/2026 9:09	Idle	59.415	374.55	-0.15	26.63	-0.045	94.992	5.008	0	Parked
1/1/2026 9:09	Idle	59.414	374.55	-0.15	26.62	-0.045	94.992	5.008	0	Parked
1/1/2026 9:09	Idle	59.414	374.55	-0.15	26.62	-0.045	94.992	5.008	0	Parked
1/1/2026 9:09	Idle	59.414	374.55	-0.15	26.62	-0.045	94.992	5.008	0	Parked
1/1/2026 9:09	Idle	59.414	374.55	-0.15	26.62	-0.045	94.992	5.008	0	Parked
1/1/2026 9:10	Idle	59.413	374.55	-0.15	26.62	-0.045	94.992	5.008	0	Parked
1/1/2026 9:10	Idle	59.413	374.55	-0.15	26.62	-0.045	94.992	5.008	0	Parked
1/1/2026 9:10	Idle	59.413	374.55	-0.15	26.62	-0.045	94.992	5.008	0	Parked
1/1/2026 9:10	Idle	59.413	374.55	-0.15	26.62	-0.045	94.992	5.008	0	Parked
1/1/2026 9:10	Idle	59.412	374.55	-0.15	26.61	-0.045	94.992	5.008	0	Parked
1/1/2026 9:10	Idle	59.412	374.55	-0.15	26.61	-0.045	94.992	5.008	0	Parked
1/1/2026 9:11	Idle	59.412	374.55	-0.15	26.61	-0.045	94.992	5.008	0	Parked
1/1/2026 9:11	Idle	59.412	374.55	-0.15	26.61	-0.045	94.992	5.008	0	Parked
1/1/2026 9:11	Idle	59.412	374.55	-0.15	26.61	-0.045	94.992	5.008	0	Parked
1/1/2026 9:11	Idle	59.411	374.55	-0.15	26.61	-0.045	94.992	5.008	0	Parked
1/1/2026 9:11	Idle	59.411	374.55	-0.15	26.61	-0.045	94.992	5.008	0	Parked
1/1/2026 9:11	Idle	59.411	374.55	-0.15	26.61	-0.045	94.992	5.008	0	Parked
1/1/2026 9:12	Idle	59.411	374.55	-0.15	26.61	-0.045	94.992	5.008	0	Parked
1/1/2026 9:12	Idle	59.41	374.55	-0.15	26.6	-0.045	94.992	5.008	0	Parked
1/1/2026 9:12	Idle	59.41	374.55	-0.15	26.6	-0.045	94.992	5.008	0	Parked
1/1/2026 9:12	Idle	59.41	374.55	-0.15	26.6	-0.045	94.992	5.008	0	Parked
1/1/2026 9:12	Idle	59.41	374.55	-0.15	26.6	-0.045	94.992	5.008	0	Parked
1/1/2026 9:12	Idle	59.409	374.55	-0.15	26.6	-0.045	94.992	5.008	0	Parked
1/1/2026 9:13	Idle	59.409	374.55	-0.15	26.6	-0.045	94.992	5.008	0	Parked
1/1/2026 9:13	Idle	59.409	374.55	-0.15	26.6	-0.045	94.992	5.008	0	Parked
1/1/2026 9:13	Idle	59.409	374.55	-0.15	26.6	-0.045	94.992	5.008	0	Parked
1/1/2026 9:13	Idle	59.409	374.55	-0.15	26.59	-0.045	94.992	5.008	0	Parked
1/1/2026 9:13	Idle	59.408	374.55	-0.15	26.59	-0.045	94.992	5.008	0	Parked
1/1/2026 9:13	Idle	59.408	374.55	-0.15	26.59	-0.045	94.992	5.008	0	Parked
1/1/2026 9:14	Idle	59.408	374.55	-0.15	26.59	-0.045	94.992	5.008	0	Parked
1/1/2026 9:14	Idle	59.408	374.55	-0.15	26.59	-0.045	94.992	5.008	0	Parked
1/1/2026 9:14	Idle	59.407	374.55	-0.15	26.59	-0.045	94.992	5.008	0	Parked
1/1/2026 9:14	Idle	59.407	374.55	-0.15	26.59	-0.045	94.992	5.008	0	Parked
1/1/2026 9:14	Idle	59.407	374.55	-0.15	26.59	-0.045	94.992	5.008	0	Parked
1/1/2026 9:14	Idle	59.407	374.55	-0.15	26.58	-0.045	94.992	5.008	0	Parked
1/1/2026 9:15	Idle	59.406	374.55	-0.15	26.58	-0.045	94.992	5.008	0	Parked
1/1/2026 9:15	Idle	59.406	374.55	-0.15	26.58	-0.045	94.992	5.008	0	Parked
1/1/2026 9:15	Idle	59.406	374.55	-0.15	26.58	-0.045	94.992	5.008	0	Parked
1/1/2026 9:15	Idle	59.406	374.55	-0.15	26.58	-0.045	94.992	5.008	0	Parked
1/1/2026 9:15	Idle	59.406	374.55	-0.15	26.58	-0.045	94.992	5.008	0	Parked
1/1/2026 9:15	Idle	59.405	374.55	-0.15	26.58	-0.045	94.992	5.008	0	Parked
1/1/2026 9:16	Idle	59.405	374.55	-0.15	26.58	-0.045	94.992	5.008	0	Parked
1/1/2026 9:16	Idle	59.405	374.55	-0.15	26.58	-0.045	94.992	5.008	0	Parked
1/1/2026 9:16	Idle	59.405	374.55	-0.15	26.57	-0.045	94.992	5.008	0	Parked
1/1/2026 9:16	Idle	59.404	374.55	-0.15	26.57	-0.045	94.992	5.008	0	Parked
1/1/2026 9:16	Idle	59.404	374.55	-0.15	26.57	-0.045	94.992	5.008	0	Parked
1/1/2026 9:16	Idle	59.404	374.55	-0.15	26.57	-0.045	94.992	5.008	0	Parked
1/1/2026 9:17	Idle	59.404	374.55	-0.15	26.57	-0.045	94.992	5.008	0	Parked
1/1/2026 9:17	Idle	59.404	374.55	-0.15	26.57	-0.045	94.992	5.008	0	Parked
1/1/2026 9:17	Idle	59.403	374.55	-0.15	26.57	-0.045	94.992	5.008	0	Parked
1/1/2026 9:17	Idle	59.403	374.55	-0.15	26.57	-0.045	94.992	5.008	0	Parked
1/1/2026 9:17	Idle	59.403	374.55	-0.15	26.57	-0.045	94.992	5.008	0	Parked
1/1/2026 9:17	Idle	59.403	374.55	-0.15	26.56	-0.045	94.992	5.008	0	Parked
1/1/2026 9:18	Idle	59.402	374.55	-0.15	26.56	-0.045	94.992	5.008	0	Parked
1/1/2026 9:18	Idle	59.402	374.55	-0.15	26.56	-0.045	94.992	5.008	0	Parked
1/1/2026 9:18	Idle	59.402	374.55	-0.15	26.56	-0.045	94.992	5.008	0	Parked
1/1/2026 9:18	Idle	59.402	374.55	-0.15	26.56	-0.045	94.992	5.008	0	Parked
1/1/2026 9:18	Idle	59.401	374.55	-0.15	26.56	-0.045	94.992	5.008	0	Parked
1/1/2026 9:18	Idle	59.401	374.54	-0.15	26.56	-0.045	94.992	5.008	0	Parked
1/1/2026 9:19	Idle	59.401	374.54	-0.15	26.56	-0.045	94.992	5.008	0	Parked
1/1/2026 9:19	Idle	59.401	374.54	-0.15	26.56	-0.045	94.992	5.008	0	Parked
1/1/2026 9:19	Idle	59.401	374.54	-0.15	26.55	-0.045	94.992	5.008	0	Parked
1/1/2026 9:19	Idle	59.4	374.54	-0.15	26.55	-0.045	94.992	5.008	0	Parked
1/1/2026 9:19	Idle	59.4	374.54	-0.15	26.55	-0.045	94.992	5.008	0	Parked
1/1/2026 9:19	Idle	59.4	374.54	-0.15	26.55	-0.045	94.992	5.008	0	Parked
1/1/2026 9:20	Idle	59.4	374.54	-0.15	26.55	-0.045	94.992	5.008	0	Parked
1/1/2026 9:20	Idle	59.399	374.54	-0.15	26.55	-0.045	94.992	5.008	0	Parked
1/1/2026 9:20	Idle	59.399	374.54	-0.15	26.55	-0.045	94.992	5.008	0	Parked
1/1/2026 9:20	Idle	59.399	374.54	-0.15	26.55	-0.045	94.992	5.008	0	Parked
1/1/2026 9:20	Idle	59.399	374.54	-0.15	26.55	-0.045	94.992	5.008	0	Parked
1/1/2026 9:20	Idle	59.398	374.54	-0.15	26.54	-0.045	94.992	5.008	0	Parked
1/1/2026 9:21	Idle	59.398	374.54	-0.15	26.54	-0.045	94.992	5.008	0	Parked
1/1/2026 9:21	Idle	59.398	374.54	-0.15	26.54	-0.045	94.992	5.008	0	Parked
1/1/2026 9:21	Idle	59.398	374.54	-0.15	26.54	-0.045	94.992	5.008	0	Parked
1/1/2026 9:21	Idle	59.398	374.54	-0.15	26.54	-0.045	94.992	5.008	0	Parked
1/1/2026 9:21	Idle	59.397	374.54	-0.15	26.54	-0.045	94.992	5.008	0	Parked
1/1/2026 9:21	Idle	59.397	374.54	-0.15	26.54	-0.045	94.992	5.008	0	Parked
1/1/2026 9:22	Idle	59.397	374.54	-0.15	26.54	-0.045	94.992	5.008	0	Parked
1/1/2026 9:22	Idle	59.397	374.54	-0.15	26.54	-0.045	94.992	5.008	0	Parked
1/1/2026 9:22	Idle	59.396	374.54	-0.15	26.53	-0.045	94.992	5.008	0	Parked
1/1/2026 9:22	Idle	59.396	374.54	-0.15	26.53	-0.045	94.992	5.008	0	Parked
1/1/2026 9:22	Idle	59.396	374.54	-0.15	26.53	-0.045	94.992	5.008	0	Parked
1/1/2026 9:22	Idle	59.396	374.54	-0.15	26.53	-0.045	94.992	5.008	0	Parked
1/1/2026 9:23	Idle	59.395	374.54	-0.15	26.53	-0.045	94.992	5.008	0	Parked
1/1/2026 9:23	Idle	59.395	374.54	-0.15	26.53	-0.045	94.992	5.008	0	Parked
1/1/2026 9:23	Idle	59.395	374.54	-0.15	26.53	-0.045	94.992	5.008	0	Parked
1/1/2026 9:23	Idle	59.395	374.54	-0.15	26.53	-0.045	94.992	5.008	0	Parked
1/1/2026 9:23	Idle	59.395	374.54	-0.15	26.53	-0.045	94.992	5.008	0	Parked
1/1/2026 9:23	Idle	59.394	374.54	-0.15	26.52	-0.045	94.992	5.008	0	Parked
1/1/2026 9:24	Idle	59.394	374.54	-0.15	26.52	-0.045	94.992	5.008	0	Parked
1/1/2026 9:24	Idle	59.394	374.54	-0.15	26.52	-0.045	94.992	5.008	0	Parked
1/1/2026 9:24	Idle	59.394	374.54	-0.15	26.52	-0.045	94.992	5.008	0	Parked
1/1/2026 9:24	Idle	59.393	374.54	-0.15	26.52	-0.045	94.992	5.008	0	Parked
1/1/2026 9:24	Idle	59.393	374.54	-0.15	26.52	-0.045	94.992	5.008	0	Parked
1/1/2026 9:24	Idle	59.393	374.54	-0.15	26.52	-0.045	94.992	5.008	0	Parked
1/1/2026 9:25	Idle	59.393	374.54	-0.15	26.52	-0.045	94.992	5.008	0	Parked
1/1/2026 9:25	Idle	59.392	374.54	-0.15	26.52	-0.045	94.992	5.008	0	Parked
1/1/2026 9:25	Idle	59.392	374.54	-0.15	26.52	-0.045	94.992	5.008	0	Parked
1/1/2026 9:25	Idle	59.392	374.54	-0.15	26.51	-0.045	94.992	5.008	0	Parked
1/1/2026 9:25	Idle	59.392	374.54	-0.15	26.51	-0.045	94.992	5.008	0	Parked
1/1/2026 9:25	Idle	59.392	374.54	-0.15	26.51	-0.045	94.992	5.008	0	Parked
1/1/2026 9:26	Idle	59.391	374.54	-0.15	26.51	-0.045	94.992	5.008	0	Parked
1/1/2026 9:26	Idle	59.391	374.54	-0.15	26.51	-0.045	94.992	5.008	0	Parked
1/1/2026 9:26	Idle	59.391	374.54	-0.15	26.51	-0.045	94.992	5.008	0	Parked
1/1/2026 9:26	Idle	59.391	374.54	-0.15	26.51	-0.045	94.992	5.008	0	Parked
1/1/2026 9:26	Idle	59.39	374.54	-0.15	26.51	-0.045	94.992	5.008	0	Parked
1/1/2026 9:26	Idle	59.39	374.54	-0.15	26.51	-0.045	94.992	5.008	0	Parked
1/1/2026 9:27	Idle	59.39	374.54	-0.15	26.51	-0.045	94.992	5.008	0	Parked
1/1/2026 9:27	Idle	59.39	374.54	-0.15	26.5	-0.045	94.992	5.008	0	Parked
1/1/2026 9:27	Idle	59.389	374.54	-0.15	26.5	-0.045	94.992	5.008	0	Parked
1/1/2026 9:27	Idle	59.389	374.54	-0.15	26.5	-0.045	94.992	5.008	0	Parked
1/1/2026 9:27	Idle	59.389	374.54	-0.15	26.5	-0.045	94.992	5.008	0	Parked
1/1/2026 9:27	Idle	59.389	374.54	-0.15	26.5	-0.045	94.992	5.008	0	Parked
1/1/2026 9:28	Idle	59.389	374.54	-0.15	26.5	-0.045	94.992	5.008	0	Parked
1/1/2026 9:28	Idle	59.388	374.54	-0.15	26.5	-0.045	94.992	5.008	0	Parked
1/1/2026 9:28	Idle	59.388	374.54	-0.15	26.5	-0.045	94.992	5.008	0	Parked
1/1/2026 9:28	Idle	59.388	374.53	-0.15	26.5	-0.045	94.992	5.008	0	Parked
1/1/2026 9:28	Idle	59.388	374.53	-0.15	26.5	-0.045	94.992	5.008	0	Parked
1/1/2026 9:28	Idle	59.387	374.53	-0.15	26.49	-0.045	94.992	5.008	0	Parked
1/1/2026 9:29	Idle	59.387	374.53	-0.15	26.49	-0.045	94.992	5.008	0	Parked
1/1/2026 9:29	Idle	59.387	374.53	-0.15	26.49	-0.045	94.992	5.008	0	Parked
1/1/2026 9:29	Idle	59.387	374.53	-0.15	26.49	-0.045	94.992	5.008	0	Parked
1/1/2026 9:29	Idle	59.387	374.53	-0.15	26.49	-0.045	94.992	5.008	0	Parked
1/1/2026 9:29	Idle	59.386	374.53	-0.15	26.49	-0.045	94.992	5.008	0	Parked
1/1/2026 9:29	Idle	59.386	374.53	-0.15	26.49	-0.045	94.992	5.008	0	Parked
1/1/2026 9:30	Idle	59.386	374.53	-0.15	26.49	-0.045	94.992	5.008	0	Parked
1/1/2026 9:30	Idle	59.386	374.53	-0.15	26.49	-0.045	94.992	5.008	0	Parked
1/1/2026 9:30	Idle	59.385	374.53	-0.15	26.49	-0.045	94.992	5.008	0	Parked
1/1/2026 9:30	Idle	59.385	374.53	-0.15	26.48	-0.045	94.992	5.008	0	Parked
1/1/2026 9:30	Idle	59.385	374.53	-0.15	26.48	-0.045	94.992	5.008	0	Parked
1/1/2026 9:30	Idle	59.385	374.53	-0.15	26.48	-0.045	94.992	5.008	0	Parked
1/1/2026 9:31	Idle	59.384	374.53	-0.15	26.48	-0.045	94.992	5.008	0	Parked
1/1/2026 9:31	Idle	59.384	374.53	-0.15	26.48	-0.045	94.992	5.008	0	Parked
1/1/2026 9:31	Idle	59.384	374.53	-0.15	26.48	-0.045	94.992	5.008	0	Parked
1/1/2026 9:31	Idle	59.384	374.53	-0.15	26.48	-0.045	94.992	5.008	0	Parked
1/1/2026 9:31	Idle	59.384	374.53	-0.15	26.48	-0.045	94.992	5.008	0	Parked
1/1/2026 9:31	Idle	59.383	374.53	-0.15	26.48	-0.045	94.992	5.008	0	Parked
1/1/2026 9:32	Idle	59.383	374.53	-0.15	26.48	-0.045	94.992	5.008	0	Parked
1/1/2026 9:32	Idle	59.383	374.53	-0.15	26.47	-0.045	94.992	5.008	0	Parked
1/1/2026 9:32	Idle	59.383	374.53	-0.15	26.47	-0.045	94.992	5.008	0	Parked
1/1/2026 9:32	Idle	59.382	374.53	-0.15	26.47	-0.045	94.992	5.008	0	Parked
1/1/2026 9:32	Idle	59.382	374.53	-0.15	26.47	-0.045	94.992	5.008	0	Parked
1/1/2026 9:32	Idle	59.382	374.53	-0.15	26.47	-0.045	94.992	5.008	0	Parked
1/1/2026 9:33	Idle	59.382	374.53	-0.15	26.47	-0.045	94.992	5.008	0	Parked
1/1/2026 9:33	Idle	59.381	374.53	-0.15	26.47	-0.045	94.992	5.008	0	Parked
1/1/2026 9:33	Idle	59.381	374.53	-0.15	26.47	-0.045	94.992	5.008	0	Parked
1/1/2026 9:33	Idle	59.381	374.53	-0.15	26.47	-0.045	94.992	5.008	0	Parked
1/1/2026 9:33	Idle	59.381	374.53	-0.15	26.47	-0.045	94.992	5.008	0	Parked
1/1/2026 9:33	Idle	59.381	374.53	-0.15	26.47	-0.045	94.992	5.008	0	Parked
1/1/2026 9:34	Idle	59.38	374.53	-0.15	26.46	-0.045	94.992	5.008	0	Parked
1/1/2026 9:34	Idle	59.38	374.53	-0.15	26.46	-0.045	94.992	5.008	0	Parked
1/1/2026 9:34	Idle	59.38	374.53	-0.15	26.46	-0.045	94.992	5.008	0	Parked
1/1/2026 9:34	Idle	59.38	374.53	-0.15	26.46	-0.045	94.992	5.008	0	Parked
1/1/2026 9:34	Idle	59.379	374.53	-0.15	26.46	-0.045	94.992	5.008	0	Parked
1/1/2026 9:34	Idle	59.379	374.53	-0.15	26.46	-0.045	94.992	5.008	0	Parked
1/1/2026 9:35	Idle	59.379	374.53	-0.15	26.46	-0.045	94.992	5.008	0	Parked
1/1/2026 9:35	Idle	59.379	374.53	-0.15	26.46	-0.045	94.992	5.008	0	Parked
1/1/2026 9:35	Idle	59.378	374.53	-0.15	26.46	-0.045	94.992	5.008	0	Parked
1/1/2026 9:35	Idle	59.378	374.53	-0.15	26.46	-0.045	94.992	5.008	0	Parked
1/1/2026 9:35	Idle	59.378	374.53	-0.15	26.46	-0.045	94.992	5.008	0	Parked
1/1/2026 9:35	Idle	59.378	374.53	-0.15	26.45	-0.045	94.992	5.008	0	Parked
1/1/2026 9:36	Idle	59.378	374.53	-0.15	26.45	-0.045	94.992	5.008	0	Parked
1/1/2026 9:36	Idle	59.377	374.53	-0.15	26.45	-0.045	94.992	5.008	0	Parked
1/1/2026 9:36	Idle	59.377	374.53	-0.15	26.45	-0.045	94.992	5.008	0	Parked
1/1/2026 9:36	Idle	59.377	374.53	-0.15	26.45	-0.045	94.992	5.008	0	Parked
1/1/2026 9:36	Idle	59.377	374.53	-0.15	26.45	-0.045	94.992	5.008	0	Parked
1/1/2026 9:36	Idle	59.376	374.53	-0.15	26.45	-0.045	94.992	5.008	0	Parked
1/1/2026 9:37	Idle	59.376	374.53	-0.15	26.45	-0.045	94.992	5.008	0	Parked
1/1/2026 9:37	Idle	59.376	374.53	-0.15	26.45	-0.045	94.992	5.008	0	Parked
1/1/2026 9:37	Idle	59.376	374.53	-0.15	26.45	-0.045	94.992	5.008	0	Parked
1/1/2026 9:37	Idle	59.375	374.53	-0.15	26.45	-0.045	94.992	5.008	0	Parked
1/1/2026 9:37	Idle	59.375	374.53	-0.15	26.44	-0.045	94.992	5.008	0	Parked
1/1/2026 9:37	Idle	59.375	374.53	-0.15	26.44	-0.045	94.992	5.008	0	Parked
1/1/2026 9:38	Idle	59.375	374.53	-0.15	26.44	-0.045	94.992	5.008	0	Parked
1/1/2026 9:38	Idle	59.375	374.52	-0.15	26.44	-0.045	94.992	5.008	0	Parked
1/1/2026 9:38	Idle	59.374	374.52	-0.15	26.44	-0.045	94.992	5.008	0	Parked
1/1/2026 9:38	Idle	59.374	374.52	-0.15	26.44	-0.045	94.992	5.008	0	Parked
1/1/2026 9:38	Idle	59.374	374.52	-0.15	26.44	-0.045	94.992	5.008	0	Parked
1/1/2026 9:38	Idle	59.374	374.52	-0.15	26.44	-0.045	94.992	5.008	0	Parked
1/1/2026 9:39	Idle	59.373	374.52	-0.15	26.44	-0.045	94.992	5.008	0	Parked
1/1/2026 9:39	Idle	59.373	374.52	-0.15	26.44	-0.045	94.992	5.008	0	Parked
1/1/2026 9:39	Idle	59.373	374.52	-0.15	26.44	-0.045	94.992	5.008	0	Parked
1/1/2026 9:39	Idle	59.373	374.52	-0.15	26.43	-0.045	94.992	5.008	0	Parked
1/1/2026 9:39	Idle	59.372	374.52	-0.15	26.43	-0.045	94.992	5.008	0	Parked
1/1/2026 9:39	Idle	59.372	374.52	-0.15	26.43	-0.045	94.992	5.008	0	Parked
1/1/2026 9:40	Idle	59.372	374.52	-0.15	26.43	-0.045	94.992	5.008	0	Parked
1/1/2026 9:40	Idle	59.372	374.52	-0.15	26.43	-0.045	94.992	5.008	0	Parked
1/1/2026 9:40	Idle	59.372	374.52	-0.15	26.43	-0.045	94.992	5.008	0	Parked
1/1/2026 9:40	Idle	59.371	374.52	-0.15	26.43	-0.045	94.992	5.008	0	Parked
1/1/2026 9:40	Idle	59.371	374.52	-0.15	26.43	-0.045	94.992	5.008	0	Parked
1/1/2026 9:40	Idle	59.371	374.52	-0.15	26.43	-0.045	94.992	5.008	0	Parked
1/1/2026 9:41	Idle	59.371	374.52	-0.15	26.43	-0.045	94.992	5.008	0	Parked
1/1/2026 9:41	Idle	59.37	374.52	-0.15	26.43	-0.045	94.992	5.008	0	Parked
1/1/2026 9:41	Idle	59.37	374.52	-0.15	26.43	-0.045	94.992	5.008	0	Parked
1/1/2026 9:41	Idle	59.37	374.52	-0.15	26.42	-0.045	94.992	5.008	0	Parked
1/1/2026 9:41	Idle	59.37	374.52	-0.15	26.42	-0.045	94.992	5.008	0	Parked
1/1/2026 9:41	Idle	59.37	374.52	-0.15	26.42	-0.045	94.992	5.008	0	Parked
1/1/2026 9:42	Idle	59.369	374.52	-0.15	26.42	-0.045	94.992	5.008	0	Parked
1/1/2026 9:42	Idle	59.369	374.52	-0.15	26.42	-0.045	94.992	5.008	0	Parked
1/1/2026 9:42	Idle	59.369	374.52	-0.15	26.42	-0.045	94.992	5.008	0	Parked
1/1/2026 9:42	Idle	59.369	374.52	-0.15	26.42	-0.045	94.992	5.008	0	Parked
1/1/2026 9:42	Idle	59.368	374.52	-0.15	26.42	-0.045	94.992	5.008	0	Parked
1/1/2026 9:42	Idle	59.368	374.52	-0.15	26.42	-0.045	94.992	5.008	0	Parked
1/1/2026 9:43	Idle	59.368	374.52	-0.15	26.42	-0.045	94.992	5.008	0	Parked
1/1/2026 9:43	Idle	59.368	374.52	-0.15	26.42	-0.045	94.992	5.008	0	Parked
1/1/2026 9:43	Idle	59.367	374.52	-0.15	26.42	-0.045	94.992	5.008	0	Parked
1/1/2026 9:43	Idle	59.367	374.52	-0.15	26.41	-0.045	94.992	5.008	0	Parked
1/1/2026 9:43	Idle	59.367	374.52	-0.15	26.41	-0.045	94.992	5.008	0	Parked
1/1/2026 9:43	Idle	59.367	374.52	-0.15	26.41	-0.045	94.992	5.008	0	Parked
1/1/2026 9:44	Idle	59.367	374.52	-0.15	26.41	-0.045	94.992	5.008	0	Parked
1/1/2026 9:44	Idle	59.366	374.52	-0.15	26.41	-0.045	94.992	5.008	0	Parked
1/1/2026 9:44	Idle	59.366	374.52	-0.15	26.41	-0.045	94.992	5.008	0	Parked
1/1/2026 9:44	Idle	59.366	374.52	-0.15	26.41	-0.045	94.992	5.008	0	Parked
1/1/2026 9:44	Idle	59.366	374.52	-0.15	26.41	-0.045	94.992	5.008	0	Parked
1/1/2026 9:44	Idle	59.365	374.52	-0.15	26.41	-0.045	94.992	5.008	0	Parked
1/1/2026 9:45	Idle	59.365	374.52	-0.15	26.41	-0.045	94.992	5.008	0	Parked
1/1/2026 9:45	Idle	59.365	374.52	-0.15	26.41	-0.045	94.992	5.008	0	Parked
1/1/2026 9:45	Idle	59.365	374.52	-0.15	26.41	-0.045	94.992	5.008	0	Parked
1/1/2026 9:45	Idle	59.364	374.52	-0.15	26.4	-0.045	94.992	5.008	0	Parked
1/1/2026 9:45	Idle	59.364	374.52	-0.15	26.4	-0.045	94.992	5.008	0	Parked
1/1/2026 9:45	Idle	59.364	374.52	-0.15	26.4	-0.045	94.992	5.008	0	Parked
1/1/2026 9:46	Idle	59.364	374.52	-0.15	26.4	-0.045	94.992	5.008	0	Parked
1/1/2026 9:46	Idle	59.364	374.52	-0.15	26.4	-0.045	94.992	5.008	0	Parked
1/1/2026 9:46	Idle	59.363	374.52	-0.15	26.4	-0.045	94.992	5.008	0	Parked
1/1/2026 9:46	Idle	59.363	374.52	-0.15	26.4	-0.045	94.992	5.008	0	Parked
1/1/2026 9:46	Idle	59.363	374.52	-0.15	26.4	-0.045	94.992	5.008	0	Parked
1/1/2026 9:46	Idle	59.363	374.52	-0.15	26.4	-0.045	94.992	5.008	0	Parked
1/1/2026 9:47	Idle	59.362	374.52	-0.15	26.4	-0.045	94.992	5.008	0	Parked
1/1/2026 9:47	Idle	59.362	374.52	-0.15	26.4	-0.045	94.992	5.008	0	Parked
1/1/2026 9:47	Idle	59.362	374.52	-0.15	26.4	-0.045	94.992	5.008	0	Parked
1/1/2026 9:47	Idle	59.362	374.52	-0.15	26.4	-0.045	94.992	5.008	0	Parked
1/1/2026 9:47	Idle	59.361	374.52	-0.15	26.39	-0.045	94.992	5.008	0	Parked
1/1/2026 9:47	Idle	59.361	374.51	-0.15	26.39	-0.045	94.992	5.008	0	Parked
1/1/2026 9:48	Idle	59.361	374.51	-0.15	26.39	-0.045	94.992	5.008	0	Parked
1/1/2026 9:48	Idle	59.361	374.51	-0.15	26.39	-0.045	94.992	5.008	0	Parked
1/1/2026 9:48	Idle	59.361	374.51	-0.15	26.39	-0.045	94.992	5.008	0	Parked
1/1/2026 9:48	Idle	59.36	374.51	-0.15	26.39	-0.045	94.992	5.008	0	Parked
1/1/2026 9:48	Idle	59.36	374.51	-0.15	26.39	-0.045	94.992	5.008	0	Parked
1/1/2026 9:48	Idle	59.36	374.51	-0.15	26.39	-0.045	94.992	5.008	0	Parked
1/1/2026 9:49	Idle	59.36	374.51	-0.15	26.39	-0.045	94.992	5.008	0	Parked
1/1/2026 9:49	Idle	59.359	374.51	-0.15	26.39	-0.045	94.992	5.008	0	Parked
1/1/2026 9:49	Idle	59.359	374.51	-0.15	26.39	-0.045	94.992	5.008	0	Parked
1/1/2026 9:49	Idle	59.359	374.51	-0.15	26.39	-0.045	94.992	5.008	0	Parked
1/1/2026 9:49	Idle	59.359	374.51	-0.15	26.38	-0.045	94.992	5.008	0	Parked
1/1/2026 9:49	Idle	59.358	374.51	-0.15	26.38	-0.045	94.992	5.008	0	Parked
1/1/2026 9:50	Idle	59.358	374.51	-0.15	26.38	-0.045	94.992	5.008	0	Parked
1/1/2026 9:50	Idle	59.358	374.51	-0.15	26.38	-0.045	94.992	5.008	0	Parked
1/1/2026 9:50	Idle	59.358	374.51	-0.15	26.38	-0.045	94.992	5.008	0	Parked
1/1/2026 9:50	Idle	59.358	374.51	-0.15	26.38	-0.045	94.992	5.008	0	Parked
1/1/2026 9:50	Idle	59.357	374.51	-0.15	26.38	-0.045	94.992	5.008	0	Parked
1/1/2026 9:50	Idle	59.357	374.51	-0.15	26.38	-0.045	94.992	5.008	0	Parked
1/1/2026 9:51	Idle	59.357	374.51	-0.15	26.38	-0.045	94.992	5.008	0	Parked
1/1/2026 9:51	Idle	59.357	374.51	-0.15	26.38	-0.045	94.992	5.008	0	Parked
1/1/2026 9:51	Idle	59.356	374.51	-0.15	26.38	-0.045	94.992	5.008	0	Parked
1/1/2026 9:51	Idle	59.356	374.51	-0.15	26.38	-0.045	94.992	5.008	0	Parked
1/1/2026 9:51	Idle	59.356	374.51	-0.15	26.38	-0.045	94.992	5.008	0	Parked
1/1/2026 9:51	Idle	59.356	374.51	-0.15	26.38	-0.045	94.992	5.008	0	Parked
1/1/2026 9:52	Idle	59.355	374.51	-0.15	26.37	-0.045	94.992	5.008	0	Parked
1/1/2026 9:52	Idle	59.355	374.51	-0.15	26.37	-0.045	94.992	5.008	0	Parked
1/1/2026 9:52	Idle	59.355	374.51	-0.15	26.37	-0.045	94.992	5.008	0	Parked
1/1/2026 9:52	Idle	59.355	374.51	-0.15	26.37	-0.045	94.992	5.008	0	Parked
1/1/2026 9:52	Idle	59.355	374.51	-0.15	26.37	-0.045	94.992	5.008	0	Parked
1/1/2026 9:52	Idle	59.354	374.51	-0.15	26.37	-0.045	94.992	5.008	0	Parked
1/1/2026 9:53	Idle	59.354	374.51	-0.15	26.37	-0.045	94.992	5.008	0	Parked
1/1/2026 9:53	Idle	59.354	374.51	-0.15	26.37	-0.045	94.992	5.008	0	Parked
1/1/2026 9:53	Idle	59.354	374.51	-0.15	26.37	-0.045	94.992	5.008	0	Parked
1/1/2026 9:53	Idle	59.353	374.51	-0.15	26.37	-0.045	94.992	5.008	0	Parked
1/1/2026 9:53	Idle	59.353	374.51	-0.15	26.37	-0.045	94.992	5.008	0	Parked
1/1/2026 9:53	Idle	59.353	374.51	-0.15	26.37	-0.045	94.992	5.008	0	Parked
1/1/2026 9:54	Idle	59.353	374.51	-0.15	26.37	-0.045	94.992	5.008	0	Parked
1/1/2026 9:54	Idle	59.352	374.51	-0.15	26.36	-0.045	94.992	5.008	0	Parked
1/1/2026 9:54	Idle	59.352	374.51	-0.15	26.36	-0.045	94.992	5.008	0	Parked
1/1/2026 9:54	Idle	59.352	374.51	-0.15	26.36	-0.045	94.992	5.008	0	Parked
1/1/2026 9:54	Idle	59.352	374.51	-0.15	26.36	-0.045	94.992	5.008	0	Parked
1/1/2026 9:54	Idle	59.352	374.51	-0.15	26.36	-0.045	94.992	5.008	0	Parked
1/1/2026 9:55	Idle	59.351	374.51	-0.15	26.36	-0.045	94.992	5.008	0	Parked
1/1/2026 9:55	Idle	59.351	374.51	-0.15	26.36	-0.045	94.992	5.008	0	Parked
1/1/2026 9:55	Idle	59.351	374.51	-0.15	26.36	-0.045	94.992	5.008	0	Parked
1/1/2026 9:55	Idle	59.351	374.51	-0.15	26.36	-0.045	94.992	5.008	0	Parked
1/1/2026 9:55	Idle	59.35	374.51	-0.15	26.36	-0.045	94.992	5.008	0	Parked
1/1/2026 9:55	Idle	59.35	374.51	-0.15	26.36	-0.045	94.992	5.008	0	Parked
1/1/2026 9:56	Idle	59.35	374.51	-0.15	26.36	-0.045	94.992	5.008	0	Parked
1/1/2026 9:56	Idle	59.35	374.51	-0.15	26.36	-0.045	94.992	5.008	0	Parked
1/1/2026 9:56	Idle	59.35	374.51	-0.15	26.36	-0.045	94.992	5.008	0	Parked
1/1/2026 9:56	Idle	59.349	374.51	-0.15	26.35	-0.045	94.992	5.008	0	Parked
1/1/2026 9:56	Idle	59.349	374.51	-0.15	26.35	-0.045	94.992	5.008	0	Parked
1/1/2026 9:56	Idle	59.349	374.51	-0.15	26.35	-0.045	94.992	5.008	0	Parked
1/1/2026 9:57	Idle	59.349	374.51	-0.15	26.35	-0.045	94.992	5.008	0	Parked
1/1/2026 9:57	Idle	59.348	374.51	-0.15	26.35	-0.045	94.992	5.008	0	Parked
1/1/2026 9:57	Idle	59.348	374.51	-0.15	26.35	-0.045	94.992	5.008	0	Parked
1/1/2026 9:57	Idle	59.348	374.5	-0.15	26.35	-0.045	94.992	5.008	0	Parked
1/1/2026 9:57	Idle	59.348	374.5	-0.15	26.35	-0.045	94.992	5.008	0	Parked
1/1/2026 9:57	Idle	59.347	374.5	-0.15	26.35	-0.045	94.992	5.008	0	Parked
1/1/2026 9:58	Idle	59.347	374.5	-0.15	26.35	-0.045	94.992	5.008	0	Parked
1/1/2026 9:58	Idle	59.347	374.5	-0.15	26.35	-0.045	94.992	5.008	0	Parked
1/1/2026 9:58	Idle	59.347	374.5	-0.15	26.35	-0.045	94.992	5.008	0	Parked
1/1/2026 9:58	Idle	59.347	374.5	-0.15	26.35	-0.045	94.992	5.008	0	Parked
1/1/2026 9:58	Idle	59.346	374.5	-0.15	26.35	-0.045	94.992	5.008	0	Parked
1/1/2026 9:58	Idle	59.346	374.5	-0.15	26.34	-0.045	94.992	5.008	0	Parked
1/1/2026 9:59	Idle	59.346	374.5	-0.15	26.34	-0.045	94.992	5.008	0	Parked
1/1/2026 9:59	Idle	59.346	374.5	-0.15	26.34	-0.045	94.992	5.008	0	Parked
1/1/2026 9:59	Idle	59.345	374.5	-0.15	26.34	-0.045	94.992	5.008	0	Parked
1/1/2026 9:59	Idle	59.345	374.5	-0.15	26.34	-0.045	94.992	5.008	0	Parked
1/1/2026 9:59	Idle	59.345	374.5	-0.15	26.34	-0.045	94.992	5.008	0	Parked
1/1/2026 9:59	Idle	59.345	374.5	-0.15	26.34	-0.045	94.992	5.008	0	Parked
1/1/2026 10:00	Idle	59.344	374.5	-0.15	26.34	-0.045	94.992	5.008	0	Parked
1/1/2026 10:00	Idle	59.344	374.5	-0.15	26.34	-0.045	94.992	5.008	0	Parked
1/1/2026 10:00	Idle	59.344	374.5	-0.15	26.34	-0.045	94.992	5.008	0	Parked
1/1/2026 10:00	Idle	59.344	374.5	-0.15	26.34	-0.045	94.992	5.008	0	Parked
1/1/2026 10:00	Idle	59.344	374.5	-0.15	26.34	-0.045	94.992	5.008	0	Parked
1/1/2026 10:00	Idle	59.343	374.5	-0.15	26.34	-0.045	94.992	5.008	0	Parked
1/1/2026 10:01	Idle	59.343	374.5	-0.15	26.34	-0.045	94.992	5.008	0	Parked
1/1/2026 10:01	Idle	59.343	374.5	-0.15	26.34	-0.045	94.992	5.008	0	Parked
1/1/2026 10:01	Idle	59.343	374.5	-0.15	26.33	-0.045	94.992	5.008	0	Parked
1/1/2026 10:01	Idle	59.342	374.5	-0.15	26.33	-0.045	94.992	5.008	0	Parked
1/1/2026 10:01	Idle	59.342	374.5	-0.15	26.33	-0.045	94.992	5.008	0	Parked
1/1/2026 10:01	Idle	59.342	374.5	-0.15	26.33	-0.045	94.992	5.008	0	Parked
1/1/2026 10:02	Idle	59.342	374.5	-0.15	26.33	-0.045	94.992	5.008	0	Parked
1/1/2026 10:02	Idle	59.341	374.5	-0.15	26.33	-0.045	94.992	5.008	0	Parked
1/1/2026 10:02	Idle	59.341	374.5	-0.15	26.33	-0.045	94.992	5.008	0	Parked
1/1/2026 10:02	Idle	59.341	374.5	-0.15	26.33	-0.045	94.992	5.008	0	Parked
1/1/2026 10:02	Idle	59.341	374.5	-0.15	26.33	-0.045	94.992	5.008	0	Parked
1/1/2026 10:02	Idle	59.341	374.5	-0.15	26.33	-0.045	94.992	5.008	0	Parked
1/1/2026 10:03	Idle	59.34	374.5	-0.15	26.33	-0.045	94.992	5.008	0	Parked
1/1/2026 10:03	Idle	59.34	374.5	-0.15	26.33	-0.045	94.992	5.008	0	Parked
1/1/2026 10:03	Idle	59.34	374.5	-0.15	26.33	-0.045	94.992	5.008	0	Parked
1/1/2026 10:03	Idle	59.34	374.5	-0.15	26.33	-0.045	94.992	5.008	0	Parked
1/1/2026 10:03	Idle	59.339	374.5	-0.15	26.33	-0.045	94.992	5.008	0	Parked
1/1/2026 10:03	Idle	59.339	374.5	-0.15	26.32	-0.045	94.992	5.008	0	Parked
1/1/2026 10:04	Idle	59.339	374.5	-0.15	26.32	-0.045	94.992	5.008	0	Parked
1/1/2026 10:04	Idle	59.339	374.5	-0.15	26.32	-0.045	94.992	5.008	0	Parked
1/1/2026 10:04	Idle	59.338	374.5	-0.15	26.32	-0.045	94.992	5.008	0	Parked
1/1/2026 10:04	Idle	59.338	374.5	-0.15	26.32	-0.045	94.992	5.008	0	Parked
1/1/2026 10:04	Idle	59.338	374.5	-0.15	26.32	-0.045	94.992	5.008	0	Parked
1/1/2026 10:04	Idle	59.338	374.5	-0.15	26.32	-0.045	94.992	5.008	0	Parked
1/1/2026 10:05	Idle	59.338	374.5	-0.15	26.32	-0.045	94.992	5.008	0	Parked
1/1/2026 10:05	Idle	59.337	374.5	-0.15	26.32	-0.045	94.992	5.008	0	Parked
1/1/2026 10:05	Idle	59.337	374.5	-0.15	26.32	-0.045	94.992	5.008	0	Parked
1/1/2026 10:05	Idle	59.337	374.5	-0.15	26.32	-0.045	94.992	5.008	0	Parked
1/1/2026 10:05	Idle	59.337	374.5	-0.15	26.32	-0.045	94.992	5.008	0	Parked
1/1/2026 10:05	Idle	59.336	374.5	-0.15	26.32	-0.045	94.992	5.008	0	Parked
1/1/2026 10:06	Idle	59.336	374.5	-0.15	26.32	-0.045	94.992	5.008	0	Parked
1/1/2026 10:06	Idle	59.336	374.5	-0.15	26.32	-0.045	94.992	5.008	0	Parked
1/1/2026 10:06	Idle	59.336	374.5	-0.15	26.32	-0.045	94.992	5.008	0	Parked
1/1/2026 10:06	Idle	59.335	374.5	-0.15	26.31	-0.045	94.992	5.008	0	Parked
1/1/2026 10:06	Idle	59.335	374.5	-0.15	26.31	-0.045	94.992	5.008	0	Parked
1/1/2026 10:06	Idle	59.335	374.5	-0.15	26.31	-0.045	94.992	5.008	0	Parked
1/1/2026 10:07	Idle	59.335	374.5	-0.15	26.31	-0.045	94.992	5.008	0	Parked
1/1/2026 10:07	Idle	59.335	374.49	-0.15	26.31	-0.045	94.992	5.008	0	Parked
1/1/2026 10:07	Idle	59.334	374.49	-0.15	26.31	-0.045	94.992	5.008	0	Parked
1/1/2026 10:07	Idle	59.334	374.49	-0.15	26.31	-0.045	94.992	5.008	0	Parked
1/1/2026 10:07	Idle	59.334	374.49	-0.15	26.31	-0.045	94.992	5.008	0	Parked
1/1/2026 10:07	Idle	59.334	374.49	-0.15	26.31	-0.045	94.992	5.008	0	Parked
1/1/2026 10:08	Idle	59.333	374.49	-0.15	26.31	-0.045	94.992	5.008	0	Parked
1/1/2026 10:08	Idle	59.333	374.49	-0.15	26.31	-0.045	94.992	5.008	0	Parked
1/1/2026 10:08	Idle	59.333	374.49	-0.15	26.31	-0.045	94.992	5.008	0	Parked
1/1/2026 10:08	Idle	59.333	374.49	-0.15	26.31	-0.045	94.992	5.008	0	Parked
1/1/2026 10:08	Idle	59.333	374.49	-0.15	26.31	-0.045	94.992	5.008	0	Parked
1/1/2026 10:08	Idle	59.332	374.49	-0.15	26.31	-0.045	94.992	5.008	0	Parked
1/1/2026 10:09	Idle	59.332	374.49	-0.15	26.31	-0.045	94.992	5.008	0	Parked
1/1/2026 10:09	Idle	59.332	374.49	-0.15	26.3	-0.045	94.992	5.008	0	Parked
1/1/2026 10:09	Idle	59.332	374.49	-0.15	26.3	-0.045	94.992	5.008	0	Parked
1/1/2026 10:09	Idle	59.331	374.49	-0.15	26.3	-0.045	94.992	5.008	0	Parked
1/1/2026 10:09	Idle	59.331	374.49	-0.15	26.3	-0.045	94.992	5.008	0	Parked
1/1/2026 10:09	Idle	59.331	374.49	-0.15	26.3	-0.045	94.992	5.008	0	Parked
1/1/2026 10:10	Idle	59.331	374.49	-0.15	26.3	-0.045	94.992	5.008	0	Parked
1/1/2026 10:10	Idle	59.33	374.49	-0.15	26.3	-0.045	94.992	5.008	0	Parked
1/1/2026 10:10	Idle	59.33	374.49	-0.15	26.3	-0.045	94.992	5.008	0	Parked
1/1/2026 10:10	Idle	59.33	374.49	-0.15	26.3	-0.045	94.992	5.008	0	Parked
1/1/2026 10:10	Idle	59.33	374.49	-0.15	26.3	-0.045	94.992	5.008	0	Parked
1/1/2026 10:10	Idle	59.33	374.49	-0.15	26.3	-0.045	94.992	5.008	0	Parked
1/1/2026 10:11	Idle	59.329	374.49	-0.15	26.3	-0.045	94.992	5.008	0	Parked
1/1/2026 10:11	Idle	59.329	374.49	-0.15	26.3	-0.045	94.992	5.008	0	Parked
1/1/2026 10:11	Idle	59.329	374.49	-0.15	26.3	-0.045	94.992	5.008	0	Parked
1/1/2026 10:11	Idle	59.329	374.49	-0.15	26.3	-0.045	94.992	5.008	0	Parked
1/1/2026 10:11	Idle	59.328	374.49	-0.15	26.3	-0.045	94.992	5.008	0	Parked
1/1/2026 10:11	Idle	59.328	374.49	-0.15	26.29	-0.045	94.992	5.008	0	Parked
1/1/2026 10:12	Idle	59.328	374.49	-0.15	26.29	-0.045	94.991	5.009	0	Parked
1/1/2026 10:12	Idle	59.328	374.49	-0.15	26.29	-0.045	94.991	5.009	0	Parked
1/1/2026 10:12	Idle	59.327	374.49	-0.15	26.29	-0.045	94.991	5.009	0	Parked
1/1/2026 10:12	Idle	59.327	374.49	-0.15	26.29	-0.045	94.991	5.009	0	Parked
1/1/2026 10:12	Idle	59.327	374.49	-0.15	26.29	-0.045	94.991	5.009	0	Parked
1/1/2026 10:12	Idle	59.327	374.49	-0.15	26.29	-0.045	94.991	5.009	0	Parked
1/1/2026 10:13	Idle	59.327	374.49	-0.15	26.29	-0.045	94.991	5.009	0	Parked
1/1/2026 10:13	Idle	59.326	374.49	-0.15	26.29	-0.045	94.991	5.009	0	Parked
1/1/2026 10:13	Idle	59.326	374.49	-0.15	26.29	-0.045	94.991	5.009	0	Parked
1/1/2026 10:13	Idle	59.326	374.49	-0.15	26.29	-0.045	94.991	5.009	0	Parked
1/1/2026 10:13	Idle	59.326	374.49	-0.15	26.29	-0.045	94.991	5.009	0	Parked
1/1/2026 10:13	Idle	59.325	374.49	-0.15	26.29	-0.045	94.991	5.009	0	Parked
1/1/2026 10:14	Idle	59.325	374.49	-0.15	26.29	-0.045	94.991	5.009	0	Parked
1/1/2026 10:14	Idle	59.325	374.49	-0.15	26.29	-0.045	94.991	5.009	0	Parked
1/1/2026 10:14	Idle	59.325	374.49	-0.15	26.29	-0.045	94.991	5.009	0	Parked
1/1/2026 10:14	Idle	59.324	374.49	-0.15	26.29	-0.045	94.991	5.009	0	Parked
1/1/2026 10:14	Idle	59.324	374.49	-0.15	26.29	-0.045	94.991	5.009	0	Parked
1/1/2026 10:14	Idle	59.324	374.49	-0.15	26.28	-0.045	94.991	5.009	0	Parked
1/1/2026 10:15	Idle	59.324	374.49	-0.15	26.28	-0.045	94.991	5.009	0	Parked
1/1/2026 10:15	Idle	59.324	374.49	-0.15	26.28	-0.045	94.991	5.009	0	Parked
1/1/2026 10:15	Idle	59.323	374.49	-0.15	26.28	-0.045	94.991	5.009	0	Parked
1/1/2026 10:15	Idle	59.323	374.49	-0.15	26.28	-0.045	94.991	5.009	0	Parked
1/1/2026 10:15	Idle	59.323	374.49	-0.15	26.28	-0.045	94.991	5.009	0	Parked
1/1/2026 10:15	Idle	59.323	374.49	-0.15	26.28	-0.045	94.991	5.009	0	Parked
1/1/2026 10:16	Idle	59.322	374.49	-0.15	26.28	-0.045	94.991	5.009	0	Parked
1/1/2026 10:16	Idle	59.322	374.49	-0.15	26.28	-0.045	94.991	5.009	0	Parked
1/1/2026 10:16	Idle	59.322	374.49	-0.15	26.28	-0.045	94.991	5.009	0	Parked
1/1/2026 10:16	Idle	59.322	374.49	-0.15	26.28	-0.045	94.991	5.009	0	Parked
1/1/2026 10:16	Idle	59.321	374.49	-0.15	26.28	-0.045	94.991	5.009	0	Parked
1/1/2026 10:16	Idle	59.321	374.48	-0.15	26.28	-0.045	94.991	5.009	0	Parked
1/1/2026 10:17	Idle	59.321	374.48	-0.15	26.28	-0.045	94.991	5.009	0	Parked
1/1/2026 10:17	Idle	59.321	374.48	-0.15	26.28	-0.045	94.991	5.009	0	Parked
1/1/2026 10:17	Idle	59.321	374.48	-0.15	26.28	-0.045	94.991	5.009	0	Parked
1/1/2026 10:17	Idle	59.32	374.48	-0.15	26.28	-0.045	94.991	5.009	0	Parked
1/1/2026 10:17	Idle	59.32	374.48	-0.15	26.27	-0.045	94.991	5.009	0	Parked
1/1/2026 10:17	Idle	59.32	374.48	-0.15	26.27	-0.045	94.991	5.009	0	Parked
1/1/2026 10:18	Idle	59.32	374.48	-0.15	26.27	-0.045	94.991	5.009	0	Parked
1/1/2026 10:18	Idle	59.319	374.48	-0.15	26.27	-0.045	94.991	5.009	0	Parked
1/1/2026 10:18	Idle	59.319	374.48	-0.15	26.27	-0.045	94.991	5.009	0	Parked
1/1/2026 10:18	Idle	59.319	374.48	-0.15	26.27	-0.045	94.991	5.009	0	Parked
1/1/2026 10:18	Idle	59.319	374.48	-0.15	26.27	-0.045	94.991	5.009	0	Parked
1/1/2026 10:18	Idle	59.318	374.48	-0.15	26.27	-0.045	94.991	5.009	0	Parked
1/1/2026 10:19	Idle	59.318	374.48	-0.15	26.27	-0.045	94.991	5.009	0	Parked
1/1/2026 10:19	Idle	59.318	374.48	-0.15	26.27	-0.045	94.991	5.009	0	Parked
1/1/2026 10:19	Idle	59.318	374.48	-0.15	26.27	-0.045	94.991	5.009	0	Parked
1/1/2026 10:19	Idle	59.318	374.48	-0.15	26.27	-0.045	94.991	5.009	0	Parked
1/1/2026 10:19	Idle	59.317	374.48	-0.15	26.27	-0.045	94.991	5.009	0	Parked
1/1/2026 10:19	Idle	59.317	374.48	-0.15	26.27	-0.045	94.991	5.009	0	Parked
1/1/2026 10:20	Idle	59.317	374.48	-0.15	26.27	-0.045	94.991	5.009	0	Parked
1/1/2026 10:20	Idle	59.317	374.48	-0.15	26.27	-0.045	94.991	5.009	0	Parked
1/1/2026 10:20	Idle	59.316	374.48	-0.15	26.27	-0.045	94.991	5.009	0	Parked
1/1/2026 10:20	Idle	59.316	374.48	-0.15	26.27	-0.045	94.991	5.009	0	Parked
1/1/2026 10:20	Idle	59.316	374.48	-0.15	26.27	-0.045	94.991	5.009	0	Parked
1/1/2026 10:20	Idle	59.316	374.48	-0.15	26.26	-0.045	94.991	5.009	0	Parked
1/1/2026 10:21	Idle	59.316	374.48	-0.15	26.26	-0.045	94.991	5.009	0	Parked
1/1/2026 10:21	Idle	59.315	374.48	-0.15	26.26	-0.045	94.991	5.009	0	Parked
1/1/2026 10:21	Idle	59.315	374.48	-0.15	26.26	-0.045	94.991	5.009	0	Parked
1/1/2026 10:21	Idle	59.315	374.48	-0.15	26.26	-0.045	94.991	5.009	0	Parked
1/1/2026 10:21	Idle	59.315	374.48	-0.15	26.26	-0.045	94.991	5.009	0	Parked
1/1/2026 10:21	Idle	59.314	374.48	-0.15	26.26	-0.045	94.991	5.009	0	Parked
1/1/2026 10:22	Idle	59.314	374.48	-0.15	26.26	-0.045	94.991	5.009	0	Parked
1/1/2026 10:22	Idle	59.314	374.48	-0.15	26.26	-0.045	94.991	5.009	0	Parked
1/1/2026 10:22	Idle	59.314	374.48	-0.15	26.26	-0.045	94.991	5.009	0	Parked
1/1/2026 10:22	Idle	59.313	374.48	-0.15	26.26	-0.045	94.991	5.009	0	Parked
1/1/2026 10:22	Idle	59.313	374.48	-0.15	26.26	-0.045	94.991	5.009	0	Parked
1/1/2026 10:22	Idle	59.313	374.48	-0.15	26.26	-0.045	94.991	5.009	0	Parked
1/1/2026 10:23	Idle	59.313	374.48	-0.15	26.26	-0.045	94.991	5.009	0	Parked
1/1/2026 10:23	Idle	59.313	374.48	-0.15	26.26	-0.045	94.991	5.009	0	Parked
1/1/2026 10:23	Idle	59.312	374.48	-0.15	26.26	-0.045	94.991	5.009	0	Parked
1/1/2026 10:23	Idle	59.312	374.48	-0.15	26.26	-0.045	94.991	5.009	0	Parked
1/1/2026 10:23	Idle	59.312	374.48	-0.15	26.26	-0.045	94.991	5.009	0	Parked
1/1/2026 10:23	Idle	59.312	374.48	-0.15	26.26	-0.045	94.991	5.009	0	Parked
1/1/2026 10:24	Idle	59.311	374.48	-0.15	26.25	-0.045	94.991	5.009	0	Parked
1/1/2026 10:24	Idle	59.311	374.48	-0.15	26.25	-0.045	94.991	5.009	0	Parked
1/1/2026 10:24	Idle	59.311	374.48	-0.15	26.25	-0.045	94.991	5.009	0	Parked
1/1/2026 10:24	Idle	59.311	374.48	-0.15	26.25	-0.045	94.991	5.009	0	Parked
1/1/2026 10:24	Idle	59.31	374.48	-0.15	26.25	-0.045	94.991	5.009	0	Parked
1/1/2026 10:24	Idle	59.31	374.48	-0.15	26.25	-0.045	94.991	5.009	0	Parked
1/1/2026 10:25	Idle	59.31	374.48	-0.15	26.25	-0.045	94.991	5.009	0	Parked
1/1/2026 10:25	Idle	59.31	374.48	-0.15	26.25	-0.045	94.991	5.009	0	Parked
1/1/2026 10:25	Idle	59.31	374.48	-0.15	26.25	-0.045	94.991	5.009	0	Parked
1/1/2026 10:25	Idle	59.309	374.48	-0.15	26.25	-0.045	94.991	5.009	0	Parked
1/1/2026 10:25	Idle	59.309	374.48	-0.15	26.25	-0.045	94.991	5.009	0	Parked
1/1/2026 10:25	Idle	59.309	374.48	-0.15	26.25	-0.045	94.991	5.009	0	Parked
1/1/2026 10:26	Idle	59.309	374.48	-0.15	26.25	-0.045	94.991	5.009	0	Parked
1/1/2026 10:26	Idle	59.308	374.48	-0.15	26.25	-0.045	94.991	5.009	0	Parked
1/1/2026 10:26	Idle	59.308	374.48	-0.15	26.25	-0.045	94.991	5.009	0	Parked
1/1/2026 10:26	Idle	59.308	374.47	-0.15	26.25	-0.045	94.991	5.009	0	Parked
1/1/2026 10:26	Idle	59.308	374.47	-0.15	26.25	-0.045	94.991	5.009	0	Parked
1/1/2026 10:26	Idle	59.307	374.47	-0.15	26.25	-0.045	94.991	5.009	0	Parked
1/1/2026 10:27	Idle	59.307	374.47	-0.15	26.25	-0.045	94.991	5.009	0	Parked
1/1/2026 10:27	Idle	59.307	374.47	-0.15	26.25	-0.045	94.991	5.009	0	Parked
1/1/2026 10:27	Idle	59.307	374.47	-0.15	26.24	-0.045	94.991	5.009	0	Parked
1/1/2026 10:27	Idle	59.307	374.47	-0.15	26.24	-0.045	94.991	5.009	0	Parked
1/1/2026 10:27	Idle	59.306	374.47	-0.15	26.24	-0.045	94.991	5.009	0	Parked
1/1/2026 10:27	Idle	59.306	374.47	-0.15	26.24	-0.045	94.991	5.009	0	Parked
1/1/2026 10:28	Idle	59.306	374.47	-0.15	26.24	-0.045	94.991	5.009	0	Parked
1/1/2026 10:28	Idle	59.306	374.47	-0.15	26.24	-0.045	94.991	5.009	0	Parked
1/1/2026 10:28	Idle	59.305	374.47	-0.15	26.24	-0.045	94.991	5.009	0	Parked
1/1/2026 10:28	Idle	59.305	374.47	-0.15	26.24	-0.045	94.991	5.009	0	Parked
1/1/2026 10:28	Idle	59.305	374.47	-0.15	26.24	-0.045	94.991	5.009	0	Parked
1/1/2026 10:28	Idle	59.305	374.47	-0.15	26.24	-0.045	94.991	5.009	0	Parked
1/1/2026 10:29	Idle	59.304	374.47	-0.15	26.24	-0.045	94.991	5.009	0	Parked
1/1/2026 10:29	Idle	59.304	374.47	-0.15	26.24	-0.045	94.991	5.009	0	Parked
1/1/2026 10:29	Idle	59.304	374.47	-0.15	26.24	-0.045	94.991	5.009	0	Parked
1/1/2026 10:29	Idle	59.304	374.47	-0.15	26.24	-0.045	94.991	5.009	0	Parked
1/1/2026 10:29	Idle	59.304	374.47	-0.15	26.24	-0.045	94.991	5.009	0	Parked
1/1/2026 10:29	Idle	59.303	374.47	-0.15	26.24	-0.045	94.991	5.009	0	Parked
1/1/2026 10:30	Idle	59.303	374.47	-0.15	26.24	-0.045	94.991	5.009	0	Parked
1/1/2026 10:30	Idle	59.303	374.47	-0.15	26.24	-0.045	94.991	5.009	0	Parked
1/1/2026 10:30	Idle	59.303	374.47	-0.15	26.24	-0.045	94.991	5.009	0	Parked
1/1/2026 10:30	Idle	59.302	374.47	-0.15	26.24	-0.045	94.991	5.009	0	Parked
1/1/2026 10:30	Idle	59.302	374.47	-0.15	26.24	-0.045	94.991	5.009	0	Parked
1/1/2026 10:30	Idle	59.302	374.47	-0.15	26.23	-0.045	94.991	5.009	0	Parked
1/1/2026 10:31	Idle	59.302	374.47	-0.15	26.23	-0.045	94.991	5.009	0	Parked
1/1/2026 10:31	Idle	59.301	374.47	-0.15	26.23	-0.045	94.991	5.009	0	Parked
1/1/2026 10:31	Idle	59.301	374.47	-0.15	26.23	-0.045	94.991	5.009	0	Parked
1/1/2026 10:31	Idle	59.301	374.47	-0.15	26.23	-0.045	94.991	5.009	0	Parked
1/1/2026 10:31	Idle	59.301	374.47	-0.15	26.23	-0.045	94.991	5.009	0	Parked
1/1/2026 10:31	Idle	59.301	374.47	-0.15	26.23	-0.045	94.991	5.009	0	Parked
1/1/2026 10:32	Idle	59.3	374.47	-0.15	26.23	-0.045	94.991	5.009	0	Parked
1/1/2026 10:32	Idle	59.3	374.47	-0.15	26.23	-0.045	94.991	5.009	0	Parked
1/1/2026 10:32	Idle	59.3	374.47	-0.15	26.23	-0.045	94.991	5.009	0	Parked
1/1/2026 10:32	Idle	59.3	374.47	-0.15	26.23	-0.045	94.991	5.009	0	Parked
1/1/2026 10:32	Idle	59.299	374.47	-0.15	26.23	-0.045	94.991	5.009	0	Parked
1/1/2026 10:32	Idle	59.299	374.47	-0.15	26.23	-0.045	94.991	5.009	0	Parked
1/1/2026 10:33	Idle	59.299	374.47	-0.15	26.23	-0.045	94.991	5.009	0	Parked
1/1/2026 10:33	Idle	59.299	374.47	-0.15	26.23	-0.045	94.991	5.009	0	Parked
1/1/2026 10:33	Idle	59.298	374.47	-0.15	26.23	-0.045	94.991	5.009	0	Parked
1/1/2026 10:33	Idle	59.298	374.47	-0.15	26.23	-0.045	94.991	5.009	0	Parked
1/1/2026 10:33	Idle	59.298	374.47	-0.15	26.23	-0.045	94.991	5.009	0	Parked
1/1/2026 10:33	Idle	59.298	374.47	-0.15	26.23	-0.045	94.991	5.009	0	Parked
1/1/2026 10:34	Idle	59.298	374.47	-0.15	26.23	-0.045	94.991	5.009	0	Parked
1/1/2026 10:34	Idle	59.297	374.47	-0.15	26.23	-0.045	94.991	5.009	0	Parked
1/1/2026 10:34	Idle	59.297	374.47	-0.15	26.23	-0.045	94.991	5.009	0	Parked
1/1/2026 10:34	Idle	59.297	374.47	-0.15	26.22	-0.045	94.991	5.009	0	Parked
1/1/2026 10:34	Idle	59.297	374.47	-0.15	26.22	-0.045	94.991	5.009	0	Parked
1/1/2026 10:34	Idle	59.296	374.47	-0.15	26.22	-0.045	94.991	5.009	0	Parked
1/1/2026 10:35	Idle	59.296	374.47	-0.15	26.22	-0.045	94.991	5.009	0	Parked
1/1/2026 10:35	Idle	59.296	374.47	-0.15	26.22	-0.045	94.991	5.009	0	Parked
1/1/2026 10:35	Idle	59.296	374.47	-0.15	26.22	-0.045	94.991	5.009	0	Parked
1/1/2026 10:35	Idle	59.296	374.47	-0.15	26.22	-0.045	94.991	5.009	0	Parked
1/1/2026 10:35	Idle	59.295	374.47	-0.15	26.22	-0.045	94.991	5.009	0	Parked
1/1/2026 10:35	Idle	59.295	374.47	-0.15	26.22	-0.045	94.991	5.009	0	Parked
1/1/2026 10:36	Idle	59.295	374.47	-0.15	26.22	-0.045	94.991	5.009	0	Parked
1/1/2026 10:36	Idle	59.295	374.46	-0.15	26.22	-0.045	94.991	5.009	0	Parked
1/1/2026 10:36	Idle	59.294	374.46	-0.15	26.22	-0.045	94.991	5.009	0	Parked
1/1/2026 10:36	Idle	59.294	374.46	-0.15	26.22	-0.045	94.991	5.009	0	Parked
1/1/2026 10:36	Idle	59.294	374.46	-0.15	26.22	-0.045	94.991	5.009	0	Parked
1/1/2026 10:36	Idle	59.294	374.46	-0.15	26.22	-0.045	94.991	5.009	0	Parked
1/1/2026 10:37	Idle	59.293	374.46	-0.15	26.22	-0.045	94.991	5.009	0	Parked
1/1/2026 10:37	Idle	59.293	374.46	-0.15	26.22	-0.045	94.991	5.009	0	Parked
1/1/2026 10:37	Idle	59.293	374.46	-0.15	26.22	-0.045	94.991	5.009	0	Parked
1/1/2026 10:37	Idle	59.293	374.46	-0.15	26.22	-0.045	94.991	5.009	0	Parked
1/1/2026 10:37	Idle	59.293	374.46	-0.15	26.22	-0.045	94.991	5.009	0	Parked
1/1/2026 10:37	Idle	59.292	374.46	-0.15	26.22	-0.045	94.991	5.009	0	Parked
1/1/2026 10:38	Idle	59.292	374.46	-0.15	26.22	-0.045	94.991	5.009	0	Parked
1/1/2026 10:38	Idle	59.292	374.46	-0.15	26.21	-0.045	94.991	5.009	0	Parked
1/1/2026 10:38	Idle	59.292	374.46	-0.15	26.21	-0.045	94.991	5.009	0	Parked
1/1/2026 10:38	Idle	59.291	374.46	-0.15	26.21	-0.045	94.991	5.009	0	Parked
1/1/2026 10:38	Idle	59.291	374.46	-0.15	26.21	-0.045	94.991	5.009	0	Parked
1/1/2026 10:38	Idle	59.291	374.46	-0.15	26.21	-0.045	94.991	5.009	0	Parked
1/1/2026 10:39	Idle	59.291	374.46	-0.15	26.21	-0.045	94.991	5.009	0	Parked
1/1/2026 10:39	Idle	59.29	374.46	-0.15	26.21	-0.045	94.991	5.009	0	Parked
1/1/2026 10:39	Idle	59.29	374.46	-0.15	26.21	-0.045	94.991	5.009	0	Parked
1/1/2026 10:39	Idle	59.29	374.46	-0.15	26.21	-0.045	94.991	5.009	0	Parked
1/1/2026 10:39	Idle	59.29	374.46	-0.15	26.21	-0.045	94.991	5.009	0	Parked
1/1/2026 10:39	Idle	59.29	374.46	-0.15	26.21	-0.045	94.991	5.009	0	Parked
1/1/2026 10:40	Idle	59.289	374.46	-0.15	26.21	-0.045	94.991	5.009	0	Parked
1/1/2026 10:40	Idle	59.289	374.46	-0.15	26.21	-0.045	94.991	5.009	0	Parked
1/1/2026 10:40	Idle	59.289	374.46	-0.15	26.21	-0.045	94.991	5.009	0	Parked
1/1/2026 10:40	Idle	59.289	374.46	-0.15	26.21	-0.045	94.991	5.009	0	Parked
1/1/2026 10:40	Idle	59.288	374.46	-0.15	26.21	-0.045	94.991	5.009	0	Parked
1/1/2026 10:40	Idle	59.288	374.46	-0.15	26.21	-0.045	94.991	5.009	0	Parked
1/1/2026 10:41	Idle	59.288	374.46	-0.15	26.21	-0.045	94.991	5.009	0	Parked
1/1/2026 10:41	Idle	59.288	374.46	-0.15	26.21	-0.045	94.991	5.009	0	Parked
1/1/2026 10:41	Idle	59.287	374.46	-0.15	26.21	-0.045	94.991	5.009	0	Parked
1/1/2026 10:41	Idle	59.287	374.46	-0.15	26.21	-0.045	94.991	5.009	0	Parked
1/1/2026 10:41	Idle	59.287	374.46	-0.15	26.21	-0.045	94.991	5.009	0	Parked
1/1/2026 10:41	Idle	59.287	374.46	-0.15	26.21	-0.045	94.991	5.009	0	Parked
1/1/2026 10:42	Idle	59.287	374.46	-0.15	26.21	-0.045	94.991	5.009	0	Parked
1/1/2026 10:42	Idle	59.286	374.46	-0.15	26.2	-0.045	94.991	5.009	0	Parked
1/1/2026 10:42	Idle	59.286	374.46	-0.15	26.2	-0.045	94.991	5.009	0	Parked
1/1/2026 10:42	Idle	59.286	374.46	-0.15	26.2	-0.045	94.991	5.009	0	Parked
1/1/2026 10:42	Idle	59.286	374.46	-0.15	26.2	-0.045	94.991	5.009	0	Parked
1/1/2026 10:42	Idle	59.285	374.46	-0.15	26.2	-0.045	94.991	5.009	0	Parked
1/1/2026 10:43	Idle	59.285	374.46	-0.15	26.2	-0.045	94.991	5.009	0	Parked
1/1/2026 10:43	Idle	59.285	374.46	-0.15	26.2	-0.045	94.991	5.009	0	Parked
1/1/2026 10:43	Idle	59.285	374.46	-0.15	26.2	-0.045	94.991	5.009	0	Parked
1/1/2026 10:43	Idle	59.284	374.46	-0.15	26.2	-0.045	94.991	5.009	0	Parked
1/1/2026 10:43	Idle	59.284	374.46	-0.15	26.2	-0.045	94.991	5.009	0	Parked
1/1/2026 10:43	Idle	59.284	374.46	-0.15	26.2	-0.045	94.991	5.009	0	Parked
1/1/2026 10:44	Idle	59.284	374.46	-0.15	26.2	-0.045	94.991	5.009	0	Parked
1/1/2026 10:44	Idle	59.284	374.46	-0.15	26.2	-0.045	94.991	5.009	0	Parked
1/1/2026 10:44	Idle	59.283	374.46	-0.15	26.2	-0.045	94.991	5.009	0	Parked
1/1/2026 10:44	Idle	59.283	374.46	-0.15	26.2	-0.045	94.991	5.009	0	Parked
1/1/2026 10:44	Idle	59.283	374.46	-0.15	26.2	-0.045	94.991	5.009	0	Parked
1/1/2026 10:44	Idle	59.283	374.46	-0.15	26.2	-0.045	94.991	5.009	0	Parked
1/1/2026 10:45	Idle	59.282	374.46	-0.15	26.2	-0.045	94.991	5.009	0	Parked
1/1/2026 10:45	Idle	59.282	374.46	-0.15	26.2	-0.045	94.991	5.009	0	Parked
1/1/2026 10:45	Idle	59.282	374.46	-0.15	26.2	-0.045	94.991	5.009	0	Parked
1/1/2026 10:45	Idle	59.282	374.46	-0.15	26.2	-0.045	94.991	5.009	0	Parked
1/1/2026 10:45	Idle	59.281	374.46	-0.15	26.2	-0.045	94.991	5.009	0	Parked
1/1/2026 10:45	Idle	59.281	374.45	-0.15	26.2	-0.045	94.991	5.009	0	Parked
1/1/2026 10:46	Idle	59.281	374.45	-0.15	26.2	-0.045	94.991	5.009	0	Parked
1/1/2026 10:46	Idle	59.281	374.45	-0.15	26.2	-0.045	94.991	5.009	0	Parked
1/1/2026 10:46	Idle	59.281	374.45	-0.15	26.19	-0.045	94.991	5.009	0	Parked
1/1/2026 10:46	Idle	59.28	374.45	-0.15	26.19	-0.045	94.991	5.009	0	Parked
1/1/2026 10:46	Idle	59.28	374.45	-0.15	26.19	-0.045	94.991	5.009	0	Parked
1/1/2026 10:46	Idle	59.28	374.45	-0.15	26.19	-0.045	94.991	5.009	0	Parked
1/1/2026 10:47	Idle	59.28	374.45	-0.15	26.19	-0.045	94.991	5.009	0	Parked
1/1/2026 10:47	Idle	59.279	374.45	-0.15	26.19	-0.045	94.991	5.009	0	Parked
1/1/2026 10:47	Idle	59.279	374.45	-0.15	26.19	-0.045	94.991	5.009	0	Parked
1/1/2026 10:47	Idle	59.279	374.45	-0.15	26.19	-0.045	94.991	5.009	0	Parked
1/1/2026 10:47	Idle	59.279	374.45	-0.15	26.19	-0.045	94.991	5.009	0	Parked
1/1/2026 10:47	Idle	59.279	374.45	-0.15	26.19	-0.045	94.991	5.009	0	Parked
1/1/2026 10:48	Idle	59.278	374.45	-0.15	26.19	-0.045	94.991	5.009	0	Parked
1/1/2026 10:48	Idle	59.278	374.45	-0.15	26.19	-0.045	94.991	5.009	0	Parked
1/1/2026 10:48	Idle	59.278	374.45	-0.15	26.19	-0.045	94.991	5.009	0	Parked
1/1/2026 10:48	Idle	59.278	374.45	-0.15	26.19	-0.045	94.991	5.009	0	Parked
1/1/2026 10:48	Idle	59.277	374.45	-0.15	26.19	-0.045	94.991	5.009	0	Parked
1/1/2026 10:48	Idle	59.277	374.45	-0.15	26.19	-0.045	94.991	5.009	0	Parked
1/1/2026 10:49	Idle	59.277	374.45	-0.15	26.19	-0.045	94.991	5.009	0	Parked
1/1/2026 10:49	Idle	59.277	374.45	-0.15	26.19	-0.045	94.991	5.009	0	Parked
1/1/2026 10:49	Idle	59.276	374.45	-0.15	26.19	-0.045	94.991	5.009	0	Parked
1/1/2026 10:49	Idle	59.276	374.45	-0.15	26.19	-0.045	94.991	5.009	0	Parked
1/1/2026 10:49	Idle	59.276	374.45	-0.15	26.19	-0.045	94.991	5.009	0	Parked
1/1/2026 10:49	Idle	59.276	374.45	-0.15	26.19	-0.045	94.991	5.009	0	Parked
1/1/2026 10:50	Idle	59.276	374.45	-0.15	26.19	-0.045	94.991	5.009	0	Parked
1/1/2026 10:50	Idle	59.275	374.45	-0.15	26.19	-0.045	94.991	5.009	0	Parked
1/1/2026 10:50	Idle	59.275	374.45	-0.15	26.19	-0.045	94.991	5.009	0	Parked
1/1/2026 10:50	Idle	59.275	374.45	-0.15	26.19	-0.045	94.991	5.009	0	Parked
1/1/2026 10:50	Idle	59.275	374.45	-0.15	26.18	-0.045	94.991	5.009	0	Parked
1/1/2026 10:50	Idle	59.274	374.45	-0.15	26.18	-0.045	94.991	5.009	0	Parked
1/1/2026 10:51	Idle	59.274	374.45	-0.15	26.18	-0.045	94.991	5.009	0	Parked
1/1/2026 10:51	Idle	59.274	374.45	-0.15	26.18	-0.045	94.991	5.009	0	Parked
1/1/2026 10:51	Idle	59.274	374.45	-0.15	26.18	-0.045	94.991	5.009	0	Parked
1/1/2026 10:51	Idle	59.273	374.45	-0.15	26.18	-0.045	94.991	5.009	0	Parked
1/1/2026 10:51	Idle	59.273	374.45	-0.15	26.18	-0.045	94.991	5.009	0	Parked
1/1/2026 10:51	Idle	59.273	374.45	-0.15	26.18	-0.045	94.991	5.009	0	Parked
1/1/2026 10:52	Idle	59.273	374.45	-0.15	26.18	-0.045	94.991	5.009	0	Parked
1/1/2026 10:52	Idle	59.273	374.45	-0.15	26.18	-0.045	94.991	5.009	0	Parked
1/1/2026 10:52	Idle	59.272	374.45	-0.15	26.18	-0.045	94.991	5.009	0	Parked
1/1/2026 10:52	Idle	59.272	374.45	-0.15	26.18	-0.045	94.991	5.009	0	Parked
1/1/2026 10:52	Idle	59.272	374.45	-0.15	26.18	-0.045	94.991	5.009	0	Parked
1/1/2026 10:52	Idle	59.272	374.45	-0.15	26.18	-0.045	94.991	5.009	0	Parked
1/1/2026 10:53	Idle	59.271	374.45	-0.15	26.18	-0.045	94.991	5.009	0	Parked
1/1/2026 10:53	Idle	59.271	374.45	-0.15	26.18	-0.045	94.991	5.009	0	Parked
1/1/2026 10:53	Idle	59.271	374.45	-0.15	26.18	-0.045	94.991	5.009	0	Parked
1/1/2026 10:53	Idle	59.271	374.45	-0.15	26.18	-0.045	94.991	5.009	0	Parked
1/1/2026 10:53	Idle	59.27	374.45	-0.15	26.18	-0.045	94.991	5.009	0	Parked
1/1/2026 10:53	Idle	59.27	374.45	-0.15	26.18	-0.045	94.991	5.009	0	Parked
1/1/2026 10:54	Idle	59.27	374.45	-0.15	26.18	-0.045	94.991	5.009	0	Parked
1/1/2026 10:54	Idle	59.27	374.45	-0.15	26.18	-0.045	94.991	5.009	0	Parked
1/1/2026 10:54	Idle	59.27	374.45	-0.15	26.18	-0.045	94.991	5.009	0	Parked
1/1/2026 10:54	Idle	59.269	374.45	-0.15	26.18	-0.045	94.991	5.009	0	Parked
1/1/2026 10:54	Idle	59.269	374.45	-0.15	26.18	-0.045	94.991	5.009	0	Parked
1/1/2026 10:54	Idle	59.269	374.45	-0.15	26.18	-0.045	94.991	5.009	0	Parked
1/1/2026 10:55	Idle	59.269	374.45	-0.15	26.18	-0.045	94.991	5.009	0	Parked
1/1/2026 10:55	Idle	59.268	374.45	-0.15	26.18	-0.045	94.991	5.009	0	Parked
1/1/2026 10:55	Idle	59.268	374.45	-0.15	26.17	-0.045	94.991	5.009	0	Parked
1/1/2026 10:55	Idle	59.268	374.44	-0.15	26.17	-0.045	94.991	5.009	0	Parked
1/1/2026 10:55	Idle	59.268	374.44	-0.15	26.17	-0.045	94.991	5.009	0	Parked
1/1/2026 10:55	Idle	59.267	374.44	-0.15	26.17	-0.045	94.991	5.009	0	Parked
1/1/2026 10:56	Idle	59.267	374.44	-0.15	26.17	-0.045	94.991	5.009	0	Parked
1/1/2026 10:56	Idle	59.267	374.44	-0.15	26.17	-0.045	94.991	5.009	0	Parked
1/1/2026 10:56	Idle	59.267	374.44	-0.15	26.17	-0.045	94.991	5.009	0	Parked
1/1/2026 10:56	Idle	59.267	374.44	-0.15	26.17	-0.045	94.991	5.009	0	Parked
1/1/2026 10:56	Idle	59.266	374.44	-0.15	26.17	-0.045	94.991	5.009	0	Parked
1/1/2026 10:56	Idle	59.266	374.44	-0.15	26.17	-0.045	94.991	5.009	0	Parked
1/1/2026 10:57	Idle	59.266	374.44	-0.15	26.17	-0.045	94.991	5.009	0	Parked
1/1/2026 10:57	Idle	59.266	374.44	-0.15	26.17	-0.045	94.991	5.009	0	Parked
1/1/2026 10:57	Idle	59.265	374.44	-0.15	26.17	-0.045	94.991	5.009	0	Parked
1/1/2026 10:57	Idle	59.265	374.44	-0.15	26.17	-0.045	94.991	5.009	0	Parked
1/1/2026 10:57	Idle	59.265	374.44	-0.15	26.17	-0.045	94.991	5.009	0	Parked
1/1/2026 10:57	Idle	59.265	374.44	-0.15	26.17	-0.045	94.991	5.009	0	Parked
1/1/2026 10:58	Idle	59.264	374.44	-0.15	26.17	-0.045	94.991	5.009	0	Parked
1/1/2026 10:58	Idle	59.264	374.44	-0.15	26.17	-0.045	94.991	5.009	0	Parked
1/1/2026 10:58	Idle	59.264	374.44	-0.15	26.17	-0.045	94.991	5.009	0	Parked
1/1/2026 10:58	Idle	59.264	374.44	-0.15	26.17	-0.045	94.991	5.009	0	Parked
1/1/2026 10:58	Idle	59.264	374.44	-0.15	26.17	-0.045	94.991	5.009	0	Parked
1/1/2026 10:58	Idle	59.263	374.44	-0.15	26.17	-0.045	94.991	5.009	0	Parked
1/1/2026 10:59	Idle	59.263	374.44	-0.15	26.17	-0.045	94.991	5.009	0	Parked
1/1/2026 10:59	Idle	59.263	374.44	-0.15	26.17	-0.045	94.991	5.009	0	Parked
1/1/2026 10:59	Idle	59.263	374.44	-0.15	26.17	-0.045	94.991	5.009	0	Parked
1/1/2026 10:59	Idle	59.262	374.44	-0.15	26.17	-0.045	94.991	5.009	0	Parked
1/1/2026 10:59	Idle	59.262	374.44	-0.15	26.17	-0.045	94.991	5.009	0	Parked
1/1/2026 10:59	Idle	59.262	374.44	-0.15	26.17	-0.045	94.991	5.009	0	Parked
1/1/2026 11:00	Idle	59.262	374.44	-0.15	26.17	-0.045	94.991	5.009	0	Parked
1/1/2026 11:00	Idle	59.262	374.44	-0.15	26.17	-0.045	94.991	5.009	0	Parked
1/1/2026 11:00	Idle	59.261	374.44	-0.15	26.16	-0.045	94.991	5.009	0	Parked
1/1/2026 11:00	Idle	59.261	374.44	-0.15	26.16	-0.045	94.991	5.009	0	Parked
1/1/2026 11:00	Idle	59.261	374.44	-0.15	26.16	-0.045	94.991	5.009	0	Parked
1/1/2026 11:00	Idle	59.261	374.44	-0.15	26.16	-0.045	94.991	5.009	0	Parked
1/1/2026 11:01	Idle	59.26	374.44	-0.15	26.16	-0.045	94.991	5.009	0	Parked
1/1/2026 11:01	Idle	59.26	374.44	-0.15	26.16	-0.045	94.991	5.009	0	Parked
1/1/2026 11:01	Idle	59.26	374.44	-0.15	26.16	-0.045	94.991	5.009	0	Parked
1/1/2026 11:01	Idle	59.26	374.44	-0.15	26.16	-0.045	94.991	5.009	0	Parked
1/1/2026 11:01	Idle	59.259	374.44	-0.15	26.16	-0.045	94.991	5.009	0	Parked
1/1/2026 11:01	Idle	59.259	374.44	-0.15	26.16	-0.045	94.991	5.009	0	Parked
1/1/2026 11:02	Idle	59.259	374.44	-0.15	26.16	-0.045	94.991	5.009	0	Parked
1/1/2026 11:02	Idle	59.259	374.44	-0.15	26.16	-0.045	94.991	5.009	0	Parked
1/1/2026 11:02	Idle	59.259	374.44	-0.15	26.16	-0.045	94.991	5.009	0	Parked
1/1/2026 11:02	Idle	59.258	374.44	-0.15	26.16	-0.045	94.991	5.009	0	Parked
1/1/2026 11:02	Idle	59.258	374.44	-0.15	26.16	-0.045	94.991	5.009	0	Parked
1/1/2026 11:02	Idle	59.258	374.44	-0.15	26.16	-0.045	94.991	5.009	0	Parked
1/1/2026 11:03	Idle	59.258	374.44	-0.15	26.16	-0.045	94.991	5.009	0	Parked
1/1/2026 11:03	Idle	59.257	374.44	-0.15	26.16	-0.045	94.991	5.009	0	Parked
1/1/2026 11:03	Idle	59.257	374.44	-0.15	26.16	-0.045	94.991	5.009	0	Parked
1/1/2026 11:03	Idle	59.257	374.44	-0.15	26.16	-0.045	94.991	5.009	0	Parked
1/1/2026 11:03	Idle	59.257	374.44	-0.15	26.16	-0.045	94.991	5.009	0	Parked
1/1/2026 11:03	Idle	59.256	374.44	-0.15	26.16	-0.045	94.991	5.009	0	Parked
1/1/2026 11:04	Idle	59.256	374.44	-0.15	26.16	-0.045	94.991	5.009	0	Parked
1/1/2026 11:04	Idle	59.256	374.44	-0.15	26.16	-0.045	94.991	5.009	0	Parked
1/1/2026 11:04	Idle	59.256	374.44	-0.15	26.16	-0.045	94.991	5.009	0	Parked
1/1/2026 11:04	Idle	59.256	374.44	-0.15	26.16	-0.045	94.991	5.009	0	Parked
1/1/2026 11:04	Idle	59.255	374.44	-0.15	26.16	-0.045	94.991	5.009	0	Parked
1/1/2026 11:04	Idle	59.255	374.44	-0.15	26.16	-0.045	94.991	5.009	0	Parked
1/1/2026 11:05	Idle	59.255	374.44	-0.15	26.16	-0.045	94.991	5.009	0	Parked
1/1/2026 11:05	Idle	59.255	374.43	-0.15	26.16	-0.045	94.991	5.009	0	Parked
1/1/2026 11:05	Idle	59.254	374.43	-0.15	26.16	-0.045	94.991	5.009	0	Parked
1/1/2026 11:05	Idle	59.254	374.43	-0.15	26.15	-0.045	94.991	5.009	0	Parked
1/1/2026 11:05	Idle	59.254	374.43	-0.15	26.15	-0.045	94.991	5.009	0	Parked
1/1/2026 11:05	Idle	59.254	374.43	-0.15	26.15	-0.045	94.991	5.009	0	Parked
1/1/2026 11:06	Idle	59.253	374.43	-0.15	26.15	-0.045	94.991	5.009	0	Parked
1/1/2026 11:06	Idle	59.253	374.43	-0.15	26.15	-0.045	94.991	5.009	0	Parked
1/1/2026 11:06	Idle	59.253	374.43	-0.15	26.15	-0.045	94.991	5.009	0	Parked
1/1/2026 11:06	Idle	59.253	374.43	-0.15	26.15	-0.045	94.991	5.009	0	Parked
1/1/2026 11:06	Idle	59.253	374.43	-0.15	26.15	-0.045	94.991	5.009	0	Parked
1/1/2026 11:06	Idle	59.252	374.43	-0.15	26.15	-0.045	94.991	5.009	0	Parked
1/1/2026 11:07	Idle	59.252	374.43	-0.15	26.15	-0.045	94.991	5.009	0	Parked
1/1/2026 11:07	Idle	59.252	374.43	-0.15	26.15	-0.045	94.991	5.009	0	Parked
1/1/2026 11:07	Idle	59.252	374.43	-0.15	26.15	-0.045	94.991	5.009	0	Parked
1/1/2026 11:07	Idle	59.251	374.43	-0.15	26.15	-0.045	94.991	5.009	0	Parked
1/1/2026 11:07	Idle	59.251	374.43	-0.15	26.15	-0.045	94.991	5.009	0	Parked
1/1/2026 11:07	Idle	59.251	374.43	-0.15	26.15	-0.045	94.991	5.009	0	Parked
1/1/2026 11:08	Idle	59.251	374.43	-0.15	26.15	-0.045	94.991	5.009	0	Parked
1/1/2026 11:08	Idle	59.25	374.43	-0.15	26.15	-0.045	94.991	5.009	0	Parked
1/1/2026 11:08	Idle	59.25	374.43	-0.15	26.15	-0.045	94.991	5.009	0	Parked
1/1/2026 11:08	Idle	59.25	374.43	-0.15	26.15	-0.045	94.991	5.009	0	Parked
1/1/2026 11:08	Idle	59.25	374.43	-0.15	26.15	-0.045	94.991	5.009	0	Parked
1/1/2026 11:08	Idle	59.25	374.43	-0.15	26.15	-0.045	94.991	5.009	0	Parked
1/1/2026 11:09	Idle	59.249	374.43	-0.15	26.15	-0.045	94.991	5.009	0	Parked
1/1/2026 11:09	Idle	59.249	374.43	-0.15	26.15	-0.045	94.991	5.009	0	Parked
1/1/2026 11:09	Idle	59.249	374.43	-0.15	26.15	-0.045	94.991	5.009	0	Parked
1/1/2026 11:09	Idle	59.249	374.43	-0.15	26.15	-0.045	94.991	5.009	0	Parked
1/1/2026 11:09	Idle	59.248	374.43	-0.15	26.15	-0.045	94.991	5.009	0	Parked
1/1/2026 11:09	Idle	59.248	374.43	-0.15	26.15	-0.045	94.991	5.009	0	Parked
1/1/2026 11:10	Idle	59.248	374.43	-0.15	26.15	-0.045	94.991	5.009	0	Parked
1/1/2026 11:10	Idle	59.248	374.43	-0.15	26.15	-0.045	94.991	5.009	0	Parked
1/1/2026 11:10	Idle	59.247	374.43	-0.15	26.15	-0.045	94.991	5.009	0	Parked
1/1/2026 11:10	Idle	59.247	374.43	-0.15	26.15	-0.045	94.991	5.009	0	Parked
1/1/2026 11:10	Idle	59.247	374.43	-0.15	26.15	-0.045	94.991	5.009	0	Parked
1/1/2026 11:10	Idle	59.247	374.43	-0.15	26.15	-0.045	94.991	5.009	0	Parked
1/1/2026 11:11	Idle	59.247	374.43	-0.15	26.14	-0.045	94.991	5.009	0	Parked
1/1/2026 11:11	Idle	59.246	374.43	-0.15	26.14	-0.045	94.991	5.009	0	Parked
1/1/2026 11:11	Idle	59.246	374.43	-0.15	26.14	-0.045	94.991	5.009	0	Parked
1/1/2026 11:11	Idle	59.246	374.43	-0.15	26.14	-0.045	94.991	5.009	0	Parked
1/1/2026 11:11	Idle	59.246	374.43	-0.15	26.14	-0.045	94.991	5.009	0	Parked
1/1/2026 11:11	Idle	59.245	374.43	-0.15	26.14	-0.045	94.991	5.009	0	Parked
1/1/2026 11:12	Idle	59.245	374.43	-0.15	26.14	-0.045	94.991	5.009	0	Parked
1/1/2026 11:12	Idle	59.245	374.43	-0.15	26.14	-0.045	94.991	5.009	0	Parked
1/1/2026 11:12	Idle	59.245	374.43	-0.15	26.14	-0.045	94.991	5.009	0	Parked
1/1/2026 11:12	Idle	59.244	374.43	-0.15	26.14	-0.045	94.991	5.009	0	Parked
1/1/2026 11:12	Idle	59.244	374.43	-0.15	26.14	-0.045	94.991	5.009	0	Parked
1/1/2026 11:12	Idle	59.244	374.43	-0.15	26.14	-0.045	94.991	5.009	0	Parked
1/1/2026 11:13	Idle	59.244	374.43	-0.15	26.14	-0.045	94.991	5.009	0	Parked
1/1/2026 11:13	Idle	59.244	374.43	-0.15	26.14	-0.045	94.991	5.009	0	Parked
1/1/2026 11:13	Idle	59.243	374.43	-0.15	26.14	-0.045	94.991	5.009	0	Parked
1/1/2026 11:13	Idle	59.243	374.43	-0.15	26.14	-0.045	94.991	5.009	0	Parked
1/1/2026 11:13	Idle	59.243	374.43	-0.15	26.14	-0.045	94.991	5.009	0	Parked
1/1/2026 11:13	Idle	59.243	374.43	-0.15	26.14	-0.045	94.991	5.009	0	Parked
1/1/2026 11:14	Idle	59.242	374.43	-0.15	26.14	-0.045	94.991	5.009	0	Parked
1/1/2026 11:14	Idle	59.242	374.43	-0.15	26.14	-0.045	94.991	5.009	0	Parked
1/1/2026 11:14	Idle	59.242	374.43	-0.15	26.14	-0.045	94.991	5.009	0	Parked
1/1/2026 11:14	Idle	59.242	374.43	-0.15	26.14	-0.045	94.991	5.009	0	Parked
1/1/2026 11:14	Idle	59.242	374.43	-0.15	26.14	-0.045	94.991	5.009	0	Parked
1/1/2026 11:14	Idle	59.241	374.42	-0.15	26.14	-0.045	94.991	5.009	0	Parked
1/1/2026 11:15	Idle	59.241	374.42	-0.15	26.14	-0.045	94.991	5.009	0	Parked
1/1/2026 11:15	Idle	59.241	374.42	-0.15	26.14	-0.045	94.991	5.009	0	Parked
1/1/2026 11:15	Idle	59.241	374.42	-0.15	26.14	-0.045	94.991	5.009	0	Parked
1/1/2026 11:15	Idle	59.24	374.42	-0.15	26.14	-0.045	94.991	5.009	0	Parked
1/1/2026 11:15	Idle	59.24	374.42	-0.15	26.14	-0.045	94.991	5.009	0	Parked
1/1/2026 11:15	Idle	59.24	374.42	-0.15	26.14	-0.045	94.991	5.009	0	Parked
1/1/2026 11:16	Idle	59.24	374.42	-0.15	26.14	-0.045	94.991	5.009	0	Parked
1/1/2026 11:16	Idle	59.239	374.42	-0.15	26.14	-0.045	94.991	5.009	0	Parked
1/1/2026 11:16	Idle	59.239	374.42	-0.15	26.14	-0.045	94.991	5.009	0	Parked
1/1/2026 11:16	Idle	59.239	374.42	-0.15	26.14	-0.045	94.991	5.009	0	Parked
1/1/2026 11:16	Idle	59.239	374.42	-0.15	26.14	-0.045	94.991	5.009	0	Parked
1/1/2026 11:16	Idle	59.239	374.42	-0.15	26.14	-0.045	94.991	5.009	0	Parked
1/1/2026 11:17	Idle	59.238	374.42	-0.15	26.13	-0.045	94.991	5.009	0	Parked
1/1/2026 11:17	Idle	59.238	374.42	-0.15	26.13	-0.045	94.991	5.009	0	Parked
1/1/2026 11:17	Idle	59.238	374.42	-0.15	26.13	-0.045	94.991	5.009	0	Parked
1/1/2026 11:17	Idle	59.238	374.42	-0.15	26.13	-0.045	94.991	5.009	0	Parked
1/1/2026 11:17	Idle	59.237	374.42	-0.15	26.13	-0.045	94.991	5.009	0	Parked
1/1/2026 11:17	Idle	59.237	374.42	-0.15	26.13	-0.045	94.991	5.009	0	Parked
1/1/2026 11:18	Idle	59.237	374.42	-0.15	26.13	-0.045	94.991	5.009	0	Parked
1/1/2026 11:18	Idle	59.237	374.42	-0.15	26.13	-0.045	94.991	5.009	0	Parked
1/1/2026 11:18	Idle	59.236	374.42	-0.15	26.13	-0.045	94.991	5.009	0	Parked
1/1/2026 11:18	Idle	59.236	374.42	-0.15	26.13	-0.045	94.991	5.009	0	Parked
1/1/2026 11:18	Idle	59.236	374.42	-0.15	26.13	-0.045	94.991	5.009	0	Parked
1/1/2026 11:18	Idle	59.236	374.42	-0.15	26.13	-0.045	94.991	5.009	0	Parked
1/1/2026 11:19	Idle	59.236	374.42	-0.15	26.13	-0.045	94.991	5.009	0	Parked
1/1/2026 11:19	Idle	59.235	374.42	-0.15	26.13	-0.045	94.991	5.009	0	Parked
1/1/2026 11:19	Idle	59.235	374.42	-0.15	26.13	-0.045	94.991	5.009	0	Parked
1/1/2026 11:19	Idle	59.235	374.42	-0.15	26.13	-0.045	94.991	5.009	0	Parked
1/1/2026 11:19	Idle	59.235	374.42	-0.15	26.13	-0.045	94.991	5.009	0	Parked
1/1/2026 11:19	Idle	59.234	374.42	-0.15	26.13	-0.045	94.991	5.009	0	Parked
1/1/2026 11:20	Idle	59.234	374.42	-0.15	26.13	-0.045	94.991	5.009	0	Parked
1/1/2026 11:20	Idle	59.234	374.42	-0.15	26.13	-0.045	94.991	5.009	0	Parked
1/1/2026 11:20	Idle	59.234	374.42	-0.15	26.13	-0.045	94.991	5.009	0	Parked
1/1/2026 11:20	Idle	59.233	374.42	-0.15	26.13	-0.045	94.991	5.009	0	Parked
1/1/2026 11:20	Idle	59.233	374.42	-0.15	26.13	-0.045	94.991	5.009	0	Parked
1/1/2026 11:20	Idle	59.233	374.42	-0.15	26.13	-0.045	94.991	5.009	0	Parked
1/1/2026 11:21	Idle	59.233	374.42	-0.15	26.13	-0.045	94.991	5.009	0	Parked
1/1/2026 11:21	Idle	59.233	374.42	-0.15	26.13	-0.045	94.991	5.009	0	Parked
1/1/2026 11:21	Idle	59.232	374.42	-0.15	26.13	-0.045	94.991	5.009	0	Parked
1/1/2026 11:21	Idle	59.232	374.42	-0.15	26.13	-0.045	94.991	5.009	0	Parked
1/1/2026 11:21	Idle	59.232	374.42	-0.15	26.13	-0.045	94.991	5.009	0	Parked
1/1/2026 11:21	Idle	59.232	374.42	-0.15	26.13	-0.045	94.991	5.009	0	Parked
1/1/2026 11:22	Idle	59.231	374.42	-0.15	26.13	-0.045	94.991	5.009	0	Parked
1/1/2026 11:22	Idle	59.231	374.42	-0.15	26.13	-0.045	94.991	5.009	0	Parked
1/1/2026 11:22	Idle	59.231	374.42	-0.15	26.13	-0.045	94.991	5.009	0	Parked
1/1/2026 11:22	Idle	59.231	374.42	-0.15	26.13	-0.045	94.991	5.009	0	Parked
1/1/2026 11:22	Idle	59.23	374.42	-0.15	26.13	-0.045	94.991	5.009	0	Parked
1/1/2026 11:22	Idle	59.23	374.42	-0.15	26.13	-0.045	94.991	5.009	0	Parked
1/1/2026 11:23	Idle	59.23	374.42	-0.15	26.13	-0.045	94.991	5.009	0	Parked
1/1/2026 11:23	Idle	59.23	374.42	-0.15	26.13	-0.045	94.991	5.009	0	Parked
1/1/2026 11:23	Idle	59.23	374.42	-0.15	26.12	-0.045	94.991	5.009	0	Parked
1/1/2026 11:23	Idle	59.229	374.42	-0.15	26.12	-0.045	94.991	5.009	0	Parked
1/1/2026 11:23	Idle	59.229	374.42	-0.15	26.12	-0.045	94.991	5.009	0	Parked
1/1/2026 11:23	Idle	59.229	374.42	-0.15	26.12	-0.045	94.991	5.009	0	Parked
1/1/2026 11:24	Idle	59.229	374.42	-0.15	26.12	-0.045	94.99	5.01	0	Parked
1/1/2026 11:24	Idle	59.228	374.42	-0.15	26.12	-0.045	94.99	5.01	0	Parked
1/1/2026 11:24	Idle	59.228	374.42	-0.15	26.12	-0.045	94.99	5.01	0	Parked
1/1/2026 11:24	Idle	59.228	374.41	-0.15	26.12	-0.045	94.99	5.01	0	Parked
1/1/2026 11:24	Idle	59.228	374.41	-0.15	26.12	-0.045	94.99	5.01	0	Parked
1/1/2026 11:24	Idle	59.227	374.41	-0.15	26.12	-0.045	94.99	5.01	0	Parked
1/1/2026 11:25	Idle	59.227	374.41	-0.15	26.12	-0.045	94.99	5.01	0	Parked
1/1/2026 11:25	Idle	59.227	374.41	-0.15	26.12	-0.045	94.99	5.01	0	Parked
1/1/2026 11:25	Idle	59.227	374.41	-0.15	26.12	-0.045	94.99	5.01	0	Parked
1/1/2026 11:25	Idle	59.227	374.41	-0.15	26.12	-0.045	94.99	5.01	0	Parked
1/1/2026 11:25	Idle	59.226	374.41	-0.15	26.12	-0.045	94.99	5.01	0	Parked
1/1/2026 11:25	Idle	59.226	374.41	-0.15	26.12	-0.045	94.99	5.01	0	Parked
1/1/2026 11:26	Idle	59.226	374.41	-0.15	26.12	-0.045	94.99	5.01	0	Parked
1/1/2026 11:26	Idle	59.226	374.41	-0.15	26.12	-0.045	94.99	5.01	0	Parked
1/1/2026 11:26	Idle	59.225	374.41	-0.15	26.12	-0.045	94.99	5.01	0	Parked
1/1/2026 11:26	Idle	59.225	374.41	-0.15	26.12	-0.045	94.99	5.01	0	Parked
1/1/2026 11:26	Idle	59.225	374.41	-0.15	26.12	-0.045	94.99	5.01	0	Parked
1/1/2026 11:26	Idle	59.225	374.41	-0.15	26.12	-0.045	94.99	5.01	0	Parked
1/1/2026 11:27	Idle	59.225	374.41	-0.15	26.12	-0.045	94.99	5.01	0	Parked
1/1/2026 11:27	Idle	59.224	374.41	-0.15	26.12	-0.045	94.99	5.01	0	Parked
1/1/2026 11:27	Idle	59.224	374.41	-0.15	26.12	-0.045	94.99	5.01	0	Parked
1/1/2026 11:27	Idle	59.224	374.41	-0.15	26.12	-0.045	94.99	5.01	0	Parked
1/1/2026 11:27	Idle	59.224	374.41	-0.15	26.12	-0.045	94.99	5.01	0	Parked
1/1/2026 11:27	Idle	59.223	374.41	-0.15	26.12	-0.045	94.99	5.01	0	Parked
1/1/2026 11:28	Idle	59.223	374.41	-0.15	26.12	-0.045	94.99	5.01	0	Parked
1/1/2026 11:28	Idle	59.223	374.41	-0.15	26.12	-0.045	94.99	5.01	0	Parked
1/1/2026 11:28	Idle	59.223	374.41	-0.15	26.12	-0.045	94.99	5.01	0	Parked
1/1/2026 11:28	Idle	59.222	374.41	-0.15	26.12	-0.045	94.99	5.01	0	Parked
1/1/2026 11:28	Idle	59.222	374.41	-0.15	26.12	-0.045	94.99	5.01	0	Parked
1/1/2026 11:28	Idle	59.222	374.41	-0.15	26.12	-0.045	94.99	5.01	0	Parked
1/1/2026 11:29	Idle	59.222	374.41	-0.15	26.12	-0.045	94.99	5.01	0	Parked
1/1/2026 11:29	Idle	59.222	374.41	-0.15	26.12	-0.045	94.99	5.01	0	Parked
1/1/2026 11:29	Idle	59.221	374.41	-0.15	26.12	-0.045	94.99	5.01	0	Parked
1/1/2026 11:29	Idle	59.221	374.41	-0.15	26.12	-0.045	94.99	5.01	0	Parked
1/1/2026 11:29	Idle	59.221	374.41	-0.15	26.12	-0.045	94.99	5.01	0	Parked
1/1/2026 11:29	Idle	59.221	374.41	-0.15	26.12	-0.045	94.99	5.01	0	Parked
1/1/2026 11:30	Idle	59.22	374.41	-0.15	26.12	-0.045	94.99	5.01	0	Parked
1/1/2026 11:30	Idle	59.22	374.41	-0.15	26.12	-0.045	94.99	5.01	0	Parked
1/1/2026 11:30	Idle	59.22	374.41	-0.15	26.11	-0.045	94.99	5.01	0	Parked
1/1/2026 11:30	Idle	59.22	374.41	-0.15	26.11	-0.045	94.99	5.01	0	Parked
1/1/2026 11:30	Idle	59.219	374.41	-0.15	26.11	-0.045	94.99	5.01	0	Parked
1/1/2026 11:30	Idle	59.219	374.41	-0.15	26.11	-0.045	94.99	5.01	0	Parked
1/1/2026 11:31	Idle	59.219	374.41	-0.15	26.11	-0.045	94.99	5.01	0	Parked
1/1/2026 11:31	Idle	59.219	374.41	-0.15	26.11	-0.045	94.99	5.01	0	Parked
1/1/2026 11:31	Idle	59.219	374.41	-0.15	26.11	-0.045	94.99	5.01	0	Parked
1/1/2026 11:31	Idle	59.218	374.41	-0.15	26.11	-0.045	94.99	5.01	0	Parked
1/1/2026 11:31	Idle	59.218	374.41	-0.15	26.11	-0.045	94.99	5.01	0	Parked
1/1/2026 11:31	Idle	59.218	374.41	-0.15	26.11	-0.045	94.99	5.01	0	Parked
1/1/2026 11:32	Idle	59.218	374.41	-0.15	26.11	-0.045	94.99	5.01	0	Parked
1/1/2026 11:32	Idle	59.217	374.41	-0.15	26.11	-0.045	94.99	5.01	0	Parked
1/1/2026 11:32	Idle	59.217	374.41	-0.15	26.11	-0.045	94.99	5.01	0	Parked
1/1/2026 11:32	Idle	59.217	374.41	-0.15	26.11	-0.045	94.99	5.01	0	Parked
1/1/2026 11:32	Idle	59.217	374.41	-0.15	26.11	-0.045	94.99	5.01	0	Parked
1/1/2026 11:32	Idle	59.216	374.41	-0.15	26.11	-0.045	94.99	5.01	0	Parked
1/1/2026 11:33	Idle	59.216	374.41	-0.15	26.11	-0.045	94.99	5.01	0	Parked
1/1/2026 11:33	Idle	59.216	374.41	-0.15	26.11	-0.045	94.99	5.01	0	Parked
1/1/2026 11:33	Idle	59.216	374.41	-0.15	26.11	-0.045	94.99	5.01	0	Parked
1/1/2026 11:33	Idle	59.216	374.41	-0.15	26.11	-0.045	94.99	5.01	0	Parked
1/1/2026 11:33	Idle	59.215	374.41	-0.15	26.11	-0.045	94.99	5.01	0	Parked
1/1/2026 11:33	Idle	59.215	374.41	-0.15	26.11	-0.045	94.99	5.01	0	Parked
1/1/2026 11:34	Idle	59.215	374.41	-0.15	26.11	-0.045	94.99	5.01	0	Parked
1/1/2026 11:34	Idle	59.215	374.4	-0.15	26.11	-0.045	94.99	5.01	0	Parked
1/1/2026 11:34	Idle	59.214	374.4	-0.15	26.11	-0.045	94.99	5.01	0	Parked
1/1/2026 11:34	Idle	59.214	374.4	-0.15	26.11	-0.045	94.99	5.01	0	Parked
1/1/2026 11:34	Idle	59.214	374.4	-0.15	26.11	-0.045	94.99	5.01	0	Parked
1/1/2026 11:34	Idle	59.214	374.4	-0.15	26.11	-0.045	94.99	5.01	0	Parked
1/1/2026 11:35	Idle	59.213	374.4	-0.15	26.11	-0.045	94.99	5.01	0	Parked
1/1/2026 11:35	Idle	59.213	374.4	-0.15	26.11	-0.045	94.99	5.01	0	Parked
1/1/2026 11:35	Idle	59.213	374.4	-0.15	26.11	-0.045	94.99	5.01	0	Parked
1/1/2026 11:35	Idle	59.213	374.4	-0.15	26.11	-0.045	94.99	5.01	0	Parked
1/1/2026 11:35	Idle	59.213	374.4	-0.15	26.11	-0.045	94.99	5.01	0	Parked
1/1/2026 11:35	Idle	59.212	374.4	-0.15	26.11	-0.045	94.99	5.01	0	Parked
1/1/2026 11:36	Idle	59.212	374.4	-0.15	26.11	-0.045	94.99	5.01	0	Parked
1/1/2026 11:36	Idle	59.212	374.4	-0.15	26.11	-0.045	94.99	5.01	0	Parked
1/1/2026 11:36	Idle	59.212	374.4	-0.15	26.11	-0.045	94.99	5.01	0	Parked
1/1/2026 11:36	Idle	59.211	374.4	-0.15	26.11	-0.045	94.99	5.01	0	Parked
1/1/2026 11:36	Idle	59.211	374.4	-0.15	26.11	-0.045	94.99	5.01	0	Parked
1/1/2026 11:36	Idle	59.211	374.4	-0.15	26.11	-0.045	94.99	5.01	0	Parked
1/1/2026 11:37	Idle	59.211	374.4	-0.15	26.11	-0.045	94.99	5.01	0	Parked
1/1/2026 11:37	Idle	59.21	374.4	-0.15	26.11	-0.045	94.99	5.01	0	Parked
1/1/2026 11:37	Idle	59.21	374.4	-0.15	26.11	-0.045	94.99	5.01	0	Parked
1/1/2026 11:37	Idle	59.21	374.4	-0.15	26.11	-0.045	94.99	5.01	0	Parked
1/1/2026 11:37	Idle	59.21	374.4	-0.15	26.11	-0.045	94.99	5.01	0	Parked
1/1/2026 11:37	Idle	59.21	374.4	-0.15	26.1	-0.045	94.99	5.01	0	Parked
1/1/2026 11:38	Idle	59.209	374.4	-0.15	26.1	-0.045	94.99	5.01	0	Parked
1/1/2026 11:38	Idle	59.209	374.4	-0.15	26.1	-0.045	94.99	5.01	0	Parked
1/1/2026 11:38	Idle	59.209	374.4	-0.15	26.1	-0.045	94.99	5.01	0	Parked
1/1/2026 11:38	Idle	59.209	374.4	-0.15	26.1	-0.045	94.99	5.01	0	Parked
1/1/2026 11:38	Idle	59.208	374.4	-0.15	26.1	-0.045	94.99	5.01	0	Parked
1/1/2026 11:38	Idle	59.208	374.4	-0.15	26.1	-0.045	94.99	5.01	0	Parked
1/1/2026 11:39	Idle	59.208	374.4	-0.15	26.1	-0.045	94.99	5.01	0	Parked
1/1/2026 11:39	Idle	59.208	374.4	-0.15	26.1	-0.045	94.99	5.01	0	Parked
1/1/2026 11:39	Idle	59.208	374.4	-0.15	26.1	-0.045	94.99	5.01	0	Parked
1/1/2026 11:39	Idle	59.207	374.4	-0.15	26.1	-0.045	94.99	5.01	0	Parked
1/1/2026 11:39	Idle	59.207	374.4	-0.15	26.1	-0.045	94.99	5.01	0	Parked
1/1/2026 11:39	Idle	59.207	374.4	-0.15	26.1	-0.045	94.99	5.01	0	Parked
1/1/2026 11:40	Idle	59.207	374.4	-0.15	26.1	-0.045	94.99	5.01	0	Parked
1/1/2026 11:40	Idle	59.206	374.4	-0.15	26.1	-0.045	94.99	5.01	0	Parked
1/1/2026 11:40	Idle	59.206	374.4	-0.15	26.1	-0.045	94.99	5.01	0	Parked
1/1/2026 11:40	Idle	59.206	374.4	-0.15	26.1	-0.045	94.99	5.01	0	Parked
1/1/2026 11:40	Idle	59.206	374.4	-0.15	26.1	-0.045	94.99	5.01	0	Parked
1/1/2026 11:40	Idle	59.205	374.4	-0.15	26.1	-0.045	94.99	5.01	0	Parked
1/1/2026 11:41	Idle	59.205	374.4	-0.15	26.1	-0.045	94.99	5.01	0	Parked
1/1/2026 11:41	Idle	59.205	374.4	-0.15	26.1	-0.045	94.99	5.01	0	Parked
1/1/2026 11:41	Idle	59.205	374.4	-0.15	26.1	-0.045	94.99	5.01	0	Parked
1/1/2026 11:41	Idle	59.205	374.4	-0.15	26.1	-0.045	94.99	5.01	0	Parked
1/1/2026 11:41	Idle	59.204	374.4	-0.15	26.1	-0.045	94.99	5.01	0	Parked
1/1/2026 11:41	Idle	59.204	374.4	-0.15	26.1	-0.045	94.99	5.01	0	Parked
1/1/2026 11:42	Idle	59.204	374.4	-0.15	26.1	-0.045	94.99	5.01	0	Parked
1/1/2026 11:42	Idle	59.204	374.4	-0.15	26.1	-0.045	94.99	5.01	0	Parked
1/1/2026 11:42	Idle	59.203	374.4	-0.15	26.1	-0.045	94.99	5.01	0	Parked
1/1/2026 11:42	Idle	59.203	374.4	-0.15	26.1	-0.045	94.99	5.01	0	Parked
1/1/2026 11:42	Idle	59.203	374.4	-0.15	26.1	-0.045	94.99	5.01	0	Parked
1/1/2026 11:42	Idle	59.203	374.4	-0.15	26.1	-0.045	94.99	5.01	0	Parked
1/1/2026 11:43	Idle	59.202	374.4	-0.15	26.1	-0.045	94.99	5.01	0	Parked
1/1/2026 11:43	Idle	59.202	374.4	-0.15	26.1	-0.045	94.99	5.01	0	Parked
1/1/2026 11:43	Idle	59.202	374.4	-0.15	26.1	-0.045	94.99	5.01	0	Parked
1/1/2026 11:43	Idle	59.202	374.4	-0.15	26.1	-0.045	94.99	5.01	0	Parked
1/1/2026 11:43	Idle	59.202	374.4	-0.15	26.1	-0.045	94.99	5.01	0	Parked
1/1/2026 11:43	Idle	59.201	374.39	-0.15	26.1	-0.045	94.99	5.01	0	Parked
1/1/2026 11:44	Idle	59.201	374.39	-0.15	26.1	-0.045	94.99	5.01	0	Parked
1/1/2026 11:44	Idle	59.201	374.39	-0.15	26.1	-0.045	94.99	5.01	0	Parked
1/1/2026 11:44	Idle	59.201	374.39	-0.15	26.1	-0.045	94.99	5.01	0	Parked
1/1/2026 11:44	Idle	59.2	374.39	-0.15	26.1	-0.045	94.99	5.01	0	Parked
1/1/2026 11:44	Idle	59.2	374.39	-0.15	26.1	-0.045	94.99	5.01	0	Parked
1/1/2026 11:44	Idle	59.2	374.39	-0.15	26.1	-0.045	94.99	5.01	0	Parked
1/1/2026 11:45	Idle	59.2	374.39	-0.15	26.1	-0.045	94.99	5.01	0	Parked
1/1/2026 11:45	Idle	59.199	374.39	-0.15	26.1	-0.045	94.99	5.01	0	Parked
1/1/2026 11:45	Idle	59.199	374.39	-0.15	26.1	-0.045	94.99	5.01	0	Parked
1/1/2026 11:45	Idle	59.199	374.39	-0.15	26.1	-0.045	94.99	5.01	0	Parked
1/1/2026 11:45	Idle	59.199	374.39	-0.15	26.1	-0.045	94.99	5.01	0	Parked
1/1/2026 11:45	Idle	59.199	374.39	-0.15	26.1	-0.045	94.99	5.01	0	Parked
1/1/2026 11:46	Idle	59.198	374.39	-0.15	26.1	-0.045	94.99	5.01	0	Parked
1/1/2026 11:46	Idle	59.198	374.39	-0.15	26.09	-0.045	94.99	5.01	0	Parked
1/1/2026 11:46	Idle	59.198	374.39	-0.15	26.09	-0.045	94.99	5.01	0	Parked
1/1/2026 11:46	Idle	59.198	374.39	-0.15	26.09	-0.045	94.99	5.01	0	Parked
1/1/2026 11:46	Idle	59.197	374.39	-0.15	26.09	-0.045	94.99	5.01	0	Parked
1/1/2026 11:46	Idle	59.197	374.39	-0.15	26.09	-0.045	94.99	5.01	0	Parked
1/1/2026 11:47	Idle	59.197	374.39	-0.15	26.09	-0.045	94.99	5.01	0	Parked
1/1/2026 11:47	Idle	59.197	374.39	-0.15	26.09	-0.045	94.99	5.01	0	Parked
1/1/2026 11:47	Idle	59.196	374.39	-0.15	26.09	-0.045	94.99	5.01	0	Parked
1/1/2026 11:47	Idle	59.196	374.39	-0.15	26.09	-0.045	94.99	5.01	0	Parked
1/1/2026 11:47	Idle	59.196	374.39	-0.15	26.09	-0.045	94.99	5.01	0	Parked
1/1/2026 11:47	Idle	59.196	374.39	-0.15	26.09	-0.045	94.99	5.01	0	Parked
1/1/2026 11:48	Idle	59.196	374.39	-0.15	26.09	-0.045	94.99	5.01	0	Parked
1/1/2026 11:48	Idle	59.195	374.39	-0.15	26.09	-0.045	94.99	5.01	0	Parked
1/1/2026 11:48	Idle	59.195	374.39	-0.15	26.09	-0.045	94.99	5.01	0	Parked
1/1/2026 11:48	Idle	59.195	374.39	-0.15	26.09	-0.045	94.99	5.01	0	Parked
1/1/2026 11:48	Idle	59.195	374.39	-0.15	26.09	-0.045	94.99	5.01	0	Parked
1/1/2026 11:48	Idle	59.194	374.39	-0.15	26.09	-0.045	94.99	5.01	0	Parked
1/1/2026 11:49	Idle	59.194	374.39	-0.15	26.09	-0.045	94.99	5.01	0	Parked
1/1/2026 11:49	Idle	59.194	374.39	-0.15	26.09	-0.045	94.99	5.01	0	Parked
1/1/2026 11:49	Idle	59.194	374.39	-0.15	26.09	-0.045	94.99	5.01	0	Parked
1/1/2026 11:49	Idle	59.193	374.39	-0.15	26.09	-0.045	94.99	5.01	0	Parked
1/1/2026 11:49	Idle	59.193	374.39	-0.15	26.09	-0.045	94.99	5.01	0	Parked
1/1/2026 11:49	Idle	59.193	374.39	-0.15	26.09	-0.045	94.99	5.01	0	Parked
1/1/2026 11:50	Idle	59.193	374.39	-0.15	26.09	-0.045	94.99	5.01	0	Parked
1/1/2026 11:50	Idle	59.193	374.39	-0.15	26.09	-0.045	94.99	5.01	0	Parked
1/1/2026 11:50	Idle	59.192	374.39	-0.15	26.09	-0.045	94.99	5.01	0	Parked
1/1/2026 11:50	Idle	59.192	374.39	-0.15	26.09	-0.045	94.99	5.01	0	Parked
1/1/2026 11:50	Idle	59.192	374.39	-0.15	26.09	-0.045	94.99	5.01	0	Parked
1/1/2026 11:50	Idle	59.192	374.39	-0.15	26.09	-0.045	94.99	5.01	0	Parked
1/1/2026 11:51	Idle	59.191	374.39	-0.15	26.09	-0.045	94.99	5.01	0	Parked
1/1/2026 11:51	Idle	59.191	374.39	-0.15	26.09	-0.045	94.99	5.01	0	Parked
1/1/2026 11:51	Idle	59.191	374.39	-0.15	26.09	-0.045	94.99	5.01	0	Parked
1/1/2026 11:51	Idle	59.191	374.39	-0.15	26.09	-0.045	94.99	5.01	0	Parked
1/1/2026 11:51	Idle	59.19	374.39	-0.15	26.09	-0.045	94.99	5.01	0	Parked
1/1/2026 11:51	Idle	59.19	374.39	-0.15	26.09	-0.045	94.99	5.01	0	Parked
1/1/2026 11:52	Idle	59.19	374.39	-0.15	26.09	-0.045	94.99	5.01	0	Parked
1/1/2026 11:52	Idle	59.19	374.39	-0.15	26.09	-0.045	94.99	5.01	0	Parked
1/1/2026 11:52	Idle	59.19	374.39	-0.15	26.09	-0.045	94.99	5.01	0	Parked
1/1/2026 11:52	Idle	59.189	374.39	-0.15	26.09	-0.045	94.99	5.01	0	Parked
1/1/2026 11:52	Idle	59.189	374.39	-0.15	26.09	-0.045	94.99	5.01	0	Parked
1/1/2026 11:52	Idle	59.189	374.39	-0.15	26.09	-0.045	94.99	5.01	0	Parked
1/1/2026 11:53	Idle	59.189	374.39	-0.15	26.09	-0.045	94.99	5.01	0	Parked
1/1/2026 11:53	Idle	59.188	374.39	-0.15	26.09	-0.045	94.99	5.01	0	Parked
1/1/2026 11:53	Idle	59.188	374.39	-0.15	26.09	-0.045	94.99	5.01	0	Parked
1/1/2026 11:53	Idle	59.188	374.38	-0.15	26.09	-0.045	94.99	5.01	0	Parked
1/1/2026 11:53	Idle	59.188	374.38	-0.15	26.09	-0.045	94.99	5.01	0	Parked
1/1/2026 11:53	Idle	59.188	374.38	-0.15	26.09	-0.045	94.99	5.01	0	Parked
1/1/2026 11:54	Idle	59.187	374.38	-0.15	26.09	-0.045	94.99	5.01	0	Parked
1/1/2026 11:54	Idle	59.187	374.38	-0.15	26.09	-0.045	94.99	5.01	0	Parked
1/1/2026 11:54	Idle	59.187	374.38	-0.15	26.09	-0.045	94.99	5.01	0	Parked
1/1/2026 11:54	Idle	59.187	374.38	-0.15	26.09	-0.045	94.99	5.01	0	Parked
1/1/2026 11:54	Idle	59.186	374.38	-0.15	26.09	-0.045	94.99	5.01	0	Parked
1/1/2026 11:54	Idle	59.186	374.38	-0.15	26.09	-0.045	94.99	5.01	0	Parked
1/1/2026 11:55	Idle	59.186	374.38	-0.15	26.09	-0.045	94.99	5.01	0	Parked
1/1/2026 11:55	Idle	59.186	374.38	-0.15	26.09	-0.045	94.99	5.01	0	Parked
1/1/2026 11:55	Idle	59.185	374.38	-0.15	26.09	-0.045	94.99	5.01	0	Parked
1/1/2026 11:55	Idle	59.185	374.38	-0.15	26.08	-0.045	94.99	5.01	0	Parked
1/1/2026 11:55	Idle	59.185	374.38	-0.15	26.08	-0.045	94.99	5.01	0	Parked
1/1/2026 11:55	Idle	59.185	374.38	-0.15	26.08	-0.045	94.99	5.01	0	Parked
1/1/2026 11:56	Idle	59.185	374.38	-0.15	26.08	-0.045	94.99	5.01	0	Parked
1/1/2026 11:56	Idle	59.184	374.38	-0.15	26.08	-0.045	94.99	5.01	0	Parked
1/1/2026 11:56	Idle	59.184	374.38	-0.15	26.08	-0.045	94.99	5.01	0	Parked
1/1/2026 11:56	Idle	59.184	374.38	-0.15	26.08	-0.045	94.99	5.01	0	Parked
1/1/2026 11:56	Idle	59.184	374.38	-0.15	26.08	-0.045	94.99	5.01	0	Parked
1/1/2026 11:56	Idle	59.183	374.38	-0.15	26.08	-0.045	94.99	5.01	0	Parked
1/1/2026 11:57	Idle	59.183	374.38	-0.15	26.08	-0.045	94.99	5.01	0	Parked
1/1/2026 11:57	Idle	59.183	374.38	-0.15	26.08	-0.045	94.99	5.01	0	Parked
1/1/2026 11:57	Idle	59.183	374.38	-0.15	26.08	-0.045	94.99	5.01	0	Parked
1/1/2026 11:57	Idle	59.182	374.38	-0.15	26.08	-0.045	94.99	5.01	0	Parked
1/1/2026 11:57	Idle	59.182	374.38	-0.15	26.08	-0.045	94.99	5.01	0	Parked
1/1/2026 11:57	Idle	59.182	374.38	-0.15	26.08	-0.045	94.99	5.01	0	Parked
1/1/2026 11:58	Idle	59.182	374.38	-0.15	26.08	-0.045	94.99	5.01	0	Parked
1/1/2026 11:58	Idle	59.182	374.38	-0.15	26.08	-0.045	94.99	5.01	0	Parked
1/1/2026 11:58	Idle	59.181	374.38	-0.15	26.08	-0.045	94.99	5.01	0	Parked
1/1/2026 11:58	Idle	59.181	374.38	-0.15	26.08	-0.045	94.99	5.01	0	Parked
1/1/2026 11:58	Idle	59.181	374.38	-0.15	26.08	-0.045	94.99	5.01	0	Parked
1/1/2026 11:58	Idle	59.181	374.38	-0.15	26.08	-0.045	94.99	5.01	0	Parked
1/1/2026 11:59	Idle	59.18	374.38	-0.15	26.08	-0.045	94.99	5.01	0	Parked
1/1/2026 11:59	Idle	59.18	374.38	-0.15	26.08	-0.045	94.99	5.01	0	Parked
1/1/2026 11:59	Idle	59.18	374.38	-0.15	26.08	-0.045	94.99	5.01	0	Parked
1/1/2026 11:59	Idle	59.18	374.38	-0.15	26.08	-0.045	94.99	5.01	0	Parked
1/1/2026 11:59	Idle	59.179	374.38	-0.15	26.08	-0.045	94.99	5.01	0	Parked
1/1/2026 11:59	Idle	59.179	374.38	-0.15	26.08	-0.045	94.99	5.01	0	Parked
1/1/2026 12:00	Idle	59.179	374.38	-0.15	26.08	-0.045	94.99	5.01	0	Parked
1/1/2026 12:00	Idle	59.179	374.38	-0.15	26.08	-0.045	94.99	5.01	0	Parked
1/1/2026 12:00	Idle	59.179	374.38	-0.15	26.08	-0.045	94.99	5.01	0	Parked
1/1/2026 12:00	Idle	59.178	374.38	-0.15	26.08	-0.045	94.99	5.01	0	Parked
1/1/2026 12:00	Idle	59.178	374.38	-0.15	26.08	-0.045	94.99	5.01	0	Parked
1/1/2026 12:00	Idle	59.178	374.38	-0.15	26.08	-0.045	94.99	5.01	0	Parked
1/1/2026 12:01	Idle	59.178	374.38	-0.15	26.08	-0.045	94.99	5.01	0	Parked
1/1/2026 12:01	Idle	59.177	374.38	-0.15	26.08	-0.045	94.99	5.01	0	Parked
1/1/2026 12:01	Idle	59.177	374.38	-0.15	26.08	-0.045	94.99	5.01	0	Parked
1/1/2026 12:01	Idle	59.177	374.38	-0.15	26.08	-0.045	94.99	5.01	0	Parked
1/1/2026 12:01	Idle	59.177	374.38	-0.15	26.08	-0.045	94.99	5.01	0	Parked
1/1/2026 12:01	Idle	59.176	374.38	-0.15	26.08	-0.045	94.99	5.01	0	Parked
1/1/2026 12:02	Idle	59.176	374.38	-0.15	26.08	-0.045	94.99	5.01	0	Parked
1/1/2026 12:02	Idle	59.176	374.38	-0.15	26.08	-0.045	94.99	5.01	0	Parked
1/1/2026 12:02	Idle	59.176	374.38	-0.15	26.08	-0.045	94.99	5.01	0	Parked
1/1/2026 12:02	Idle	59.176	374.38	-0.15	26.08	-0.045	94.99	5.01	0	Parked
1/1/2026 12:02	Idle	59.175	374.38	-0.15	26.08	-0.045	94.99	5.01	0	Parked
1/1/2026 12:02	Idle	59.175	374.38	-0.15	26.08	-0.045	94.99	5.01	0	Parked
1/1/2026 12:03	Idle	59.175	374.38	-0.15	26.08	-0.045	94.99	5.01	0	Parked
1/1/2026 12:03	Idle	59.175	374.37	-0.15	26.08	-0.045	94.99	5.01	0	Parked
1/1/2026 12:03	Idle	59.174	374.37	-0.15	26.08	-0.045	94.99	5.01	0	Parked
1/1/2026 12:03	Idle	59.174	374.37	-0.15	26.08	-0.045	94.99	5.01	0	Parked
1/1/2026 12:03	Idle	59.174	374.37	-0.15	26.08	-0.045	94.99	5.01	0	Parked
1/1/2026 12:03	Idle	59.174	374.37	-0.15	26.08	-0.045	94.99	5.01	0	Parked
1/1/2026 12:04	Idle	59.173	374.37	-0.15	26.08	-0.045	94.99	5.01	0	Parked
1/1/2026 12:04	Idle	59.173	374.37	-0.15	26.08	-0.045	94.99	5.01	0	Parked
1/1/2026 12:04	Idle	59.173	374.37	-0.15	26.08	-0.045	94.99	5.01	0	Parked
1/1/2026 12:04	Idle	59.173	374.37	-0.15	26.08	-0.045	94.99	5.01	0	Parked
1/1/2026 12:04	Idle	59.173	374.37	-0.15	26.08	-0.045	94.99	5.01	0	Parked
1/1/2026 12:04	Idle	59.172	374.37	-0.15	26.08	-0.045	94.99	5.01	0	Parked
1/1/2026 12:05	Idle	59.172	374.37	-0.15	26.08	-0.045	94.99	5.01	0	Parked
1/1/2026 12:05	Idle	59.172	374.37	-0.15	26.08	-0.045	94.99	5.01	0	Parked
1/1/2026 12:05	Idle	59.172	374.37	-0.15	26.08	-0.045	94.99	5.01	0	Parked
1/1/2026 12:05	Idle	59.171	374.37	-0.15	26.08	-0.045	94.99	5.01	0	Parked
1/1/2026 12:05	Idle	59.171	374.37	-0.15	26.08	-0.045	94.99	5.01	0	Parked
1/1/2026 12:05	Idle	59.171	374.37	-0.15	26.07	-0.045	94.99	5.01	0	Parked
1/1/2026 12:06	Idle	59.171	374.37	-0.15	26.07	-0.045	94.99	5.01	0	Parked
1/1/2026 12:06	Idle	59.171	374.37	-0.15	26.07	-0.045	94.99	5.01	0	Parked
1/1/2026 12:06	Idle	59.17	374.37	-0.15	26.07	-0.045	94.99	5.01	0	Parked
1/1/2026 12:06	Idle	59.17	374.37	-0.15	26.07	-0.045	94.99	5.01	0	Parked
1/1/2026 12:06	Idle	59.17	374.37	-0.15	26.07	-0.045	94.99	5.01	0	Parked
1/1/2026 12:06	Idle	59.17	374.37	-0.15	26.07	-0.045	94.99	5.01	0	Parked
1/1/2026 12:07	Idle	59.169	374.37	-0.15	26.07	-0.045	94.99	5.01	0	Parked
1/1/2026 12:07	Idle	59.169	374.37	-0.15	26.07	-0.045	94.99	5.01	0	Parked
1/1/2026 12:07	Idle	59.169	374.37	-0.15	26.07	-0.045	94.99	5.01	0	Parked
1/1/2026 12:07	Idle	59.169	374.37	-0.15	26.07	-0.045	94.99	5.01	0	Parked
1/1/2026 12:07	Idle	59.168	374.37	-0.15	26.07	-0.045	94.99	5.01	0	Parked
1/1/2026 12:07	Idle	59.168	374.37	-0.15	26.07	-0.045	94.99	5.01	0	Parked
1/1/2026 12:08	Idle	59.168	374.37	-0.15	26.07	-0.045	94.99	5.01	0	Parked
1/1/2026 12:08	Idle	59.168	374.37	-0.15	26.07	-0.045	94.99	5.01	0	Parked
1/1/2026 12:08	Idle	59.168	374.37	-0.15	26.07	-0.045	94.99	5.01	0	Parked
1/1/2026 12:08	Idle	59.167	374.37	-0.15	26.07	-0.045	94.99	5.01	0	Parked
1/1/2026 12:08	Idle	59.167	374.37	-0.15	26.07	-0.045	94.99	5.01	0	Parked
1/1/2026 12:08	Idle	59.167	374.37	-0.15	26.07	-0.045	94.99	5.01	0	Parked
1/1/2026 12:09	Idle	59.167	374.37	-0.15	26.07	-0.045	94.99	5.01	0	Parked
1/1/2026 12:09	Idle	59.166	374.37	-0.15	26.07	-0.045	94.99	5.01	0	Parked
1/1/2026 12:09	Idle	59.166	374.37	-0.15	26.07	-0.045	94.99	5.01	0	Parked
1/1/2026 12:09	Idle	59.166	374.37	-0.15	26.07	-0.045	94.99	5.01	0	Parked
1/1/2026 12:09	Idle	59.166	374.37	-0.15	26.07	-0.045	94.99	5.01	0	Parked
1/1/2026 12:09	Idle	59.165	374.37	-0.15	26.07	-0.045	94.99	5.01	0	Parked
1/1/2026 12:10	Idle	59.165	374.37	-0.15	26.07	-0.045	94.99	5.01	0	Parked
1/1/2026 12:10	Idle	59.165	374.37	-0.15	26.07	-0.045	94.99	5.01	0	Parked
1/1/2026 12:10	Idle	59.165	374.37	-0.15	26.07	-0.045	94.99	5.01	0	Parked
1/1/2026 12:10	Idle	59.165	374.37	-0.15	26.07	-0.045	94.99	5.01	0	Parked
1/1/2026 12:10	Idle	59.164	374.37	-0.15	26.07	-0.045	94.99	5.01	0	Parked
1/1/2026 12:10	Idle	59.164	374.37	-0.15	26.07	-0.045	94.99	5.01	0	Parked
1/1/2026 12:11	Idle	59.164	374.37	-0.15	26.07	-0.045	94.99	5.01	0	Parked
1/1/2026 12:11	Idle	59.164	374.37	-0.15	26.07	-0.045	94.99	5.01	0	Parked
1/1/2026 12:11	Idle	59.163	374.37	-0.15	26.07	-0.045	94.99	5.01	0	Parked
1/1/2026 12:11	Idle	59.163	374.37	-0.15	26.07	-0.045	94.99	5.01	0	Parked
1/1/2026 12:11	Idle	59.163	374.37	-0.15	26.07	-0.045	94.99	5.01	0	Parked
1/1/2026 12:11	Idle	59.163	374.37	-0.15	26.07	-0.045	94.99	5.01	0	Parked
1/1/2026 12:12	Idle	59.162	374.37	-0.15	26.07	-0.045	94.99	5.01	0	Parked
1/1/2026 12:12	Idle	59.162	374.37	-0.15	26.07	-0.045	94.99	5.01	0	Parked
1/1/2026 12:12	Idle	59.162	374.37	-0.15	26.07	-0.045	94.99	5.01	0	Parked
1/1/2026 12:12	Idle	59.162	374.37	-0.15	26.07	-0.045	94.99	5.01	0	Parked
1/1/2026 12:12	Idle	59.162	374.37	-0.15	26.07	-0.045	94.99	5.01	0	Parked
1/1/2026 12:12	Idle	59.161	374.36	-0.15	26.07	-0.045	94.99	5.01	0	Parked
1/1/2026 12:13	Idle	59.161	374.36	-0.15	26.07	-0.045	94.99	5.01	0	Parked
1/1/2026 12:13	Idle	59.161	374.36	-0.15	26.07	-0.045	94.99	5.01	0	Parked
1/1/2026 12:13	Idle	59.161	374.36	-0.15	26.07	-0.045	94.99	5.01	0	Parked
1/1/2026 12:13	Idle	59.16	374.36	-0.15	26.07	-0.045	94.99	5.01	0	Parked
1/1/2026 12:13	Idle	59.16	374.36	-0.15	26.07	-0.045	94.99	5.01	0	Parked
1/1/2026 12:13	Idle	59.16	374.36	-0.15	26.07	-0.045	94.99	5.01	0	Parked
1/1/2026 12:14	Idle	59.16	374.36	-0.15	26.07	-0.045	94.99	5.01	0	Parked
1/1/2026 12:14	Idle	59.159	374.36	-0.15	26.07	-0.045	94.99	5.01	0	Parked
1/1/2026 12:14	Idle	59.159	374.36	-0.15	26.07	-0.045	94.99	5.01	0	Parked
1/1/2026 12:14	Idle	59.159	374.36	-0.15	26.07	-0.045	94.99	5.01	0	Parked
1/1/2026 12:14	Idle	59.159	374.36	-0.15	26.07	-0.045	94.99	5.01	0	Parked
1/1/2026 12:14	Idle	59.159	374.36	-0.15	26.07	-0.045	94.99	5.01	0	Parked
1/1/2026 12:15	Idle	59.158	374.36	-0.15	26.07	-0.045	94.99	5.01	0	Parked
1/1/2026 12:15	Idle	59.158	374.36	-0.15	26.07	-0.045	94.99	5.01	0	Parked
1/1/2026 12:15	Idle	59.158	374.36	-0.15	26.07	-0.045	94.99	5.01	0	Parked
1/1/2026 12:15	Idle	59.158	374.36	-0.15	26.07	-0.045	94.99	5.01	0	Parked
1/1/2026 12:15	Idle	59.157	374.36	-0.15	26.07	-0.045	94.99	5.01	0	Parked
1/1/2026 12:15	Idle	59.157	374.36	-0.15	26.07	-0.045	94.99	5.01	0	Parked
1/1/2026 12:16	Idle	59.157	374.36	-0.15	26.07	-0.045	94.99	5.01	0	Parked
1/1/2026 12:16	Idle	59.157	374.36	-0.15	26.07	-0.045	94.99	5.01	0	Parked
1/1/2026 12:16	Idle	59.156	374.36	-0.15	26.07	-0.045	94.99	5.01	0	Parked
1/1/2026 12:16	Idle	59.156	374.36	-0.15	26.07	-0.045	94.99	5.01	0	Parked
1/1/2026 12:16	Idle	59.156	374.36	-0.15	26.07	-0.045	94.99	5.01	0	Parked
1/1/2026 12:16	Idle	59.156	374.36	-0.15	26.07	-0.045	94.99	5.01	0	Parked
1/1/2026 12:17	Idle	59.156	374.36	-0.15	26.07	-0.045	94.99	5.01	0	Parked
1/1/2026 12:17	Idle	59.155	374.36	-0.15	26.07	-0.045	94.99	5.01	0	Parked
1/1/2026 12:17	Idle	59.155	374.36	-0.15	26.07	-0.045	94.99	5.01	0	Parked
1/1/2026 12:17	Idle	59.155	374.36	-0.15	26.07	-0.045	94.99	5.01	0	Parked
1/1/2026 12:17	Idle	59.155	374.36	-0.15	26.07	-0.045	94.99	5.01	0	Parked
1/1/2026 12:17	Idle	59.154	374.36	-0.15	26.06	-0.045	94.99	5.01	0	Parked
1/1/2026 12:18	Idle	59.154	374.36	-0.15	26.06	-0.045	94.99	5.01	0	Parked
1/1/2026 12:18	Idle	59.154	374.36	-0.15	26.06	-0.045	94.99	5.01	0	Parked
1/1/2026 12:18	Idle	59.154	374.36	-0.15	26.06	-0.045	94.99	5.01	0	Parked
1/1/2026 12:18	Idle	59.154	374.36	-0.15	26.06	-0.045	94.99	5.01	0	Parked
1/1/2026 12:18	Idle	59.153	374.36	-0.15	26.06	-0.045	94.99	5.01	0	Parked
1/1/2026 12:18	Idle	59.153	374.36	-0.15	26.06	-0.045	94.99	5.01	0	Parked
1/1/2026 12:19	Idle	59.153	374.36	-0.15	26.06	-0.045	94.99	5.01	0	Parked
1/1/2026 12:19	Idle	59.153	374.36	-0.15	26.06	-0.045	94.99	5.01	0	Parked
1/1/2026 12:19	Idle	59.152	374.36	-0.15	26.06	-0.045	94.99	5.01	0	Parked
1/1/2026 12:19	Idle	59.152	374.36	-0.15	26.06	-0.045	94.99	5.01	0	Parked
1/1/2026 12:19	Idle	59.152	374.36	-0.15	26.06	-0.045	94.99	5.01	0	Parked
1/1/2026 12:19	Idle	59.152	374.36	-0.15	26.06	-0.045	94.99	5.01	0	Parked
1/1/2026 12:20	Idle	59.151	374.36	-0.15	26.06	-0.045	94.99	5.01	0	Parked
1/1/2026 12:20	Idle	59.151	374.36	-0.15	26.06	-0.045	94.99	5.01	0	Parked
1/1/2026 12:20	Idle	59.151	374.36	-0.15	26.06	-0.045	94.99	5.01	0	Parked
1/1/2026 12:20	Idle	59.151	374.36	-0.15	26.06	-0.045	94.99	5.01	0	Parked
1/1/2026 12:20	Idle	59.151	374.36	-0.15	26.06	-0.045	94.99	5.01	0	Parked
1/1/2026 12:20	Idle	59.15	374.36	-0.15	26.06	-0.045	94.99	5.01	0	Parked
1/1/2026 12:21	Idle	59.15	374.36	-0.15	26.06	-0.045	94.99	5.01	0	Parked
1/1/2026 12:21	Idle	59.15	374.36	-0.15	26.06	-0.045	94.99	5.01	0	Parked
1/1/2026 12:21	Idle	59.15	374.36	-0.15	26.06	-0.045	94.99	5.01	0	Parked
1/1/2026 12:21	Idle	59.149	374.36	-0.15	26.06	-0.045	94.99	5.01	0	Parked
1/1/2026 12:21	Idle	59.149	374.36	-0.15	26.06	-0.045	94.99	5.01	0	Parked
1/1/2026 12:21	Idle	59.149	374.36	-0.15	26.06	-0.045	94.99	5.01	0	Parked
1/1/2026 12:22	Idle	59.149	374.36	-0.15	26.06	-0.045	94.99	5.01	0	Parked
1/1/2026 12:22	Idle	59.148	374.36	-0.15	26.06	-0.045	94.99	5.01	0	Parked
1/1/2026 12:22	Idle	59.148	374.36	-0.15	26.06	-0.045	94.99	5.01	0	Parked
1/1/2026 12:22	Idle	59.148	374.35	-0.15	26.06	-0.045	94.99	5.01	0	Parked
1/1/2026 12:22	Idle	59.148	374.35	-0.15	26.06	-0.045	94.99	5.01	0	Parked
1/1/2026 12:22	Idle	59.148	374.35	-0.15	26.06	-0.045	94.99	5.01	0	Parked
1/1/2026 12:23	Idle	59.147	374.35	-0.15	26.06	-0.045	94.99	5.01	0	Parked
1/1/2026 12:23	Idle	59.147	374.35	-0.15	26.06	-0.045	94.99	5.01	0	Parked
1/1/2026 12:23	Idle	59.147	374.35	-0.15	26.06	-0.045	94.99	5.01	0	Parked
1/1/2026 12:23	Idle	59.147	374.35	-0.15	26.06	-0.045	94.99	5.01	0	Parked
1/1/2026 12:23	Idle	59.146	374.35	-0.15	26.06	-0.045	94.99	5.01	0	Parked
1/1/2026 12:23	Idle	59.146	374.35	-0.15	26.06	-0.045	94.99	5.01	0	Parked
1/1/2026 12:24	Idle	59.146	374.35	-0.15	26.06	-0.045	94.99	5.01	0	Parked
1/1/2026 12:24	Idle	59.146	374.35	-0.15	26.06	-0.045	94.99	5.01	0	Parked
1/1/2026 12:24	Idle	59.145	374.35	-0.15	26.06	-0.045	94.99	5.01	0	Parked
1/1/2026 12:24	Idle	59.145	374.35	-0.15	26.06	-0.045	94.99	5.01	0	Parked
1/1/2026 12:24	Idle	59.145	374.35	-0.15	26.06	-0.045	94.99	5.01	0	Parked
1/1/2026 12:24	Idle	59.145	374.35	-0.15	26.06	-0.045	94.99	5.01	0	Parked
1/1/2026 12:25	Idle	59.145	374.35	-0.15	26.06	-0.045	94.99	5.01	0	Parked
1/1/2026 12:25	Idle	59.144	374.35	-0.15	26.06	-0.045	94.99	5.01	0	Parked
1/1/2026 12:25	Idle	59.144	374.35	-0.15	26.06	-0.045	94.99	5.01	0	Parked
1/1/2026 12:25	Idle	59.144	374.35	-0.15	26.06	-0.045	94.99	5.01	0	Parked
1/1/2026 12:25	Idle	59.144	374.35	-0.15	26.06	-0.045	94.99	5.01	0	Parked
1/1/2026 12:25	Idle	59.143	374.35	-0.15	26.06	-0.045	94.99	5.01	0	Parked
1/1/2026 12:26	Idle	59.143	374.35	-0.15	26.06	-0.045	94.99	5.01	0	Parked
1/1/2026 12:26	Idle	59.143	374.35	-0.15	26.06	-0.045	94.99	5.01	0	Parked
1/1/2026 12:26	Idle	59.143	374.35	-0.15	26.06	-0.045	94.99	5.01	0	Parked
1/1/2026 12:26	Idle	59.142	374.35	-0.15	26.06	-0.045	94.99	5.01	0	Parked
1/1/2026 12:26	Idle	59.142	374.35	-0.15	26.06	-0.045	94.99	5.01	0	Parked
1/1/2026 12:26	Idle	59.142	374.35	-0.15	26.06	-0.045	94.99	5.01	0	Parked
1/1/2026 12:27	Idle	59.142	374.35	-0.15	26.06	-0.045	94.99	5.01	0	Parked
1/1/2026 12:27	Idle	59.142	374.35	-0.15	26.06	-0.045	94.99	5.01	0	Parked
1/1/2026 12:27	Idle	59.141	374.35	-0.15	26.06	-0.045	94.99	5.01	0	Parked
1/1/2026 12:27	Idle	59.141	374.35	-0.15	26.06	-0.045	94.99	5.01	0	Parked
1/1/2026 12:27	Idle	59.141	374.35	-0.15	26.06	-0.045	94.99	5.01	0	Parked
1/1/2026 12:27	Idle	59.141	374.35	-0.15	26.06	-0.045	94.99	5.01	0	Parked
1/1/2026 12:28	Idle	59.14	374.35	-0.15	26.06	-0.045	94.99	5.01	0	Parked
1/1/2026 12:28	Idle	59.14	374.35	-0.15	26.06	-0.045	94.99	5.01	0	Parked
1/1/2026 12:28	Idle	59.14	374.35	-0.15	26.06	-0.045	94.99	5.01	0	Parked
1/1/2026 12:28	Idle	59.14	374.35	-0.15	26.06	-0.045	94.99	5.01	0	Parked
1/1/2026 12:28	Idle	59.139	374.35	-0.15	26.06	-0.045	94.99	5.01	0	Parked
1/1/2026 12:28	Idle	59.139	374.35	-0.15	26.06	-0.045	94.99	5.01	0	Parked
1/1/2026 12:29	Idle	59.139	374.35	-0.15	26.06	-0.045	94.99	5.01	0	Parked
1/1/2026 12:29	Idle	59.139	374.35	-0.15	26.06	-0.045	94.99	5.01	0	Parked
1/1/2026 12:29	Idle	59.139	374.35	-0.15	26.06	-0.045	94.99	5.01	0	Parked
1/1/2026 12:29	Idle	59.138	374.35	-0.15	26.06	-0.045	94.99	5.01	0	Parked
1/1/2026 12:29	Idle	59.138	374.35	-0.15	26.06	-0.045	94.99	5.01	0	Parked
1/1/2026 12:29	Idle	59.138	374.35	-0.15	26.06	-0.045	94.99	5.01	0	Parked
1/1/2026 12:30	Idle	59.138	374.35	-0.15	26.06	-0.045	94.99	5.01	0	Parked
1/1/2026 12:30	Idle	59.137	374.35	-0.15	26.06	-0.045	94.99	5.01	0	Parked
1/1/2026 12:30	Idle	59.137	374.35	-0.15	26.06	-0.045	94.99	5.01	0	Parked
1/1/2026 12:30	Idle	59.137	374.35	-0.15	26.06	-0.045	94.99	5.01	0	Parked
1/1/2026 12:30	Idle	59.137	374.35	-0.15	26.06	-0.045	94.99	5.01	0	Parked
1/1/2026 12:30	Idle	59.136	374.35	-0.15	26.06	-0.045	94.99	5.01	0	Parked
1/1/2026 12:31	Idle	59.136	374.35	-0.15	26.06	-0.045	94.99	5.01	0	Parked
1/1/2026 12:31	Idle	59.136	374.35	-0.15	26.06	-0.045	94.99	5.01	0	Parked
1/1/2026 12:31	Idle	59.136	374.35	-0.15	26.06	-0.045	94.99	5.01	0	Parked
1/1/2026 12:31	Idle	59.136	374.35	-0.15	26.06	-0.045	94.99	5.01	0	Parked
1/1/2026 12:31	Idle	59.135	374.35	-0.15	26.05	-0.045	94.99	5.01	0	Parked
1/1/2026 12:31	Idle	59.135	374.35	-0.15	26.05	-0.045	94.99	5.01	0	Parked
1/1/2026 12:32	Idle	59.135	374.35	-0.15	26.05	-0.045	94.99	5.01	0	Parked
1/1/2026 12:32	Idle	59.135	374.34	-0.15	26.05	-0.045	94.99	5.01	0	Parked
1/1/2026 12:32	Idle	59.134	374.34	-0.15	26.05	-0.045	94.99	5.01	0	Parked
1/1/2026 12:32	Idle	59.134	374.34	-0.15	26.05	-0.045	94.99	5.01	0	Parked
1/1/2026 12:32	Idle	59.134	374.34	-0.15	26.05	-0.045	94.99	5.01	0	Parked
1/1/2026 12:32	Idle	59.134	374.34	-0.15	26.05	-0.045	94.99	5.01	0	Parked
1/1/2026 12:33	Idle	59.134	374.34	-0.15	26.05	-0.045	94.99	5.01	0	Parked
1/1/2026 12:33	Idle	59.133	374.34	-0.15	26.05	-0.045	94.99	5.01	0	Parked
1/1/2026 12:33	Idle	59.133	374.34	-0.15	26.05	-0.045	94.99	5.01	0	Parked
1/1/2026 12:33	Idle	59.133	374.34	-0.15	26.05	-0.045	94.99	5.01	0	Parked
1/1/2026 12:33	Idle	59.133	374.34	-0.15	26.05	-0.045	94.99	5.01	0	Parked
1/1/2026 12:33	Idle	59.132	374.34	-0.15	26.05	-0.045	94.99	5.01	0	Parked
1/1/2026 12:34	Idle	59.132	374.34	-0.15	26.05	-0.045	94.99	5.01	0	Parked
1/1/2026 12:34	Idle	59.132	374.34	-0.15	26.05	-0.045	94.99	5.01	0	Parked
1/1/2026 12:34	Idle	59.132	374.34	-0.15	26.05	-0.045	94.99	5.01	0	Parked
1/1/2026 12:34	Idle	59.131	374.34	-0.15	26.05	-0.045	94.99	5.01	0	Parked
1/1/2026 12:34	Idle	59.131	374.34	-0.15	26.05	-0.045	94.99	5.01	0	Parked
1/1/2026 12:34	Idle	59.131	374.34	-0.15	26.05	-0.045	94.99	5.01	0	Parked
1/1/2026 12:35	Idle	59.131	374.34	-0.15	26.05	-0.045	94.99	5.01	0	Parked
1/1/2026 12:35	Idle	59.131	374.34	-0.15	26.05	-0.045	94.99	5.01	0	Parked
1/1/2026 12:35	Idle	59.13	374.34	-0.15	26.05	-0.045	94.99	5.01	0	Parked
1/1/2026 12:35	Idle	59.13	374.34	-0.15	26.05	-0.045	94.99	5.01	0	Parked
1/1/2026 12:35	Idle	59.13	374.34	-0.15	26.05	-0.045	94.99	5.01	0	Parked
1/1/2026 12:35	Idle	59.13	374.34	-0.15	26.05	-0.045	94.99	5.01	0	Parked
1/1/2026 12:36	Idle	59.129	374.34	-0.15	26.05	-0.045	94.989	5.011	0	Parked
1/1/2026 12:36	Idle	59.129	374.34	-0.15	26.05	-0.045	94.989	5.011	0	Parked
1/1/2026 12:36	Idle	59.129	374.34	-0.15	26.05	-0.045	94.989	5.011	0	Parked
1/1/2026 12:36	Idle	59.129	374.34	-0.15	26.05	-0.045	94.989	5.011	0	Parked
1/1/2026 12:36	Idle	59.128	374.34	-0.15	26.05	-0.045	94.989	5.011	0	Parked
1/1/2026 12:36	Idle	59.128	374.34	-0.15	26.05	-0.045	94.989	5.011	0	Parked
1/1/2026 12:37	Idle	59.128	374.34	-0.15	26.05	-0.045	94.989	5.011	0	Parked
1/1/2026 12:37	Idle	59.128	374.34	-0.15	26.05	-0.045	94.989	5.011	0	Parked
1/1/2026 12:37	Idle	59.128	374.34	-0.15	26.05	-0.045	94.989	5.011	0	Parked
1/1/2026 12:37	Idle	59.127	374.34	-0.15	26.05	-0.045	94.989	5.011	0	Parked
1/1/2026 12:37	Idle	59.127	374.34	-0.15	26.05	-0.045	94.989	5.011	0	Parked
1/1/2026 12:37	Idle	59.127	374.34	-0.15	26.05	-0.045	94.989	5.011	0	Parked
1/1/2026 12:38	Idle	59.127	374.34	-0.15	26.05	-0.045	94.989	5.011	0	Parked
1/1/2026 12:38	Idle	59.126	374.34	-0.15	26.05	-0.045	94.989	5.011	0	Parked
1/1/2026 12:38	Idle	59.126	374.34	-0.15	26.05	-0.045	94.989	5.011	0	Parked
1/1/2026 12:38	Idle	59.126	374.34	-0.15	26.05	-0.045	94.989	5.011	0	Parked
1/1/2026 12:38	Idle	59.126	374.34	-0.15	26.05	-0.045	94.989	5.011	0	Parked
1/1/2026 12:38	Idle	59.125	374.34	-0.15	26.05	-0.045	94.989	5.011	0	Parked
1/1/2026 12:39	Idle	59.125	374.34	-0.15	26.05	-0.045	94.989	5.011	0	Parked
1/1/2026 12:39	Idle	59.125	374.34	-0.15	26.05	-0.045	94.989	5.011	0	Parked
1/1/2026 12:39	Idle	59.125	374.34	-0.15	26.05	-0.045	94.989	5.011	0	Parked
1/1/2026 12:39	Idle	59.125	374.34	-0.15	26.05	-0.045	94.989	5.011	0	Parked
1/1/2026 12:39	Idle	59.124	374.34	-0.15	26.05	-0.045	94.989	5.011	0	Parked
1/1/2026 12:39	Idle	59.124	374.34	-0.15	26.05	-0.045	94.989	5.011	0	Parked
1/1/2026 12:40	Idle	59.124	374.34	-0.15	26.05	-0.045	94.989	5.011	0	Parked
1/1/2026 12:40	Idle	59.124	374.34	-0.15	26.05	-0.045	94.989	5.011	0	Parked
1/1/2026 12:40	Idle	59.123	374.34	-0.15	26.05	-0.045	94.989	5.011	0	Parked
1/1/2026 12:40	Idle	59.123	374.34	-0.15	26.05	-0.045	94.989	5.011	0	Parked
1/1/2026 12:40	Idle	59.123	374.34	-0.15	26.05	-0.045	94.989	5.011	0	Parked
1/1/2026 12:40	Idle	59.123	374.34	-0.15	26.05	-0.045	94.989	5.011	0	Parked
1/1/2026 12:41	Idle	59.122	374.34	-0.15	26.05	-0.045	94.989	5.011	0	Parked
1/1/2026 12:41	Idle	59.122	374.34	-0.15	26.05	-0.045	94.989	5.011	0	Parked
1/1/2026 12:41	Idle	59.122	374.34	-0.15	26.05	-0.045	94.989	5.011	0	Parked
1/1/2026 12:41	Idle	59.122	374.34	-0.15	26.05	-0.045	94.989	5.011	0	Parked
1/1/2026 12:41	Idle	59.122	374.34	-0.15	26.05	-0.045	94.989	5.011	0	Parked
1/1/2026 12:41	Idle	59.121	374.34	-0.15	26.05	-0.045	94.989	5.011	0	Parked
1/1/2026 12:42	Idle	59.121	374.33	-0.15	26.05	-0.045	94.989	5.011	0	Parked
1/1/2026 12:42	Idle	59.121	374.33	-0.15	26.05	-0.045	94.989	5.011	0	Parked
1/1/2026 12:42	Idle	59.121	374.33	-0.15	26.05	-0.045	94.989	5.011	0	Parked
1/1/2026 12:42	Idle	59.12	374.33	-0.15	26.05	-0.045	94.989	5.011	0	Parked
1/1/2026 12:42	Idle	59.12	374.33	-0.15	26.05	-0.045	94.989	5.011	0	Parked
1/1/2026 12:42	Idle	59.12	374.33	-0.15	26.05	-0.045	94.989	5.011	0	Parked
1/1/2026 12:43	Idle	59.12	374.33	-0.15	26.05	-0.045	94.989	5.011	0	Parked
1/1/2026 12:43	Idle	59.119	374.33	-0.15	26.05	-0.045	94.989	5.011	0	Parked
1/1/2026 12:43	Idle	59.119	374.33	-0.15	26.05	-0.045	94.989	5.011	0	Parked
1/1/2026 12:43	Idle	59.119	374.33	-0.15	26.05	-0.045	94.989	5.011	0	Parked
1/1/2026 12:43	Idle	59.119	374.33	-0.15	26.05	-0.045	94.989	5.011	0	Parked
1/1/2026 12:43	Idle	59.119	374.33	-0.15	26.05	-0.045	94.989	5.011	0	Parked
1/1/2026 12:44	Idle	59.118	374.33	-0.15	26.05	-0.045	94.989	5.011	0	Parked
1/1/2026 12:44	Idle	59.118	374.33	-0.15	26.05	-0.045	94.989	5.011	0	Parked
1/1/2026 12:44	Idle	59.118	374.33	-0.15	26.05	-0.045	94.989	5.011	0	Parked
1/1/2026 12:44	Idle	59.118	374.33	-0.15	26.05	-0.045	94.989	5.011	0	Parked
1/1/2026 12:44	Idle	59.117	374.33	-0.15	26.05	-0.045	94.989	5.011	0	Parked
1/1/2026 12:44	Idle	59.117	374.33	-0.15	26.05	-0.045	94.989	5.011	0	Parked
1/1/2026 12:45	Idle	59.117	374.33	-0.15	26.05	-0.045	94.989	5.011	0	Parked
1/1/2026 12:45	Idle	59.117	374.33	-0.15	26.05	-0.045	94.989	5.011	0	Parked
1/1/2026 12:45	Idle	59.117	374.33	-0.15	26.05	-0.045	94.989	5.011	0	Parked
1/1/2026 12:45	Idle	59.116	374.33	-0.15	26.05	-0.045	94.989	5.011	0	Parked
1/1/2026 12:45	Idle	59.116	374.33	-0.15	26.05	-0.045	94.989	5.011	0	Parked
1/1/2026 12:45	Idle	59.116	374.33	-0.15	26.05	-0.045	94.989	5.011	0	Parked
1/1/2026 12:46	Idle	59.116	374.33	-0.15	26.05	-0.045	94.989	5.011	0	Parked
1/1/2026 12:46	Idle	59.115	374.33	-0.15	26.05	-0.045	94.989	5.011	0	Parked
1/1/2026 12:46	Idle	59.115	374.33	-0.15	26.05	-0.045	94.989	5.011	0	Parked
1/1/2026 12:46	Idle	59.115	374.33	-0.15	26.05	-0.045	94.989	5.011	0	Parked
1/1/2026 12:46	Idle	59.115	374.33	-0.15	26.05	-0.045	94.989	5.011	0	Parked
1/1/2026 12:46	Idle	59.114	374.33	-0.15	26.05	-0.045	94.989	5.011	0	Parked
1/1/2026 12:47	Idle	59.114	374.33	-0.15	26.05	-0.045	94.989	5.011	0	Parked
1/1/2026 12:47	Idle	59.114	374.33	-0.15	26.05	-0.045	94.989	5.011	0	Parked
1/1/2026 12:47	Idle	59.114	374.33	-0.15	26.05	-0.045	94.989	5.011	0	Parked
1/1/2026 12:47	Idle	59.114	374.33	-0.15	26.05	-0.045	94.989	5.011	0	Parked
1/1/2026 12:47	Idle	59.113	374.33	-0.15	26.05	-0.045	94.989	5.011	0	Parked
1/1/2026 12:47	Idle	59.113	374.33	-0.15	26.05	-0.045	94.989	5.011	0	Parked
1/1/2026 12:48	Idle	59.113	374.33	-0.15	26.05	-0.045	94.989	5.011	0	Parked
1/1/2026 12:48	Idle	59.113	374.33	-0.15	26.05	-0.045	94.989	5.011	0	Parked
1/1/2026 12:48	Idle	59.112	374.33	-0.15	26.05	-0.045	94.989	5.011	0	Parked
1/1/2026 12:48	Idle	59.112	374.33	-0.15	26.04	-0.045	94.989	5.011	0	Parked
1/1/2026 12:48	Idle	59.112	374.33	-0.15	26.04	-0.045	94.989	5.011	0	Parked
1/1/2026 12:48	Idle	59.112	374.33	-0.15	26.04	-0.045	94.989	5.011	0	Parked
1/1/2026 12:49	Idle	59.111	374.33	-0.15	26.04	-0.045	94.989	5.011	0	Parked
1/1/2026 12:49	Idle	59.111	374.33	-0.15	26.04	-0.045	94.989	5.011	0	Parked
1/1/2026 12:49	Idle	59.111	374.33	-0.15	26.04	-0.045	94.989	5.011	0	Parked
1/1/2026 12:49	Idle	59.111	374.33	-0.15	26.04	-0.045	94.989	5.011	0	Parked
1/1/2026 12:49	Idle	59.111	374.33	-0.15	26.04	-0.045	94.989	5.011	0	Parked
1/1/2026 12:49	Idle	59.11	374.33	-0.15	26.04	-0.045	94.989	5.011	0	Parked
1/1/2026 12:50	Idle	59.11	374.33	-0.15	26.04	-0.045	94.989	5.011	0	Parked
1/1/2026 12:50	Idle	59.11	374.33	-0.15	26.04	-0.045	94.989	5.011	0	Parked
1/1/2026 12:50	Idle	59.11	374.33	-0.15	26.04	-0.045	94.989	5.011	0	Parked
1/1/2026 12:50	Idle	59.109	374.33	-0.15	26.04	-0.045	94.989	5.011	0	Parked
1/1/2026 12:50	Idle	59.109	374.33	-0.15	26.04	-0.045	94.989	5.011	0	Parked
1/1/2026 12:50	Idle	59.109	374.33	-0.15	26.04	-0.045	94.989	5.011	0	Parked
1/1/2026 12:51	Idle	59.109	374.33	-0.15	26.04	-0.045	94.989	5.011	0	Parked
1/1/2026 12:51	Idle	59.108	374.33	-0.15	26.04	-0.045	94.989	5.011	0	Parked
1/1/2026 12:51	Idle	59.108	374.33	-0.15	26.04	-0.045	94.989	5.011	0	Parked
1/1/2026 12:51	Idle	59.108	374.33	-0.15	26.04	-0.045	94.989	5.011	0	Parked
1/1/2026 12:51	Idle	59.108	374.32	-0.15	26.04	-0.045	94.989	5.011	0	Parked
1/1/2026 12:51	Idle	59.108	374.32	-0.15	26.04	-0.045	94.989	5.011	0	Parked
1/1/2026 12:52	Idle	59.107	374.32	-0.15	26.04	-0.045	94.989	5.011	0	Parked
1/1/2026 12:52	Idle	59.107	374.32	-0.15	26.04	-0.045	94.989	5.011	0	Parked
1/1/2026 12:52	Idle	59.107	374.32	-0.15	26.04	-0.045	94.989	5.011	0	Parked
1/1/2026 12:52	Idle	59.107	374.32	-0.15	26.04	-0.045	94.989	5.011	0	Parked
1/1/2026 12:52	Idle	59.106	374.32	-0.15	26.04	-0.045	94.989	5.011	0	Parked
1/1/2026 12:52	Idle	59.106	374.32	-0.15	26.04	-0.045	94.989	5.011	0	Parked
1/1/2026 12:53	Idle	59.106	374.32	-0.15	26.04	-0.045	94.989	5.011	0	Parked
1/1/2026 12:53	Idle	59.106	374.32	-0.15	26.04	-0.045	94.989	5.011	0	Parked
1/1/2026 12:53	Idle	59.105	374.32	-0.15	26.04	-0.045	94.989	5.011	0	Parked
1/1/2026 12:53	Idle	59.105	374.32	-0.15	26.04	-0.045	94.989	5.011	0	Parked
1/1/2026 12:53	Idle	59.105	374.32	-0.15	26.04	-0.045	94.989	5.011	0	Parked
1/1/2026 12:53	Idle	59.105	374.32	-0.15	26.04	-0.045	94.989	5.011	0	Parked
1/1/2026 12:54	Idle	59.105	374.32	-0.15	26.04	-0.045	94.989	5.011	0	Parked
1/1/2026 12:54	Idle	59.104	374.32	-0.15	26.04	-0.045	94.989	5.011	0	Parked
1/1/2026 12:54	Idle	59.104	374.32	-0.15	26.04	-0.045	94.989	5.011	0	Parked
1/1/2026 12:54	Idle	59.104	374.32	-0.15	26.04	-0.045	94.989	5.011	0	Parked
1/1/2026 12:54	Idle	59.104	374.32	-0.15	26.04	-0.045	94.989	5.011	0	Parked
1/1/2026 12:54	Idle	59.103	374.32	-0.15	26.04	-0.045	94.989	5.011	0	Parked
1/1/2026 12:55	Idle	59.103	374.32	-0.15	26.04	-0.045	94.989	5.011	0	Parked
1/1/2026 12:55	Idle	59.103	374.32	-0.15	26.04	-0.045	94.989	5.011	0	Parked
1/1/2026 12:55	Idle	59.103	374.32	-0.15	26.04	-0.045	94.989	5.011	0	Parked
1/1/2026 12:55	Idle	59.102	374.32	-0.15	26.04	-0.045	94.989	5.011	0	Parked
1/1/2026 12:55	Idle	59.102	374.32	-0.15	26.04	-0.045	94.989	5.011	0	Parked
1/1/2026 12:55	Idle	59.102	374.32	-0.15	26.04	-0.045	94.989	5.011	0	Parked
1/1/2026 12:56	Idle	59.102	374.32	-0.15	26.04	-0.045	94.989	5.011	0	Parked
1/1/2026 12:56	Idle	59.102	374.32	-0.15	26.04	-0.045	94.989	5.011	0	Parked
1/1/2026 12:56	Idle	59.101	374.32	-0.15	26.04	-0.045	94.989	5.011	0	Parked
1/1/2026 12:56	Idle	59.101	374.32	-0.15	26.04	-0.045	94.989	5.011	0	Parked
1/1/2026 12:56	Idle	59.101	374.32	-0.15	26.04	-0.045	94.989	5.011	0	Parked
1/1/2026 12:56	Idle	59.101	374.32	-0.15	26.04	-0.045	94.989	5.011	0	Parked
1/1/2026 12:57	Idle	59.1	374.32	-0.15	26.04	-0.045	94.989	5.011	0	Parked
1/1/2026 12:57	Idle	59.1	374.32	-0.15	26.04	-0.045	94.989	5.011	0	Parked
1/1/2026 12:57	Idle	59.1	374.32	-0.15	26.04	-0.045	94.989	5.011	0	Parked
1/1/2026 12:57	Idle	59.1	374.32	-0.15	26.04	-0.045	94.989	5.011	0	Parked
1/1/2026 12:57	Idle	59.1	374.32	-0.15	26.04	-0.045	94.989	5.011	0	Parked
1/1/2026 12:57	Idle	59.099	374.32	-0.15	26.04	-0.045	94.989	5.011	0	Parked
1/1/2026 12:58	Idle	59.099	374.32	-0.15	26.04	-0.045	94.989	5.011	0	Parked
1/1/2026 12:58	Idle	59.099	374.32	-0.15	26.04	-0.045	94.989	5.011	0	Parked
1/1/2026 12:58	Idle	59.099	374.32	-0.15	26.04	-0.045	94.989	5.011	0	Parked
1/1/2026 12:58	Idle	59.098	374.32	-0.15	26.04	-0.045	94.989	5.011	0	Parked
1/1/2026 12:58	Idle	59.098	374.32	-0.15	26.04	-0.045	94.989	5.011	0	Parked
1/1/2026 12:58	Idle	59.098	374.32	-0.15	26.04	-0.045	94.989	5.011	0	Parked
1/1/2026 12:59	Idle	59.098	374.32	-0.15	26.04	-0.045	94.989	5.011	0	Parked
1/1/2026 12:59	Idle	59.097	374.32	-0.15	26.04	-0.045	94.989	5.011	0	Parked
1/1/2026 12:59	Idle	59.097	374.32	-0.15	26.04	-0.045	94.989	5.011	0	Parked
1/1/2026 12:59	Idle	59.097	374.32	-0.15	26.04	-0.045	94.989	5.011	0	Parked
1/1/2026 12:59	Idle	59.097	374.32	-0.15	26.04	-0.045	94.989	5.011	0	Parked
1/1/2026 12:59	Idle	59.097	374.32	-0.15	26.04	-0.045	94.989	5.011	0	Parked
1/1/2026 13:00	Idle	59.096	374.32	-0.15	26.04	-0.045	94.989	5.011	0	Parked
1/1/2026 13:00	Idle	59.096	374.32	-0.15	26.04	-0.045	94.989	5.011	0	Parked
1/1/2026 13:00	Idle	59.096	374.32	-0.15	26.04	-0.045	94.989	5.011	0	Parked
1/1/2026 13:00	Idle	59.096	374.32	-0.15	26.04	-0.045	94.989	5.011	0	Parked
1/1/2026 13:00	Idle	59.095	374.32	-0.15	26.04	-0.045	94.989	5.011	0	Parked
1/1/2026 13:00	Idle	59.095	374.32	-0.15	26.04	-0.045	94.989	5.011	0	Parked
1/1/2026 13:01	Idle	59.095	374.32	-0.15	26.04	-0.045	94.989	5.011	0	Parked
1/1/2026 13:01	Idle	59.095	374.32	-0.15	26.04	-0.045	94.989	5.011	0	Parked
1/1/2026 13:01	Idle	59.094	374.31	-0.15	26.04	-0.045	94.989	5.011	0	Parked
1/1/2026 13:01	Idle	59.094	374.31	-0.15	26.04	-0.045	94.989	5.011	0	Parked
1/1/2026 13:01	Idle	59.094	374.31	-0.15	26.04	-0.045	94.989	5.011	0	Parked
1/1/2026 13:01	Idle	59.094	374.31	-0.15	26.04	-0.045	94.989	5.011	0	Parked
1/1/2026 13:02	Idle	59.094	374.31	-0.15	26.04	-0.045	94.989	5.011	0	Parked
1/1/2026 13:02	Idle	59.093	374.31	-0.15	26.04	-0.045	94.989	5.011	0	Parked
1/1/2026 13:02	Idle	59.093	374.31	-0.15	26.04	-0.045	94.989	5.011	0	Parked
1/1/2026 13:02	Idle	59.093	374.31	-0.15	26.04	-0.045	94.989	5.011	0	Parked
1/1/2026 13:02	Idle	59.093	374.31	-0.15	26.04	-0.045	94.989	5.011	0	Parked
1/1/2026 13:02	Idle	59.092	374.31	-0.15	26.04	-0.045	94.989	5.011	0	Parked
1/1/2026 13:03	Idle	59.092	374.31	-0.15	26.04	-0.045	94.989	5.011	0	Parked
1/1/2026 13:03	Idle	59.092	374.31	-0.15	26.04	-0.045	94.989	5.011	0	Parked
1/1/2026 13:03	Idle	59.092	374.31	-0.15	26.04	-0.045	94.989	5.011	0	Parked
1/1/2026 13:03	Idle	59.091	374.31	-0.15	26.04	-0.045	94.989	5.011	0	Parked
1/1/2026 13:03	Idle	59.091	374.31	-0.15	26.04	-0.045	94.989	5.011	0	Parked
1/1/2026 13:03	Idle	59.091	374.31	-0.15	26.04	-0.045	94.989	5.011	0	Parked
1/1/2026 13:04	Idle	59.091	374.31	-0.15	26.04	-0.045	94.989	5.011	0	Parked
1/1/2026 13:04	Idle	59.091	374.31	-0.15	26.04	-0.045	94.989	5.011	0	Parked
1/1/2026 13:04	Idle	59.09	374.31	-0.15	26.04	-0.045	94.989	5.011	0	Parked
1/1/2026 13:04	Idle	59.09	374.31	-0.15	26.04	-0.045	94.989	5.011	0	Parked
1/1/2026 13:04	Idle	59.09	374.31	-0.15	26.04	-0.045	94.989	5.011	0	Parked
1/1/2026 13:04	Idle	59.09	374.31	-0.15	26.04	-0.045	94.989	5.011	0	Parked
1/1/2026 13:05	Idle	59.089	374.31	-0.15	26.04	-0.045	94.989	5.011	0	Parked
1/1/2026 13:05	Idle	59.089	374.31	-0.15	26.04	-0.045	94.989	5.011	0	Parked
1/1/2026 13:05	Idle	59.089	374.31	-0.15	26.04	-0.045	94.989	5.011	0	Parked
1/1/2026 13:05	Idle	59.089	374.31	-0.15	26.04	-0.045	94.989	5.011	0	Parked
1/1/2026 13:05	Idle	59.088	374.31	-0.15	26.04	-0.045	94.989	5.011	0	Parked
1/1/2026 13:05	Idle	59.088	374.31	-0.15	26.04	-0.045	94.989	5.011	0	Parked
1/1/2026 13:06	Idle	59.088	374.31	-0.15	26.04	-0.045	94.989	5.011	0	Parked
1/1/2026 13:06	Idle	59.088	374.31	-0.15	26.04	-0.045	94.989	5.011	0	Parked
1/1/2026 13:06	Idle	59.088	374.31	-0.15	26.04	-0.045	94.989	5.011	0	Parked
1/1/2026 13:06	Idle	59.087	374.31	-0.15	26.04	-0.045	94.989	5.011	0	Parked
1/1/2026 13:06	Idle	59.087	374.31	-0.15	26.04	-0.045	94.989	5.011	0	Parked
1/1/2026 13:06	Idle	59.087	374.31	-0.15	26.04	-0.045	94.989	5.011	0	Parked
1/1/2026 13:07	Idle	59.087	374.31	-0.15	26.04	-0.045	94.989	5.011	0	Parked
1/1/2026 13:07	Idle	59.086	374.31	-0.15	26.04	-0.045	94.989	5.011	0	Parked
1/1/2026 13:07	Idle	59.086	374.31	-0.15	26.04	-0.045	94.989	5.011	0	Parked
1/1/2026 13:07	Idle	59.086	374.31	-0.15	26.04	-0.045	94.989	5.011	0	Parked
1/1/2026 13:07	Idle	59.086	374.31	-0.15	26.04	-0.045	94.989	5.011	0	Parked
1/1/2026 13:07	Idle	59.085	374.31	-0.15	26.04	-0.045	94.989	5.011	0	Parked
1/1/2026 13:08	Idle	59.085	374.31	-0.15	26.04	-0.045	94.989	5.011	0	Parked
1/1/2026 13:08	Idle	59.085	374.31	-0.15	26.04	-0.045	94.989	5.011	0	Parked
1/1/2026 13:08	Idle	59.085	374.31	-0.15	26.04	-0.045	94.989	5.011	0	Parked
1/1/2026 13:08	Idle	59.085	374.31	-0.15	26.04	-0.045	94.989	5.011	0	Parked
1/1/2026 13:08	Idle	59.084	374.31	-0.15	26.04	-0.045	94.989	5.011	0	Parked
1/1/2026 13:08	Idle	59.084	374.31	-0.15	26.04	-0.045	94.989	5.011	0	Parked
1/1/2026 13:09	Idle	59.084	374.31	-0.15	26.04	-0.045	94.989	5.011	0	Parked
1/1/2026 13:09	Idle	59.084	374.31	-0.15	26.04	-0.045	94.989	5.011	0	Parked
1/1/2026 13:09	Idle	59.083	374.31	-0.15	26.03	-0.045	94.989	5.011	0	Parked
1/1/2026 13:09	Idle	59.083	374.31	-0.15	26.03	-0.045	94.989	5.011	0	Parked
1/1/2026 13:09	Idle	59.083	374.31	-0.15	26.03	-0.045	94.989	5.011	0	Parked
1/1/2026 13:09	Idle	59.083	374.31	-0.15	26.03	-0.045	94.989	5.011	0	Parked
1/1/2026 13:10	Idle	59.082	374.31	-0.15	26.03	-0.045	94.989	5.011	0	Parked
1/1/2026 13:10	Idle	59.082	374.31	-0.15	26.03	-0.045	94.989	5.011	0	Parked
1/1/2026 13:10	Idle	59.082	374.31	-0.15	26.03	-0.045	94.989	5.011	0	Parked
1/1/2026 13:10	Idle	59.082	374.31	-0.15	26.03	-0.045	94.989	5.011	0	Parked
1/1/2026 13:10	Idle	59.082	374.31	-0.15	26.03	-0.045	94.989	5.011	0	Parked
1/1/2026 13:10	Idle	59.081	374.31	-0.15	26.03	-0.045	94.989	5.011	0	Parked
1/1/2026 13:11	Idle	59.081	374.3	-0.15	26.03	-0.045	94.989	5.011	0	Parked
1/1/2026 13:11	Idle	59.081	374.3	-0.15	26.03	-0.045	94.989	5.011	0	Parked
1/1/2026 13:11	Idle	59.081	374.3	-0.15	26.03	-0.045	94.989	5.011	0	Parked
1/1/2026 13:11	Idle	59.08	374.3	-0.15	26.03	-0.045	94.989	5.011	0	Parked
1/1/2026 13:11	Idle	59.08	374.3	-0.15	26.03	-0.045	94.989	5.011	0	Parked
1/1/2026 13:11	Idle	59.08	374.3	-0.15	26.03	-0.045	94.989	5.011	0	Parked
1/1/2026 13:12	Idle	59.08	374.3	-0.15	26.03	-0.045	94.989	5.011	0	Parked
1/1/2026 13:12	Idle	59.08	374.3	-0.15	26.03	-0.045	94.989	5.011	0	Parked
1/1/2026 13:12	Idle	59.079	374.3	-0.15	26.03	-0.045	94.989	5.011	0	Parked
1/1/2026 13:12	Idle	59.079	374.3	-0.15	26.03	-0.045	94.989	5.011	0	Parked
1/1/2026 13:12	Idle	59.079	374.3	-0.15	26.03	-0.045	94.989	5.011	0	Parked
1/1/2026 13:12	Idle	59.079	374.3	-0.15	26.03	-0.045	94.989	5.011	0	Parked
1/1/2026 13:13	Idle	59.078	374.3	-0.15	26.03	-0.045	94.989	5.011	0	Parked
1/1/2026 13:13	Idle	59.078	374.3	-0.15	26.03	-0.045	94.989	5.011	0	Parked
1/1/2026 13:13	Idle	59.078	374.3	-0.15	26.03	-0.045	94.989	5.011	0	Parked
1/1/2026 13:13	Idle	59.078	374.3	-0.15	26.03	-0.045	94.989	5.011	0	Parked
1/1/2026 13:13	Idle	59.077	374.3	-0.15	26.03	-0.045	94.989	5.011	0	Parked
1/1/2026 13:13	Idle	59.077	374.3	-0.15	26.03	-0.045	94.989	5.011	0	Parked
1/1/2026 13:14	Idle	59.077	374.3	-0.15	26.03	-0.045	94.989	5.011	0	Parked
1/1/2026 13:14	Idle	59.077	374.3	-0.15	26.03	-0.045	94.989	5.011	0	Parked
1/1/2026 13:14	Idle	59.077	374.3	-0.15	26.03	-0.045	94.989	5.011	0	Parked
1/1/2026 13:14	Idle	59.076	374.3	-0.15	26.03	-0.045	94.989	5.011	0	Parked
1/1/2026 13:14	Idle	59.076	374.3	-0.15	26.03	-0.045	94.989	5.011	0	Parked
1/1/2026 13:14	Idle	59.076	374.3	-0.15	26.03	-0.045	94.989	5.011	0	Parked
1/1/2026 13:15	Idle	59.076	374.3	-0.15	26.03	-0.045	94.989	5.011	0	Parked
1/1/2026 13:15	Idle	59.075	374.3	-0.15	26.03	-0.045	94.989	5.011	0	Parked
1/1/2026 13:15	Idle	59.075	374.3	-0.15	26.03	-0.045	94.989	5.011	0	Parked
1/1/2026 13:15	Idle	59.075	374.3	-0.15	26.03	-0.045	94.989	5.011	0	Parked
1/1/2026 13:15	Idle	59.075	374.3	-0.15	26.03	-0.045	94.989	5.011	0	Parked
1/1/2026 13:15	Idle	59.074	374.3	-0.15	26.03	-0.045	94.989	5.011	0	Parked
1/1/2026 13:16	Idle	59.074	374.3	-0.15	26.03	-0.045	94.989	5.011	0	Parked
1/1/2026 13:16	Idle	59.074	374.3	-0.15	26.03	-0.045	94.989	5.011	0	Parked
1/1/2026 13:16	Idle	59.074	374.3	-0.15	26.03	-0.045	94.989	5.011	0	Parked
1/1/2026 13:16	Idle	59.074	374.3	-0.15	26.03	-0.045	94.989	5.011	0	Parked
1/1/2026 13:16	Idle	59.073	374.3	-0.15	26.03	-0.045	94.989	5.011	0	Parked
1/1/2026 13:16	Idle	59.073	374.3	-0.15	26.03	-0.045	94.989	5.011	0	Parked
1/1/2026 13:17	Idle	59.073	374.3	-0.15	26.03	-0.045	94.989	5.011	0	Parked
1/1/2026 13:17	Idle	59.073	374.3	-0.15	26.03	-0.045	94.989	5.011	0	Parked
1/1/2026 13:17	Idle	59.072	374.3	-0.15	26.03	-0.045	94.989	5.011	0	Parked
1/1/2026 13:17	Idle	59.072	374.3	-0.15	26.03	-0.045	94.989	5.011	0	Parked
1/1/2026 13:17	Idle	59.072	374.3	-0.15	26.03	-0.045	94.989	5.011	0	Parked
1/1/2026 13:17	Idle	59.072	374.3	-0.15	26.03	-0.045	94.989	5.011	0	Parked
1/1/2026 13:18	Idle	59.071	374.3	-0.15	26.03	-0.045	94.989	5.011	0	Parked
1/1/2026 13:18	Idle	59.071	374.3	-0.15	26.03	-0.045	94.989	5.011	0	Parked
1/1/2026 13:18	Idle	59.071	374.3	-0.15	26.03	-0.045	94.989	5.011	0	Parked
1/1/2026 13:18	Idle	59.071	374.3	-0.15	26.03	-0.045	94.989	5.011	0	Parked
1/1/2026 13:18	Idle	59.071	374.3	-0.15	26.03	-0.045	94.989	5.011	0	Parked
1/1/2026 13:18	Idle	59.07	374.3	-0.15	26.03	-0.045	94.989	5.011	0	Parked
1/1/2026 13:19	Idle	59.07	374.3	-0.15	26.03	-0.045	94.989	5.011	0	Parked
1/1/2026 13:19	Idle	59.07	374.3	-0.15	26.03	-0.045	94.989	5.011	0	Parked
1/1/2026 13:19	Idle	59.07	374.3	-0.15	26.03	-0.045	94.989	5.011	0	Parked
1/1/2026 13:19	Idle	59.069	374.3	-0.15	26.03	-0.045	94.989	5.011	0	Parked
1/1/2026 13:19	Idle	59.069	374.3	-0.15	26.03	-0.045	94.989	5.011	0	Parked
1/1/2026 13:19	Idle	59.069	374.3	-0.15	26.03	-0.045	94.989	5.011	0	Parked
1/1/2026 13:20	Idle	59.069	374.3	-0.15	26.03	-0.045	94.989	5.011	0	Parked
1/1/2026 13:20	Idle	59.068	374.3	-0.15	26.03	-0.045	94.989	5.011	0	Parked
1/1/2026 13:20	Idle	59.068	374.3	-0.15	26.03	-0.045	94.989	5.011	0	Parked
1/1/2026 13:20	Idle	59.068	374.3	-0.15	26.03	-0.045	94.989	5.011	0	Parked
1/1/2026 13:20	Idle	59.068	374.29	-0.15	26.03	-0.045	94.989	5.011	0	Parked
1/1/2026 13:20	Idle	59.068	374.29	-0.15	26.03	-0.045	94.989	5.011	0	Parked
1/1/2026 13:21	Idle	59.067	374.29	-0.15	26.03	-0.045	94.989	5.011	0	Parked
1/1/2026 13:21	Idle	59.067	374.29	-0.15	26.03	-0.045	94.989	5.011	0	Parked
1/1/2026 13:21	Idle	59.067	374.29	-0.15	26.03	-0.045	94.989	5.011	0	Parked
1/1/2026 13:21	Idle	59.067	374.29	-0.15	26.03	-0.045	94.989	5.011	0	Parked
1/1/2026 13:21	Idle	59.066	374.29	-0.15	26.03	-0.045	94.989	5.011	0	Parked
1/1/2026 13:21	Idle	59.066	374.29	-0.15	26.03	-0.045	94.989	5.011	0	Parked
1/1/2026 13:22	Idle	59.066	374.29	-0.15	26.03	-0.045	94.989	5.011	0	Parked
1/1/2026 13:22	Idle	59.066	374.29	-0.15	26.03	-0.045	94.989	5.011	0	Parked
1/1/2026 13:22	Idle	59.065	374.29	-0.15	26.03	-0.045	94.989	5.011	0	Parked
1/1/2026 13:22	Idle	59.065	374.29	-0.15	26.03	-0.045	94.989	5.011	0	Parked
1/1/2026 13:22	Idle	59.065	374.29	-0.15	26.03	-0.045	94.989	5.011	0	Parked
1/1/2026 13:22	Idle	59.065	374.29	-0.15	26.03	-0.045	94.989	5.011	0	Parked
1/1/2026 13:23	Idle	59.065	374.29	-0.15	26.03	-0.045	94.989	5.011	0	Parked
1/1/2026 13:23	Idle	59.064	374.29	-0.15	26.03	-0.045	94.989	5.011	0	Parked
1/1/2026 13:23	Idle	59.064	374.29	-0.15	26.03	-0.045	94.989	5.011	0	Parked
1/1/2026 13:23	Idle	59.064	374.29	-0.15	26.03	-0.045	94.989	5.011	0	Parked
1/1/2026 13:23	Idle	59.064	374.29	-0.15	26.03	-0.045	94.989	5.011	0	Parked
1/1/2026 13:23	Idle	59.063	374.29	-0.15	26.03	-0.045	94.989	5.011	0	Parked
1/1/2026 13:24	Idle	59.063	374.29	-0.15	26.03	-0.045	94.989	5.011	0	Parked
1/1/2026 13:24	Idle	59.063	374.29	-0.15	26.03	-0.045	94.989	5.011	0	Parked
1/1/2026 13:24	Idle	59.063	374.29	-0.15	26.03	-0.045	94.989	5.011	0	Parked
1/1/2026 13:24	Idle	59.063	374.29	-0.15	26.03	-0.045	94.989	5.011	0	Parked
1/1/2026 13:24	Idle	59.062	374.29	-0.15	26.03	-0.045	94.989	5.011	0	Parked
1/1/2026 13:24	Idle	59.062	374.29	-0.15	26.03	-0.045	94.989	5.011	0	Parked
1/1/2026 13:25	Idle	59.062	374.29	-0.15	26.03	-0.045	94.989	5.011	0	Parked
1/1/2026 13:25	Idle	59.062	374.29	-0.15	26.03	-0.045	94.989	5.011	0	Parked
1/1/2026 13:25	Idle	59.061	374.29	-0.15	26.03	-0.045	94.989	5.011	0	Parked
1/1/2026 13:25	Idle	59.061	374.29	-0.15	26.03	-0.045	94.989	5.011	0	Parked
1/1/2026 13:25	Idle	59.061	374.29	-0.15	26.03	-0.045	94.989	5.011	0	Parked
1/1/2026 13:25	Idle	59.061	374.29	-0.15	26.03	-0.045	94.989	5.011	0	Parked
1/1/2026 13:26	Idle	59.06	374.29	-0.15	26.03	-0.045	94.989	5.011	0	Parked
1/1/2026 13:26	Idle	59.06	374.29	-0.15	26.03	-0.045	94.989	5.011	0	Parked
1/1/2026 13:26	Idle	59.06	374.29	-0.15	26.03	-0.045	94.989	5.011	0	Parked
1/1/2026 13:26	Idle	59.06	374.29	-0.15	26.03	-0.045	94.989	5.011	0	Parked
1/1/2026 13:26	Idle	59.06	374.29	-0.15	26.03	-0.045	94.989	5.011	0	Parked
1/1/2026 13:26	Idle	59.059	374.29	-0.15	26.03	-0.045	94.989	5.011	0	Parked
1/1/2026 13:27	Idle	59.059	374.29	-0.15	26.03	-0.045	94.989	5.011	0	Parked
1/1/2026 13:27	Idle	59.059	374.29	-0.15	26.03	-0.045	94.989	5.011	0	Parked
1/1/2026 13:27	Idle	59.059	374.29	-0.15	26.03	-0.045	94.989	5.011	0	Parked
1/1/2026 13:27	Idle	59.058	374.29	-0.15	26.03	-0.045	94.989	5.011	0	Parked
1/1/2026 13:27	Idle	59.058	374.29	-0.15	26.03	-0.045	94.989	5.011	0	Parked
1/1/2026 13:27	Idle	59.058	374.29	-0.15	26.03	-0.045	94.989	5.011	0	Parked
1/1/2026 13:28	Idle	59.058	374.29	-0.15	26.03	-0.045	94.989	5.011	0	Parked
1/1/2026 13:28	Idle	59.057	374.29	-0.15	26.03	-0.045	94.989	5.011	0	Parked
1/1/2026 13:28	Idle	59.057	374.29	-0.15	26.03	-0.045	94.989	5.011	0	Parked
1/1/2026 13:28	Idle	59.057	374.29	-0.15	26.03	-0.045	94.989	5.011	0	Parked
1/1/2026 13:28	Idle	59.057	374.29	-0.15	26.03	-0.045	94.989	5.011	0	Parked
1/1/2026 13:28	Idle	59.057	374.29	-0.15	26.03	-0.045	94.989	5.011	0	Parked
1/1/2026 13:29	Idle	59.056	374.29	-0.15	26.03	-0.045	94.989	5.011	0	Parked
1/1/2026 13:29	Idle	59.056	374.29	-0.15	26.03	-0.045	94.989	5.011	0	Parked
1/1/2026 13:29	Idle	59.056	374.29	-0.15	26.03	-0.045	94.989	5.011	0	Parked
1/1/2026 13:29	Idle	59.056	374.29	-0.15	26.03	-0.045	94.989	5.011	0	Parked
1/1/2026 13:29	Idle	59.055	374.29	-0.15	26.03	-0.045	94.989	5.011	0	Parked
1/1/2026 13:29	Idle	59.055	374.29	-0.15	26.03	-0.045	94.989	5.011	0	Parked
1/1/2026 13:30	Idle	59.055	374.29	-0.15	26.03	-0.045	94.989	5.011	0	Parked
1/1/2026 13:30	Idle	59.055	374.29	-0.15	26.03	-0.045	94.989	5.011	0	Parked
1/1/2026 13:30	Idle	59.054	374.28	-0.15	26.03	-0.045	94.989	5.011	0	Parked
1/1/2026 13:30	Idle	59.054	374.28	-0.15	26.03	-0.045	94.989	5.011	0	Parked
1/1/2026 13:30	Idle	59.054	374.28	-0.15	26.03	-0.045	94.989	5.011	0	Parked
1/1/2026 13:30	Idle	59.054	374.28	-0.15	26.03	-0.045	94.989	5.011	0	Parked
1/1/2026 13:31	Idle	59.054	374.28	-0.15	26.03	-0.045	94.989	5.011	0	Parked
1/1/2026 13:31	Idle	59.053	374.28	-0.15	26.03	-0.045	94.989	5.011	0	Parked
1/1/2026 13:31	Idle	59.053	374.28	-0.15	26.03	-0.045	94.989	5.011	0	Parked
1/1/2026 13:31	Idle	59.053	374.28	-0.15	26.03	-0.045	94.989	5.011	0	Parked
1/1/2026 13:31	Idle	59.053	374.28	-0.15	26.03	-0.045	94.989	5.011	0	Parked
1/1/2026 13:31	Idle	59.052	374.28	-0.15	26.03	-0.045	94.989	5.011	0	Parked
1/1/2026 13:32	Idle	59.052	374.28	-0.15	26.03	-0.045	94.989	5.011	0	Parked
1/1/2026 13:32	Idle	59.052	374.28	-0.15	26.03	-0.045	94.989	5.011	0	Parked
1/1/2026 13:32	Idle	59.052	374.28	-0.15	26.03	-0.045	94.989	5.011	0	Parked
1/1/2026 13:32	Idle	59.051	374.28	-0.15	26.03	-0.045	94.989	5.011	0	Parked
1/1/2026 13:32	Idle	59.051	374.28	-0.15	26.03	-0.045	94.989	5.011	0	Parked
1/1/2026 13:32	Idle	59.051	374.28	-0.15	26.03	-0.045	94.989	5.011	0	Parked
1/1/2026 13:33	Idle	59.051	374.28	-0.15	26.03	-0.045	94.989	5.011	0	Parked
1/1/2026 13:33	Idle	59.051	374.28	-0.15	26.03	-0.045	94.989	5.011	0	Parked
1/1/2026 13:33	Idle	59.05	374.28	-0.15	26.03	-0.045	94.989	5.011	0	Parked
1/1/2026 13:33	Idle	59.05	374.28	-0.15	26.03	-0.045	94.989	5.011	0	Parked
1/1/2026 13:33	Idle	59.05	374.28	-0.15	26.03	-0.045	94.989	5.011	0	Parked
1/1/2026 13:33	Idle	59.05	374.28	-0.15	26.03	-0.045	94.989	5.011	0	Parked
1/1/2026 13:34	Idle	59.049	374.28	-0.15	26.03	-0.045	94.989	5.011	0	Parked
1/1/2026 13:34	Idle	59.049	374.28	-0.15	26.03	-0.045	94.989	5.011	0	Parked
1/1/2026 13:34	Idle	59.049	374.28	-0.15	26.03	-0.045	94.989	5.011	0	Parked
1/1/2026 13:34	Idle	59.049	374.28	-0.15	26.03	-0.045	94.989	5.011	0	Parked
1/1/2026 13:34	Idle	59.048	374.28	-0.15	26.03	-0.045	94.989	5.011	0	Parked
1/1/2026 13:34	Idle	59.048	374.28	-0.15	26.03	-0.045	94.989	5.011	0	Parked
1/1/2026 13:35	Idle	59.048	374.28	-0.15	26.03	-0.045	94.989	5.011	0	Parked
1/1/2026 13:35	Idle	59.048	374.28	-0.15	26.03	-0.045	94.989	5.011	0	Parked
1/1/2026 13:35	Idle	59.048	374.28	-0.15	26.03	-0.045	94.989	5.011	0	Parked
1/1/2026 13:35	Idle	59.047	374.28	-0.15	26.03	-0.045	94.989	5.011	0	Parked
1/1/2026 13:35	Idle	59.047	374.28	-0.15	26.03	-0.045	94.989	5.011	0	Parked
1/1/2026 13:35	Idle	59.047	374.28	-0.15	26.03	-0.045	94.989	5.011	0	Parked
1/1/2026 13:36	Idle	59.047	374.28	-0.15	26.03	-0.045	94.989	5.011	0	Parked
1/1/2026 13:36	Idle	59.046	374.28	-0.15	26.03	-0.045	94.989	5.011	0	Parked
1/1/2026 13:36	Idle	59.046	374.28	-0.15	26.03	-0.045	94.989	5.011	0	Parked
1/1/2026 13:36	Idle	59.046	374.28	-0.15	26.03	-0.045	94.989	5.011	0	Parked
1/1/2026 13:36	Idle	59.046	374.28	-0.15	26.03	-0.045	94.989	5.011	0	Parked
1/1/2026 13:36	Idle	59.046	374.28	-0.15	26.03	-0.045	94.989	5.011	0	Parked
1/1/2026 13:37	Idle	59.045	374.28	-0.15	26.03	-0.045	94.989	5.011	0	Parked
1/1/2026 13:37	Idle	59.045	374.28	-0.15	26.03	-0.045	94.989	5.011	0	Parked
1/1/2026 13:37	Idle	59.045	374.28	-0.15	26.02	-0.045	94.989	5.011	0	Parked
1/1/2026 13:37	Idle	59.045	374.28	-0.15	26.02	-0.045	94.989	5.011	0	Parked
1/1/2026 13:37	Idle	59.044	374.28	-0.15	26.02	-0.045	94.989	5.011	0	Parked
1/1/2026 13:37	Idle	59.044	374.28	-0.15	26.02	-0.045	94.989	5.011	0	Parked
1/1/2026 13:38	Idle	59.044	374.28	-0.15	26.02	-0.045	94.989	5.011	0	Parked
1/1/2026 13:38	Idle	59.044	374.28	-0.15	26.02	-0.045	94.989	5.011	0	Parked
1/1/2026 13:38	Idle	59.043	374.28	-0.15	26.02	-0.045	94.989	5.011	0	Parked
1/1/2026 13:38	Idle	59.043	374.28	-0.15	26.02	-0.045	94.989	5.011	0	Parked
1/1/2026 13:38	Idle	59.043	374.28	-0.15	26.02	-0.045	94.989	5.011	0	Parked
1/1/2026 13:38	Idle	59.043	374.28	-0.15	26.02	-0.045	94.989	5.011	0	Parked
1/1/2026 13:39	Idle	59.043	374.28	-0.15	26.02	-0.045	94.989	5.011	0	Parked
1/1/2026 13:39	Idle	59.042	374.28	-0.15	26.02	-0.045	94.989	5.011	0	Parked
1/1/2026 13:39	Idle	59.042	374.28	-0.15	26.02	-0.045	94.989	5.011	0	Parked
1/1/2026 13:39	Idle	59.042	374.28	-0.15	26.02	-0.045	94.989	5.011	0	Parked
1/1/2026 13:39	Idle	59.042	374.28	-0.15	26.02	-0.045	94.989	5.011	0	Parked
1/1/2026 13:39	Idle	59.041	374.28	-0.15	26.02	-0.045	94.989	5.011	0	Parked
1/1/2026 13:40	Idle	59.041	374.27	-0.15	26.02	-0.045	94.989	5.011	0	Parked
1/1/2026 13:40	Idle	59.041	374.27	-0.15	26.02	-0.045	94.989	5.011	0	Parked
1/1/2026 13:40	Idle	59.041	374.27	-0.15	26.02	-0.045	94.989	5.011	0	Parked
1/1/2026 13:40	Idle	59.04	374.27	-0.15	26.02	-0.045	94.989	5.011	0	Parked
1/1/2026 13:40	Idle	59.04	374.27	-0.15	26.02	-0.045	94.989	5.011	0	Parked
1/1/2026 13:40	Idle	59.04	374.27	-0.15	26.02	-0.045	94.989	5.011	0	Parked
1/1/2026 13:41	Idle	59.04	374.27	-0.15	26.02	-0.045	94.989	5.011	0	Parked
1/1/2026 13:41	Idle	59.04	374.27	-0.15	26.02	-0.045	94.989	5.011	0	Parked
1/1/2026 13:41	Idle	59.039	374.27	-0.15	26.02	-0.045	94.989	5.011	0	Parked
1/1/2026 13:41	Idle	59.039	374.27	-0.15	26.02	-0.045	94.989	5.011	0	Parked
1/1/2026 13:41	Idle	59.039	374.27	-0.15	26.02	-0.045	94.989	5.011	0	Parked
1/1/2026 13:41	Idle	59.039	374.27	-0.15	26.02	-0.045	94.989	5.011	0	Parked
1/1/2026 13:42	Idle	59.038	374.27	-0.15	26.02	-0.045	94.989	5.011	0	Parked
1/1/2026 13:42	Idle	59.038	374.27	-0.15	26.02	-0.045	94.989	5.011	0	Parked
1/1/2026 13:42	Idle	59.038	374.27	-0.15	26.02	-0.045	94.989	5.011	0	Parked
1/1/2026 13:42	Idle	59.038	374.27	-0.15	26.02	-0.045	94.989	5.011	0	Parked
1/1/2026 13:42	Idle	59.037	374.27	-0.15	26.02	-0.045	94.989	5.011	0	Parked
1/1/2026 13:42	Idle	59.037	374.27	-0.15	26.02	-0.045	94.989	5.011	0	Parked
1/1/2026 13:43	Idle	59.037	374.27	-0.15	26.02	-0.045	94.989	5.011	0	Parked
1/1/2026 13:43	Idle	59.037	374.27	-0.15	26.02	-0.045	94.989	5.011	0	Parked
1/1/2026 13:43	Idle	59.037	374.27	-0.15	26.02	-0.045	94.989	5.011	0	Parked
1/1/2026 13:43	Idle	59.036	374.27	-0.15	26.02	-0.045	94.989	5.011	0	Parked
1/1/2026 13:43	Idle	59.036	374.27	-0.15	26.02	-0.045	94.989	5.011	0	Parked
1/1/2026 13:43	Idle	59.036	374.27	-0.15	26.02	-0.045	94.989	5.011	0	Parked
1/1/2026 13:44	Idle	59.036	374.27	-0.15	26.02	-0.045	94.989	5.011	0	Parked
1/1/2026 13:44	Idle	59.035	374.27	-0.15	26.02	-0.045	94.989	5.011	0	Parked
1/1/2026 13:44	Idle	59.035	374.27	-0.15	26.02	-0.045	94.989	5.011	0	Parked
1/1/2026 13:44	Idle	59.035	374.27	-0.15	26.02	-0.045	94.989	5.011	0	Parked
1/1/2026 13:44	Idle	59.035	374.27	-0.15	26.02	-0.045	94.989	5.011	0	Parked
1/1/2026 13:44	Idle	59.034	374.27	-0.15	26.02	-0.045	94.989	5.011	0	Parked
1/1/2026 13:45	Idle	59.034	374.27	-0.15	26.02	-0.045	94.989	5.011	0	Parked
1/1/2026 13:45	Idle	59.034	374.27	-0.15	26.02	-0.045	94.989	5.011	0	Parked
1/1/2026 13:45	Idle	59.034	374.27	-0.15	26.02	-0.045	94.989	5.011	0	Parked
1/1/2026 13:45	Idle	59.034	374.27	-0.15	26.02	-0.045	94.989	5.011	0	Parked
1/1/2026 13:45	Idle	59.033	374.27	-0.15	26.02	-0.045	94.989	5.011	0	Parked
1/1/2026 13:45	Idle	59.033	374.27	-0.15	26.02	-0.045	94.989	5.011	0	Parked
1/1/2026 13:46	Idle	59.033	374.27	-0.15	26.02	-0.045	94.989	5.011	0	Parked
1/1/2026 13:46	Idle	59.033	374.27	-0.15	26.02	-0.045	94.989	5.011	0	Parked
1/1/2026 13:46	Idle	59.032	374.27	-0.15	26.02	-0.045	94.989	5.011	0	Parked
1/1/2026 13:46	Idle	59.032	374.27	-0.15	26.02	-0.045	94.989	5.011	0	Parked
1/1/2026 13:46	Idle	59.032	374.27	-0.15	26.02	-0.045	94.989	5.011	0	Parked
1/1/2026 13:46	Idle	59.032	374.27	-0.15	26.02	-0.045	94.989	5.011	0	Parked
1/1/2026 13:47	Idle	59.031	374.27	-0.15	26.02	-0.045	94.989	5.011	0	Parked
1/1/2026 13:47	Idle	59.031	374.27	-0.15	26.02	-0.045	94.989	5.011	0	Parked
1/1/2026 13:47	Idle	59.031	374.27	-0.15	26.02	-0.045	94.989	5.011	0	Parked
1/1/2026 13:47	Idle	59.031	374.27	-0.15	26.02	-0.045	94.989	5.011	0	Parked
1/1/2026 13:47	Idle	59.031	374.27	-0.15	26.02	-0.045	94.989	5.011	0	Parked
1/1/2026 13:47	Idle	59.03	374.27	-0.15	26.02	-0.045	94.989	5.011	0	Parked
1/1/2026 13:48	Idle	59.03	374.27	-0.15	26.02	-0.045	94.988	5.012	0	Parked
1/1/2026 13:48	Idle	59.03	374.27	-0.15	26.02	-0.045	94.988	5.012	0	Parked
1/1/2026 13:48	Idle	59.03	374.27	-0.15	26.02	-0.045	94.988	5.012	0	Parked
1/1/2026 13:48	Idle	59.029	374.27	-0.15	26.02	-0.045	94.988	5.012	0	Parked
1/1/2026 13:48	Idle	59.029	374.27	-0.15	26.02	-0.045	94.988	5.012	0	Parked
1/1/2026 13:48	Idle	59.029	374.27	-0.15	26.02	-0.045	94.988	5.012	0	Parked
1/1/2026 13:49	Idle	59.029	374.27	-0.15	26.02	-0.045	94.988	5.012	0	Parked
1/1/2026 13:49	Idle	59.028	374.27	-0.15	26.02	-0.045	94.988	5.012	0	Parked
1/1/2026 13:49	Idle	59.028	374.27	-0.15	26.02	-0.045	94.988	5.012	0	Parked
1/1/2026 13:49	Idle	59.028	374.27	-0.15	26.02	-0.045	94.988	5.012	0	Parked
1/1/2026 13:49	Idle	59.028	374.26	-0.15	26.02	-0.045	94.988	5.012	0	Parked
1/1/2026 13:49	Idle	59.028	374.26	-0.15	26.02	-0.045	94.988	5.012	0	Parked
1/1/2026 13:50	Idle	59.027	374.26	-0.15	26.02	-0.045	94.988	5.012	0	Parked
1/1/2026 13:50	Idle	59.027	374.26	-0.15	26.02	-0.045	94.988	5.012	0	Parked
1/1/2026 13:50	Idle	59.027	374.26	-0.15	26.02	-0.045	94.988	5.012	0	Parked
1/1/2026 13:50	Idle	59.027	374.26	-0.15	26.02	-0.045	94.988	5.012	0	Parked
1/1/2026 13:50	Idle	59.026	374.26	-0.15	26.02	-0.045	94.988	5.012	0	Parked
1/1/2026 13:50	Idle	59.026	374.26	-0.15	26.02	-0.045	94.988	5.012	0	Parked
1/1/2026 13:51	Idle	59.026	374.26	-0.15	26.02	-0.045	94.988	5.012	0	Parked
1/1/2026 13:51	Idle	59.026	374.26	-0.15	26.02	-0.045	94.988	5.012	0	Parked
1/1/2026 13:51	Idle	59.026	374.26	-0.15	26.02	-0.045	94.988	5.012	0	Parked
1/1/2026 13:51	Idle	59.025	374.26	-0.15	26.02	-0.045	94.988	5.012	0	Parked
1/1/2026 13:51	Idle	59.025	374.26	-0.15	26.02	-0.045	94.988	5.012	0	Parked
1/1/2026 13:51	Idle	59.025	374.26	-0.15	26.02	-0.045	94.988	5.012	0	Parked
1/1/2026 13:52	Idle	59.025	374.26	-0.15	26.02	-0.045	94.988	5.012	0	Parked
1/1/2026 13:52	Idle	59.024	374.26	-0.15	26.02	-0.045	94.988	5.012	0	Parked
1/1/2026 13:52	Idle	59.024	374.26	-0.15	26.02	-0.045	94.988	5.012	0	Parked
1/1/2026 13:52	Idle	59.024	374.26	-0.15	26.02	-0.045	94.988	5.012	0	Parked
1/1/2026 13:52	Idle	59.024	374.26	-0.15	26.02	-0.045	94.988	5.012	0	Parked
1/1/2026 13:52	Idle	59.023	374.26	-0.15	26.02	-0.045	94.988	5.012	0	Parked
1/1/2026 13:53	Idle	59.023	374.26	-0.15	26.02	-0.045	94.988	5.012	0	Parked
1/1/2026 13:53	Idle	59.023	374.26	-0.15	26.02	-0.045	94.988	5.012	0	Parked
1/1/2026 13:53	Idle	59.023	374.26	-0.15	26.02	-0.045	94.988	5.012	0	Parked
1/1/2026 13:53	Idle	59.023	374.26	-0.15	26.02	-0.045	94.988	5.012	0	Parked
1/1/2026 13:53	Idle	59.022	374.26	-0.15	26.02	-0.045	94.988	5.012	0	Parked
1/1/2026 13:53	Idle	59.022	374.26	-0.15	26.02	-0.045	94.988	5.012	0	Parked
1/1/2026 13:54	Idle	59.022	374.26	-0.15	26.02	-0.045	94.988	5.012	0	Parked
1/1/2026 13:54	Idle	59.022	374.26	-0.15	26.02	-0.045	94.988	5.012	0	Parked
1/1/2026 13:54	Idle	59.021	374.26	-0.15	26.02	-0.045	94.988	5.012	0	Parked
1/1/2026 13:54	Idle	59.021	374.26	-0.15	26.02	-0.045	94.988	5.012	0	Parked
1/1/2026 13:54	Idle	59.021	374.26	-0.15	26.02	-0.045	94.988	5.012	0	Parked
1/1/2026 13:54	Idle	59.021	374.26	-0.15	26.02	-0.045	94.988	5.012	0	Parked
1/1/2026 13:55	Idle	59.02	374.26	-0.15	26.02	-0.045	94.988	5.012	0	Parked
1/1/2026 13:55	Idle	59.02	374.26	-0.15	26.02	-0.045	94.988	5.012	0	Parked
1/1/2026 13:55	Idle	59.02	374.26	-0.15	26.02	-0.045	94.988	5.012	0	Parked
1/1/2026 13:55	Idle	59.02	374.26	-0.15	26.02	-0.045	94.988	5.012	0	Parked
1/1/2026 13:55	Idle	59.02	374.26	-0.15	26.02	-0.045	94.988	5.012	0	Parked
1/1/2026 13:55	Idle	59.019	374.26	-0.15	26.02	-0.045	94.988	5.012	0	Parked
1/1/2026 13:56	Idle	59.019	374.26	-0.15	26.02	-0.045	94.988	5.012	0	Parked
1/1/2026 13:56	Idle	59.019	374.26	-0.15	26.02	-0.045	94.988	5.012	0	Parked
1/1/2026 13:56	Idle	59.019	374.26	-0.15	26.02	-0.045	94.988	5.012	0	Parked
1/1/2026 13:56	Idle	59.018	374.26	-0.15	26.02	-0.045	94.988	5.012	0	Parked
1/1/2026 13:56	Idle	59.018	374.26	-0.15	26.02	-0.045	94.988	5.012	0	Parked
1/1/2026 13:56	Idle	59.018	374.26	-0.15	26.02	-0.045	94.988	5.012	0	Parked
1/1/2026 13:57	Idle	59.018	374.26	-0.15	26.02	-0.045	94.988	5.012	0	Parked
1/1/2026 13:57	Idle	59.017	374.26	-0.15	26.02	-0.045	94.988	5.012	0	Parked
1/1/2026 13:57	Idle	59.017	374.26	-0.15	26.02	-0.045	94.988	5.012	0	Parked
1/1/2026 13:57	Idle	59.017	374.26	-0.15	26.02	-0.045	94.988	5.012	0	Parked
1/1/2026 13:57	Idle	59.017	374.26	-0.15	26.02	-0.045	94.988	5.012	0	Parked
1/1/2026 13:57	Idle	59.017	374.26	-0.15	26.02	-0.045	94.988	5.012	0	Parked
1/1/2026 13:58	Idle	59.016	374.26	-0.15	26.02	-0.045	94.988	5.012	0	Parked
1/1/2026 13:58	Idle	59.016	374.26	-0.15	26.02	-0.045	94.988	5.012	0	Parked
1/1/2026 13:58	Idle	59.016	374.26	-0.15	26.02	-0.045	94.988	5.012	0	Parked
1/1/2026 13:58	Idle	59.016	374.26	-0.15	26.02	-0.045	94.988	5.012	0	Parked
1/1/2026 13:58	Idle	59.015	374.26	-0.15	26.02	-0.045	94.988	5.012	0	Parked
1/1/2026 13:58	Idle	59.015	374.26	-0.15	26.02	-0.045	94.988	5.012	0	Parked
1/1/2026 13:59	Idle	59.015	374.26	-0.15	26.02	-0.045	94.988	5.012	0	Parked
1/1/2026 13:59	Idle	59.015	374.26	-0.15	26.02	-0.045	94.988	5.012	0	Parked
1/1/2026 13:59	Idle	59.014	374.25	-0.15	26.02	-0.045	94.988	5.012	0	Parked
1/1/2026 13:59	Idle	59.014	374.25	-0.15	26.02	-0.045	94.988	5.012	0	Parked
1/1/2026 13:59	Idle	59.014	374.25	-0.15	26.02	-0.045	94.988	5.012	0	Parked
1/1/2026 13:59	Idle	59.014	374.25	-0.15	26.02	-0.045	94.988	5.012	0	Parked
1/1/2026 14:00	Idle	59.014	374.25	-0.15	26.02	-0.045	94.988	5.012	0	Parked
1/1/2026 14:00	Idle	59.013	374.25	-0.15	26.02	-0.045	94.988	5.012	0	Parked
1/1/2026 14:00	Idle	59.013	374.25	-0.15	26.02	-0.045	94.988	5.012	0	Parked
1/1/2026 14:00	Idle	59.013	374.25	-0.15	26.02	-0.045	94.988	5.012	0	Parked
1/1/2026 14:00	Idle	59.013	374.25	-0.15	26.02	-0.045	94.988	5.012	0	Parked
1/1/2026 14:00	Idle	59.012	374.25	-0.15	26.02	-0.045	94.988	5.012	0	Parked
1/1/2026 14:01	Idle	59.012	374.25	-0.15	26.02	-0.045	94.988	5.012	0	Parked
1/1/2026 14:01	Idle	59.012	374.25	-0.15	26.02	-0.045	94.988	5.012	0	Parked
1/1/2026 14:01	Idle	59.012	374.25	-0.15	26.02	-0.045	94.988	5.012	0	Parked
1/1/2026 14:01	Idle	59.011	374.25	-0.15	26.02	-0.045	94.988	5.012	0	Parked
1/1/2026 14:01	Idle	59.011	374.25	-0.15	26.02	-0.045	94.988	5.012	0	Parked
1/1/2026 14:01	Idle	59.011	374.25	-0.15	26.02	-0.045	94.988	5.012	0	Parked
1/1/2026 14:02	Idle	59.011	374.25	-0.15	26.02	-0.045	94.988	5.012	0	Parked
1/1/2026 14:02	Idle	59.011	374.25	-0.15	26.02	-0.045	94.988	5.012	0	Parked
1/1/2026 14:02	Idle	59.01	374.25	-0.15	26.02	-0.045	94.988	5.012	0	Parked
1/1/2026 14:02	Idle	59.01	374.25	-0.15	26.02	-0.045	94.988	5.012	0	Parked
1/1/2026 14:02	Idle	59.01	374.25	-0.15	26.02	-0.045	94.988	5.012	0	Parked
1/1/2026 14:02	Idle	59.01	374.25	-0.15	26.02	-0.045	94.988	5.012	0	Parked
1/1/2026 14:03	Idle	59.009	374.25	-0.15	26.02	-0.045	94.988	5.012	0	Parked
1/1/2026 14:03	Idle	59.009	374.25	-0.15	26.02	-0.045	94.988	5.012	0	Parked
1/1/2026 14:03	Idle	59.009	374.25	-0.15	26.02	-0.045	94.988	5.012	0	Parked
1/1/2026 14:03	Idle	59.009	374.25	-0.15	26.02	-0.045	94.988	5.012	0	Parked
1/1/2026 14:03	Idle	59.009	374.25	-0.15	26.02	-0.045	94.988	5.012	0	Parked
1/1/2026 14:03	Idle	59.008	374.25	-0.15	26.02	-0.045	94.988	5.012	0	Parked
1/1/2026 14:04	Idle	59.008	374.25	-0.15	26.02	-0.045	94.988	5.012	0	Parked
1/1/2026 14:04	Idle	59.008	374.25	-0.15	26.02	-0.045	94.988	5.012	0	Parked
1/1/2026 14:04	Idle	59.008	374.25	-0.15	26.02	-0.045	94.988	5.012	0	Parked
1/1/2026 14:04	Idle	59.007	374.25	-0.15	26.02	-0.045	94.988	5.012	0	Parked
1/1/2026 14:04	Idle	59.007	374.25	-0.15	26.02	-0.045	94.988	5.012	0	Parked
1/1/2026 14:04	Idle	59.007	374.25	-0.15	26.02	-0.045	94.988	5.012	0	Parked
1/1/2026 14:05	Idle	59.007	374.25	-0.15	26.02	-0.045	94.988	5.012	0	Parked
1/1/2026 14:05	Idle	59.006	374.25	-0.15	26.02	-0.045	94.988	5.012	0	Parked
1/1/2026 14:05	Idle	59.006	374.25	-0.15	26.02	-0.045	94.988	5.012	0	Parked
1/1/2026 14:05	Idle	59.006	374.25	-0.15	26.02	-0.045	94.988	5.012	0	Parked
1/1/2026 14:05	Idle	59.006	374.25	-0.15	26.02	-0.045	94.988	5.012	0	Parked
1/1/2026 14:05	Idle	59.006	374.25	-0.15	26.02	-0.045	94.988	5.012	0	Parked
1/1/2026 14:06	Idle	59.005	374.25	-0.15	26.02	-0.045	94.988	5.012	0	Parked
1/1/2026 14:06	Idle	59.005	374.25	-0.15	26.02	-0.045	94.988	5.012	0	Parked
1/1/2026 14:06	Idle	59.005	374.25	-0.15	26.02	-0.045	94.988	5.012	0	Parked
1/1/2026 14:06	Idle	59.005	374.25	-0.15	26.02	-0.045	94.988	5.012	0	Parked
1/1/2026 14:06	Idle	59.004	374.25	-0.15	26.02	-0.045	94.988	5.012	0	Parked
1/1/2026 14:06	Idle	59.004	374.25	-0.15	26.02	-0.045	94.988	5.012	0	Parked
1/1/2026 14:07	Idle	59.004	374.25	-0.15	26.02	-0.045	94.988	5.012	0	Parked
1/1/2026 14:07	Idle	59.004	374.25	-0.15	26.02	-0.045	94.988	5.012	0	Parked
1/1/2026 14:07	Idle	59.003	374.25	-0.15	26.02	-0.045	94.988	5.012	0	Parked
1/1/2026 14:07	Idle	59.003	374.25	-0.15	26.02	-0.045	94.988	5.012	0	Parked
1/1/2026 14:07	Idle	59.003	374.25	-0.15	26.02	-0.045	94.988	5.012	0	Parked
1/1/2026 14:07	Idle	59.003	374.25	-0.15	26.02	-0.045	94.988	5.012	0	Parked
1/1/2026 14:08	Idle	59.003	374.25	-0.15	26.02	-0.045	94.988	5.012	0	Parked
1/1/2026 14:08	Idle	59.002	374.25	-0.15	26.02	-0.045	94.988	5.012	0	Parked
1/1/2026 14:08	Idle	59.002	374.25	-0.15	26.02	-0.045	94.988	5.012	0	Parked
1/1/2026 14:08	Idle	59.002	374.25	-0.15	26.02	-0.045	94.988	5.012	0	Parked
1/1/2026 14:08	Idle	59.002	374.25	-0.15	26.02	-0.045	94.988	5.012	0	Parked
1/1/2026 14:08	Idle	59.001	374.25	-0.15	26.02	-0.045	94.988	5.012	0	Parked
1/1/2026 14:09	Idle	59.001	374.24	-0.15	26.02	-0.045	94.988	5.012	0	Parked
1/1/2026 14:09	Idle	59.001	374.24	-0.15	26.02	-0.045	94.988	5.012	0	Parked
1/1/2026 14:09	Idle	59.001	374.24	-0.15	26.02	-0.045	94.988	5.012	0	Parked
1/1/2026 14:09	Idle	59	374.24	-0.15	26.02	-0.045	94.988	5.012	0	Parked
1/1/2026 14:09	Idle	59	374.24	-0.15	26.02	-0.045	94.988	5.012	0	Parked
1/1/2026 14:09	Idle	59	374.24	-0.15	26.02	-0.045	94.988	5.012	0	Parked
1/1/2026 14:10	Idle	59	374.24	-0.15	26.02	-0.045	94.988	5.012	0	Parked
1/1/2026 14:10	Idle	59	374.24	-0.15	26.02	-0.045	94.988	5.012	0	Parked
1/1/2026 14:10	Idle	58.999	374.24	-0.15	26.02	-0.045	94.988	5.012	0	Parked
1/1/2026 14:10	Idle	58.999	374.24	-0.15	26.02	-0.045	94.988	5.012	0	Parked
1/1/2026 14:10	Idle	58.999	374.24	-0.15	26.02	-0.045	94.988	5.012	0	Parked
1/1/2026 14:10	Idle	58.999	374.24	-0.15	26.02	-0.045	94.988	5.012	0	Parked
1/1/2026 14:11	Idle	58.998	374.24	-0.15	26.02	-0.045	94.988	5.012	0	Parked
1/1/2026 14:11	Idle	58.998	374.24	-0.15	26.02	-0.045	94.988	5.012	0	Parked
1/1/2026 14:11	Idle	58.998	374.24	-0.15	26.02	-0.045	94.988	5.012	0	Parked
1/1/2026 14:11	Idle	58.998	374.24	-0.15	26.02	-0.045	94.988	5.012	0	Parked
1/1/2026 14:11	Idle	58.997	374.24	-0.15	26.02	-0.045	94.988	5.012	0	Parked
1/1/2026 14:11	Idle	58.997	374.24	-0.15	26.02	-0.045	94.988	5.012	0	Parked
1/1/2026 14:12	Idle	58.997	374.24	-0.15	26.02	-0.045	94.988	5.012	0	Parked
1/1/2026 14:12	Idle	58.997	374.24	-0.15	26.02	-0.045	94.988	5.012	0	Parked
1/1/2026 14:12	Idle	58.997	374.24	-0.15	26.02	-0.045	94.988	5.012	0	Parked
1/1/2026 14:12	Idle	58.996	374.24	-0.15	26.02	-0.045	94.988	5.012	0	Parked
1/1/2026 14:12	Idle	58.996	374.24	-0.15	26.02	-0.045	94.988	5.012	0	Parked
1/1/2026 14:12	Idle	58.996	374.24	-0.15	26.02	-0.045	94.988	5.012	0	Parked
1/1/2026 14:13	Idle	58.996	374.24	-0.15	26.02	-0.045	94.988	5.012	0	Parked
1/1/2026 14:13	Idle	58.995	374.24	-0.15	26.02	-0.045	94.988	5.012	0	Parked
1/1/2026 14:13	Idle	58.995	374.24	-0.15	26.02	-0.045	94.988	5.012	0	Parked
1/1/2026 14:13	Idle	58.995	374.24	-0.15	26.02	-0.045	94.988	5.012	0	Parked
1/1/2026 14:13	Idle	58.995	374.24	-0.15	26.02	-0.045	94.988	5.012	0	Parked
1/1/2026 14:13	Idle	58.994	374.24	-0.15	26.02	-0.045	94.988	5.012	0	Parked
1/1/2026 14:14	Idle	58.994	374.24	-0.15	26.02	-0.045	94.988	5.012	0	Parked
1/1/2026 14:14	Idle	58.994	374.24	-0.15	26.02	-0.045	94.988	5.012	0	Parked
1/1/2026 14:14	Idle	58.994	374.24	-0.15	26.02	-0.045	94.988	5.012	0	Parked
1/1/2026 14:14	Idle	58.994	374.24	-0.15	26.02	-0.045	94.988	5.012	0	Parked
1/1/2026 14:14	Idle	58.993	374.24	-0.15	26.02	-0.045	94.988	5.012	0	Parked
1/1/2026 14:14	Idle	58.993	374.24	-0.15	26.02	-0.045	94.988	5.012	0	Parked
1/1/2026 14:15	Idle	58.993	374.24	-0.15	26.02	-0.045	94.988	5.012	0	Parked
1/1/2026 14:15	Idle	58.993	374.24	-0.15	26.02	-0.045	94.988	5.012	0	Parked
1/1/2026 14:15	Idle	58.992	374.24	-0.15	26.02	-0.045	94.988	5.012	0	Parked
1/1/2026 14:15	Idle	58.992	374.24	-0.15	26.02	-0.045	94.988	5.012	0	Parked
1/1/2026 14:15	Idle	58.992	374.24	-0.15	26.02	-0.045	94.988	5.012	0	Parked
1/1/2026 14:15	Idle	58.992	374.24	-0.15	26.02	-0.045	94.988	5.012	0	Parked
1/1/2026 14:16	Idle	58.992	374.24	-0.15	26.02	-0.045	94.988	5.012	0	Parked
1/1/2026 14:16	Idle	58.991	374.24	-0.15	26.02	-0.045	94.988	5.012	0	Parked
1/1/2026 14:16	Idle	58.991	374.24	-0.15	26.02	-0.045	94.988	5.012	0	Parked
1/1/2026 14:16	Idle	58.991	374.24	-0.15	26.02	-0.045	94.988	5.012	0	Parked
1/1/2026 14:16	Idle	58.991	374.24	-0.15	26.02	-0.045	94.988	5.012	0	Parked
1/1/2026 14:16	Idle	58.99	374.24	-0.15	26.02	-0.045	94.988	5.012	0	Parked
1/1/2026 14:17	Idle	58.99	374.24	-0.15	26.02	-0.045	94.988	5.012	0	Parked
1/1/2026 14:17	Idle	58.99	374.24	-0.15	26.02	-0.045	94.988	5.012	0	Parked
1/1/2026 14:17	Idle	58.99	374.24	-0.15	26.02	-0.045	94.988	5.012	0	Parked
1/1/2026 14:17	Idle	58.989	374.24	-0.15	26.02	-0.045	94.988	5.012	0	Parked
1/1/2026 14:17	Idle	58.989	374.24	-0.15	26.02	-0.045	94.988	5.012	0	Parked
1/1/2026 14:17	Idle	58.989	374.24	-0.15	26.02	-0.045	94.988	5.012	0	Parked
1/1/2026 14:18	Idle	58.989	374.24	-0.15	26.02	-0.045	94.988	5.012	0	Parked
1/1/2026 14:18	Idle	58.989	374.24	-0.15	26.02	-0.045	94.988	5.012	0	Parked
1/1/2026 14:18	Idle	58.988	374.24	-0.15	26.02	-0.045	94.988	5.012	0	Parked
1/1/2026 14:18	Idle	58.988	374.24	-0.15	26.02	-0.045	94.988	5.012	0	Parked
1/1/2026 14:18	Idle	58.988	374.23	-0.15	26.02	-0.045	94.988	5.012	0	Parked
1/1/2026 14:18	Idle	58.988	374.23	-0.15	26.02	-0.045	94.988	5.012	0	Parked
1/1/2026 14:19	Idle	58.987	374.23	-0.15	26.02	-0.045	94.988	5.012	0	Parked
1/1/2026 14:19	Idle	58.987	374.23	-0.15	26.02	-0.045	94.988	5.012	0	Parked
1/1/2026 14:19	Idle	58.987	374.23	-0.15	26.02	-0.045	94.988	5.012	0	Parked
1/1/2026 14:19	Idle	58.987	374.23	-0.15	26.02	-0.045	94.988	5.012	0	Parked
1/1/2026 14:19	Idle	58.986	374.23	-0.15	26.02	-0.045	94.988	5.012	0	Parked
1/1/2026 14:19	Idle	58.986	374.23	-0.15	26.01	-0.045	94.988	5.012	0	Parked
1/1/2026 14:20	Idle	58.986	374.23	-0.15	26.01	-0.045	94.988	5.012	0	Parked
1/1/2026 14:20	Idle	58.986	374.23	-0.15	26.01	-0.045	94.988	5.012	0	Parked
1/1/2026 14:20	Idle	58.986	374.23	-0.15	26.01	-0.045	94.988	5.012	0	Parked
1/1/2026 14:20	Idle	58.985	374.23	-0.15	26.01	-0.045	94.988	5.012	0	Parked
1/1/2026 14:20	Idle	58.985	374.23	-0.15	26.01	-0.045	94.988	5.012	0	Parked
1/1/2026 14:20	Idle	58.985	374.23	-0.15	26.01	-0.045	94.988	5.012	0	Parked
1/1/2026 14:21	Idle	58.985	374.23	-0.15	26.01	-0.045	94.988	5.012	0	Parked
1/1/2026 14:21	Idle	58.984	374.23	-0.15	26.01	-0.045	94.988	5.012	0	Parked
1/1/2026 14:21	Idle	58.984	374.23	-0.15	26.01	-0.045	94.988	5.012	0	Parked
1/1/2026 14:21	Idle	58.984	374.23	-0.15	26.01	-0.045	94.988	5.012	0	Parked
1/1/2026 14:21	Idle	58.984	374.23	-0.15	26.01	-0.045	94.988	5.012	0	Parked
1/1/2026 14:21	Idle	58.983	374.23	-0.15	26.01	-0.045	94.988	5.012	0	Parked
1/1/2026 14:22	Idle	58.983	374.23	-0.15	26.01	-0.045	94.988	5.012	0	Parked
1/1/2026 14:22	Idle	58.983	374.23	-0.15	26.01	-0.045	94.988	5.012	0	Parked
1/1/2026 14:22	Idle	58.983	374.23	-0.15	26.01	-0.045	94.988	5.012	0	Parked
1/1/2026 14:22	Idle	58.983	374.23	-0.15	26.01	-0.045	94.988	5.012	0	Parked
1/1/2026 14:22	Idle	58.982	374.23	-0.15	26.01	-0.045	94.988	5.012	0	Parked
1/1/2026 14:22	Idle	58.982	374.23	-0.15	26.01	-0.045	94.988	5.012	0	Parked
1/1/2026 14:23	Idle	58.982	374.23	-0.15	26.01	-0.045	94.988	5.012	0	Parked
1/1/2026 14:23	Idle	58.982	374.23	-0.15	26.01	-0.045	94.988	5.012	0	Parked
1/1/2026 14:23	Idle	58.981	374.23	-0.15	26.01	-0.045	94.988	5.012	0	Parked
1/1/2026 14:23	Idle	58.981	374.23	-0.15	26.01	-0.045	94.988	5.012	0	Parked
1/1/2026 14:23	Idle	58.981	374.23	-0.15	26.01	-0.045	94.988	5.012	0	Parked
1/1/2026 14:23	Idle	58.981	374.23	-0.15	26.01	-0.045	94.988	5.012	0	Parked
1/1/2026 14:24	Idle	58.98	374.23	-0.15	26.01	-0.045	94.988	5.012	0	Parked
1/1/2026 14:24	Idle	58.98	374.23	-0.15	26.01	-0.045	94.988	5.012	0	Parked
1/1/2026 14:24	Idle	58.98	374.23	-0.15	26.01	-0.045	94.988	5.012	0	Parked
1/1/2026 14:24	Idle	58.98	374.23	-0.15	26.01	-0.045	94.988	5.012	0	Parked
1/1/2026 14:24	Idle	58.98	374.23	-0.15	26.01	-0.045	94.988	5.012	0	Parked
1/1/2026 14:24	Idle	58.979	374.23	-0.15	26.01	-0.045	94.988	5.012	0	Parked
1/1/2026 14:25	Idle	58.979	374.23	-0.15	26.01	-0.045	94.988	5.012	0	Parked
1/1/2026 14:25	Idle	58.979	374.23	-0.15	26.01	-0.045	94.988	5.012	0	Parked
1/1/2026 14:25	Idle	58.979	374.23	-0.15	26.01	-0.045	94.988	5.012	0	Parked
1/1/2026 14:25	Idle	58.978	374.23	-0.15	26.01	-0.045	94.988	5.012	0	Parked
1/1/2026 14:25	Idle	58.978	374.23	-0.15	26.01	-0.045	94.988	5.012	0	Parked
1/1/2026 14:25	Idle	58.978	374.23	-0.15	26.01	-0.045	94.988	5.012	0	Parked
1/1/2026 14:26	Idle	58.978	374.23	-0.15	26.01	-0.045	94.988	5.012	0	Parked
1/1/2026 14:26	Idle	58.977	374.23	-0.15	26.01	-0.045	94.988	5.012	0	Parked
1/1/2026 14:26	Idle	58.977	374.23	-0.15	26.01	-0.045	94.988	5.012	0	Parked
1/1/2026 14:26	Idle	58.977	374.23	-0.15	26.01	-0.045	94.988	5.012	0	Parked
1/1/2026 14:26	Idle	58.977	374.23	-0.15	26.01	-0.045	94.988	5.012	0	Parked
1/1/2026 14:26	Idle	58.977	374.23	-0.15	26.01	-0.045	94.988	5.012	0	Parked
1/1/2026 14:27	Idle	58.976	374.23	-0.15	26.01	-0.045	94.988	5.012	0	Parked
1/1/2026 14:27	Idle	58.976	374.23	-0.15	26.01	-0.045	94.988	5.012	0	Parked
1/1/2026 14:27	Idle	58.976	374.23	-0.15	26.01	-0.045	94.988	5.012	0	Parked
1/1/2026 14:27	Idle	58.976	374.23	-0.15	26.01	-0.045	94.988	5.012	0	Parked
1/1/2026 14:27	Idle	58.975	374.23	-0.15	26.01	-0.045	94.988	5.012	0	Parked
1/1/2026 14:27	Idle	58.975	374.23	-0.15	26.01	-0.045	94.988	5.012	0	Parked
1/1/2026 14:28	Idle	58.975	374.23	-0.15	26.01	-0.045	94.988	5.012	0	Parked
1/1/2026 14:28	Idle	58.975	374.23	-0.15	26.01	-0.045	94.988	5.012	0	Parked
1/1/2026 14:28	Idle	58.974	374.22	-0.15	26.01	-0.045	94.988	5.012	0	Parked
1/1/2026 14:28	Idle	58.974	374.22	-0.15	26.01	-0.045	94.988	5.012	0	Parked
1/1/2026 14:28	Idle	58.974	374.22	-0.15	26.01	-0.045	94.988	5.012	0	Parked
1/1/2026 14:28	Idle	58.974	374.22	-0.15	26.01	-0.045	94.988	5.012	0	Parked
1/1/2026 14:29	Idle	58.974	374.22	-0.15	26.01	-0.045	94.988	5.012	0	Parked
1/1/2026 14:29	Idle	58.973	374.22	-0.15	26.01	-0.045	94.988	5.012	0	Parked
1/1/2026 14:29	Idle	58.973	374.22	-0.15	26.01	-0.045	94.988	5.012	0	Parked
1/1/2026 14:29	Idle	58.973	374.22	-0.15	26.01	-0.045	94.988	5.012	0	Parked
1/1/2026 14:29	Idle	58.973	374.22	-0.15	26.01	-0.045	94.988	5.012	0	Parked
1/1/2026 14:29	Idle	58.972	374.22	-0.15	26.01	-0.045	94.988	5.012	0	Parked
1/1/2026 14:30	Idle	58.972	374.22	-0.15	26.01	-0.045	94.988	5.012	0	Parked
1/1/2026 14:30	Idle	58.972	374.22	-0.15	26.01	-0.045	94.988	5.012	0	Parked
1/1/2026 14:30	Idle	58.972	374.22	-0.15	26.01	-0.045	94.988	5.012	0	Parked
1/1/2026 14:30	Idle	58.972	374.22	-0.15	26.01	-0.045	94.988	5.012	0	Parked
1/1/2026 14:30	Idle	58.971	374.22	-0.15	26.01	-0.045	94.988	5.012	0	Parked
1/1/2026 14:30	Idle	58.971	374.22	-0.15	26.01	-0.045	94.988	5.012	0	Parked
1/1/2026 14:31	Idle	58.971	374.22	-0.15	26.01	-0.045	94.988	5.012	0	Parked
1/1/2026 14:31	Idle	58.971	374.22	-0.15	26.01	-0.045	94.988	5.012	0	Parked
1/1/2026 14:31	Idle	58.97	374.22	-0.15	26.01	-0.045	94.988	5.012	0	Parked
1/1/2026 14:31	Idle	58.97	374.22	-0.15	26.01	-0.045	94.988	5.012	0	Parked
1/1/2026 14:31	Idle	58.97	374.22	-0.15	26.01	-0.045	94.988	5.012	0	Parked
1/1/2026 14:31	Idle	58.97	374.22	-0.15	26.01	-0.045	94.988	5.012	0	Parked
1/1/2026 14:32	Idle	58.969	374.22	-0.15	26.01	-0.045	94.988	5.012	0	Parked
1/1/2026 14:32	Idle	58.969	374.22	-0.15	26.01	-0.045	94.988	5.012	0	Parked
1/1/2026 14:32	Idle	58.969	374.22	-0.15	26.01	-0.045	94.988	5.012	0	Parked
1/1/2026 14:32	Idle	58.969	374.22	-0.15	26.01	-0.045	94.988	5.012	0	Parked
1/1/2026 14:32	Idle	58.969	374.22	-0.15	26.01	-0.045	94.988	5.012	0	Parked
1/1/2026 14:32	Idle	58.968	374.22	-0.15	26.01	-0.045	94.988	5.012	0	Parked
1/1/2026 14:33	Idle	58.968	374.22	-0.15	26.01	-0.045	94.988	5.012	0	Parked
1/1/2026 14:33	Idle	58.968	374.22	-0.15	26.01	-0.045	94.988	5.012	0	Parked
1/1/2026 14:33	Idle	58.968	374.22	-0.15	26.01	-0.045	94.988	5.012	0	Parked
1/1/2026 14:33	Idle	58.967	374.22	-0.15	26.01	-0.045	94.988	5.012	0	Parked
1/1/2026 14:33	Idle	58.967	374.22	-0.15	26.01	-0.045	94.988	5.012	0	Parked
1/1/2026 14:33	Idle	58.967	374.22	-0.15	26.01	-0.045	94.988	5.012	0	Parked
1/1/2026 14:34	Idle	58.967	374.22	-0.15	26.01	-0.045	94.988	5.012	0	Parked
1/1/2026 14:34	Idle	58.966	374.22	-0.15	26.01	-0.045	94.988	5.012	0	Parked
1/1/2026 14:34	Idle	58.966	374.22	-0.15	26.01	-0.045	94.988	5.012	0	Parked
1/1/2026 14:34	Idle	58.966	374.22	-0.15	26.01	-0.045	94.988	5.012	0	Parked
1/1/2026 14:34	Idle	58.966	374.22	-0.15	26.01	-0.045	94.988	5.012	0	Parked
1/1/2026 14:34	Idle	58.966	374.22	-0.15	26.01	-0.045	94.988	5.012	0	Parked
1/1/2026 14:35	Idle	58.965	374.22	-0.15	26.01	-0.045	94.988	5.012	0	Parked
1/1/2026 14:35	Idle	58.965	374.22	-0.15	26.01	-0.045	94.988	5.012	0	Parked
1/1/2026 14:35	Idle	58.965	374.22	-0.15	26.01	-0.045	94.988	5.012	0	Parked
1/1/2026 14:35	Idle	58.965	374.22	-0.15	26.01	-0.045	94.988	5.012	0	Parked
1/1/2026 14:35	Idle	58.964	374.22	-0.15	26.01	-0.045	94.988	5.012	0	Parked
1/1/2026 14:35	Idle	58.964	374.22	-0.15	26.01	-0.045	94.988	5.012	0	Parked
1/1/2026 14:36	Idle	58.964	374.22	-0.15	26.01	-0.045	94.988	5.012	0	Parked
1/1/2026 14:36	Idle	58.964	374.22	-0.15	26.01	-0.045	94.988	5.012	0	Parked
1/1/2026 14:36	Idle	58.963	374.22	-0.15	26.01	-0.045	94.988	5.012	0	Parked
1/1/2026 14:36	Idle	58.963	374.22	-0.15	26.01	-0.045	94.988	5.012	0	Parked
1/1/2026 14:36	Idle	58.963	374.22	-0.15	26.01	-0.045	94.988	5.012	0	Parked
1/1/2026 14:36	Idle	58.963	374.22	-0.15	26.01	-0.045	94.988	5.012	0	Parked
1/1/2026 14:37	Idle	58.963	374.22	-0.15	26.01	-0.045	94.988	5.012	0	Parked
1/1/2026 14:37	Idle	58.962	374.22	-0.15	26.01	-0.045	94.988	5.012	0	Parked
1/1/2026 14:37	Idle	58.962	374.22	-0.15	26.01	-0.045	94.988	5.012	0	Parked
1/1/2026 14:37	Idle	58.962	374.22	-0.15	26.01	-0.045	94.988	5.012	0	Parked
1/1/2026 14:37	Idle	58.962	374.22	-0.15	26.01	-0.045	94.988	5.012	0	Parked
1/1/2026 14:37	Idle	58.961	374.22	-0.15	26.01	-0.045	94.988	5.012	0	Parked
1/1/2026 14:38	Idle	58.961	374.21	-0.15	26.01	-0.045	94.988	5.012	0	Parked
1/1/2026 14:38	Idle	58.961	374.21	-0.15	26.01	-0.045	94.988	5.012	0	Parked
1/1/2026 14:38	Idle	58.961	374.21	-0.15	26.01	-0.045	94.988	5.012	0	Parked
1/1/2026 14:38	Idle	58.96	374.21	-0.15	26.01	-0.045	94.988	5.012	0	Parked
1/1/2026 14:38	Idle	58.96	374.21	-0.15	26.01	-0.045	94.988	5.012	0	Parked
1/1/2026 14:38	Idle	58.96	374.21	-0.15	26.01	-0.045	94.988	5.012	0	Parked
1/1/2026 14:39	Idle	58.96	374.21	-0.15	26.01	-0.045	94.988	5.012	0	Parked
1/1/2026 14:39	Idle	58.96	374.21	-0.15	26.01	-0.045	94.988	5.012	0	Parked
1/1/2026 14:39	Idle	58.959	374.21	-0.15	26.01	-0.045	94.988	5.012	0	Parked
1/1/2026 14:39	Idle	58.959	374.21	-0.15	26.01	-0.045	94.988	5.012	0	Parked
1/1/2026 14:39	Idle	58.959	374.21	-0.15	26.01	-0.045	94.988	5.012	0	Parked
1/1/2026 14:39	Idle	58.959	374.21	-0.15	26.01	-0.045	94.988	5.012	0	Parked
1/1/2026 14:40	Idle	58.958	374.21	-0.15	26.01	-0.045	94.988	5.012	0	Parked
1/1/2026 14:40	Idle	58.958	374.21	-0.15	26.01	-0.045	94.988	5.012	0	Parked
1/1/2026 14:40	Idle	58.958	374.21	-0.15	26.01	-0.045	94.988	5.012	0	Parked
1/1/2026 14:40	Idle	58.958	374.21	-0.15	26.01	-0.045	94.988	5.012	0	Parked
1/1/2026 14:40	Idle	58.957	374.21	-0.15	26.01	-0.045	94.988	5.012	0	Parked
1/1/2026 14:40	Idle	58.957	374.21	-0.15	26.01	-0.045	94.988	5.012	0	Parked
1/1/2026 14:41	Idle	58.957	374.21	-0.15	26.01	-0.045	94.988	5.012	0	Parked
1/1/2026 14:41	Idle	58.957	374.21	-0.15	26.01	-0.045	94.988	5.012	0	Parked
1/1/2026 14:41	Idle	58.957	374.21	-0.15	26.01	-0.045	94.988	5.012	0	Parked
1/1/2026 14:41	Idle	58.956	374.21	-0.15	26.01	-0.045	94.988	5.012	0	Parked
1/1/2026 14:41	Idle	58.956	374.21	-0.15	26.01	-0.045	94.988	5.012	0	Parked
1/1/2026 14:41	Idle	58.956	374.21	-0.15	26.01	-0.045	94.988	5.012	0	Parked
1/1/2026 14:42	Idle	58.956	374.21	-0.15	26.01	-0.045	94.988	5.012	0	Parked
1/1/2026 14:42	Idle	58.955	374.21	-0.15	26.01	-0.045	94.988	5.012	0	Parked
1/1/2026 14:42	Idle	58.955	374.21	-0.15	26.01	-0.045	94.988	5.012	0	Parked
1/1/2026 14:42	Idle	58.955	374.21	-0.15	26.01	-0.045	94.988	5.012	0	Parked
1/1/2026 14:42	Idle	58.955	374.21	-0.15	26.01	-0.045	94.988	5.012	0	Parked
1/1/2026 14:42	Idle	58.955	374.21	-0.15	26.01	-0.045	94.988	5.012	0	Parked
1/1/2026 14:43	Idle	58.954	374.21	-0.15	26.01	-0.045	94.988	5.012	0	Parked
1/1/2026 14:43	Idle	58.954	374.21	-0.15	26.01	-0.045	94.988	5.012	0	Parked
1/1/2026 14:43	Idle	58.954	374.21	-0.15	26.01	-0.045	94.988	5.012	0	Parked
1/1/2026 14:43	Idle	58.954	374.21	-0.15	26.01	-0.045	94.988	5.012	0	Parked
1/1/2026 14:43	Idle	58.953	374.21	-0.15	26.01	-0.045	94.988	5.012	0	Parked
1/1/2026 14:43	Idle	58.953	374.21	-0.15	26.01	-0.045	94.988	5.012	0	Parked
1/1/2026 14:44	Idle	58.953	374.21	-0.15	26.01	-0.045	94.988	5.012	0	Parked
1/1/2026 14:44	Idle	58.953	374.21	-0.15	26.01	-0.045	94.988	5.012	0	Parked
1/1/2026 14:44	Idle	58.952	374.21	-0.15	26.01	-0.045	94.988	5.012	0	Parked
1/1/2026 14:44	Idle	58.952	374.21	-0.15	26.01	-0.045	94.988	5.012	0	Parked
1/1/2026 14:44	Idle	58.952	374.21	-0.15	26.01	-0.045	94.988	5.012	0	Parked
1/1/2026 14:44	Idle	58.952	374.21	-0.15	26.01	-0.045	94.988	5.012	0	Parked
1/1/2026 14:45	Idle	58.952	374.21	-0.15	26.01	-0.045	94.988	5.012	0	Parked
1/1/2026 14:45	Idle	58.951	374.21	-0.15	26.01	-0.045	94.988	5.012	0	Parked
1/1/2026 14:45	Idle	58.951	374.21	-0.15	26.01	-0.045	94.988	5.012	0	Parked
1/1/2026 14:45	Idle	58.951	374.21	-0.15	26.01	-0.045	94.988	5.012	0	Parked
1/1/2026 14:45	Idle	58.951	374.21	-0.15	26.01	-0.045	94.988	5.012	0	Parked
1/1/2026 14:45	Idle	58.95	374.21	-0.15	26.01	-0.045	94.988	5.012	0	Parked
1/1/2026 14:46	Idle	58.95	374.21	-0.15	26.01	-0.045	94.988	5.012	0	Parked
1/1/2026 14:46	Idle	58.95	374.21	-0.15	26.01	-0.045	94.988	5.012	0	Parked
1/1/2026 14:46	Idle	58.95	374.21	-0.15	26.01	-0.045	94.988	5.012	0	Parked
1/1/2026 14:46	Idle	58.949	374.21	-0.15	26.01	-0.045	94.988	5.012	0	Parked
1/1/2026 14:46	Idle	58.949	374.21	-0.15	26.01	-0.045	94.988	5.012	0	Parked
1/1/2026 14:46	Idle	58.949	374.21	-0.15	26.01	-0.045	94.988	5.012	0	Parked
1/1/2026 14:47	Idle	58.949	374.21	-0.15	26.01	-0.045	94.988	5.012	0	Parked
1/1/2026 14:47	Idle	58.949	374.21	-0.15	26.01	-0.045	94.988	5.012	0	Parked
1/1/2026 14:47	Idle	58.948	374.21	-0.15	26.01	-0.045	94.988	5.012	0	Parked
1/1/2026 14:47	Idle	58.948	374.21	-0.15	26.01	-0.045	94.988	5.012	0	Parked
1/1/2026 14:47	Idle	58.948	374.2	-0.15	26.01	-0.045	94.988	5.012	0	Parked
1/1/2026 14:47	Idle	58.948	374.2	-0.15	26.01	-0.045	94.988	5.012	0	Parked
1/1/2026 14:48	Idle	58.947	374.2	-0.15	26.01	-0.045	94.988	5.012	0	Parked
1/1/2026 14:48	Idle	58.947	374.2	-0.15	26.01	-0.045	94.988	5.012	0	Parked
1/1/2026 14:48	Idle	58.947	374.2	-0.15	26.01	-0.045	94.988	5.012	0	Parked
1/1/2026 14:48	Idle	58.947	374.2	-0.15	26.01	-0.045	94.988	5.012	0	Parked
1/1/2026 14:48	Idle	58.946	374.2	-0.15	26.01	-0.045	94.988	5.012	0	Parked
1/1/2026 14:48	Idle	58.946	374.2	-0.15	26.01	-0.045	94.988	5.012	0	Parked
1/1/2026 14:49	Idle	58.946	374.2	-0.15	26.01	-0.045	94.988	5.012	0	Parked
1/1/2026 14:49	Idle	58.946	374.2	-0.15	26.01	-0.045	94.988	5.012	0	Parked
1/1/2026 14:49	Idle	58.946	374.2	-0.15	26.01	-0.045	94.988	5.012	0	Parked
1/1/2026 14:49	Idle	58.945	374.2	-0.15	26.01	-0.045	94.988	5.012	0	Parked
1/1/2026 14:49	Idle	58.945	374.2	-0.15	26.01	-0.045	94.988	5.012	0	Parked
1/1/2026 14:49	Idle	58.945	374.2	-0.15	26.01	-0.045	94.988	5.012	0	Parked
1/1/2026 14:50	Idle	58.945	374.2	-0.15	26.01	-0.045	94.988	5.012	0	Parked
1/1/2026 14:50	Idle	58.944	374.2	-0.15	26.01	-0.045	94.988	5.012	0	Parked
1/1/2026 14:50	Idle	58.944	374.2	-0.15	26.01	-0.045	94.988	5.012	0	Parked
1/1/2026 14:50	Idle	58.944	374.2	-0.15	26.01	-0.045	94.988	5.012	0	Parked
1/1/2026 14:50	Idle	58.944	374.2	-0.15	26.01	-0.045	94.988	5.012	0	Parked
1/1/2026 14:50	Idle	58.943	374.2	-0.15	26.01	-0.045	94.988	5.012	0	Parked
1/1/2026 14:51	Idle	58.943	374.2	-0.15	26.01	-0.045	94.988	5.012	0	Parked
1/1/2026 14:51	Idle	58.943	374.2	-0.15	26.01	-0.045	94.988	5.012	0	Parked
1/1/2026 14:51	Idle	58.943	374.2	-0.15	26.01	-0.045	94.988	5.012	0	Parked
1/1/2026 14:51	Idle	58.943	374.2	-0.15	26.01	-0.045	94.988	5.012	0	Parked
1/1/2026 14:51	Idle	58.942	374.2	-0.15	26.01	-0.045	94.988	5.012	0	Parked
1/1/2026 14:51	Idle	58.942	374.2	-0.15	26.01	-0.045	94.988	5.012	0	Parked
1/1/2026 14:52	Idle	58.942	374.2	-0.15	26.01	-0.045	94.988	5.012	0	Parked
1/1/2026 14:52	Idle	58.942	374.2	-0.15	26.01	-0.045	94.988	5.012	0	Parked
1/1/2026 14:52	Idle	58.941	374.2	-0.15	26.01	-0.045	94.988	5.012	0	Parked
1/1/2026 14:52	Idle	58.941	374.2	-0.15	26.01	-0.045	94.988	5.012	0	Parked
1/1/2026 14:52	Idle	58.941	374.2	-0.15	26.01	-0.045	94.988	5.012	0	Parked
1/1/2026 14:52	Idle	58.941	374.2	-0.15	26.01	-0.045	94.988	5.012	0	Parked
1/1/2026 14:53	Idle	58.94	374.2	-0.15	26.01	-0.045	94.988	5.012	0	Parked
1/1/2026 14:53	Idle	58.94	374.2	-0.15	26.01	-0.045	94.988	5.012	0	Parked
1/1/2026 14:53	Idle	58.94	374.2	-0.15	26.01	-0.045	94.988	5.012	0	Parked
1/1/2026 14:53	Idle	58.94	374.2	-0.15	26.01	-0.045	94.988	5.012	0	Parked
1/1/2026 14:53	Idle	58.94	374.2	-0.15	26.01	-0.045	94.988	5.012	0	Parked
1/1/2026 14:53	Idle	58.939	374.2	-0.15	26.01	-0.045	94.988	5.012	0	Parked
1/1/2026 14:54	Idle	58.939	374.2	-0.15	26.01	-0.045	94.988	5.012	0	Parked
1/1/2026 14:54	Idle	58.939	374.2	-0.15	26.01	-0.045	94.988	5.012	0	Parked
1/1/2026 14:54	Idle	58.939	374.2	-0.15	26.01	-0.045	94.988	5.012	0	Parked
1/1/2026 14:54	Idle	58.938	374.2	-0.15	26.01	-0.045	94.988	5.012	0	Parked
1/1/2026 14:54	Idle	58.938	374.2	-0.15	26.01	-0.045	94.988	5.012	0	Parked
1/1/2026 14:54	Idle	58.938	374.2	-0.15	26.01	-0.045	94.988	5.012	0	Parked
1/1/2026 14:55	Idle	58.938	374.2	-0.15	26.01	-0.045	94.988	5.012	0	Parked
1/1/2026 14:55	Idle	58.938	374.2	-0.15	26.01	-0.045	94.988	5.012	0	Parked
1/1/2026 14:55	Idle	58.937	374.2	-0.15	26.01	-0.045	94.988	5.012	0	Parked
1/1/2026 14:55	Idle	58.937	374.2	-0.15	26.01	-0.045	94.988	5.012	0	Parked
1/1/2026 14:55	Idle	58.937	374.2	-0.15	26.01	-0.045	94.988	5.012	0	Parked
1/1/2026 14:55	Idle	58.937	374.2	-0.15	26.01	-0.045	94.988	5.012	0	Parked
1/1/2026 14:56	Idle	58.936	374.2	-0.15	26.01	-0.045	94.988	5.012	0	Parked
1/1/2026 14:56	Idle	58.936	374.2	-0.15	26.01	-0.045	94.988	5.012	0	Parked
1/1/2026 14:56	Idle	58.936	374.2	-0.15	26.01	-0.045	94.988	5.012	0	Parked
1/1/2026 14:56	Idle	58.936	374.2	-0.15	26.01	-0.045	94.988	5.012	0	Parked
1/1/2026 14:56	Idle	58.935	374.2	-0.15	26.01	-0.045	94.988	5.012	0	Parked
1/1/2026 14:56	Idle	58.935	374.2	-0.15	26.01	-0.045	94.988	5.012	0	Parked
1/1/2026 14:57	Idle	58.935	374.2	-0.15	26.01	-0.045	94.988	5.012	0	Parked
1/1/2026 14:57	Idle	58.935	374.2	-0.15	26.01	-0.045	94.988	5.012	0	Parked
1/1/2026 14:57	Idle	58.935	374.19	-0.15	26.01	-0.045	94.988	5.012	0	Parked
1/1/2026 14:57	Idle	58.934	374.19	-0.15	26.01	-0.045	94.988	5.012	0	Parked
1/1/2026 14:57	Idle	58.934	374.19	-0.15	26.01	-0.045	94.988	5.012	0	Parked
1/1/2026 14:57	Idle	58.934	374.19	-0.15	26.01	-0.045	94.988	5.012	0	Parked
1/1/2026 14:58	Idle	58.934	374.19	-0.15	26.01	-0.045	94.988	5.012	0	Parked
1/1/2026 14:58	Idle	58.933	374.19	-0.15	26.01	-0.045	94.988	5.012	0	Parked
1/1/2026 14:58	Idle	58.933	374.19	-0.15	26.01	-0.045	94.988	5.012	0	Parked
1/1/2026 14:58	Idle	58.933	374.19	-0.15	26.01	-0.045	94.988	5.012	0	Parked
1/1/2026 14:58	Idle	58.933	374.19	-0.15	26.01	-0.045	94.988	5.012	0	Parked
1/1/2026 14:58	Idle	58.932	374.19	-0.15	26.01	-0.045	94.988	5.012	0	Parked
1/1/2026 14:59	Idle	58.932	374.19	-0.15	26.01	-0.045	94.988	5.012	0	Parked
1/1/2026 14:59	Idle	58.932	374.19	-0.15	26.01	-0.045	94.988	5.012	0	Parked
1/1/2026 14:59	Idle	58.932	374.19	-0.15	26.01	-0.045	94.988	5.012	0	Parked
1/1/2026 14:59	Idle	58.932	374.19	-0.15	26.01	-0.045	94.988	5.012	0	Parked
1/1/2026 14:59	Idle	58.931	374.19	-0.15	26.01	-0.045	94.988	5.012	0	Parked
1/1/2026 14:59	Idle	58.931	374.19	-0.15	26.01	-0.045	94.988	5.012	0	Parked
1/1/2026 15:00	Idle	58.931	374.19	-0.15	26.01	-0.045	94.987	5.013	0	Parked
1/1/2026 15:00	Idle	58.931	374.19	-0.15	26.01	-0.045	94.987	5.013	0	Parked
1/1/2026 15:00	Idle	58.93	374.19	-0.15	26.01	-0.045	94.987	5.013	0	Parked
1/1/2026 15:00	Idle	58.93	374.19	-0.15	26.01	-0.045	94.987	5.013	0	Parked
1/1/2026 15:00	Idle	58.93	374.19	-0.15	26.01	-0.045	94.987	5.013	0	Parked
1/1/2026 15:00	Idle	58.93	374.19	-0.15	26.01	-0.045	94.987	5.013	0	Parked
1/1/2026 15:01	Idle	58.929	374.19	-0.15	26.01	-0.045	94.987	5.013	0	Parked
1/1/2026 15:01	Idle	58.929	374.19	-0.15	26.01	-0.045	94.987	5.013	0	Parked
1/1/2026 15:01	Idle	58.929	374.19	-0.15	26.01	-0.045	94.987	5.013	0	Parked
1/1/2026 15:01	Idle	58.929	374.19	-0.15	26.01	-0.045	94.987	5.013	0	Parked
1/1/2026 15:01	Idle	58.929	374.19	-0.15	26.01	-0.045	94.987	5.013	0	Parked
1/1/2026 15:01	Idle	58.928	374.19	-0.15	26.01	-0.045	94.987	5.013	0	Parked
1/1/2026 15:02	Idle	58.928	374.19	-0.15	26.01	-0.045	94.987	5.013	0	Parked
1/1/2026 15:02	Idle	58.928	374.19	-0.15	26.01	-0.045	94.987	5.013	0	Parked
1/1/2026 15:02	Idle	58.928	374.19	-0.15	26.01	-0.045	94.987	5.013	0	Parked
1/1/2026 15:02	Idle	58.927	374.19	-0.15	26.01	-0.045	94.987	5.013	0	Parked
1/1/2026 15:02	Idle	58.927	374.19	-0.15	26.01	-0.045	94.987	5.013	0	Parked
1/1/2026 15:02	Idle	58.927	374.19	-0.15	26.01	-0.045	94.987	5.013	0	Parked
1/1/2026 15:03	Idle	58.927	374.19	-0.15	26.01	-0.045	94.987	5.013	0	Parked
1/1/2026 15:03	Idle	58.926	374.19	-0.15	26.01	-0.045	94.987	5.013	0	Parked
1/1/2026 15:03	Idle	58.926	374.19	-0.15	26.01	-0.045	94.987	5.013	0	Parked
1/1/2026 15:03	Idle	58.926	374.19	-0.15	26.01	-0.045	94.987	5.013	0	Parked
1/1/2026 15:03	Idle	58.926	374.19	-0.15	26.01	-0.045	94.987	5.013	0	Parked
1/1/2026 15:03	Idle	58.926	374.19	-0.15	26.01	-0.045	94.987	5.013	0	Parked
1/1/2026 15:04	Idle	58.925	374.19	-0.15	26.01	-0.045	94.987	5.013	0	Parked
1/1/2026 15:04	Idle	58.925	374.19	-0.15	26.01	-0.045	94.987	5.013	0	Parked
1/1/2026 15:04	Idle	58.925	374.19	-0.15	26.01	-0.045	94.987	5.013	0	Parked
1/1/2026 15:04	Idle	58.925	374.19	-0.15	26.01	-0.045	94.987	5.013	0	Parked
1/1/2026 15:04	Idle	58.924	374.19	-0.15	26.01	-0.045	94.987	5.013	0	Parked
1/1/2026 15:04	Idle	58.924	374.19	-0.15	26.01	-0.045	94.987	5.013	0	Parked
1/1/2026 15:05	Idle	58.924	374.19	-0.15	26.01	-0.045	94.987	5.013	0	Parked
1/1/2026 15:05	Idle	58.924	374.19	-0.15	26.01	-0.045	94.987	5.013	0	Parked
1/1/2026 15:05	Idle	58.923	374.19	-0.15	26.01	-0.045	94.987	5.013	0	Parked
1/1/2026 15:05	Idle	58.923	374.19	-0.15	26.01	-0.045	94.987	5.013	0	Parked
1/1/2026 15:05	Idle	58.923	374.19	-0.15	26.01	-0.045	94.987	5.013	0	Parked
1/1/2026 15:05	Idle	58.923	374.19	-0.15	26.01	-0.045	94.987	5.013	0	Parked
1/1/2026 15:06	Idle	58.923	374.19	-0.15	26.01	-0.045	94.987	5.013	0	Parked
1/1/2026 15:06	Idle	58.922	374.19	-0.15	26.01	-0.045	94.987	5.013	0	Parked
1/1/2026 15:06	Idle	58.922	374.19	-0.15	26.01	-0.045	94.987	5.013	0	Parked
1/1/2026 15:06	Idle	58.922	374.19	-0.15	26.01	-0.045	94.987	5.013	0	Parked
1/1/2026 15:06	Idle	58.922	374.19	-0.15	26.01	-0.045	94.987	5.013	0	Parked
1/1/2026 15:06	Idle	58.921	374.19	-0.15	26.01	-0.045	94.987	5.013	0	Parked
1/1/2026 15:07	Idle	58.921	374.18	-0.15	26.01	-0.045	94.987	5.013	0	Parked
1/1/2026 15:07	Idle	58.921	374.18	-0.15	26.01	-0.045	94.987	5.013	0	Parked
1/1/2026 15:07	Idle	58.921	374.18	-0.15	26.01	-0.045	94.987	5.013	0	Parked
1/1/2026 15:07	Idle	58.92	374.18	-0.15	26.01	-0.045	94.987	5.013	0	Parked
1/1/2026 15:07	Idle	58.92	374.18	-0.15	26.01	-0.045	94.987	5.013	0	Parked
1/1/2026 15:07	Idle	58.92	374.18	-0.15	26.01	-0.045	94.987	5.013	0	Parked
1/1/2026 15:08	Idle	58.92	374.18	-0.15	26.01	-0.045	94.987	5.013	0	Parked
1/1/2026 15:08	Idle	58.92	374.18	-0.15	26.01	-0.045	94.987	5.013	0	Parked
1/1/2026 15:08	Idle	58.919	374.18	-0.15	26.01	-0.045	94.987	5.013	0	Parked
1/1/2026 15:08	Idle	58.919	374.18	-0.15	26.01	-0.045	94.987	5.013	0	Parked
1/1/2026 15:08	Idle	58.919	374.18	-0.15	26.01	-0.045	94.987	5.013	0	Parked
1/1/2026 15:08	Idle	58.919	374.18	-0.15	26.01	-0.045	94.987	5.013	0	Parked
1/1/2026 15:09	Idle	58.918	374.18	-0.15	26.01	-0.045	94.987	5.013	0	Parked
1/1/2026 15:09	Idle	58.918	374.18	-0.15	26.01	-0.045	94.987	5.013	0	Parked
1/1/2026 15:09	Idle	58.918	374.18	-0.15	26.01	-0.045	94.987	5.013	0	Parked
1/1/2026 15:09	Idle	58.918	374.18	-0.15	26.01	-0.045	94.987	5.013	0	Parked
1/1/2026 15:09	Idle	58.918	374.18	-0.15	26.01	-0.045	94.987	5.013	0	Parked
1/1/2026 15:09	Idle	58.917	374.18	-0.15	26.01	-0.045	94.987	5.013	0	Parked
1/1/2026 15:10	Idle	58.917	374.18	-0.15	26.01	-0.045	94.987	5.013	0	Parked
1/1/2026 15:10	Idle	58.917	374.18	-0.15	26.01	-0.045	94.987	5.013	0	Parked
1/1/2026 15:10	Idle	58.917	374.18	-0.15	26.01	-0.045	94.987	5.013	0	Parked
1/1/2026 15:10	Idle	58.916	374.18	-0.15	26.01	-0.045	94.987	5.013	0	Parked
1/1/2026 15:10	Idle	58.916	374.18	-0.15	26.01	-0.045	94.987	5.013	0	Parked
1/1/2026 15:10	Idle	58.916	374.18	-0.15	26.01	-0.045	94.987	5.013	0	Parked
1/1/2026 15:11	Idle	58.916	374.18	-0.15	26.01	-0.045	94.987	5.013	0	Parked
1/1/2026 15:11	Idle	58.915	374.18	-0.15	26.01	-0.045	94.987	5.013	0	Parked
1/1/2026 15:11	Idle	58.915	374.18	-0.15	26.01	-0.045	94.987	5.013	0	Parked
1/1/2026 15:11	Idle	58.915	374.18	-0.15	26.01	-0.045	94.987	5.013	0	Parked
1/1/2026 15:11	Idle	58.915	374.18	-0.15	26.01	-0.045	94.987	5.013	0	Parked
1/1/2026 15:11	Idle	58.915	374.18	-0.15	26.01	-0.045	94.987	5.013	0	Parked
1/1/2026 15:12	Idle	58.914	374.18	-0.15	26.01	-0.045	94.987	5.013	0	Parked
1/1/2026 15:12	Idle	58.914	374.18	-0.15	26.01	-0.045	94.987	5.013	0	Parked
1/1/2026 15:12	Idle	58.914	374.18	-0.15	26.01	-0.045	94.987	5.013	0	Parked
1/1/2026 15:12	Idle	58.914	374.18	-0.15	26.01	-0.045	94.987	5.013	0	Parked
1/1/2026 15:12	Idle	58.913	374.18	-0.15	26.01	-0.045	94.987	5.013	0	Parked
1/1/2026 15:12	Idle	58.913	374.18	-0.15	26.01	-0.045	94.987	5.013	0	Parked
1/1/2026 15:13	Idle	58.913	374.18	-0.15	26.01	-0.045	94.987	5.013	0	Parked
1/1/2026 15:13	Idle	58.913	374.18	-0.15	26.01	-0.045	94.987	5.013	0	Parked
1/1/2026 15:13	Idle	58.912	374.18	-0.15	26.01	-0.045	94.987	5.013	0	Parked
1/1/2026 15:13	Idle	58.912	374.18	-0.15	26.01	-0.045	94.987	5.013	0	Parked
1/1/2026 15:13	Idle	58.912	374.18	-0.15	26.01	-0.045	94.987	5.013	0	Parked
1/1/2026 15:13	Idle	58.912	374.18	-0.15	26.01	-0.045	94.987	5.013	0	Parked
1/1/2026 15:14	Idle	58.912	374.18	-0.15	26.01	-0.045	94.987	5.013	0	Parked
1/1/2026 15:14	Idle	58.911	374.18	-0.15	26.01	-0.045	94.987	5.013	0	Parked
1/1/2026 15:14	Idle	58.911	374.18	-0.15	26.01	-0.045	94.987	5.013	0	Parked
1/1/2026 15:14	Idle	58.911	374.18	-0.15	26.01	-0.045	94.987	5.013	0	Parked
1/1/2026 15:14	Idle	58.911	374.18	-0.15	26.01	-0.045	94.987	5.013	0	Parked
1/1/2026 15:14	Idle	58.91	374.18	-0.15	26.01	-0.045	94.987	5.013	0	Parked
1/1/2026 15:15	Idle	58.91	374.18	-0.15	26.01	-0.045	94.987	5.013	0	Parked
1/1/2026 15:15	Idle	58.91	374.18	-0.15	26.01	-0.045	94.987	5.013	0	Parked
1/1/2026 15:15	Idle	58.91	374.18	-0.15	26.01	-0.045	94.987	5.013	0	Parked
1/1/2026 15:15	Idle	58.909	374.18	-0.15	26.01	-0.045	94.987	5.013	0	Parked
1/1/2026 15:15	Idle	58.909	374.18	-0.15	26.01	-0.045	94.987	5.013	0	Parked
1/1/2026 15:15	Idle	58.909	374.18	-0.15	26.01	-0.045	94.987	5.013	0	Parked
1/1/2026 15:16	Idle	58.909	374.18	-0.15	26.01	-0.045	94.987	5.013	0	Parked
1/1/2026 15:16	Idle	58.909	374.18	-0.15	26.01	-0.045	94.987	5.013	0	Parked
1/1/2026 15:16	Idle	58.908	374.18	-0.15	26.01	-0.045	94.987	5.013	0	Parked
1/1/2026 15:16	Idle	58.908	374.18	-0.15	26.01	-0.045	94.987	5.013	0	Parked
1/1/2026 15:16	Idle	58.908	374.17	-0.15	26.01	-0.045	94.987	5.013	0	Parked
1/1/2026 15:16	Idle	58.908	374.17	-0.15	26.01	-0.045	94.987	5.013	0	Parked
1/1/2026 15:17	Idle	58.907	374.17	-0.15	26.01	-0.045	94.987	5.013	0	Parked
1/1/2026 15:17	Idle	58.907	374.17	-0.15	26.01	-0.045	94.987	5.013	0	Parked
1/1/2026 15:17	Idle	58.907	374.17	-0.15	26.01	-0.045	94.987	5.013	0	Parked
1/1/2026 15:17	Idle	58.907	374.17	-0.15	26.01	-0.045	94.987	5.013	0	Parked
1/1/2026 15:17	Idle	58.906	374.17	-0.15	26.01	-0.045	94.987	5.013	0	Parked
1/1/2026 15:17	Idle	58.906	374.17	-0.15	26.01	-0.045	94.987	5.013	0	Parked
1/1/2026 15:18	Idle	58.906	374.17	-0.15	26.01	-0.045	94.987	5.013	0	Parked
1/1/2026 15:18	Idle	58.906	374.17	-0.15	26.01	-0.045	94.987	5.013	0	Parked
1/1/2026 15:18	Idle	58.906	374.17	-0.15	26.01	-0.045	94.987	5.013	0	Parked
1/1/2026 15:18	Idle	58.905	374.17	-0.15	26.01	-0.045	94.987	5.013	0	Parked
1/1/2026 15:18	Idle	58.905	374.17	-0.15	26.01	-0.045	94.987	5.013	0	Parked
1/1/2026 15:18	Idle	58.905	374.17	-0.15	26.01	-0.045	94.987	5.013	0	Parked
1/1/2026 15:19	Idle	58.905	374.17	-0.15	26.01	-0.045	94.987	5.013	0	Parked
1/1/2026 15:19	Idle	58.904	374.17	-0.15	26.01	-0.045	94.987	5.013	0	Parked
1/1/2026 15:19	Idle	58.904	374.17	-0.15	26.01	-0.045	94.987	5.013	0	Parked
1/1/2026 15:19	Idle	58.904	374.17	-0.15	26.01	-0.045	94.987	5.013	0	Parked
1/1/2026 15:19	Idle	58.904	374.17	-0.15	26.01	-0.045	94.987	5.013	0	Parked
1/1/2026 15:19	Idle	58.903	374.17	-0.15	26.01	-0.045	94.987	5.013	0	Parked
1/1/2026 15:20	Idle	58.903	374.17	-0.15	26.01	-0.045	94.987	5.013	0	Parked
1/1/2026 15:20	Idle	58.903	374.17	-0.15	26.01	-0.045	94.987	5.013	0	Parked
1/1/2026 15:20	Idle	58.903	374.17	-0.15	26.01	-0.045	94.987	5.013	0	Parked
1/1/2026 15:20	Idle	58.903	374.17	-0.15	26.01	-0.045	94.987	5.013	0	Parked
1/1/2026 15:20	Idle	58.902	374.17	-0.15	26.01	-0.045	94.987	5.013	0	Parked
1/1/2026 15:20	Idle	58.902	374.17	-0.15	26.01	-0.045	94.987	5.013	0	Parked
1/1/2026 15:21	Idle	58.902	374.17	-0.15	26.01	-0.045	94.987	5.013	0	Parked
1/1/2026 15:21	Idle	58.902	374.17	-0.15	26.01	-0.045	94.987	5.013	0	Parked
1/1/2026 15:21	Idle	58.901	374.17	-0.15	26.01	-0.045	94.987	5.013	0	Parked
1/1/2026 15:21	Idle	58.901	374.17	-0.15	26.01	-0.045	94.987	5.013	0	Parked
1/1/2026 15:21	Idle	58.901	374.17	-0.15	26.01	-0.045	94.987	5.013	0	Parked
1/1/2026 15:21	Idle	58.901	374.17	-0.15	26.01	-0.045	94.987	5.013	0	Parked
1/1/2026 15:22	Idle	58.901	374.17	-0.15	26.01	-0.045	94.987	5.013	0	Parked
1/1/2026 15:22	Idle	58.9	374.17	-0.15	26.01	-0.045	94.987	5.013	0	Parked
1/1/2026 15:22	Idle	58.9	374.17	-0.15	26.01	-0.045	94.987	5.013	0	Parked
1/1/2026 15:22	Idle	58.9	374.17	-0.15	26.01	-0.045	94.987	5.013	0	Parked
1/1/2026 15:22	Idle	58.9	374.17	-0.15	26.01	-0.045	94.987	5.013	0	Parked
1/1/2026 15:22	Idle	58.899	374.17	-0.15	26.01	-0.045	94.987	5.013	0	Parked
1/1/2026 15:23	Idle	58.899	374.17	-0.15	26.01	-0.045	94.987	5.013	0	Parked
1/1/2026 15:23	Idle	58.899	374.17	-0.15	26.01	-0.045	94.987	5.013	0	Parked
1/1/2026 15:23	Idle	58.899	374.17	-0.15	26.01	-0.045	94.987	5.013	0	Parked
1/1/2026 15:23	Idle	58.898	374.17	-0.15	26.01	-0.045	94.987	5.013	0	Parked
1/1/2026 15:23	Idle	58.898	374.17	-0.15	26.01	-0.045	94.987	5.013	0	Parked
1/1/2026 15:23	Idle	58.898	374.17	-0.15	26.01	-0.045	94.987	5.013	0	Parked
1/1/2026 15:24	Idle	58.898	374.17	-0.15	26.01	-0.045	94.987	5.013	0	Parked
1/1/2026 15:24	Idle	58.898	374.17	-0.15	26.01	-0.045	94.987	5.013	0	Parked
1/1/2026 15:24	Idle	58.897	374.17	-0.15	26.01	-0.045	94.987	5.013	0	Parked
1/1/2026 15:24	Idle	58.897	374.17	-0.15	26.01	-0.045	94.987	5.013	0	Parked
1/1/2026 15:24	Idle	58.897	374.17	-0.15	26.01	-0.045	94.987	5.013	0	Parked
1/1/2026 15:24	Idle	58.897	374.17	-0.15	26.01	-0.045	94.987	5.013	0	Parked
1/1/2026 15:25	Idle	58.896	374.17	-0.15	26.01	-0.045	94.987	5.013	0	Parked
1/1/2026 15:25	Idle	58.896	374.17	-0.15	26.01	-0.045	94.987	5.013	0	Parked
1/1/2026 15:25	Idle	58.896	374.17	-0.15	26.01	-0.045	94.987	5.013	0	Parked
1/1/2026 15:25	Idle	58.896	374.17	-0.15	26.01	-0.045	94.987	5.013	0	Parked
1/1/2026 15:25	Idle	58.895	374.17	-0.15	26.01	-0.045	94.987	5.013	0	Parked
1/1/2026 15:25	Idle	58.895	374.17	-0.15	26.01	-0.045	94.987	5.013	0	Parked
1/1/2026 15:26	Idle	58.895	374.17	-0.15	26.01	-0.045	94.987	5.013	0	Parked
1/1/2026 15:26	Idle	58.895	374.17	-0.15	26.01	-0.045	94.987	5.013	0	Parked
1/1/2026 15:26	Idle	58.895	374.16	-0.15	26.01	-0.045	94.987	5.013	0	Parked
1/1/2026 15:26	Idle	58.894	374.16	-0.15	26.01	-0.045	94.987	5.013	0	Parked
1/1/2026 15:26	Idle	58.894	374.16	-0.15	26.01	-0.045	94.987	5.013	0	Parked
1/1/2026 15:26	Idle	58.894	374.16	-0.15	26.01	-0.045	94.987	5.013	0	Parked
1/1/2026 15:27	Idle	58.894	374.16	-0.15	26.01	-0.045	94.987	5.013	0	Parked
1/1/2026 15:27	Idle	58.893	374.16	-0.15	26.01	-0.045	94.987	5.013	0	Parked
1/1/2026 15:27	Idle	58.893	374.16	-0.15	26.01	-0.045	94.987	5.013	0	Parked
1/1/2026 15:27	Idle	58.893	374.16	-0.15	26.01	-0.045	94.987	5.013	0	Parked
1/1/2026 15:27	Idle	58.893	374.16	-0.15	26.01	-0.045	94.987	5.013	0	Parked
1/1/2026 15:27	Idle	58.892	374.16	-0.15	26.01	-0.045	94.987	5.013	0	Parked
1/1/2026 15:28	Idle	58.892	374.16	-0.15	26.01	-0.045	94.987	5.013	0	Parked
1/1/2026 15:28	Idle	58.892	374.16	-0.15	26.01	-0.045	94.987	5.013	0	Parked
1/1/2026 15:28	Idle	58.892	374.16	-0.15	26.01	-0.045	94.987	5.013	0	Parked
1/1/2026 15:28	Idle	58.892	374.16	-0.15	26.01	-0.045	94.987	5.013	0	Parked
1/1/2026 15:28	Idle	58.891	374.16	-0.15	26.01	-0.045	94.987	5.013	0	Parked
1/1/2026 15:28	Idle	58.891	374.16	-0.15	26.01	-0.045	94.987	5.013	0	Parked
1/1/2026 15:29	Idle	58.891	374.16	-0.15	26.01	-0.045	94.987	5.013	0	Parked
1/1/2026 15:29	Idle	58.891	374.16	-0.15	26.01	-0.045	94.987	5.013	0	Parked
1/1/2026 15:29	Idle	58.89	374.16	-0.15	26.01	-0.045	94.987	5.013	0	Parked
1/1/2026 15:29	Idle	58.89	374.16	-0.15	26.01	-0.045	94.987	5.013	0	Parked
1/1/2026 15:29	Idle	58.89	374.16	-0.15	26.01	-0.045	94.987	5.013	0	Parked
1/1/2026 15:29	Idle	58.89	374.16	-0.15	26.01	-0.045	94.987	5.013	0	Parked
1/1/2026 15:30	Idle	58.889	374.16	-0.15	26.01	-0.045	94.987	5.013	0	Parked
1/1/2026 15:30	Idle	58.889	374.16	-0.15	26.01	-0.045	94.987	5.013	0	Parked
1/1/2026 15:30	Idle	58.889	374.16	-0.15	26.01	-0.045	94.987	5.013	0	Parked
1/1/2026 15:30	Idle	58.889	374.16	-0.15	26.01	-0.045	94.987	5.013	0	Parked
1/1/2026 15:30	Idle	58.889	374.16	-0.15	26.01	-0.045	94.987	5.013	0	Parked
1/1/2026 15:30	Idle	58.888	374.16	-0.15	26.01	-0.045	94.987	5.013	0	Parked
1/1/2026 15:31	Idle	58.888	374.16	-0.15	26.01	-0.045	94.987	5.013	0	Parked
1/1/2026 15:31	Idle	58.888	374.16	-0.15	26.01	-0.045	94.987	5.013	0	Parked
1/1/2026 15:31	Idle	58.888	374.16	-0.15	26.01	-0.045	94.987	5.013	0	Parked
1/1/2026 15:31	Idle	58.887	374.16	-0.15	26.01	-0.045	94.987	5.013	0	Parked
1/1/2026 15:31	Idle	58.887	374.16	-0.15	26.01	-0.045	94.987	5.013	0	Parked
1/1/2026 15:31	Idle	58.887	374.16	-0.15	26.01	-0.045	94.987	5.013	0	Parked
1/1/2026 15:32	Idle	58.887	374.16	-0.15	26.01	-0.045	94.987	5.013	0	Parked
1/1/2026 15:32	Idle	58.886	374.16	-0.15	26.01	-0.045	94.987	5.013	0	Parked
1/1/2026 15:32	Idle	58.886	374.16	-0.15	26.01	-0.045	94.987	5.013	0	Parked
1/1/2026 15:32	Idle	58.886	374.16	-0.15	26.01	-0.045	94.987	5.013	0	Parked
1/1/2026 15:32	Idle	58.886	374.16	-0.15	26.01	-0.045	94.987	5.013	0	Parked
1/1/2026 15:32	Idle	58.886	374.16	-0.15	26.01	-0.045	94.987	5.013	0	Parked
1/1/2026 15:33	Idle	58.885	374.16	-0.15	26.01	-0.045	94.987	5.013	0	Parked
1/1/2026 15:33	Idle	58.885	374.16	-0.15	26.01	-0.045	94.987	5.013	0	Parked
1/1/2026 15:33	Idle	58.885	374.16	-0.15	26.01	-0.045	94.987	5.013	0	Parked
1/1/2026 15:33	Idle	58.885	374.16	-0.15	26.01	-0.045	94.987	5.013	0	Parked
1/1/2026 15:33	Idle	58.884	374.16	-0.15	26.01	-0.045	94.987	5.013	0	Parked
1/1/2026 15:33	Idle	58.884	374.16	-0.15	26.01	-0.045	94.987	5.013	0	Parked
1/1/2026 15:34	Idle	58.884	374.16	-0.15	26.01	-0.045	94.987	5.013	0	Parked
1/1/2026 15:34	Idle	58.884	374.16	-0.15	26.01	-0.045	94.987	5.013	0	Parked
1/1/2026 15:34	Idle	58.884	374.16	-0.15	26.01	-0.045	94.987	5.013	0	Parked
1/1/2026 15:34	Idle	58.883	374.16	-0.15	26.01	-0.045	94.987	5.013	0	Parked
1/1/2026 15:34	Idle	58.883	374.16	-0.15	26.01	-0.045	94.987	5.013	0	Parked
1/1/2026 15:34	Idle	58.883	374.16	-0.15	26.01	-0.045	94.987	5.013	0	Parked
1/1/2026 15:35	Idle	58.883	374.16	-0.15	26.01	-0.045	94.987	5.013	0	Parked
1/1/2026 15:35	Idle	58.882	374.16	-0.15	26.01	-0.045	94.987	5.013	0	Parked
1/1/2026 15:35	Idle	58.882	374.16	-0.15	26.01	-0.045	94.987	5.013	0	Parked
1/1/2026 15:35	Idle	58.882	374.16	-0.15	26.01	-0.045	94.987	5.013	0	Parked
1/1/2026 15:35	Idle	58.882	374.16	-0.15	26.01	-0.045	94.987	5.013	0	Parked
1/1/2026 15:35	Idle	58.881	374.16	-0.15	26.01	-0.045	94.987	5.013	0	Parked
1/1/2026 15:36	Idle	58.881	374.15	-0.15	26.01	-0.045	94.987	5.013	0	Parked
1/1/2026 15:36	Idle	58.881	374.15	-0.15	26.01	-0.045	94.987	5.013	0	Parked
1/1/2026 15:36	Idle	58.881	374.15	-0.15	26.01	-0.045	94.987	5.013	0	Parked
1/1/2026 15:36	Idle	58.881	374.15	-0.15	26.01	-0.045	94.987	5.013	0	Parked
1/1/2026 15:36	Idle	58.88	374.15	-0.15	26.01	-0.045	94.987	5.013	0	Parked
1/1/2026 15:36	Idle	58.88	374.15	-0.15	26.01	-0.045	94.987	5.013	0	Parked
1/1/2026 15:37	Idle	58.88	374.15	-0.15	26.01	-0.045	94.987	5.013	0	Parked
1/1/2026 15:37	Idle	58.88	374.15	-0.15	26.01	-0.045	94.987	5.013	0	Parked
1/1/2026 15:37	Idle	58.879	374.15	-0.15	26.01	-0.045	94.987	5.013	0	Parked
1/1/2026 15:37	Idle	58.879	374.15	-0.15	26.01	-0.045	94.987	5.013	0	Parked
1/1/2026 15:37	Idle	58.879	374.15	-0.15	26.01	-0.045	94.987	5.013	0	Parked
1/1/2026 15:37	Idle	58.879	374.15	-0.15	26.01	-0.045	94.987	5.013	0	Parked
1/1/2026 15:38	Idle	58.878	374.15	-0.15	26.01	-0.045	94.987	5.013	0	Parked
1/1/2026 15:38	Idle	58.878	374.15	-0.15	26.01	-0.045	94.987	5.013	0	Parked
1/1/2026 15:38	Idle	58.878	374.15	-0.15	26.01	-0.045	94.987	5.013	0	Parked
1/1/2026 15:38	Idle	58.878	374.15	-0.15	26.01	-0.045	94.987	5.013	0	Parked
1/1/2026 15:38	Idle	58.878	374.15	-0.15	26.01	-0.045	94.987	5.013	0	Parked
1/1/2026 15:38	Idle	58.877	374.15	-0.15	26.01	-0.045	94.987	5.013	0	Parked
1/1/2026 15:39	Idle	58.877	374.15	-0.15	26.01	-0.045	94.987	5.013	0	Parked
1/1/2026 15:39	Idle	58.877	374.15	-0.15	26.01	-0.045	94.987	5.013	0	Parked
1/1/2026 15:39	Idle	58.877	374.15	-0.15	26.01	-0.045	94.987	5.013	0	Parked
1/1/2026 15:39	Idle	58.876	374.15	-0.15	26.01	-0.045	94.987	5.013	0	Parked
1/1/2026 15:39	Idle	58.876	374.15	-0.15	26.01	-0.045	94.987	5.013	0	Parked
1/1/2026 15:39	Idle	58.876	374.15	-0.15	26.01	-0.045	94.987	5.013	0	Parked
1/1/2026 15:40	Idle	58.876	374.15	-0.15	26.01	-0.045	94.987	5.013	0	Parked
1/1/2026 15:40	Idle	58.875	374.15	-0.15	26.01	-0.045	94.987	5.013	0	Parked
1/1/2026 15:40	Idle	58.875	374.15	-0.15	26.01	-0.045	94.987	5.013	0	Parked
1/1/2026 15:40	Idle	58.875	374.15	-0.15	26.01	-0.045	94.987	5.013	0	Parked
1/1/2026 15:40	Idle	58.875	374.15	-0.15	26.01	-0.045	94.987	5.013	0	Parked
1/1/2026 15:40	Idle	58.875	374.15	-0.15	26.01	-0.045	94.987	5.013	0	Parked
1/1/2026 15:41	Idle	58.874	374.15	-0.15	26.01	-0.045	94.987	5.013	0	Parked
1/1/2026 15:41	Idle	58.874	374.15	-0.15	26.01	-0.045	94.987	5.013	0	Parked
1/1/2026 15:41	Idle	58.874	374.15	-0.15	26.01	-0.045	94.987	5.013	0	Parked
1/1/2026 15:41	Idle	58.874	374.15	-0.15	26.01	-0.045	94.987	5.013	0	Parked
1/1/2026 15:41	Idle	58.873	374.15	-0.15	26.01	-0.045	94.987	5.013	0	Parked
1/1/2026 15:41	Idle	58.873	374.15	-0.15	26.01	-0.045	94.987	5.013	0	Parked
1/1/2026 15:42	Idle	58.873	374.15	-0.15	26.01	-0.045	94.987	5.013	0	Parked
1/1/2026 15:42	Idle	58.873	374.15	-0.15	26.01	-0.045	94.987	5.013	0	Parked
1/1/2026 15:42	Idle	58.872	374.15	-0.15	26.01	-0.045	94.987	5.013	0	Parked
1/1/2026 15:42	Idle	58.872	374.15	-0.15	26.01	-0.045	94.987	5.013	0	Parked
1/1/2026 15:42	Idle	58.872	374.15	-0.15	26.01	-0.045	94.987	5.013	0	Parked
1/1/2026 15:42	Idle	58.872	374.15	-0.15	26.01	-0.045	94.987	5.013	0	Parked
1/1/2026 15:43	Idle	58.872	374.15	-0.15	26.01	-0.045	94.987	5.013	0	Parked
1/1/2026 15:43	Idle	58.871	374.15	-0.15	26.01	-0.045	94.987	5.013	0	Parked
1/1/2026 15:43	Idle	58.871	374.15	-0.15	26.01	-0.045	94.987	5.013	0	Parked
1/1/2026 15:43	Idle	58.871	374.15	-0.15	26.01	-0.045	94.987	5.013	0	Parked
1/1/2026 15:43	Idle	58.871	374.15	-0.15	26.01	-0.045	94.987	5.013	0	Parked
1/1/2026 15:43	Idle	58.87	374.15	-0.15	26.01	-0.045	94.987	5.013	0	Parked
1/1/2026 15:44	Idle	58.87	374.15	-0.15	26.01	-0.045	94.987	5.013	0	Parked
1/1/2026 15:44	Idle	58.87	374.15	-0.15	26.01	-0.045	94.987	5.013	0	Parked
1/1/2026 15:44	Idle	58.87	374.15	-0.15	26.01	-0.045	94.987	5.013	0	Parked
1/1/2026 15:44	Idle	58.869	374.15	-0.15	26.01	-0.045	94.987	5.013	0	Parked
1/1/2026 15:44	Idle	58.869	374.15	-0.15	26.01	-0.045	94.987	5.013	0	Parked
1/1/2026 15:44	Idle	58.869	374.15	-0.15	26.01	-0.045	94.987	5.013	0	Parked
1/1/2026 15:45	Idle	58.869	374.15	-0.15	26.01	-0.045	94.987	5.013	0	Parked
1/1/2026 15:45	Idle	58.869	374.15	-0.15	26.01	-0.045	94.987	5.013	0	Parked
1/1/2026 15:45	Idle	58.868	374.15	-0.15	26.01	-0.045	94.987	5.013	0	Parked
1/1/2026 15:45	Idle	58.868	374.15	-0.15	26.01	-0.045	94.987	5.013	0	Parked
1/1/2026 15:45	Idle	58.868	374.14	-0.15	26.01	-0.045	94.987	5.013	0	Parked
1/1/2026 15:45	Idle	58.868	374.14	-0.15	26.01	-0.045	94.987	5.013	0	Parked
1/1/2026 15:46	Idle	58.867	374.14	-0.15	26.01	-0.045	94.987	5.013	0	Parked
1/1/2026 15:46	Idle	58.867	374.14	-0.15	26.01	-0.045	94.987	5.013	0	Parked
1/1/2026 15:46	Idle	58.867	374.14	-0.15	26.01	-0.045	94.987	5.013	0	Parked
1/1/2026 15:46	Idle	58.867	374.14	-0.15	26.01	-0.045	94.987	5.013	0	Parked
1/1/2026 15:46	Idle	58.866	374.14	-0.15	26.01	-0.045	94.987	5.013	0	Parked
1/1/2026 15:46	Idle	58.866	374.14	-0.15	26.01	-0.045	94.987	5.013	0	Parked
1/1/2026 15:47	Idle	58.866	374.14	-0.15	26.01	-0.045	94.987	5.013	0	Parked
1/1/2026 15:47	Idle	58.866	374.14	-0.15	26.01	-0.045	94.987	5.013	0	Parked
1/1/2026 15:47	Idle	58.866	374.14	-0.15	26.01	-0.045	94.987	5.013	0	Parked
1/1/2026 15:47	Idle	58.865	374.14	-0.15	26.01	-0.045	94.987	5.013	0	Parked
1/1/2026 15:47	Idle	58.865	374.14	-0.15	26.01	-0.045	94.987	5.013	0	Parked
1/1/2026 15:47	Idle	58.865	374.14	-0.15	26.01	-0.045	94.987	5.013	0	Parked
1/1/2026 15:48	Idle	58.865	374.14	-0.15	26.01	-0.045	94.987	5.013	0	Parked
1/1/2026 15:48	Idle	58.864	374.14	-0.15	26.01	-0.045	94.987	5.013	0	Parked
1/1/2026 15:48	Idle	58.864	374.14	-0.15	26.01	-0.045	94.987	5.013	0	Parked
1/1/2026 15:48	Idle	58.864	374.14	-0.15	26.01	-0.045	94.987	5.013	0	Parked
1/1/2026 15:48	Idle	58.864	374.14	-0.15	26.01	-0.045	94.987	5.013	0	Parked
1/1/2026 15:48	Idle	58.864	374.14	-0.15	26.01	-0.045	94.987	5.013	0	Parked
1/1/2026 15:49	Idle	58.863	374.14	-0.15	26.01	-0.045	94.987	5.013	0	Parked
1/1/2026 15:49	Idle	58.863	374.14	-0.15	26.01	-0.045	94.987	5.013	0	Parked
1/1/2026 15:49	Idle	58.863	374.14	-0.15	26.01	-0.045	94.987	5.013	0	Parked
1/1/2026 15:49	Idle	58.863	374.14	-0.15	26.01	-0.045	94.987	5.013	0	Parked
1/1/2026 15:49	Idle	58.862	374.14	-0.15	26.01	-0.045	94.987	5.013	0	Parked
1/1/2026 15:49	Idle	58.862	374.14	-0.15	26.01	-0.045	94.987	5.013	0	Parked
1/1/2026 15:50	Idle	58.862	374.14	-0.15	26.01	-0.045	94.987	5.013	0	Parked
1/1/2026 15:50	Idle	58.862	374.14	-0.15	26.01	-0.045	94.987	5.013	0	Parked
1/1/2026 15:50	Idle	58.861	374.14	-0.15	26.01	-0.045	94.987	5.013	0	Parked
1/1/2026 15:50	Idle	58.861	374.14	-0.15	26.01	-0.045	94.987	5.013	0	Parked
1/1/2026 15:50	Idle	58.861	374.14	-0.15	26.01	-0.045	94.987	5.013	0	Parked
1/1/2026 15:50	Idle	58.861	374.14	-0.15	26.01	-0.045	94.987	5.013	0	Parked
1/1/2026 15:51	Idle	58.861	374.14	-0.15	26.01	-0.045	94.987	5.013	0	Parked
1/1/2026 15:51	Idle	58.86	374.14	-0.15	26.01	-0.045	94.987	5.013	0	Parked
1/1/2026 15:51	Idle	58.86	374.14	-0.15	26	-0.045	94.987	5.013	0	Parked
1/1/2026 15:51	Idle	58.86	374.14	-0.15	26	-0.045	94.987	5.013	0	Parked
1/1/2026 15:51	Idle	58.86	374.14	-0.15	26	-0.045	94.987	5.013	0	Parked
1/1/2026 15:51	Idle	58.859	374.14	-0.15	26	-0.045	94.987	5.013	0	Parked
1/1/2026 15:52	Idle	58.859	374.14	-0.15	26	-0.045	94.987	5.013	0	Parked
1/1/2026 15:52	Idle	58.859	374.14	-0.15	26	-0.045	94.987	5.013	0	Parked
1/1/2026 15:52	Idle	58.859	374.14	-0.15	26	-0.045	94.987	5.013	0	Parked
1/1/2026 15:52	Idle	58.858	374.14	-0.15	26	-0.045	94.987	5.013	0	Parked
1/1/2026 15:52	Idle	58.858	374.14	-0.15	26	-0.045	94.987	5.013	0	Parked
1/1/2026 15:52	Idle	58.858	374.14	-0.15	26	-0.045	94.987	5.013	0	Parked
1/1/2026 15:53	Idle	58.858	374.14	-0.15	26	-0.045	94.987	5.013	0	Parked
1/1/2026 15:53	Idle	58.858	374.14	-0.15	26	-0.045	94.987	5.013	0	Parked
1/1/2026 15:53	Idle	58.857	374.14	-0.15	26	-0.045	94.987	5.013	0	Parked
1/1/2026 15:53	Idle	58.857	374.14	-0.15	26	-0.045	94.987	5.013	0	Parked
1/1/2026 15:53	Idle	58.857	374.14	-0.15	26	-0.045	94.987	5.013	0	Parked
1/1/2026 15:53	Idle	58.857	374.14	-0.15	26	-0.045	94.987	5.013	0	Parked
1/1/2026 15:54	Idle	58.856	374.14	-0.15	26	-0.045	94.987	5.013	0	Parked
1/1/2026 15:54	Idle	58.856	374.14	-0.15	26	-0.045	94.987	5.013	0	Parked
1/1/2026 15:54	Idle	58.856	374.14	-0.15	26	-0.045	94.987	5.013	0	Parked
1/1/2026 15:54	Idle	58.856	374.14	-0.15	26	-0.045	94.987	5.013	0	Parked
1/1/2026 15:54	Idle	58.855	374.14	-0.15	26	-0.045	94.987	5.013	0	Parked
1/1/2026 15:54	Idle	58.855	374.14	-0.15	26	-0.045	94.987	5.013	0	Parked
1/1/2026 15:55	Idle	58.855	374.14	-0.15	26	-0.045	94.987	5.013	0	Parked
1/1/2026 15:55	Idle	58.855	374.14	-0.15	26	-0.045	94.987	5.013	0	Parked
1/1/2026 15:55	Idle	58.855	374.13	-0.15	26	-0.045	94.987	5.013	0	Parked
1/1/2026 15:55	Idle	58.854	374.13	-0.15	26	-0.045	94.987	5.013	0	Parked
1/1/2026 15:55	Idle	58.854	374.13	-0.15	26	-0.045	94.987	5.013	0	Parked
1/1/2026 15:55	Idle	58.854	374.13	-0.15	26	-0.045	94.987	5.013	0	Parked
1/1/2026 15:56	Idle	58.854	374.13	-0.15	26	-0.045	94.987	5.013	0	Parked
1/1/2026 15:56	Idle	58.853	374.13	-0.15	26	-0.045	94.987	5.013	0	Parked
1/1/2026 15:56	Idle	58.853	374.13	-0.15	26	-0.045	94.987	5.013	0	Parked
1/1/2026 15:56	Idle	58.853	374.13	-0.15	26	-0.045	94.987	5.013	0	Parked
1/1/2026 15:56	Idle	58.853	374.13	-0.15	26	-0.045	94.987	5.013	0	Parked
1/1/2026 15:56	Idle	58.852	374.13	-0.15	26	-0.045	94.987	5.013	0	Parked
1/1/2026 15:57	Idle	58.852	374.13	-0.15	26	-0.045	94.987	5.013	0	Parked
1/1/2026 15:57	Idle	58.852	374.13	-0.15	26	-0.045	94.987	5.013	0	Parked
1/1/2026 15:57	Idle	58.852	374.13	-0.15	26	-0.045	94.987	5.013	0	Parked
1/1/2026 15:57	Idle	58.852	374.13	-0.15	26	-0.045	94.987	5.013	0	Parked
1/1/2026 15:57	Idle	58.851	374.13	-0.15	26	-0.045	94.987	5.013	0	Parked
1/1/2026 15:57	Idle	58.851	374.13	-0.15	26	-0.045	94.987	5.013	0	Parked
1/1/2026 15:58	Idle	58.851	374.13	-0.15	26	-0.045	94.987	5.013	0	Parked
1/1/2026 15:58	Idle	58.851	374.13	-0.15	26	-0.045	94.987	5.013	0	Parked
1/1/2026 15:58	Idle	58.85	374.13	-0.15	26	-0.045	94.987	5.013	0	Parked
1/1/2026 15:58	Idle	58.85	374.13	-0.15	26	-0.045	94.987	5.013	0	Parked
1/1/2026 15:58	Idle	58.85	374.13	-0.15	26	-0.045	94.987	5.013	0	Parked
1/1/2026 15:58	Idle	58.85	374.13	-0.15	26	-0.045	94.987	5.013	0	Parked
1/1/2026 15:59	Idle	58.849	374.13	-0.15	26	-0.045	94.987	5.013	0	Parked
1/1/2026 15:59	Idle	58.849	374.13	-0.15	26	-0.045	94.987	5.013	0	Parked
1/1/2026 15:59	Idle	58.849	374.13	-0.15	26	-0.045	94.987	5.013	0	Parked
1/1/2026 15:59	Idle	58.849	374.13	-0.15	26	-0.045	94.987	5.013	0	Parked
1/1/2026 15:59	Idle	58.849	374.13	-0.15	26	-0.045	94.987	5.013	0	Parked
1/1/2026 15:59	Idle	58.848	374.13	-0.15	26	-0.045	94.987	5.013	0	Parked
1/1/2026 16:00	Idle	58.848	374.13	-0.15	26	-0.045	94.987	5.013	0	Parked
1/1/2026 16:00	Idle	58.848	374.13	-0.15	26	-0.045	94.987	5.013	0	Parked
1/1/2026 16:00	Idle	58.848	374.13	-0.15	26	-0.045	94.987	5.013	0	Parked
1/1/2026 16:00	Idle	58.847	374.13	-0.15	26	-0.045	94.987	5.013	0	Parked
1/1/2026 16:00	Idle	58.847	374.13	-0.15	26	-0.045	94.987	5.013	0	Parked
1/1/2026 16:00	Idle	58.847	374.13	-0.15	26	-0.045	94.987	5.013	0	Parked
1/1/2026 16:01	Idle	58.847	374.13	-0.15	26	-0.045	94.987	5.013	0	Parked
1/1/2026 16:01	Idle	58.847	374.13	-0.15	26	-0.045	94.987	5.013	0	Parked
1/1/2026 16:01	Idle	58.846	374.13	-0.15	26	-0.045	94.987	5.013	0	Parked
1/1/2026 16:01	Idle	58.846	374.13	-0.15	26	-0.045	94.987	5.013	0	Parked
1/1/2026 16:01	Idle	58.846	374.13	-0.15	26	-0.045	94.987	5.013	0	Parked
1/1/2026 16:01	Idle	58.846	374.13	-0.15	26	-0.045	94.987	5.013	0	Parked
1/1/2026 16:02	Idle	58.845	374.13	-0.15	26	-0.045	94.987	5.013	0	Parked
1/1/2026 16:02	Idle	58.845	374.13	-0.15	26	-0.045	94.987	5.013	0	Parked
1/1/2026 16:02	Idle	58.845	374.13	-0.15	26	-0.045	94.987	5.013	0	Parked
1/1/2026 16:02	Idle	58.845	374.13	-0.15	26	-0.045	94.987	5.013	0	Parked
1/1/2026 16:02	Idle	58.844	374.13	-0.15	26	-0.045	94.987	5.013	0	Parked
1/1/2026 16:02	Idle	58.844	374.13	-0.15	26	-0.045	94.987	5.013	0	Parked
1/1/2026 16:03	Idle	58.844	374.13	-0.15	26	-0.045	94.987	5.013	0	Parked
1/1/2026 16:03	Idle	58.844	374.13	-0.15	26	-0.045	94.987	5.013	0	Parked
1/1/2026 16:03	Idle	58.844	374.13	-0.15	26	-0.045	94.987	5.013	0	Parked
1/1/2026 16:03	Idle	58.843	374.13	-0.15	26	-0.045	94.987	5.013	0	Parked
1/1/2026 16:03	Idle	58.843	374.13	-0.15	26	-0.045	94.987	5.013	0	Parked
1/1/2026 16:03	Idle	58.843	374.13	-0.15	26	-0.045	94.987	5.013	0	Parked
1/1/2026 16:04	Idle	58.843	374.13	-0.15	26	-0.045	94.987	5.013	0	Parked
1/1/2026 16:04	Idle	58.842	374.13	-0.15	26	-0.045	94.987	5.013	0	Parked
1/1/2026 16:04	Idle	58.842	374.13	-0.15	26	-0.045	94.987	5.013	0	Parked
1/1/2026 16:04	Idle	58.842	374.13	-0.15	26	-0.045	94.987	5.013	0	Parked
1/1/2026 16:04	Idle	58.842	374.13	-0.15	26	-0.045	94.987	5.013	0	Parked
1/1/2026 16:04	Idle	58.841	374.13	-0.15	26	-0.045	94.987	5.013	0	Parked
1/1/2026 16:05	Idle	58.841	374.12	-0.15	26	-0.045	94.987	5.013	0	Parked
1/1/2026 16:05	Idle	58.841	374.12	-0.15	26	-0.045	94.987	5.013	0	Parked
1/1/2026 16:05	Idle	58.841	374.12	-0.15	26	-0.045	94.987	5.013	0	Parked
1/1/2026 16:05	Idle	58.841	374.12	-0.15	26	-0.045	94.987	5.013	0	Parked
1/1/2026 16:05	Idle	58.84	374.12	-0.15	26	-0.045	94.987	5.013	0	Parked
1/1/2026 16:05	Idle	58.84	374.12	-0.15	26	-0.045	94.987	5.013	0	Parked
1/1/2026 16:06	Idle	58.84	374.12	-0.15	26	-0.045	94.987	5.013	0	Parked
1/1/2026 16:06	Idle	58.84	374.12	-0.15	26	-0.045	94.987	5.013	0	Parked
1/1/2026 16:06	Idle	58.839	374.12	-0.15	26	-0.045	94.987	5.013	0	Parked
1/1/2026 16:06	Idle	58.839	374.12	-0.15	26	-0.045	94.987	5.013	0	Parked
1/1/2026 16:06	Idle	58.839	374.12	-0.15	26	-0.045	94.987	5.013	0	Parked
1/1/2026 16:06	Idle	58.839	374.12	-0.15	26	-0.045	94.987	5.013	0	Parked
1/1/2026 16:07	Idle	58.838	374.12	-0.15	26	-0.045	94.987	5.013	0	Parked
1/1/2026 16:07	Idle	58.838	374.12	-0.15	26	-0.045	94.987	5.013	0	Parked
1/1/2026 16:07	Idle	58.838	374.12	-0.15	26	-0.045	94.987	5.013	0	Parked
1/1/2026 16:07	Idle	58.838	374.12	-0.15	26	-0.045	94.987	5.013	0	Parked
1/1/2026 16:07	Idle	58.838	374.12	-0.15	26	-0.045	94.987	5.013	0	Parked
1/1/2026 16:07	Idle	58.837	374.12	-0.15	26	-0.045	94.987	5.013	0	Parked
1/1/2026 16:08	Idle	58.837	374.12	-0.15	26	-0.045	94.987	5.013	0	Parked
1/1/2026 16:08	Idle	58.837	374.12	-0.15	26	-0.045	94.987	5.013	0	Parked
1/1/2026 16:08	Idle	58.837	374.12	-0.15	26	-0.045	94.987	5.013	0	Parked
1/1/2026 16:08	Idle	58.836	374.12	-0.15	26	-0.045	94.987	5.013	0	Parked
1/1/2026 16:08	Idle	58.836	374.12	-0.15	26	-0.045	94.987	5.013	0	Parked
1/1/2026 16:08	Idle	58.836	374.12	-0.15	26	-0.045	94.987	5.013	0	Parked
1/1/2026 16:09	Idle	58.836	374.12	-0.15	26	-0.045	94.987	5.013	0	Parked
1/1/2026 16:09	Idle	58.835	374.12	-0.15	26	-0.045	94.987	5.013	0	Parked
1/1/2026 16:09	Idle	58.835	374.12	-0.15	26	-0.045	94.987	5.013	0	Parked
1/1/2026 16:09	Idle	58.835	374.12	-0.15	26	-0.045	94.987	5.013	0	Parked
1/1/2026 16:09	Idle	58.835	374.12	-0.15	26	-0.045	94.987	5.013	0	Parked
1/1/2026 16:09	Idle	58.835	374.12	-0.15	26	-0.045	94.987	5.013	0	Parked
1/1/2026 16:10	Idle	58.834	374.12	-0.15	26	-0.045	94.987	5.013	0	Parked
1/1/2026 16:10	Idle	58.834	374.12	-0.15	26	-0.045	94.987	5.013	0	Parked
1/1/2026 16:10	Idle	58.834	374.12	-0.15	26	-0.045	94.987	5.013	0	Parked
1/1/2026 16:10	Idle	58.834	374.12	-0.15	26	-0.045	94.987	5.013	0	Parked
1/1/2026 16:10	Idle	58.833	374.12	-0.15	26	-0.045	94.987	5.013	0	Parked
1/1/2026 16:10	Idle	58.833	374.12	-0.15	26	-0.045	94.987	5.013	0	Parked
1/1/2026 16:11	Idle	58.833	374.12	-0.15	26	-0.045	94.987	5.013	0	Parked
1/1/2026 16:11	Idle	58.833	374.12	-0.15	26	-0.045	94.987	5.013	0	Parked
1/1/2026 16:11	Idle	58.832	374.12	-0.15	26	-0.045	94.987	5.013	0	Parked
1/1/2026 16:11	Idle	58.832	374.12	-0.15	26	-0.045	94.987	5.013	0	Parked
1/1/2026 16:11	Idle	58.832	374.12	-0.15	26	-0.045	94.987	5.013	0	Parked
1/1/2026 16:11	Idle	58.832	374.12	-0.15	26	-0.045	94.987	5.013	0	Parked
1/1/2026 16:12	Idle	58.832	374.12	-0.15	26	-0.045	94.986	5.014	0	Parked
1/1/2026 16:12	Idle	58.831	374.12	-0.15	26	-0.045	94.986	5.014	0	Parked
1/1/2026 16:12	Idle	58.831	374.12	-0.15	26	-0.045	94.986	5.014	0	Parked
1/1/2026 16:12	Idle	58.831	374.12	-0.15	26	-0.045	94.986	5.014	0	Parked
1/1/2026 16:12	Idle	58.831	374.12	-0.15	26	-0.045	94.986	5.014	0	Parked
1/1/2026 16:12	Idle	58.83	374.12	-0.15	26	-0.045	94.986	5.014	0	Parked
1/1/2026 16:13	Idle	58.83	374.12	-0.15	26	-0.045	94.986	5.014	0	Parked
1/1/2026 16:13	Idle	58.83	374.12	-0.15	26	-0.045	94.986	5.014	0	Parked
1/1/2026 16:13	Idle	58.83	374.12	-0.15	26	-0.045	94.986	5.014	0	Parked
1/1/2026 16:13	Idle	58.83	374.12	-0.15	26	-0.045	94.986	5.014	0	Parked
1/1/2026 16:13	Idle	58.829	374.12	-0.15	26	-0.045	94.986	5.014	0	Parked
1/1/2026 16:13	Idle	58.829	374.12	-0.15	26	-0.045	94.986	5.014	0	Parked
1/1/2026 16:14	Idle	58.829	374.12	-0.15	26	-0.045	94.986	5.014	0	Parked
1/1/2026 16:14	Idle	58.829	374.12	-0.15	26	-0.045	94.986	5.014	0	Parked
1/1/2026 16:14	Idle	58.828	374.12	-0.15	26	-0.045	94.986	5.014	0	Parked
1/1/2026 16:14	Idle	58.828	374.12	-0.15	26	-0.045	94.986	5.014	0	Parked
1/1/2026 16:14	Idle	58.828	374.11	-0.15	26	-0.045	94.986	5.014	0	Parked
1/1/2026 16:14	Idle	58.828	374.11	-0.15	26	-0.045	94.986	5.014	0	Parked
1/1/2026 16:15	Idle	58.827	374.11	-0.15	26	-0.045	94.986	5.014	0	Parked
1/1/2026 16:15	Idle	58.827	374.11	-0.15	26	-0.045	94.986	5.014	0	Parked
1/1/2026 16:15	Idle	58.827	374.11	-0.15	26	-0.045	94.986	5.014	0	Parked
1/1/2026 16:15	Idle	58.827	374.11	-0.15	26	-0.045	94.986	5.014	0	Parked
1/1/2026 16:15	Idle	58.827	374.11	-0.15	26	-0.045	94.986	5.014	0	Parked
1/1/2026 16:15	Idle	58.826	374.11	-0.15	26	-0.045	94.986	5.014	0	Parked
1/1/2026 16:16	Idle	58.826	374.11	-0.15	26	-0.045	94.986	5.014	0	Parked
1/1/2026 16:16	Idle	58.826	374.11	-0.15	26	-0.045	94.986	5.014	0	Parked
1/1/2026 16:16	Idle	58.826	374.11	-0.15	26	-0.045	94.986	5.014	0	Parked
1/1/2026 16:16	Idle	58.825	374.11	-0.15	26	-0.045	94.986	5.014	0	Parked
1/1/2026 16:16	Idle	58.825	374.11	-0.15	26	-0.045	94.986	5.014	0	Parked
1/1/2026 16:16	Idle	58.825	374.11	-0.15	26	-0.045	94.986	5.014	0	Parked
1/1/2026 16:17	Idle	58.825	374.11	-0.15	26	-0.045	94.986	5.014	0	Parked
1/1/2026 16:17	Idle	58.824	374.11	-0.15	26	-0.045	94.986	5.014	0	Parked
1/1/2026 16:17	Idle	58.824	374.11	-0.15	26	-0.045	94.986	5.014	0	Parked
1/1/2026 16:17	Idle	58.824	374.11	-0.15	26	-0.045	94.986	5.014	0	Parked
1/1/2026 16:17	Idle	58.824	374.11	-0.15	26	-0.045	94.986	5.014	0	Parked
1/1/2026 16:17	Idle	58.824	374.11	-0.15	26	-0.045	94.986	5.014	0	Parked
1/1/2026 16:18	Idle	58.823	374.11	-0.15	26	-0.045	94.986	5.014	0	Parked
1/1/2026 16:18	Idle	58.823	374.11	-0.15	26	-0.045	94.986	5.014	0	Parked
1/1/2026 16:18	Idle	58.823	374.11	-0.15	26	-0.045	94.986	5.014	0	Parked
1/1/2026 16:18	Idle	58.823	374.11	-0.15	26	-0.045	94.986	5.014	0	Parked
1/1/2026 16:18	Idle	58.822	374.11	-0.15	26	-0.045	94.986	5.014	0	Parked
1/1/2026 16:18	Idle	58.822	374.11	-0.15	26	-0.045	94.986	5.014	0	Parked
1/1/2026 16:19	Idle	58.822	374.11	-0.15	26	-0.045	94.986	5.014	0	Parked
1/1/2026 16:19	Idle	58.822	374.11	-0.15	26	-0.045	94.986	5.014	0	Parked
1/1/2026 16:19	Idle	58.821	374.11	-0.15	26	-0.045	94.986	5.014	0	Parked
1/1/2026 16:19	Idle	58.821	374.11	-0.15	26	-0.045	94.986	5.014	0	Parked
1/1/2026 16:19	Idle	58.821	374.11	-0.15	26	-0.045	94.986	5.014	0	Parked
1/1/2026 16:19	Idle	58.821	374.11	-0.15	26	-0.045	94.986	5.014	0	Parked
1/1/2026 16:20	Idle	58.821	374.11	-0.15	26	-0.045	94.986	5.014	0	Parked
1/1/2026 16:20	Idle	58.82	374.11	-0.15	26	-0.045	94.986	5.014	0	Parked
1/1/2026 16:20	Idle	58.82	374.11	-0.15	26	-0.045	94.986	5.014	0	Parked
1/1/2026 16:20	Idle	58.82	374.11	-0.15	26	-0.045	94.986	5.014	0	Parked
1/1/2026 16:20	Idle	58.82	374.11	-0.15	26	-0.045	94.986	5.014	0	Parked
1/1/2026 16:20	Idle	58.819	374.11	-0.15	26	-0.045	94.986	5.014	0	Parked
1/1/2026 16:21	Idle	58.819	374.11	-0.15	26	-0.045	94.986	5.014	0	Parked
1/1/2026 16:21	Idle	58.819	374.11	-0.15	26	-0.045	94.986	5.014	0	Parked
1/1/2026 16:21	Idle	58.819	374.11	-0.15	26	-0.045	94.986	5.014	0	Parked
1/1/2026 16:21	Idle	58.818	374.11	-0.15	26	-0.045	94.986	5.014	0	Parked
1/1/2026 16:21	Idle	58.818	374.11	-0.15	26	-0.045	94.986	5.014	0	Parked
1/1/2026 16:21	Idle	58.818	374.11	-0.15	26	-0.045	94.986	5.014	0	Parked
1/1/2026 16:22	Idle	58.818	374.11	-0.15	26	-0.045	94.986	5.014	0	Parked
1/1/2026 16:22	Idle	58.818	374.11	-0.15	26	-0.045	94.986	5.014	0	Parked
1/1/2026 16:22	Idle	58.817	374.11	-0.15	26	-0.045	94.986	5.014	0	Parked
1/1/2026 16:22	Idle	58.817	374.11	-0.15	26	-0.045	94.986	5.014	0	Parked
1/1/2026 16:22	Idle	58.817	374.11	-0.15	26	-0.045	94.986	5.014	0	Parked
1/1/2026 16:22	Idle	58.817	374.11	-0.15	26	-0.045	94.986	5.014	0	Parked
1/1/2026 16:23	Idle	58.816	374.11	-0.15	26	-0.045	94.986	5.014	0	Parked
1/1/2026 16:23	Idle	58.816	374.11	-0.15	26	-0.045	94.986	5.014	0	Parked
1/1/2026 16:23	Idle	58.816	374.11	-0.15	26	-0.045	94.986	5.014	0	Parked
1/1/2026 16:23	Idle	58.816	374.11	-0.15	26	-0.045	94.986	5.014	0	Parked
1/1/2026 16:23	Idle	58.815	374.11	-0.15	26	-0.045	94.986	5.014	0	Parked
1/1/2026 16:23	Idle	58.815	374.11	-0.15	26	-0.045	94.986	5.014	0	Parked
1/1/2026 16:24	Idle	58.815	374.11	-0.15	26	-0.045	94.986	5.014	0	Parked
1/1/2026 16:24	Idle	58.815	374.11	-0.15	26	-0.045	94.986	5.014	0	Parked
1/1/2026 16:24	Idle	58.815	374.1	-0.15	26	-0.045	94.986	5.014	0	Parked
1/1/2026 16:24	Idle	58.814	374.1	-0.15	26	-0.045	94.986	5.014	0	Parked
1/1/2026 16:24	Idle	58.814	374.1	-0.15	26	-0.045	94.986	5.014	0	Parked
1/1/2026 16:24	Idle	58.814	374.1	-0.15	26	-0.045	94.986	5.014	0	Parked
1/1/2026 16:25	Idle	58.814	374.1	-0.15	26	-0.045	94.986	5.014	0	Parked
1/1/2026 16:25	Idle	58.813	374.1	-0.15	26	-0.045	94.986	5.014	0	Parked
1/1/2026 16:25	Idle	58.813	374.1	-0.15	26	-0.045	94.986	5.014	0	Parked
1/1/2026 16:25	Idle	58.813	374.1	-0.15	26	-0.045	94.986	5.014	0	Parked
1/1/2026 16:25	Idle	58.813	374.1	-0.15	26	-0.045	94.986	5.014	0	Parked
1/1/2026 16:25	Idle	58.812	374.1	-0.15	26	-0.045	94.986	5.014	0	Parked
1/1/2026 16:26	Idle	58.812	374.1	-0.15	26	-0.045	94.986	5.014	0	Parked
1/1/2026 16:26	Idle	58.812	374.1	-0.15	26	-0.045	94.986	5.014	0	Parked
1/1/2026 16:26	Idle	58.812	374.1	-0.15	26	-0.045	94.986	5.014	0	Parked
1/1/2026 16:26	Idle	58.812	374.1	-0.15	26	-0.045	94.986	5.014	0	Parked
1/1/2026 16:26	Idle	58.811	374.1	-0.15	26	-0.045	94.986	5.014	0	Parked
1/1/2026 16:26	Idle	58.811	374.1	-0.15	26	-0.045	94.986	5.014	0	Parked
1/1/2026 16:27	Idle	58.811	374.1	-0.15	26	-0.045	94.986	5.014	0	Parked
1/1/2026 16:27	Idle	58.811	374.1	-0.15	26	-0.045	94.986	5.014	0	Parked
1/1/2026 16:27	Idle	58.81	374.1	-0.15	26	-0.045	94.986	5.014	0	Parked
1/1/2026 16:27	Idle	58.81	374.1	-0.15	26	-0.045	94.986	5.014	0	Parked
1/1/2026 16:27	Idle	58.81	374.1	-0.15	26	-0.045	94.986	5.014	0	Parked
1/1/2026 16:27	Idle	58.81	374.1	-0.15	26	-0.045	94.986	5.014	0	Parked
1/1/2026 16:28	Idle	58.81	374.1	-0.15	26	-0.045	94.986	5.014	0	Parked
1/1/2026 16:28	Idle	58.809	374.1	-0.15	26	-0.045	94.986	5.014	0	Parked
1/1/2026 16:28	Idle	58.809	374.1	-0.15	26	-0.045	94.986	5.014	0	Parked
1/1/2026 16:28	Idle	58.809	374.1	-0.15	26	-0.045	94.986	5.014	0	Parked
1/1/2026 16:28	Idle	58.809	374.1	-0.15	26	-0.045	94.986	5.014	0	Parked
1/1/2026 16:28	Idle	58.808	374.1	-0.15	26	-0.045	94.986	5.014	0	Parked
1/1/2026 16:29	Idle	58.808	374.1	-0.15	26	-0.045	94.986	5.014	0	Parked
1/1/2026 16:29	Idle	58.808	374.1	-0.15	26	-0.045	94.986	5.014	0	Parked
1/1/2026 16:29	Idle	58.808	374.1	-0.15	26	-0.045	94.986	5.014	0	Parked
1/1/2026 16:29	Idle	58.807	374.1	-0.15	26	-0.045	94.986	5.014	0	Parked
1/1/2026 16:29	Idle	58.807	374.1	-0.15	26	-0.045	94.986	5.014	0	Parked
1/1/2026 16:29	Idle	58.807	374.1	-0.15	26	-0.045	94.986	5.014	0	Parked
1/1/2026 16:30	Idle	58.807	374.1	-0.15	26	-0.045	94.986	5.014	0	Parked
1/1/2026 16:30	Idle	58.807	374.1	-0.15	26	-0.045	94.986	5.014	0	Parked
1/1/2026 16:30	Idle	58.806	374.1	-0.15	26	-0.045	94.986	5.014	0	Parked
1/1/2026 16:30	Idle	58.806	374.1	-0.15	26	-0.045	94.986	5.014	0	Parked
1/1/2026 16:30	Idle	58.806	374.1	-0.15	26	-0.045	94.986	5.014	0	Parked
1/1/2026 16:30	Idle	58.806	374.1	-0.15	26	-0.045	94.986	5.014	0	Parked
1/1/2026 16:31	Idle	58.805	374.1	-0.15	26	-0.045	94.986	5.014	0	Parked
1/1/2026 16:31	Idle	58.805	374.1	-0.15	26	-0.045	94.986	5.014	0	Parked
1/1/2026 16:31	Idle	58.805	374.1	-0.15	26	-0.045	94.986	5.014	0	Parked
1/1/2026 16:31	Idle	58.805	374.1	-0.15	26	-0.045	94.986	5.014	0	Parked
1/1/2026 16:31	Idle	58.804	374.1	-0.15	26	-0.045	94.986	5.014	0	Parked
1/1/2026 16:31	Idle	58.804	374.1	-0.15	26	-0.045	94.986	5.014	0	Parked
1/1/2026 16:32	Idle	58.804	374.1	-0.15	26	-0.045	94.986	5.014	0	Parked
1/1/2026 16:32	Idle	58.804	374.1	-0.15	26	-0.045	94.986	5.014	0	Parked
1/1/2026 16:32	Idle	58.804	374.1	-0.15	26	-0.045	94.986	5.014	0	Parked
1/1/2026 16:32	Idle	58.803	374.1	-0.15	26	-0.045	94.986	5.014	0	Parked
1/1/2026 16:32	Idle	58.803	374.1	-0.15	26	-0.045	94.986	5.014	0	Parked
1/1/2026 16:32	Idle	58.803	374.1	-0.15	26	-0.045	94.986	5.014	0	Parked
1/1/2026 16:33	Idle	58.803	374.1	-0.15	26	-0.045	94.986	5.014	0	Parked
1/1/2026 16:33	Idle	58.802	374.1	-0.15	26	-0.045	94.986	5.014	0	Parked
1/1/2026 16:33	Idle	58.802	374.1	-0.15	26	-0.045	94.986	5.014	0	Parked
1/1/2026 16:33	Idle	58.802	374.1	-0.15	26	-0.045	94.986	5.014	0	Parked
1/1/2026 16:33	Idle	58.802	374.1	-0.15	26	-0.045	94.986	5.014	0	Parked
1/1/2026 16:33	Idle	58.801	374.1	-0.15	26	-0.045	94.986	5.014	0	Parked
1/1/2026 16:34	Idle	58.801	374.09	-0.15	26	-0.045	94.986	5.014	0	Parked
1/1/2026 16:34	Idle	58.801	374.09	-0.15	26	-0.045	94.986	5.014	0	Parked
1/1/2026 16:34	Idle	58.801	374.09	-0.15	26	-0.045	94.986	5.014	0	Parked
1/1/2026 16:34	Idle	58.801	374.09	-0.15	26	-0.045	94.986	5.014	0	Parked
1/1/2026 16:34	Idle	58.8	374.09	-0.15	26	-0.045	94.986	5.014	0	Parked
1/1/2026 16:34	Idle	58.8	374.09	-0.15	26	-0.045	94.986	5.014	0	Parked
1/1/2026 16:35	Idle	58.8	374.09	-0.15	26	-0.045	94.986	5.014	0	Parked
1/1/2026 16:35	Idle	58.8	374.09	-0.15	26	-0.045	94.986	5.014	0	Parked
1/1/2026 16:35	Idle	58.799	374.09	-0.15	26	-0.045	94.986	5.014	0	Parked
1/1/2026 16:35	Idle	58.799	374.09	-0.15	26	-0.045	94.986	5.014	0	Parked
1/1/2026 16:35	Idle	58.799	374.09	-0.15	26	-0.045	94.986	5.014	0	Parked
1/1/2026 16:35	Idle	58.799	374.09	-0.15	26	-0.045	94.986	5.014	0	Parked
1/1/2026 16:36	Idle	58.798	374.09	-0.15	26	-0.045	94.986	5.014	0	Parked
1/1/2026 16:36	Idle	58.798	374.09	-0.15	26	-0.045	94.986	5.014	0	Parked
1/1/2026 16:36	Idle	58.798	374.09	-0.15	26	-0.045	94.986	5.014	0	Parked
1/1/2026 16:36	Idle	58.798	374.09	-0.15	26	-0.045	94.986	5.014	0	Parked
1/1/2026 16:36	Idle	58.798	374.09	-0.15	26	-0.045	94.986	5.014	0	Parked
1/1/2026 16:36	Idle	58.797	374.09	-0.15	26	-0.045	94.986	5.014	0	Parked
1/1/2026 16:37	Idle	58.797	374.09	-0.15	26	-0.045	94.986	5.014	0	Parked
1/1/2026 16:37	Idle	58.797	374.09	-0.15	26	-0.045	94.986	5.014	0	Parked
1/1/2026 16:37	Idle	58.797	374.09	-0.15	26	-0.045	94.986	5.014	0	Parked
1/1/2026 16:37	Idle	58.796	374.09	-0.15	26	-0.045	94.986	5.014	0	Parked
1/1/2026 16:37	Idle	58.796	374.09	-0.15	26	-0.045	94.986	5.014	0	Parked
1/1/2026 16:37	Idle	58.796	374.09	-0.15	26	-0.045	94.986	5.014	0	Parked
1/1/2026 16:38	Idle	58.796	374.09	-0.15	26	-0.045	94.986	5.014	0	Parked
1/1/2026 16:38	Idle	58.795	374.09	-0.15	26	-0.045	94.986	5.014	0	Parked
1/1/2026 16:38	Idle	58.795	374.09	-0.15	26	-0.045	94.986	5.014	0	Parked
1/1/2026 16:38	Idle	58.795	374.09	-0.15	26	-0.045	94.986	5.014	0	Parked
1/1/2026 16:38	Idle	58.795	374.09	-0.15	26	-0.045	94.986	5.014	0	Parked
1/1/2026 16:38	Idle	58.795	374.09	-0.15	26	-0.045	94.986	5.014	0	Parked
1/1/2026 16:39	Idle	58.794	374.09	-0.15	26	-0.045	94.986	5.014	0	Parked
1/1/2026 16:39	Idle	58.794	374.09	-0.15	26	-0.045	94.986	5.014	0	Parked
1/1/2026 16:39	Idle	58.794	374.09	-0.15	26	-0.045	94.986	5.014	0	Parked
1/1/2026 16:39	Idle	58.794	374.09	-0.15	26	-0.045	94.986	5.014	0	Parked
1/1/2026 16:39	Idle	58.793	374.09	-0.15	26	-0.045	94.986	5.014	0	Parked
1/1/2026 16:39	Idle	58.793	374.09	-0.15	26	-0.045	94.986	5.014	0	Parked
1/1/2026 16:40	Idle	58.793	374.09	-0.15	26	-0.045	94.986	5.014	0	Parked
1/1/2026 16:40	Idle	58.793	374.09	-0.15	26	-0.045	94.986	5.014	0	Parked
1/1/2026 16:40	Idle	58.793	374.09	-0.15	26	-0.045	94.986	5.014	0	Parked
1/1/2026 16:40	Idle	58.792	374.09	-0.15	26	-0.045	94.986	5.014	0	Parked
1/1/2026 16:40	Idle	58.792	374.09	-0.15	26	-0.045	94.986	5.014	0	Parked
1/1/2026 16:40	Idle	58.792	374.09	-0.15	26	-0.045	94.986	5.014	0	Parked
1/1/2026 16:41	Idle	58.792	374.09	-0.15	26	-0.045	94.986	5.014	0	Parked
1/1/2026 16:41	Idle	58.791	374.09	-0.15	26	-0.045	94.986	5.014	0	Parked
1/1/2026 16:41	Idle	58.791	374.09	-0.15	26	-0.045	94.986	5.014	0	Parked
1/1/2026 16:41	Idle	58.791	374.09	-0.15	26	-0.045	94.986	5.014	0	Parked
1/1/2026 16:41	Idle	58.791	374.09	-0.15	26	-0.045	94.986	5.014	0	Parked
1/1/2026 16:41	Idle	58.79	374.09	-0.15	26	-0.045	94.986	5.014	0	Parked
1/1/2026 16:42	Idle	58.79	374.09	-0.15	26	-0.045	94.986	5.014	0	Parked
1/1/2026 16:42	Idle	58.79	374.09	-0.15	26	-0.045	94.986	5.014	0	Parked
1/1/2026 16:42	Idle	58.79	374.09	-0.15	26	-0.045	94.986	5.014	0	Parked
1/1/2026 16:42	Idle	58.79	374.09	-0.15	26	-0.045	94.986	5.014	0	Parked
1/1/2026 16:42	Idle	58.789	374.09	-0.15	26	-0.045	94.986	5.014	0	Parked
1/1/2026 16:42	Idle	58.789	374.09	-0.15	26	-0.045	94.986	5.014	0	Parked
1/1/2026 16:43	Idle	58.789	374.09	-0.15	26	-0.045	94.986	5.014	0	Parked
1/1/2026 16:43	Idle	58.789	374.09	-0.15	26	-0.045	94.986	5.014	0	Parked
1/1/2026 16:43	Idle	58.788	374.09	-0.15	26	-0.045	94.986	5.014	0	Parked
1/1/2026 16:43	Idle	58.788	374.09	-0.15	26	-0.045	94.986	5.014	0	Parked
1/1/2026 16:43	Idle	58.788	374.08	-0.15	26	-0.045	94.986	5.014	0	Parked
1/1/2026 16:43	Idle	58.788	374.08	-0.15	26	-0.045	94.986	5.014	0	Parked
1/1/2026 16:44	Idle	58.787	374.08	-0.15	26	-0.045	94.986	5.014	0	Parked
1/1/2026 16:44	Idle	58.787	374.08	-0.15	26	-0.045	94.986	5.014	0	Parked
1/1/2026 16:44	Idle	58.787	374.08	-0.15	26	-0.045	94.986	5.014	0	Parked
1/1/2026 16:44	Idle	58.787	374.08	-0.15	26	-0.045	94.986	5.014	0	Parked
1/1/2026 16:44	Idle	58.787	374.08	-0.15	26	-0.045	94.986	5.014	0	Parked
1/1/2026 16:44	Idle	58.786	374.08	-0.15	26	-0.045	94.986	5.014	0	Parked
1/1/2026 16:45	Idle	58.786	374.08	-0.15	26	-0.045	94.986	5.014	0	Parked
1/1/2026 16:45	Idle	58.786	374.08	-0.15	26	-0.045	94.986	5.014	0	Parked
1/1/2026 16:45	Idle	58.786	374.08	-0.15	26	-0.045	94.986	5.014	0	Parked
1/1/2026 16:45	Idle	58.785	374.08	-0.15	26	-0.045	94.986	5.014	0	Parked
1/1/2026 16:45	Idle	58.785	374.08	-0.15	26	-0.045	94.986	5.014	0	Parked
1/1/2026 16:45	Idle	58.785	374.08	-0.15	26	-0.045	94.986	5.014	0	Parked
1/1/2026 16:46	Idle	58.785	374.08	-0.15	26	-0.045	94.986	5.014	0	Parked
1/1/2026 16:46	Idle	58.784	374.08	-0.15	26	-0.045	94.986	5.014	0	Parked
1/1/2026 16:46	Idle	58.784	374.08	-0.15	26	-0.045	94.986	5.014	0	Parked
1/1/2026 16:46	Idle	58.784	374.08	-0.15	26	-0.045	94.986	5.014	0	Parked
1/1/2026 16:46	Idle	58.784	374.08	-0.15	26	-0.045	94.986	5.014	0	Parked
1/1/2026 16:46	Idle	58.784	374.08	-0.15	26	-0.045	94.986	5.014	0	Parked
1/1/2026 16:47	Idle	58.783	374.08	-0.15	26	-0.045	94.986	5.014	0	Parked
1/1/2026 16:47	Idle	58.783	374.08	-0.15	26	-0.045	94.986	5.014	0	Parked
1/1/2026 16:47	Idle	58.783	374.08	-0.15	26	-0.045	94.986	5.014	0	Parked
1/1/2026 16:47	Idle	58.783	374.08	-0.15	26	-0.045	94.986	5.014	0	Parked
1/1/2026 16:47	Idle	58.782	374.08	-0.15	26	-0.045	94.986	5.014	0	Parked
1/1/2026 16:47	Idle	58.782	374.08	-0.15	26	-0.045	94.986	5.014	0	Parked
1/1/2026 16:48	Idle	58.782	374.08	-0.15	26	-0.045	94.986	5.014	0	Parked
1/1/2026 16:48	Idle	58.782	374.08	-0.15	26	-0.045	94.986	5.014	0	Parked
1/1/2026 16:48	Idle	58.781	374.08	-0.15	26	-0.045	94.986	5.014	0	Parked
1/1/2026 16:48	Idle	58.781	374.08	-0.15	26	-0.045	94.986	5.014	0	Parked
1/1/2026 16:48	Idle	58.781	374.08	-0.15	26	-0.045	94.986	5.014	0	Parked
1/1/2026 16:48	Idle	58.781	374.08	-0.15	26	-0.045	94.986	5.014	0	Parked
1/1/2026 16:49	Idle	58.781	374.08	-0.15	26	-0.045	94.986	5.014	0	Parked
1/1/2026 16:49	Idle	58.78	374.08	-0.15	26	-0.045	94.986	5.014	0	Parked
1/1/2026 16:49	Idle	58.78	374.08	-0.15	26	-0.045	94.986	5.014	0	Parked
1/1/2026 16:49	Idle	58.78	374.08	-0.15	26	-0.045	94.986	5.014	0	Parked
1/1/2026 16:49	Idle	58.78	374.08	-0.15	26	-0.045	94.986	5.014	0	Parked
1/1/2026 16:49	Idle	58.779	374.08	-0.15	26	-0.045	94.986	5.014	0	Parked
1/1/2026 16:50	Idle	58.779	374.08	-0.15	26	-0.045	94.986	5.014	0	Parked
1/1/2026 16:50	Idle	58.779	374.08	-0.15	26	-0.045	94.986	5.014	0	Parked
1/1/2026 16:50	Idle	58.779	374.08	-0.15	26	-0.045	94.986	5.014	0	Parked
1/1/2026 16:50	Idle	58.778	374.08	-0.15	26	-0.045	94.986	5.014	0	Parked
1/1/2026 16:50	Idle	58.778	374.08	-0.15	26	-0.045	94.986	5.014	0	Parked
1/1/2026 16:50	Idle	58.778	374.08	-0.15	26	-0.045	94.986	5.014	0	Parked
1/1/2026 16:51	Idle	58.778	374.08	-0.15	26	-0.045	94.986	5.014	0	Parked
1/1/2026 16:51	Idle	58.778	374.08	-0.15	26	-0.045	94.986	5.014	0	Parked
1/1/2026 16:51	Idle	58.777	374.08	-0.15	26	-0.045	94.986	5.014	0	Parked
1/1/2026 16:51	Idle	58.777	374.08	-0.15	26	-0.045	94.986	5.014	0	Parked
1/1/2026 16:51	Idle	58.777	374.08	-0.15	26	-0.045	94.986	5.014	0	Parked
1/1/2026 16:51	Idle	58.777	374.08	-0.15	26	-0.045	94.986	5.014	0	Parked
1/1/2026 16:52	Idle	58.776	374.08	-0.15	26	-0.045	94.986	5.014	0	Parked
1/1/2026 16:52	Idle	58.776	374.08	-0.15	26	-0.045	94.986	5.014	0	Parked
1/1/2026 16:52	Idle	58.776	374.08	-0.15	26	-0.045	94.986	5.014	0	Parked
1/1/2026 16:52	Idle	58.776	374.08	-0.15	26	-0.045	94.986	5.014	0	Parked
1/1/2026 16:52	Idle	58.776	374.08	-0.15	26	-0.045	94.986	5.014	0	Parked
1/1/2026 16:52	Idle	58.775	374.08	-0.15	26	-0.045	94.986	5.014	0	Parked
1/1/2026 16:53	Idle	58.775	374.08	-0.15	26	-0.045	94.986	5.014	0	Parked
1/1/2026 16:53	Idle	58.775	374.08	-0.15	26	-0.045	94.986	5.014	0	Parked
1/1/2026 16:53	Idle	58.775	374.07	-0.15	26	-0.045	94.986	5.014	0	Parked
1/1/2026 16:53	Idle	58.774	374.07	-0.15	26	-0.045	94.986	5.014	0	Parked
1/1/2026 16:53	Idle	58.774	374.07	-0.15	26	-0.045	94.986	5.014	0	Parked
1/1/2026 16:53	Idle	58.774	374.07	-0.15	26	-0.045	94.986	5.014	0	Parked
1/1/2026 16:54	Idle	58.774	374.07	-0.15	26	-0.045	94.986	5.014	0	Parked
1/1/2026 16:54	Idle	58.773	374.07	-0.15	26	-0.045	94.986	5.014	0	Parked
1/1/2026 16:54	Idle	58.773	374.07	-0.15	26	-0.045	94.986	5.014	0	Parked
1/1/2026 16:54	Idle	58.773	374.07	-0.15	26	-0.045	94.986	5.014	0	Parked
1/1/2026 16:54	Idle	58.773	374.07	-0.15	26	-0.045	94.986	5.014	0	Parked
1/1/2026 16:54	Idle	58.773	374.07	-0.15	26	-0.045	94.986	5.014	0	Parked
1/1/2026 16:55	Idle	58.772	374.07	-0.15	26	-0.045	94.986	5.014	0	Parked
1/1/2026 16:55	Idle	58.772	374.07	-0.15	26	-0.045	94.986	5.014	0	Parked
1/1/2026 16:55	Idle	58.772	374.07	-0.15	26	-0.045	94.986	5.014	0	Parked
1/1/2026 16:55	Idle	58.772	374.07	-0.15	26	-0.045	94.986	5.014	0	Parked
1/1/2026 16:55	Idle	58.771	374.07	-0.15	26	-0.045	94.986	5.014	0	Parked
1/1/2026 16:55	Idle	58.771	374.07	-0.15	26	-0.045	94.986	5.014	0	Parked
1/1/2026 16:56	Idle	58.771	374.07	-0.15	26	-0.045	94.986	5.014	0	Parked
1/1/2026 16:56	Idle	58.771	374.07	-0.15	26	-0.045	94.986	5.014	0	Parked
1/1/2026 16:56	Idle	58.77	374.07	-0.15	26	-0.045	94.986	5.014	0	Parked
1/1/2026 16:56	Idle	58.77	374.07	-0.15	26	-0.045	94.986	5.014	0	Parked
1/1/2026 16:56	Idle	58.77	374.07	-0.15	26	-0.045	94.986	5.014	0	Parked
1/1/2026 16:56	Idle	58.77	374.07	-0.15	26	-0.045	94.986	5.014	0	Parked
1/1/2026 16:57	Idle	58.77	374.07	-0.15	26	-0.045	94.986	5.014	0	Parked
1/1/2026 16:57	Idle	58.769	374.07	-0.15	26	-0.045	94.986	5.014	0	Parked
1/1/2026 16:57	Idle	58.769	374.07	-0.15	26	-0.045	94.986	5.014	0	Parked
1/1/2026 16:57	Idle	58.769	374.07	-0.15	26	-0.045	94.986	5.014	0	Parked
1/1/2026 16:57	Idle	58.769	374.07	-0.15	26	-0.045	94.986	5.014	0	Parked
1/1/2026 16:57	Idle	58.768	374.07	-0.15	26	-0.045	94.986	5.014	0	Parked
1/1/2026 16:58	Idle	58.768	374.07	-0.15	26	-0.045	94.986	5.014	0	Parked
1/1/2026 16:58	Idle	58.768	374.07	-0.15	26	-0.045	94.986	5.014	0	Parked
1/1/2026 16:58	Idle	58.768	374.07	-0.15	26	-0.045	94.986	5.014	0	Parked
1/1/2026 16:58	Idle	58.767	374.07	-0.15	26	-0.045	94.986	5.014	0	Parked
1/1/2026 16:58	Idle	58.767	374.07	-0.15	26	-0.045	94.986	5.014	0	Parked
1/1/2026 16:58	Idle	58.767	374.07	-0.15	26	-0.045	94.986	5.014	0	Parked
1/1/2026 16:59	Idle	58.767	374.07	-0.15	26	-0.045	94.986	5.014	0	Parked
1/1/2026 16:59	Idle	58.767	374.07	-0.15	26	-0.045	94.986	5.014	0	Parked
1/1/2026 16:59	Idle	58.766	374.07	-0.15	26	-0.045	94.986	5.014	0	Parked
1/1/2026 16:59	Idle	58.766	374.07	-0.15	26	-0.045	94.986	5.014	0	Parked
1/1/2026 16:59	Idle	58.766	374.07	-0.15	26	-0.045	94.986	5.014	0	Parked
1/1/2026 16:59	Idle	58.766	374.07	-0.15	26	-0.045	94.986	5.014	0	Parked
1/1/2026 17:00	Idle	58.765	374.07	-0.15	26	-0.045	94.986	5.014	0	Parked
1/1/2026 17:00	Idle	58.765	374.07	-0.15	26	-0.045	94.986	5.014	0	Parked
1/1/2026 17:00	Idle	58.765	374.07	-0.15	26	-0.045	94.986	5.014	0	Parked
1/1/2026 17:00	Idle	58.765	374.07	-0.15	26	-0.045	94.986	5.014	0	Parked
1/1/2026 17:00	Idle	58.764	374.07	-0.15	26	-0.045	94.986	5.014	0	Parked
1/1/2026 17:00	Idle	58.764	374.07	-0.15	26	-0.045	94.986	5.014	0	Parked
1/1/2026 17:01	Idle	58.764	374.07	-0.15	26	-0.045	94.986	5.014	0	Parked
1/1/2026 17:01	Idle	58.764	374.07	-0.15	26	-0.045	94.986	5.014	0	Parked
1/1/2026 17:01	Idle	58.764	374.07	-0.15	26	-0.045	94.986	5.014	0	Parked
1/1/2026 17:01	Idle	58.763	374.07	-0.15	26	-0.045	94.986	5.014	0	Parked
1/1/2026 17:01	Idle	58.763	374.07	-0.15	26	-0.045	94.986	5.014	0	Parked
1/1/2026 17:01	Idle	58.763	374.07	-0.15	26	-0.045	94.986	5.014	0	Parked
1/1/2026 17:02	Idle	58.763	374.07	-0.15	26	-0.045	94.986	5.014	0	Parked
1/1/2026 17:02	Idle	58.762	374.07	-0.15	26	-0.045	94.986	5.014	0	Parked
1/1/2026 17:02	Idle	58.762	374.07	-0.15	26	-0.045	94.986	5.014	0	Parked
1/1/2026 17:02	Idle	58.762	374.07	-0.15	26	-0.045	94.986	5.014	0	Parked
1/1/2026 17:02	Idle	58.762	374.07	-0.15	26	-0.045	94.986	5.014	0	Parked
1/1/2026 17:02	Idle	58.761	374.07	-0.15	26	-0.045	94.986	5.014	0	Parked
1/1/2026 17:03	Idle	58.761	374.06	-0.15	26	-0.045	94.986	5.014	0	Parked
1/1/2026 17:03	Idle	58.761	374.06	-0.15	26	-0.045	94.986	5.014	0	Parked
1/1/2026 17:03	Idle	58.761	374.06	-0.15	26	-0.045	94.986	5.014	0	Parked
1/1/2026 17:03	Idle	58.761	374.06	-0.15	26	-0.045	94.986	5.014	0	Parked
1/1/2026 17:03	Idle	58.76	374.06	-0.15	26	-0.045	94.986	5.014	0	Parked
1/1/2026 17:03	Idle	58.76	374.06	-0.15	26	-0.045	94.986	5.014	0	Parked
1/1/2026 17:04	Idle	58.76	374.06	-0.15	26	-0.045	94.986	5.014	0	Parked
1/1/2026 17:04	Idle	58.76	374.06	-0.15	26	-0.045	94.986	5.014	0	Parked
1/1/2026 17:04	Idle	58.759	374.06	-0.15	26	-0.045	94.986	5.014	0	Parked
1/1/2026 17:04	Idle	58.759	374.06	-0.15	26	-0.045	94.986	5.014	0	Parked
1/1/2026 17:04	Idle	58.759	374.06	-0.15	26	-0.045	94.986	5.014	0	Parked
1/1/2026 17:04	Idle	58.759	374.06	-0.15	26	-0.045	94.986	5.014	0	Parked
1/1/2026 17:05	Idle	58.758	374.06	-0.15	26	-0.045	94.986	5.014	0	Parked
1/1/2026 17:05	Idle	58.758	374.06	-0.15	26	-0.045	94.986	5.014	0	Parked
1/1/2026 17:05	Idle	58.758	374.06	-0.15	26	-0.045	94.986	5.014	0	Parked
1/1/2026 17:05	Idle	58.758	374.06	-0.15	26	-0.045	94.986	5.014	0	Parked
1/1/2026 17:05	Idle	58.758	374.06	-0.15	26	-0.045	94.986	5.014	0	Parked
1/1/2026 17:05	Idle	58.757	374.06	-0.15	26	-0.045	94.986	5.014	0	Parked
1/1/2026 17:06	Idle	58.757	374.06	-0.15	26	-0.045	94.986	5.014	0	Parked
1/1/2026 17:06	Idle	58.757	374.06	-0.15	26	-0.045	94.986	5.014	0	Parked
1/1/2026 17:06	Idle	58.757	374.06	-0.15	26	-0.045	94.986	5.014	0	Parked
1/1/2026 17:06	Idle	58.756	374.06	-0.15	26	-0.045	94.986	5.014	0	Parked
1/1/2026 17:06	Idle	58.756	374.06	-0.15	26	-0.045	94.986	5.014	0	Parked
1/1/2026 17:06	Idle	58.756	374.06	-0.15	26	-0.045	94.986	5.014	0	Parked
1/1/2026 17:07	Idle	58.756	374.06	-0.15	26	-0.045	94.986	5.014	0	Parked
1/1/2026 17:07	Idle	58.756	374.06	-0.15	26	-0.045	94.986	5.014	0	Parked
1/1/2026 17:07	Idle	58.755	374.06	-0.15	26	-0.045	94.986	5.014	0	Parked
1/1/2026 17:07	Idle	58.755	374.06	-0.15	26	-0.045	94.986	5.014	0	Parked
1/1/2026 17:07	Idle	58.755	374.06	-0.15	26	-0.045	94.986	5.014	0	Parked
1/1/2026 17:07	Idle	58.755	374.06	-0.15	26	-0.045	94.986	5.014	0	Parked
1/1/2026 17:08	Idle	58.754	374.06	-0.15	26	-0.045	94.986	5.014	0	Parked
1/1/2026 17:08	Idle	58.754	374.06	-0.15	26	-0.045	94.986	5.014	0	Parked
1/1/2026 17:08	Idle	58.754	374.06	-0.15	26	-0.045	94.986	5.014	0	Parked
1/1/2026 17:08	Idle	58.754	374.06	-0.15	26	-0.045	94.986	5.014	0	Parked
1/1/2026 17:08	Idle	58.753	374.06	-0.15	26	-0.045	94.986	5.014	0	Parked
1/1/2026 17:08	Idle	58.753	374.06	-0.15	26	-0.045	94.986	5.014	0	Parked
1/1/2026 17:09	Idle	58.753	374.06	-0.15	26	-0.045	94.986	5.014	0	Parked
1/1/2026 17:09	Idle	58.753	374.06	-0.15	26	-0.045	94.986	5.014	0	Parked
1/1/2026 17:09	Idle	58.753	374.06	-0.15	26	-0.045	94.986	5.014	0	Parked
1/1/2026 17:09	Idle	58.752	374.06	-0.15	26	-0.045	94.986	5.014	0	Parked
1/1/2026 17:09	Idle	58.752	374.06	-0.15	26	-0.045	94.986	5.014	0	Parked
1/1/2026 17:09	Idle	58.752	374.06	-0.15	26	-0.045	94.986	5.014	0	Parked
1/1/2026 17:10	Idle	58.752	374.06	-0.15	26	-0.045	94.986	5.014	0	Parked
1/1/2026 17:10	Idle	58.751	374.06	-0.15	26	-0.045	94.986	5.014	0	Parked
1/1/2026 17:10	Idle	58.751	374.06	-0.15	26	-0.045	94.986	5.014	0	Parked
1/1/2026 17:10	Idle	58.751	374.06	-0.15	26	-0.045	94.986	5.014	0	Parked
1/1/2026 17:10	Idle	58.751	374.06	-0.15	26	-0.045	94.986	5.014	0	Parked
1/1/2026 17:10	Idle	58.75	374.06	-0.15	26	-0.045	94.986	5.014	0	Parked
1/1/2026 17:11	Idle	58.75	374.06	-0.15	26	-0.045	94.986	5.014	0	Parked
1/1/2026 17:11	Idle	58.75	374.06	-0.15	26	-0.045	94.986	5.014	0	Parked
1/1/2026 17:11	Idle	58.75	374.06	-0.15	26	-0.045	94.986	5.014	0	Parked
1/1/2026 17:11	Idle	58.75	374.06	-0.15	26	-0.045	94.986	5.014	0	Parked
1/1/2026 17:11	Idle	58.749	374.06	-0.15	26	-0.045	94.986	5.014	0	Parked
1/1/2026 17:11	Idle	58.749	374.06	-0.15	26	-0.045	94.986	5.014	0	Parked
1/1/2026 17:12	Idle	58.749	374.06	-0.15	26	-0.045	94.986	5.014	0	Parked
1/1/2026 17:12	Idle	58.749	374.06	-0.15	26	-0.045	94.986	5.014	0	Parked
1/1/2026 17:12	Idle	58.748	374.06	-0.15	26	-0.045	94.986	5.014	0	Parked
1/1/2026 17:12	Idle	58.748	374.06	-0.15	26	-0.045	94.986	5.014	0	Parked
1/1/2026 17:12	Idle	58.748	374.05	-0.15	26	-0.045	94.986	5.014	0	Parked
1/1/2026 17:12	Idle	58.748	374.05	-0.15	26	-0.045	94.986	5.014	0	Parked
1/1/2026 17:13	Idle	58.747	374.05	-0.15	26	-0.045	94.986	5.014	0	Parked
1/1/2026 17:13	Idle	58.747	374.05	-0.15	26	-0.045	94.986	5.014	0	Parked
1/1/2026 17:13	Idle	58.747	374.05	-0.15	26	-0.045	94.986	5.014	0	Parked
1/1/2026 17:13	Idle	58.747	374.05	-0.15	26	-0.045	94.986	5.014	0	Parked
1/1/2026 17:13	Idle	58.747	374.05	-0.15	26	-0.045	94.986	5.014	0	Parked
1/1/2026 17:13	Idle	58.746	374.05	-0.15	26	-0.045	94.986	5.014	0	Parked
1/1/2026 17:14	Idle	58.746	374.05	-0.15	26	-0.045	94.986	5.014	0	Parked
1/1/2026 17:14	Idle	58.746	374.05	-0.15	26	-0.045	94.986	5.014	0	Parked
1/1/2026 17:14	Idle	58.746	374.05	-0.15	26	-0.045	94.986	5.014	0	Parked
1/1/2026 17:14	Idle	58.745	374.05	-0.15	26	-0.045	94.986	5.014	0	Parked
1/1/2026 17:14	Idle	58.745	374.05	-0.15	26	-0.045	94.986	5.014	0	Parked
1/1/2026 17:14	Idle	58.745	374.05	-0.15	26	-0.045	94.986	5.014	0	Parked
1/1/2026 17:15	Idle	58.745	374.05	-0.15	26	-0.045	94.986	5.014	0	Parked
1/1/2026 17:15	Idle	58.744	374.05	-0.15	26	-0.045	94.986	5.014	0	Parked
1/1/2026 17:15	Idle	58.744	374.05	-0.15	26	-0.045	94.986	5.014	0	Parked
1/1/2026 17:15	Idle	58.744	374.05	-0.15	26	-0.045	94.986	5.014	0	Parked
1/1/2026 17:15	Idle	58.744	374.05	-0.15	26	-0.045	94.986	5.014	0	Parked
1/1/2026 17:15	Idle	58.744	374.05	-0.15	26	-0.045	94.986	5.014	0	Parked
1/1/2026 17:16	Idle	58.743	374.05	-0.15	26	-0.045	94.986	5.014	0	Parked
1/1/2026 17:16	Idle	58.743	374.05	-0.15	26	-0.045	94.986	5.014	0	Parked
1/1/2026 17:16	Idle	58.743	374.05	-0.15	26	-0.045	94.986	5.014	0	Parked
1/1/2026 17:16	Idle	58.743	374.05	-0.15	26	-0.045	94.986	5.014	0	Parked
1/1/2026 17:16	Idle	58.742	374.05	-0.15	26	-0.045	94.986	5.014	0	Parked
1/1/2026 17:16	Idle	58.742	374.05	-0.15	26	-0.045	94.986	5.014	0	Parked
1/1/2026 17:17	Idle	58.742	374.05	-0.15	26	-0.045	94.986	5.014	0	Parked
1/1/2026 17:17	Idle	58.742	374.05	-0.15	26	-0.045	94.986	5.014	0	Parked
1/1/2026 17:17	Idle	58.741	374.05	-0.15	26	-0.045	94.986	5.014	0	Parked
1/1/2026 17:17	Idle	58.741	374.05	-0.15	26	-0.045	94.986	5.014	0	Parked
1/1/2026 17:17	Idle	58.741	374.05	-0.15	26	-0.045	94.986	5.014	0	Parked
1/1/2026 17:17	Idle	58.741	374.05	-0.15	26	-0.045	94.986	5.014	0	Parked
1/1/2026 17:18	Idle	58.741	374.05	-0.15	26	-0.045	94.986	5.014	0	Parked
1/1/2026 17:18	Idle	58.74	374.05	-0.15	26	-0.045	94.986	5.014	0	Parked
1/1/2026 17:18	Idle	58.74	374.05	-0.15	26	-0.045	94.986	5.014	0	Parked
1/1/2026 17:18	Idle	58.74	374.05	-0.15	26	-0.045	94.986	5.014	0	Parked
1/1/2026 17:18	Idle	58.74	374.05	-0.15	26	-0.045	94.986	5.014	0	Parked
1/1/2026 17:18	Idle	58.739	374.05	-0.15	26	-0.045	94.986	5.014	0	Parked
1/1/2026 17:19	Idle	58.739	374.05	-0.15	26	-0.045	94.986	5.014	0	Parked
1/1/2026 17:19	Idle	58.739	374.05	-0.15	26	-0.045	94.986	5.014	0	Parked
1/1/2026 17:19	Idle	58.739	374.05	-0.15	26	-0.045	94.986	5.014	0	Parked
1/1/2026 17:19	Idle	58.739	374.05	-0.15	26	-0.045	94.986	5.014	0	Parked
1/1/2026 17:19	Idle	58.738	374.05	-0.15	26	-0.045	94.986	5.014	0	Parked
1/1/2026 17:19	Idle	58.738	374.05	-0.15	26	-0.045	94.986	5.014	0	Parked
1/1/2026 17:20	Idle	58.738	374.05	-0.15	26	-0.045	94.986	5.014	0	Parked
1/1/2026 17:20	Idle	58.738	374.05	-0.15	26	-0.045	94.986	5.014	0	Parked
1/1/2026 17:20	Idle	58.737	374.05	-0.15	26	-0.045	94.986	5.014	0	Parked
1/1/2026 17:20	Idle	58.737	374.05	-0.15	26	-0.045	94.986	5.014	0	Parked
1/1/2026 17:20	Idle	58.737	374.05	-0.15	26	-0.045	94.986	5.014	0	Parked
1/1/2026 17:20	Idle	58.737	374.05	-0.15	26	-0.045	94.986	5.014	0	Parked
1/1/2026 17:21	Idle	58.736	374.05	-0.15	26	-0.045	94.986	5.014	0	Parked
1/1/2026 17:21	Idle	58.736	374.05	-0.15	26	-0.045	94.986	5.014	0	Parked
1/1/2026 17:21	Idle	58.736	374.05	-0.15	26	-0.045	94.986	5.014	0	Parked
1/1/2026 17:21	Idle	58.736	374.05	-0.15	26	-0.045	94.986	5.014	0	Parked
1/1/2026 17:21	Idle	58.736	374.05	-0.15	26	-0.045	94.986	5.014	0	Parked
1/1/2026 17:21	Idle	58.735	374.05	-0.15	26	-0.045	94.986	5.014	0	Parked
1/1/2026 17:22	Idle	58.735	374.05	-0.15	26	-0.045	94.986	5.014	0	Parked
1/1/2026 17:22	Idle	58.735	374.05	-0.15	26	-0.045	94.986	5.014	0	Parked
1/1/2026 17:22	Idle	58.735	374.04	-0.15	26	-0.045	94.986	5.014	0	Parked
1/1/2026 17:22	Idle	58.734	374.04	-0.15	26	-0.045	94.986	5.014	0	Parked
1/1/2026 17:22	Idle	58.734	374.04	-0.15	26	-0.045	94.986	5.014	0	Parked
1/1/2026 17:22	Idle	58.734	374.04	-0.15	26	-0.045	94.986	5.014	0	Parked
1/1/2026 17:23	Idle	58.734	374.04	-0.15	26	-0.045	94.986	5.014	0	Parked
1/1/2026 17:23	Idle	58.733	374.04	-0.15	26	-0.045	94.986	5.014	0	Parked
1/1/2026 17:23	Idle	58.733	374.04	-0.15	26	-0.045	94.986	5.014	0	Parked
1/1/2026 17:23	Idle	58.733	374.04	-0.15	26	-0.045	94.986	5.014	0	Parked
1/1/2026 17:23	Idle	58.733	374.04	-0.15	26	-0.045	94.986	5.014	0	Parked
1/1/2026 17:23	Idle	58.733	374.04	-0.15	26	-0.045	94.986	5.014	0	Parked
1/1/2026 17:24	Idle	58.732	374.04	-0.15	26	-0.045	94.985	5.015	0	Parked
1/1/2026 17:24	Idle	58.732	374.04	-0.15	26	-0.045	94.985	5.015	0	Parked
1/1/2026 17:24	Idle	58.732	374.04	-0.15	26	-0.045	94.985	5.015	0	Parked
1/1/2026 17:24	Idle	58.732	374.04	-0.15	26	-0.045	94.985	5.015	0	Parked
1/1/2026 17:24	Idle	58.731	374.04	-0.15	26	-0.045	94.985	5.015	0	Parked
1/1/2026 17:24	Idle	58.731	374.04	-0.15	26	-0.045	94.985	5.015	0	Parked
1/1/2026 17:25	Idle	58.731	374.04	-0.15	26	-0.045	94.985	5.015	0	Parked
1/1/2026 17:25	Idle	58.731	374.04	-0.15	26	-0.045	94.985	5.015	0	Parked
1/1/2026 17:25	Idle	58.73	374.04	-0.15	26	-0.045	94.985	5.015	0	Parked
1/1/2026 17:25	Idle	58.73	374.04	-0.15	26	-0.045	94.985	5.015	0	Parked
1/1/2026 17:25	Idle	58.73	374.04	-0.15	26	-0.045	94.985	5.015	0	Parked
1/1/2026 17:25	Idle	58.73	374.04	-0.15	26	-0.045	94.985	5.015	0	Parked
1/1/2026 17:26	Idle	58.73	374.04	-0.15	26	-0.045	94.985	5.015	0	Parked
1/1/2026 17:26	Idle	58.729	374.04	-0.15	26	-0.045	94.985	5.015	0	Parked
1/1/2026 17:26	Idle	58.729	374.04	-0.15	26	-0.045	94.985	5.015	0	Parked
1/1/2026 17:26	Idle	58.729	374.04	-0.15	26	-0.045	94.985	5.015	0	Parked
1/1/2026 17:26	Idle	58.729	374.04	-0.15	26	-0.045	94.985	5.015	0	Parked
1/1/2026 17:26	Idle	58.728	374.04	-0.15	26	-0.045	94.985	5.015	0	Parked
1/1/2026 17:27	Idle	58.728	374.04	-0.15	26	-0.045	94.985	5.015	0	Parked
1/1/2026 17:27	Idle	58.728	374.04	-0.15	26	-0.045	94.985	5.015	0	Parked
1/1/2026 17:27	Idle	58.728	374.04	-0.15	26	-0.045	94.985	5.015	0	Parked
1/1/2026 17:27	Idle	58.727	374.04	-0.15	26	-0.045	94.985	5.015	0	Parked
1/1/2026 17:27	Idle	58.727	374.04	-0.15	26	-0.045	94.985	5.015	0	Parked
1/1/2026 17:27	Idle	58.727	374.04	-0.15	26	-0.045	94.985	5.015	0	Parked
1/1/2026 17:28	Idle	58.727	374.04	-0.15	26	-0.045	94.985	5.015	0	Parked
1/1/2026 17:28	Idle	58.727	374.04	-0.15	26	-0.045	94.985	5.015	0	Parked
1/1/2026 17:28	Idle	58.726	374.04	-0.15	26	-0.045	94.985	5.015	0	Parked
1/1/2026 17:28	Idle	58.726	374.04	-0.15	26	-0.045	94.985	5.015	0	Parked
1/1/2026 17:28	Idle	58.726	374.04	-0.15	26	-0.045	94.985	5.015	0	Parked
1/1/2026 17:28	Idle	58.726	374.04	-0.15	26	-0.045	94.985	5.015	0	Parked
1/1/2026 17:29	Idle	58.725	374.04	-0.15	26	-0.045	94.985	5.015	0	Parked
1/1/2026 17:29	Idle	58.725	374.04	-0.15	26	-0.045	94.985	5.015	0	Parked
1/1/2026 17:29	Idle	58.725	374.04	-0.15	26	-0.045	94.985	5.015	0	Parked
1/1/2026 17:29	Idle	58.725	374.04	-0.15	26	-0.045	94.985	5.015	0	Parked
1/1/2026 17:29	Idle	58.724	374.04	-0.15	26	-0.045	94.985	5.015	0	Parked
1/1/2026 17:29	Idle	58.724	374.04	-0.15	26	-0.045	94.985	5.015	0	Parked
1/1/2026 17:30	Driving	58.642	371.84	-42.88	26.01	-15.944	94.985	5.015	32	Driving
1/1/2026 17:30	Driving	58.56	371.78	-42.83	26.01	-15.923	94.985	5.015	32.27	Driving
1/1/2026 17:30	Driving	58.478	371.72	-42.77	26.01	-15.898	94.985	5.015	32.54	Driving
1/1/2026 17:30	Driving	58.396	371.66	-42.72	26.02	-15.877	94.985	5.015	32.81	Driving
1/1/2026 17:30	Driving	58.315	371.6	-42.67	26.02	-15.856	94.985	5.015	33.08	Driving
1/1/2026 17:30	Driving	58.233	371.54	-42.61	26.03	-15.831	94.985	5.015	33.34	Driving
1/1/2026 17:31	Driving	58.152	371.49	-42.56	26.03	-15.811	94.985	5.015	33.6	Driving
1/1/2026 17:31	Driving	58.07	371.43	-42.5	26.03	-15.786	94.985	5.015	33.86	Driving
1/1/2026 17:31	Driving	57.989	371.37	-42.45	26.04	-15.765	94.985	5.015	34.12	Driving
1/1/2026 17:31	Driving	57.908	371.31	-42.39	26.04	-15.74	94.985	5.015	34.37	Driving
1/1/2026 17:31	Driving	57.827	371.25	-42.34	26.05	-15.719	94.985	5.015	34.61	Driving
1/1/2026 17:31	Driving	57.746	371.2	-42.28	26.05	-15.694	94.985	5.015	34.86	Driving
1/1/2026 17:32	Driving	57.665	371.14	-42.22	26.05	-15.67	94.985	5.015	35.09	Driving
1/1/2026 17:32	Driving	57.584	371.08	-42.16	26.06	-15.645	94.985	5.015	35.32	Driving
1/1/2026 17:32	Driving	57.504	371.02	-42.11	26.06	-15.624	94.985	5.015	35.54	Driving
1/1/2026 17:32	Driving	57.423	370.96	-42.05	26.07	-15.599	94.985	5.015	35.76	Driving
1/1/2026 17:32	Driving	57.343	370.91	-41.99	26.07	-15.575	94.985	5.015	35.96	Driving
1/1/2026 17:32	Driving	57.262	370.85	-41.93	26.07	-15.55	94.985	5.015	36.16	Driving
1/1/2026 17:33	Driving	57.182	370.79	-41.87	26.08	-15.525	94.985	5.015	36.35	Driving
1/1/2026 17:33	Driving	57.102	370.74	-41.81	26.08	-15.501	94.985	5.015	36.53	Driving
1/1/2026 17:33	Driving	57.022	370.68	-41.75	26.09	-15.476	94.985	5.015	36.71	Driving
1/1/2026 17:33	Driving	56.942	370.62	-41.68	26.09	-15.447	94.985	5.015	36.87	Driving
1/1/2026 17:33	Driving	56.863	370.57	-41.62	26.09	-15.423	94.985	5.015	37.02	Driving
1/1/2026 17:33	Driving	56.783	370.51	-41.56	26.1	-15.398	94.985	5.015	37.17	Driving
1/1/2026 17:34	Driving	56.704	370.45	-41.5	26.1	-15.374	94.985	5.015	37.3	Driving
1/1/2026 17:34	Driving	56.624	370.4	-41.43	26.11	-15.346	94.985	5.015	37.42	Driving
1/1/2026 17:34	Driving	56.545	370.34	-41.37	26.11	-15.321	94.985	5.015	37.53	Driving
1/1/2026 17:34	Driving	56.466	370.28	-41.3	26.11	-15.293	94.985	5.015	37.63	Driving
1/1/2026 17:34	Driving	56.387	370.23	-41.24	26.12	-15.268	94.985	5.015	37.72	Driving
1/1/2026 17:34	Driving	56.308	370.17	-41.17	26.12	-15.24	94.985	5.015	37.79	Driving
1/1/2026 17:35	Driving	56.229	370.12	-41.11	26.13	-15.216	94.985	5.015	37.86	Driving
1/1/2026 17:35	Driving	56.151	370.06	-41.04	26.13	-15.187	94.985	5.015	37.91	Driving
1/1/2026 17:35	Driving	56.072	370.01	-40.98	26.13	-15.163	94.985	5.015	37.95	Driving
1/1/2026 17:35	Driving	55.994	369.95	-40.91	26.14	-15.135	94.985	5.015	37.98	Driving
1/1/2026 17:35	Driving	55.916	369.89	-40.84	26.14	-15.106	94.985	5.015	38	Driving
1/1/2026 17:35	Driving	55.838	369.84	-40.77	26.15	-15.078	94.985	5.015	38	Driving
1/1/2026 17:36	Driving	55.76	369.78	-40.7	26.15	-15.05	94.985	5.015	37.99	Driving
1/1/2026 17:36	Driving	55.682	369.73	-40.64	26.15	-15.026	94.985	5.015	37.97	Driving
1/1/2026 17:36	Driving	55.604	369.67	-40.57	26.16	-14.998	94.985	5.015	37.94	Driving
1/1/2026 17:36	Driving	55.527	369.62	-40.5	26.16	-14.97	94.985	5.015	37.89	Driving
1/1/2026 17:36	Driving	55.449	369.57	-40.43	26.17	-14.942	94.985	5.015	37.84	Driving
1/1/2026 17:36	Driving	55.372	369.51	-40.36	26.17	-14.913	94.985	5.015	37.77	Driving
1/1/2026 17:37	Driving	55.295	369.46	-40.29	26.17	-14.886	94.985	5.015	37.69	Driving
1/1/2026 17:37	Driving	55.218	369.4	-40.22	26.18	-14.857	94.985	5.015	37.6	Driving
1/1/2026 17:37	Driving	55.141	369.35	-40.14	26.18	-14.826	94.985	5.015	37.49	Driving
1/1/2026 17:37	Driving	55.064	369.29	-40.07	26.19	-14.797	94.985	5.015	37.38	Driving
1/1/2026 17:37	Driving	54.988	369.24	-40	26.19	-14.77	94.985	5.015	37.26	Driving
1/1/2026 17:37	Driving	54.911	369.19	-39.93	26.19	-14.742	94.985	5.015	37.12	Driving
1/1/2026 17:38	Driving	54.835	369.13	-39.86	26.2	-14.714	94.985	5.015	36.97	Driving
1/1/2026 17:38	Driving	54.759	369.08	-39.78	26.2	-14.682	94.985	5.015	36.82	Driving
1/1/2026 17:38	Driving	54.683	369.03	-39.71	26.21	-14.654	94.985	5.015	36.65	Driving
1/1/2026 17:38	Driving	54.607	368.97	-39.64	26.21	-14.626	94.985	5.015	36.47	Driving
1/1/2026 17:38	Driving	54.531	368.92	-39.56	26.21	-14.594	94.985	5.015	36.29	Driving
1/1/2026 17:38	Driving	54.455	368.87	-39.49	26.22	-14.567	94.985	5.015	36.1	Driving
1/1/2026 17:39	Driving	54.38	368.81	-39.41	26.22	-14.535	94.985	5.015	35.89	Driving
1/1/2026 17:39	Driving	54.305	368.76	-39.34	26.23	-14.507	94.985	5.015	35.69	Driving
1/1/2026 17:39	Driving	54.229	368.71	-39.26	26.23	-14.476	94.985	5.015	35.47	Driving
1/1/2026 17:39	Driving	54.154	368.66	-39.19	26.23	-14.448	94.985	5.015	35.24	Driving
1/1/2026 17:39	Driving	54.079	368.6	-39.11	26.24	-14.416	94.985	5.015	35.01	Driving
1/1/2026 17:39	Driving	54.005	368.55	-39.04	26.24	-14.388	94.985	5.015	34.78	Driving
1/1/2026 17:40	Driving	53.93	368.5	-38.96	26.25	-14.357	94.985	5.015	34.53	Driving
1/1/2026 17:40	Driving	53.856	368.45	-38.88	26.25	-14.325	94.985	5.015	34.29	Driving
1/1/2026 17:40	Driving	53.781	368.4	-38.81	26.25	-14.298	94.985	5.015	34.03	Driving
1/1/2026 17:40	Driving	53.707	368.34	-38.73	26.26	-14.266	94.985	5.015	33.78	Driving
1/1/2026 17:40	Driving	53.633	368.29	-38.65	26.26	-14.234	94.985	5.015	33.52	Driving
1/1/2026 17:40	Driving	53.559	368.24	-38.57	26.27	-14.203	94.985	5.015	33.25	Driving
1/1/2026 17:41	Driving	53.486	368.19	-38.5	26.27	-14.175	94.985	5.015	32.99	Driving
1/1/2026 17:41	Driving	53.412	368.14	-38.42	26.27	-14.144	94.985	5.015	32.72	Driving
1/1/2026 17:41	Driving	53.339	368.09	-38.34	26.28	-14.113	94.985	5.015	32.45	Driving
1/1/2026 17:41	Driving	53.265	368.04	-38.26	26.28	-14.081	94.985	5.015	32.18	Driving
1/1/2026 17:41	Driving	53.192	367.99	-38.18	26.29	-14.05	94.985	5.015	31.91	Driving
1/1/2026 17:41	Driving	53.119	367.93	-38.1	26.29	-14.018	94.985	5.015	31.64	Driving
1/1/2026 17:42	Driving	53.047	367.88	-38.02	26.29	-13.987	94.985	5.015	31.37	Driving
1/1/2026 17:42	Driving	52.974	367.83	-37.94	26.3	-13.955	94.985	5.015	31.1	Driving
1/1/2026 17:42	Driving	52.901	367.78	-37.86	26.3	-13.924	94.985	5.015	30.83	Driving
1/1/2026 17:42	Driving	52.829	367.73	-37.78	26.31	-13.893	94.985	5.015	30.57	Driving
1/1/2026 17:42	Driving	52.757	367.68	-37.7	26.31	-13.862	94.985	5.015	30.31	Driving
1/1/2026 17:42	Driving	52.685	367.63	-37.62	26.31	-13.83	94.985	5.015	30.05	Driving
1/1/2026 17:43	Driving	52.613	367.58	-37.54	26.32	-13.799	94.985	5.015	29.8	Driving
1/1/2026 17:43	Driving	52.541	367.53	-37.46	26.32	-13.768	94.985	5.015	29.55	Driving
1/1/2026 17:43	Driving	52.47	367.48	-37.38	26.33	-13.736	94.985	5.015	29.3	Driving
1/1/2026 17:43	Driving	52.398	367.43	-37.3	26.33	-13.705	94.985	5.015	29.07	Driving
1/1/2026 17:43	Driving	52.327	367.38	-37.22	26.33	-13.674	94.985	5.015	28.83	Driving
1/1/2026 17:43	Driving	52.256	367.33	-37.14	26.34	-13.643	94.985	5.015	28.61	Driving
1/1/2026 17:44	Driving	52.185	367.29	-37.06	26.34	-13.612	94.985	5.015	28.39	Driving
1/1/2026 17:44	Driving	52.114	367.24	-36.97	26.35	-13.577	94.985	5.015	28.17	Driving
1/1/2026 17:44	Driving	52.043	367.19	-36.89	26.35	-13.546	94.985	5.015	27.97	Driving
1/1/2026 17:44	Driving	51.973	367.14	-36.81	26.35	-13.514	94.985	5.015	27.77	Driving
1/1/2026 17:44	Driving	51.903	367.09	-36.73	26.36	-13.483	94.985	5.015	27.59	Driving
1/1/2026 17:44	Driving	51.832	367.04	-36.65	26.36	-13.452	94.985	5.015	27.41	Driving
1/1/2026 17:45	Driving	51.762	366.99	-36.56	26.37	-13.417	94.985	5.015	27.24	Driving
1/1/2026 17:45	Driving	51.692	366.95	-36.48	26.37	-13.386	94.985	5.015	27.08	Driving
1/1/2026 17:45	Driving	51.623	366.9	-36.4	26.37	-13.355	94.985	5.015	26.93	Driving
1/1/2026 17:45	Driving	51.553	366.85	-36.32	26.38	-13.324	94.985	5.015	26.79	Driving
1/1/2026 17:45	Driving	51.484	366.8	-36.23	26.38	-13.289	94.985	5.015	26.66	Driving
1/1/2026 17:45	Driving	51.415	366.75	-36.15	26.39	-13.258	94.985	5.015	26.54	Driving
1/1/2026 17:46	Driving	51.346	366.71	-36.07	26.39	-13.227	94.985	5.015	26.44	Driving
1/1/2026 17:46	Driving	51.277	366.66	-35.99	26.39	-13.196	94.985	5.015	26.34	Driving
1/1/2026 17:46	Driving	51.208	366.61	-35.9	26.4	-13.161	94.985	5.015	26.26	Driving
1/1/2026 17:46	Driving	51.139	366.56	-35.82	26.4	-13.13	94.985	5.015	26.18	Driving
1/1/2026 17:46	Driving	51.071	366.52	-35.74	26.41	-13.099	94.985	5.015	26.12	Driving
1/1/2026 17:46	Driving	51.003	366.47	-35.65	26.41	-13.065	94.985	5.015	26.07	Driving
1/1/2026 17:47	Driving	50.934	366.42	-35.57	26.41	-13.034	94.985	5.015	26.04	Driving
1/1/2026 17:47	Driving	50.867	366.38	-35.49	26.42	-13.003	94.985	5.015	26.01	Driving
1/1/2026 17:47	Driving	50.799	366.33	-35.4	26.42	-12.968	94.985	5.015	26	Driving
1/1/2026 17:47	Driving	50.731	366.28	-35.32	26.43	-12.937	94.985	5.015	26	Driving
1/1/2026 17:47	Driving	50.664	366.24	-35.24	26.43	-12.906	94.985	5.015	26.01	Driving
1/1/2026 17:47	Driving	50.596	366.19	-35.15	26.43	-12.872	94.985	5.015	26.04	Driving
1/1/2026 17:48	Driving	50.529	366.14	-35.07	26.44	-12.841	94.985	5.015	26.07	Driving
1/1/2026 17:48	Driving	50.462	366.1	-34.99	26.44	-12.81	94.985	5.015	26.12	Driving
1/1/2026 17:48	Driving	50.395	366.05	-34.9	26.45	-12.775	94.985	5.015	26.18	Driving
1/1/2026 17:48	Driving	50.329	366.01	-34.82	26.45	-12.744	94.985	5.015	26.26	Driving
1/1/2026 17:48	Driving	50.262	365.96	-34.74	26.45	-12.713	94.985	5.015	26.34	Driving
1/1/2026 17:48	Driving	50.196	365.91	-34.65	26.46	-12.679	94.985	5.015	26.44	Driving
1/1/2026 17:49	Driving	50.13	365.87	-34.57	26.46	-12.648	94.985	5.015	26.54	Driving
1/1/2026 17:49	Driving	50.064	365.82	-34.49	26.47	-12.617	94.985	5.015	26.66	Driving
1/1/2026 17:49	Driving	49.998	365.78	-34.4	26.47	-12.583	94.985	5.015	26.79	Driving
1/1/2026 17:49	Driving	49.932	365.73	-34.32	26.47	-12.552	94.985	5.015	26.93	Driving
1/1/2026 17:49	Driving	49.866	365.69	-34.24	26.48	-12.521	94.985	5.015	27.08	Driving
1/1/2026 17:49	Driving	49.801	365.64	-34.16	26.48	-12.49	94.985	5.015	27.24	Driving
1/1/2026 17:50	Driving	49.736	365.6	-34.07	26.49	-12.456	94.985	5.015	27.41	Driving
1/1/2026 17:50	Driving	49.671	365.55	-33.99	26.49	-12.425	94.985	5.015	27.59	Driving
1/1/2026 17:50	Driving	49.606	365.51	-33.91	26.49	-12.394	94.985	5.015	27.77	Driving
1/1/2026 17:50	Driving	49.541	365.46	-33.82	26.5	-12.36	94.985	5.015	27.97	Driving
1/1/2026 17:50	Driving	49.476	365.42	-33.74	26.5	-12.329	94.985	5.015	28.17	Driving
1/1/2026 17:50	Driving	49.412	365.38	-33.66	26.51	-12.299	94.985	5.015	28.39	Driving
1/1/2026 17:51	Driving	49.348	365.33	-33.58	26.51	-12.268	94.985	5.015	28.61	Driving
1/1/2026 17:51	Driving	49.283	365.29	-33.49	26.51	-12.234	94.985	5.015	28.83	Driving
1/1/2026 17:51	Driving	49.219	365.24	-33.41	26.52	-12.203	94.985	5.015	29.07	Driving
1/1/2026 17:51	Driving	49.156	365.2	-33.33	26.52	-12.172	94.985	5.015	29.3	Driving
1/1/2026 17:51	Driving	49.092	365.16	-33.25	26.53	-12.142	94.985	5.015	29.55	Driving
1/1/2026 17:51	Driving	49.028	365.11	-33.16	26.53	-12.107	94.985	5.015	29.8	Driving
1/1/2026 17:52	Driving	48.965	365.07	-33.08	26.53	-12.077	94.985	5.015	30.05	Driving
1/1/2026 17:52	Driving	48.902	365.03	-33	26.54	-12.046	94.985	5.015	30.31	Driving
1/1/2026 17:52	Driving	48.839	364.98	-32.92	26.54	-12.015	94.985	5.015	30.57	Driving
1/1/2026 17:52	Driving	48.776	364.94	-32.84	26.55	-11.985	94.985	5.015	30.83	Driving
1/1/2026 17:52	Driving	48.713	364.9	-32.76	26.55	-11.954	94.985	5.015	31.1	Driving
1/1/2026 17:52	Driving	48.651	364.85	-32.68	26.55	-11.923	94.985	5.015	31.37	Driving
1/1/2026 17:53	Driving	48.588	364.81	-32.59	26.56	-11.889	94.985	5.015	31.64	Driving
1/1/2026 17:53	Driving	48.526	364.77	-32.51	26.56	-11.859	94.985	5.015	31.91	Driving
1/1/2026 17:53	Driving	48.464	364.73	-32.43	26.57	-11.828	94.985	5.015	32.18	Driving
1/1/2026 17:53	Driving	48.402	364.68	-32.35	26.57	-11.797	94.985	5.015	32.45	Driving
1/1/2026 17:53	Driving	48.34	364.64	-32.27	26.57	-11.767	94.985	5.015	32.72	Driving
1/1/2026 17:53	Driving	48.279	364.6	-32.19	26.58	-11.736	94.985	5.015	32.99	Driving
1/1/2026 17:54	Driving	48.217	364.56	-32.11	26.58	-11.706	94.985	5.015	33.25	Driving
1/1/2026 17:54	Driving	48.156	364.52	-32.03	26.59	-11.676	94.985	5.015	33.52	Driving
1/1/2026 17:54	Driving	48.094	364.47	-31.95	26.59	-11.645	94.985	5.015	33.78	Driving
1/1/2026 17:54	Driving	48.033	364.43	-31.87	26.59	-11.614	94.985	5.015	34.03	Driving
1/1/2026 17:54	Driving	47.973	364.39	-31.79	26.6	-11.584	94.985	5.015	34.29	Driving
1/1/2026 17:54	Driving	47.912	364.35	-31.72	26.6	-11.557	94.985	5.015	34.53	Driving
1/1/2026 17:55	Driving	47.851	364.31	-31.64	26.61	-11.527	94.985	5.015	34.78	Driving
1/1/2026 17:55	Driving	47.791	364.27	-31.56	26.61	-11.496	94.985	5.015	35.01	Driving
1/1/2026 17:55	Driving	47.731	364.22	-31.48	26.61	-11.466	94.985	5.015	35.24	Driving
1/1/2026 17:55	Driving	47.67	364.18	-31.4	26.62	-11.435	94.985	5.015	35.47	Driving
1/1/2026 17:55	Driving	47.61	364.14	-31.33	26.62	-11.409	94.985	5.015	35.69	Driving
1/1/2026 17:55	Driving	47.551	364.1	-31.25	26.63	-11.378	94.985	5.015	35.89	Driving
1/1/2026 17:56	Driving	47.491	364.06	-31.17	26.63	-11.348	94.985	5.015	36.1	Driving
1/1/2026 17:56	Driving	47.431	364.02	-31.09	26.63	-11.317	94.985	5.015	36.29	Driving
1/1/2026 17:56	Driving	47.372	363.98	-31.02	26.64	-11.291	94.985	5.015	36.47	Driving
1/1/2026 17:56	Driving	47.313	363.94	-30.94	26.64	-11.26	94.985	5.015	36.65	Driving
1/1/2026 17:56	Driving	47.254	363.9	-30.87	26.65	-11.234	94.985	5.015	36.82	Driving
1/1/2026 17:56	Driving	47.195	363.86	-30.79	26.65	-11.203	94.985	5.015	36.97	Driving
1/1/2026 17:57	Driving	47.136	363.82	-30.71	26.65	-11.173	94.985	5.015	37.12	Driving
1/1/2026 17:57	Driving	47.077	363.78	-30.64	26.66	-11.146	94.985	5.015	37.26	Driving
1/1/2026 17:57	Driving	47.019	363.74	-30.56	26.66	-11.116	94.985	5.015	37.38	Driving
1/1/2026 17:57	Driving	46.96	363.7	-30.49	26.67	-11.089	94.985	5.015	37.49	Driving
1/1/2026 17:57	Driving	46.902	363.66	-30.42	26.67	-11.063	94.985	5.015	37.6	Driving
1/1/2026 17:57	Driving	46.844	363.62	-30.34	26.67	-11.032	94.985	5.015	37.69	Driving
1/1/2026 17:58	Driving	46.786	363.58	-30.27	26.68	-11.006	94.985	5.015	37.77	Driving
1/1/2026 17:58	Driving	46.728	363.54	-30.19	26.68	-10.975	94.985	5.015	37.84	Driving
1/1/2026 17:58	Driving	46.67	363.5	-30.12	26.69	-10.949	94.985	5.015	37.89	Driving
1/1/2026 17:58	Driving	46.613	363.46	-30.05	26.69	-10.922	94.985	5.015	37.94	Driving
1/1/2026 17:58	Driving	46.556	363.42	-29.98	26.69	-10.895	94.985	5.015	37.97	Driving
1/1/2026 17:58	Driving	46.498	363.38	-29.91	26.7	-10.869	94.985	5.015	37.99	Driving
1/1/2026 17:59	Driving	46.441	363.34	-29.83	26.7	-10.838	94.985	5.015	38	Driving
1/1/2026 17:59	Driving	46.384	363.3	-29.76	26.71	-10.812	94.985	5.015	38	Driving
1/1/2026 17:59	Driving	46.327	363.26	-29.69	26.71	-10.785	94.985	5.015	37.98	Driving
1/1/2026 17:59	Driving	46.271	363.22	-29.62	26.71	-10.759	94.985	5.015	37.95	Driving
1/1/2026 17:59	Driving	46.214	363.18	-29.55	26.72	-10.732	94.985	5.015	37.91	Driving
1/1/2026 17:59	Driving	46.158	363.14	-29.48	26.72	-10.705	94.985	5.015	37.86	Driving
1/1/2026 18:00	Driving	46.101	363.11	-29.41	26.73	-10.679	94.985	5.015	37.79	Driving
1/1/2026 18:00	Driving	46.045	363.07	-29.34	26.73	-10.652	94.985	5.015	37.72	Driving
1/1/2026 18:00	Driving	45.989	363.03	-29.27	26.73	-10.626	94.985	5.015	37.63	Driving
1/1/2026 18:00	Driving	45.933	362.99	-29.21	26.74	-10.603	94.985	5.015	37.53	Driving
1/1/2026 18:00	Driving	45.877	362.95	-29.14	26.74	-10.576	94.985	5.015	37.42	Driving
1/1/2026 18:00	Driving	45.822	362.91	-29.07	26.75	-10.55	94.985	5.015	37.3	Driving
1/1/2026 18:01	Driving	45.766	362.87	-29	26.75	-10.523	94.985	5.015	37.17	Driving
1/1/2026 18:01	Driving	45.711	362.84	-28.94	26.75	-10.501	94.985	5.015	37.02	Driving
1/1/2026 18:01	Driving	45.655	362.8	-28.87	26.76	-10.474	94.985	5.015	36.87	Driving
1/1/2026 18:01	Driving	45.6	362.76	-28.81	26.76	-10.451	94.985	5.015	36.71	Driving
1/1/2026 18:01	Driving	45.545	362.72	-28.74	26.77	-10.425	94.985	5.015	36.53	Driving
1/1/2026 18:01	Driving	45.49	362.68	-28.68	26.77	-10.402	94.985	5.015	36.35	Driving
1/1/2026 18:02	Driving	45.435	362.65	-28.61	26.77	-10.375	94.985	5.015	36.16	Driving
1/1/2026 18:02	Driving	45.381	362.61	-28.55	26.78	-10.353	94.985	5.015	35.96	Driving
1/1/2026 18:02	Driving	45.326	362.57	-28.48	26.78	-10.326	94.985	5.015	35.76	Driving
1/1/2026 18:02	Driving	45.272	362.53	-28.42	26.79	-10.303	94.985	5.015	35.54	Driving
1/1/2026 18:02	Driving	45.217	362.5	-28.36	26.79	-10.28	94.985	5.015	35.32	Driving
1/1/2026 18:02	Driving	45.163	362.46	-28.3	26.79	-10.258	94.985	5.015	35.09	Driving
1/1/2026 18:03	Driving	45.109	362.42	-28.24	26.8	-10.235	94.985	5.015	34.86	Driving
1/1/2026 18:03	Driving	45.055	362.38	-28.17	26.8	-10.208	94.985	5.015	34.61	Driving
1/1/2026 18:03	Driving	45.001	362.35	-28.11	26.81	-10.186	94.985	5.015	34.37	Driving
1/1/2026 18:03	Driving	44.948	362.31	-28.05	26.81	-10.163	94.985	5.015	34.12	Driving
1/1/2026 18:03	Driving	44.894	362.27	-27.99	26.81	-10.14	94.985	5.015	33.86	Driving
1/1/2026 18:03	Driving	44.841	362.23	-27.93	26.82	-10.117	94.985	5.015	33.6	Driving
1/1/2026 18:04	Driving	44.787	362.2	-27.88	26.82	-10.098	94.985	5.015	33.34	Driving
1/1/2026 18:04	Driving	44.734	362.16	-27.82	26.83	-10.075	94.985	5.015	33.08	Driving
1/1/2026 18:04	Driving	44.681	362.12	-27.76	26.83	-10.052	94.985	5.015	32.81	Driving
1/1/2026 18:04	Driving	44.628	362.09	-27.7	26.83	-10.03	94.985	5.015	32.54	Driving
1/1/2026 18:04	Driving	44.575	362.05	-27.65	26.84	-10.011	94.985	5.015	32.27	Driving
1/1/2026 18:04	Driving	44.522	362.01	-27.59	26.84	-9.988	94.985	5.015	32	Driving
1/1/2026 18:05	Driving	44.469	361.98	-12	26.85	-9.965	94.985	5.015	18	Parking
1/1/2026 18:05	Driving	44.417	361.94	-11.799	26.85	-9.946	94.985	5.015	17.69	Parking
1/1/2026 18:05	Driving	44.364	361.9	-11.598	26.85	-9.923	94.985	5.015	17.39	Parking
1/1/2026 18:05	Driving	44.312	361.87	-11.397	26.86	-9.904	94.985	5.015	17.08	Parking
1/1/2026 18:05	Driving	44.259	361.83	-11.197	26.86	-9.885	94.985	5.015	16.78	Parking
1/1/2026 18:05	Driving	44.207	361.79	-10.996	26.87	-9.862	94.985	5.015	16.47	Parking
1/1/2026 18:06	Driving	44.155	361.76	-10.795	26.87	-9.843	94.985	5.015	16.17	Parking
1/1/2026 18:06	Driving	44.103	361.72	-10.594	26.87	-9.824	94.985	5.015	15.86	Parking
1/1/2026 18:06	Driving	44.051	361.68	-10.393	26.88	-9.805	94.985	5.015	15.56	Parking
1/1/2026 18:06	Driving	43.999	361.65	-10.192	26.88	-9.786	94.985	5.015	15.25	Parking
1/1/2026 18:06	Driving	43.948	361.61	-9.992	26.89	-9.767	94.985	5.015	14.95	Parking
1/1/2026 18:06	Driving	43.896	361.57	-9.791	26.89	-9.748	94.985	5.015	14.64	Parking
1/1/2026 18:07	Driving	43.845	361.54	-9.59	26.89	-9.729	94.985	5.015	14.34	Parking
1/1/2026 18:07	Driving	43.793	361.5	-9.389	26.9	-9.71	94.985	5.015	14.03	Parking
1/1/2026 18:07	Driving	43.742	361.47	-9.188	26.9	-9.691	94.985	5.015	13.73	Parking
1/1/2026 18:07	Driving	43.69	361.43	-8.987	26.91	-9.672	94.985	5.015	13.42	Parking
1/1/2026 18:07	Driving	43.639	361.39	-8.786	26.91	-9.656	94.985	5.015	13.12	Parking
1/1/2026 18:07	Driving	43.588	361.36	-8.586	26.91	-9.637	94.985	5.015	12.81	Parking
1/1/2026 18:08	Driving	43.537	361.32	-8.385	26.92	-9.618	94.985	5.015	12.51	Parking
1/1/2026 18:08	Driving	43.486	361.29	-8.184	26.92	-9.603	94.985	5.015	12.2	Parking
1/1/2026 18:08	Driving	43.436	361.25	-7.983	26.93	-9.584	94.985	5.015	11.9	Parking
1/1/2026 18:08	Driving	43.385	361.21	-7.782	26.93	-9.568	94.985	5.015	11.59	Parking
1/1/2026 18:08	Driving	43.334	361.18	-7.581	26.93	-9.553	94.985	5.015	11.29	Parking
1/1/2026 18:08	Driving	43.284	361.14	-7.381	26.94	-9.534	94.985	5.015	10.98	Parking
1/1/2026 18:09	Driving	43.233	361.11	-7.18	26.94	-9.519	94.985	5.015	10.68	Parking
1/1/2026 18:09	Driving	43.183	361.07	-6.979	26.95	-9.503	94.985	5.015	10.37	Parking
1/1/2026 18:09	Driving	43.132	361.04	-6.778	26.95	-9.488	94.985	5.015	10.07	Parking
1/1/2026 18:09	Driving	43.082	361	-6.577	26.95	-9.473	94.985	5.015	9.76	Parking
1/1/2026 18:09	Driving	43.032	360.96	-6.376	26.96	-9.457	94.985	5.015	9.46	Parking
1/1/2026 18:09	Driving	42.982	360.93	-6.175	26.96	-9.442	94.985	5.015	9.15	Parking
1/1/2026 18:10	Driving	42.932	360.89	-5.975	26.97	-9.426	94.985	5.015	8.85	Parking
1/1/2026 18:10	Driving	42.882	360.86	-5.774	26.97	-9.411	94.985	5.015	8.54	Parking
1/1/2026 18:10	Driving	42.832	360.82	-5.573	26.97	-9.396	94.985	5.015	8.24	Parking
1/1/2026 18:10	Driving	42.782	360.79	-5.372	26.98	-9.384	94.985	5.015	7.93	Parking
1/1/2026 18:10	Driving	42.733	360.75	-5.171	26.98	-9.369	94.985	5.015	7.63	Parking
1/1/2026 18:10	Driving	42.683	360.72	-4.97	26.99	-9.357	94.985	5.015	7.32	Parking
1/1/2026 18:11	Driving	42.633	360.68	-4.769	26.99	-9.342	94.985	5.015	7.02	Parking
1/1/2026 18:11	Driving	42.584	360.64	-4.569	26.99	-9.33	94.985	5.015	6.71	Parking
1/1/2026 18:11	Driving	42.534	360.61	-4.368	27	-9.315	94.985	5.015	6.41	Parking
1/1/2026 18:11	Driving	42.485	360.57	-4.167	27	-9.303	94.985	5.015	6.1	Parking
1/1/2026 18:11	Driving	42.436	360.54	-3.966	27.01	-9.291	94.985	5.015	5.8	Parking
1/1/2026 18:11	Driving	42.386	360.5	-3.765	27.01	-9.279	94.985	5.015	5.49	Parking
1/1/2026 18:12	Driving	42.337	360.47	-3.564	27.01	-9.268	94.985	5.015	5.19	Parking
1/1/2026 18:12	Driving	42.288	360.43	-3.364	27.02	-9.256	94.985	5.015	4.88	Parking
1/1/2026 18:12	Driving	42.239	360.4	-3.163	27.02	-9.244	94.985	5.015	4.58	Parking
1/1/2026 18:12	Driving	42.19	360.36	-2.962	27.03	-9.232	94.985	5.015	4.27	Parking
1/1/2026 18:12	Driving	42.141	360.33	-2.761	27.03	-9.221	94.985	5.015	3.97	Parking
1/1/2026 18:12	Driving	42.092	360.29	-2.56	27.03	-9.209	94.985	5.015	3.66	Parking
1/1/2026 18:13	Driving	42.043	360.26	-2.359	27.04	-9.197	94.985	5.015	3.36	Parking
1/1/2026 18:13	Driving	41.994	360.22	-2.158	27.04	-9.189	94.985	5.015	3.05	Parking
1/1/2026 18:13	Driving	41.945	360.18	-1.958	27.05	-9.177	94.985	5.015	2.75	Parking
1/1/2026 18:13	Driving	41.897	360.15	-1.757	27.05	-9.169	94.985	5.015	2.44	Parking
1/1/2026 18:13	Driving	41.848	360.11	-1.556	27.05	-9.158	94.985	5.015	2.14	Parking
1/1/2026 18:13	Driving	41.799	360.08	-1.355	27.06	-9.15	94.985	5.015	1.83	Parking
1/1/2026 18:14	Driving	41.751	360.04	-1.154	27.06	-9.138	94.985	5.015	1.53	Parking
1/1/2026 18:14	Driving	41.702	360.01	-0.953	27.07	-9.13	94.985	5.015	1.22	Parking
1/1/2026 18:14	Driving	41.653	359.97	-0.753	27.07	-9.122	94.985	5.015	0.92	Parking
1/1/2026 18:14	Driving	41.605	359.94	-0.552	27.07	-9.114	94.985	5.015	0.61	Parking
1/1/2026 18:14	Driving	41.557	359.9	-0.351	27.08	-9.105	94.985	5.015	0.31	Parking
1/1/2026 18:14	Driving	41.508	359.87	-0.15	27.08	-9.098	94.985	5.015	0	Parking
1/1/2026 18:15	Idle	41.508	361.12	-0.15	27.08	-0.043	94.985	5.015	0	Parked
1/1/2026 18:15	Idle	41.508	361.12	-0.15	27.08	-0.043	94.985	5.015	0	Parked
1/1/2026 18:15	Idle	41.507	361.12	-0.15	27.08	-0.043	94.985	5.015	0	Parked
1/1/2026 18:15	Idle	41.507	361.12	-0.15	27.07	-0.043	94.985	5.015	0	Parked
1/1/2026 18:15	Idle	41.507	361.12	-0.15	27.07	-0.043	94.985	5.015	0	Parked
1/1/2026 18:15	Idle	41.507	361.12	-0.15	27.07	-0.043	94.985	5.015	0	Parked
1/1/2026 18:16	Idle	41.507	361.12	-0.15	27.07	-0.043	94.985	5.015	0	Parked
1/1/2026 18:16	Idle	41.506	361.12	-0.15	27.06	-0.043	94.985	5.015	0	Parked
1/1/2026 18:16	Idle	41.506	361.12	-0.15	27.06	-0.043	94.985	5.015	0	Parked
1/1/2026 18:16	Idle	41.506	361.12	-0.15	27.06	-0.043	94.985	5.015	0	Parked
1/1/2026 18:16	Idle	41.506	361.12	-0.15	27.06	-0.043	94.985	5.015	0	Parked
1/1/2026 18:16	Idle	41.505	361.12	-0.15	27.06	-0.043	94.985	5.015	0	Parked
1/1/2026 18:17	Idle	41.505	361.12	-0.15	27.05	-0.043	94.985	5.015	0	Parked
1/1/2026 18:17	Idle	41.505	361.12	-0.15	27.05	-0.043	94.985	5.015	0	Parked
1/1/2026 18:17	Idle	41.505	361.12	-0.15	27.05	-0.043	94.985	5.015	0	Parked
1/1/2026 18:17	Idle	41.504	361.12	-0.15	27.05	-0.043	94.985	5.015	0	Parked
1/1/2026 18:17	Idle	41.504	361.12	-0.15	27.05	-0.043	94.985	5.015	0	Parked
1/1/2026 18:17	Idle	41.504	361.12	-0.15	27.04	-0.043	94.985	5.015	0	Parked
1/1/2026 18:18	Idle	41.504	361.12	-0.15	27.04	-0.043	94.985	5.015	0	Parked
1/1/2026 18:18	Idle	41.504	361.12	-0.15	27.04	-0.043	94.985	5.015	0	Parked
1/1/2026 18:18	Idle	41.503	361.12	-0.15	27.04	-0.043	94.985	5.015	0	Parked
1/1/2026 18:18	Idle	41.503	361.12	-0.15	27.03	-0.043	94.985	5.015	0	Parked
1/1/2026 18:18	Idle	41.503	361.12	-0.15	27.03	-0.043	94.985	5.015	0	Parked
1/1/2026 18:18	Idle	41.503	361.12	-0.15	27.03	-0.043	94.985	5.015	0	Parked
1/1/2026 18:19	Idle	41.502	361.12	-0.15	27.03	-0.043	94.985	5.015	0	Parked
1/1/2026 18:19	Idle	41.502	361.12	-0.15	27.03	-0.043	94.985	5.015	0	Parked
1/1/2026 18:19	Idle	41.502	361.12	-0.15	27.02	-0.043	94.985	5.015	0	Parked
1/1/2026 18:19	Idle	41.502	361.12	-0.15	27.02	-0.043	94.985	5.015	0	Parked
1/1/2026 18:19	Idle	41.501	361.12	-0.15	27.02	-0.043	94.985	5.015	0	Parked
1/1/2026 18:19	Idle	41.501	361.12	-0.15	27.02	-0.043	94.985	5.015	0	Parked
1/1/2026 18:20	Idle	41.501	361.12	-0.15	27.02	-0.043	94.985	5.015	0	Parked
1/1/2026 18:20	Idle	41.501	361.12	-0.15	27.01	-0.043	94.985	5.015	0	Parked
1/1/2026 18:20	Idle	41.501	361.12	-0.15	27.01	-0.043	94.985	5.015	0	Parked
1/1/2026 18:20	Idle	41.5	361.12	-0.15	27.01	-0.043	94.985	5.015	0	Parked
1/1/2026 18:20	Idle	41.5	361.12	-0.15	27.01	-0.043	94.985	5.015	0	Parked
1/1/2026 18:20	Idle	41.5	361.12	-0.15	27.01	-0.043	94.985	5.015	0	Parked
1/1/2026 18:21	Idle	41.5	361.12	-0.15	27	-0.043	94.985	5.015	0	Parked
1/1/2026 18:21	Idle	41.499	361.12	-0.15	27	-0.043	94.985	5.015	0	Parked
1/1/2026 18:21	Idle	41.499	361.12	-0.15	27	-0.043	94.985	5.015	0	Parked
1/1/2026 18:21	Idle	41.499	361.12	-0.15	27	-0.043	94.985	5.015	0	Parked
1/1/2026 18:21	Idle	41.499	361.12	-0.15	27	-0.043	94.985	5.015	0	Parked
1/1/2026 18:21	Idle	41.499	361.12	-0.15	26.99	-0.043	94.985	5.015	0	Parked
1/1/2026 18:22	Idle	41.498	361.12	-0.15	26.99	-0.043	94.985	5.015	0	Parked
1/1/2026 18:22	Idle	41.498	361.12	-0.15	26.99	-0.043	94.985	5.015	0	Parked
1/1/2026 18:22	Idle	41.498	361.12	-0.15	26.99	-0.043	94.985	5.015	0	Parked
1/1/2026 18:22	Idle	41.498	361.12	-0.15	26.99	-0.043	94.985	5.015	0	Parked
1/1/2026 18:22	Idle	41.497	361.12	-0.15	26.98	-0.043	94.985	5.015	0	Parked
1/1/2026 18:22	Idle	41.497	361.12	-0.15	26.98	-0.043	94.985	5.015	0	Parked
1/1/2026 18:23	Idle	41.497	361.12	-0.15	26.98	-0.043	94.985	5.015	0	Parked
1/1/2026 18:23	Idle	41.497	361.12	-0.15	26.98	-0.043	94.985	5.015	0	Parked
1/1/2026 18:23	Idle	41.496	361.12	-0.15	26.98	-0.043	94.985	5.015	0	Parked
1/1/2026 18:23	Idle	41.496	361.12	-0.15	26.97	-0.043	94.985	5.015	0	Parked
1/1/2026 18:23	Idle	41.496	361.12	-0.15	26.97	-0.043	94.985	5.015	0	Parked
1/1/2026 18:23	Idle	41.496	361.12	-0.15	26.97	-0.043	94.985	5.015	0	Parked
1/1/2026 18:24	Idle	41.496	361.12	-0.15	26.97	-0.043	94.985	5.015	0	Parked
1/1/2026 18:24	Idle	41.495	361.12	-0.15	26.97	-0.043	94.985	5.015	0	Parked
1/1/2026 18:24	Idle	41.495	361.12	-0.15	26.96	-0.043	94.985	5.015	0	Parked
1/1/2026 18:24	Idle	41.495	361.12	-0.15	26.96	-0.043	94.985	5.015	0	Parked
1/1/2026 18:24	Idle	41.495	361.11	-0.15	26.96	-0.043	94.985	5.015	0	Parked
1/1/2026 18:24	Idle	41.494	361.11	-0.15	26.96	-0.043	94.985	5.015	0	Parked
1/1/2026 18:25	Idle	41.494	361.11	-0.15	26.96	-0.043	94.985	5.015	0	Parked
1/1/2026 18:25	Idle	41.494	361.11	-0.15	26.96	-0.043	94.985	5.015	0	Parked
1/1/2026 18:25	Idle	41.494	361.11	-0.15	26.95	-0.043	94.985	5.015	0	Parked
1/1/2026 18:25	Idle	41.493	361.11	-0.15	26.95	-0.043	94.985	5.015	0	Parked
1/1/2026 18:25	Idle	41.493	361.11	-0.15	26.95	-0.043	94.985	5.015	0	Parked
1/1/2026 18:25	Idle	41.493	361.11	-0.15	26.95	-0.043	94.985	5.015	0	Parked
1/1/2026 18:26	Idle	41.493	361.11	-0.15	26.95	-0.043	94.985	5.015	0	Parked
1/1/2026 18:26	Idle	41.493	361.11	-0.15	26.94	-0.043	94.985	5.015	0	Parked
1/1/2026 18:26	Idle	41.492	361.11	-0.15	26.94	-0.043	94.985	5.015	0	Parked
1/1/2026 18:26	Idle	41.492	361.11	-0.15	26.94	-0.043	94.985	5.015	0	Parked
1/1/2026 18:26	Idle	41.492	361.11	-0.15	26.94	-0.043	94.985	5.015	0	Parked
1/1/2026 18:26	Idle	41.492	361.11	-0.15	26.94	-0.043	94.985	5.015	0	Parked
1/1/2026 18:27	Idle	41.491	361.11	-0.15	26.93	-0.043	94.985	5.015	0	Parked
1/1/2026 18:27	Idle	41.491	361.11	-0.15	26.93	-0.043	94.985	5.015	0	Parked
1/1/2026 18:27	Idle	41.491	361.11	-0.15	26.93	-0.043	94.985	5.015	0	Parked
1/1/2026 18:27	Idle	41.491	361.11	-0.15	26.93	-0.043	94.985	5.015	0	Parked
1/1/2026 18:27	Idle	41.49	361.11	-0.15	26.93	-0.043	94.985	5.015	0	Parked
1/1/2026 18:27	Idle	41.49	361.11	-0.15	26.93	-0.043	94.985	5.015	0	Parked
1/1/2026 18:28	Idle	41.49	361.11	-0.15	26.92	-0.043	94.985	5.015	0	Parked
1/1/2026 18:28	Idle	41.49	361.11	-0.15	26.92	-0.043	94.985	5.015	0	Parked
1/1/2026 18:28	Idle	41.49	361.11	-0.15	26.92	-0.043	94.985	5.015	0	Parked
1/1/2026 18:28	Idle	41.489	361.11	-0.15	26.92	-0.043	94.985	5.015	0	Parked
1/1/2026 18:28	Idle	41.489	361.11	-0.15	26.92	-0.043	94.985	5.015	0	Parked
1/1/2026 18:28	Idle	41.489	361.11	-0.15	26.91	-0.043	94.985	5.015	0	Parked
1/1/2026 18:29	Idle	41.489	361.11	-0.15	26.91	-0.043	94.985	5.015	0	Parked
1/1/2026 18:29	Idle	41.488	361.11	-0.15	26.91	-0.043	94.985	5.015	0	Parked
1/1/2026 18:29	Idle	41.488	361.11	-0.15	26.91	-0.043	94.985	5.015	0	Parked
1/1/2026 18:29	Idle	41.488	361.11	-0.15	26.91	-0.043	94.985	5.015	0	Parked
1/1/2026 18:29	Idle	41.488	361.11	-0.15	26.91	-0.043	94.985	5.015	0	Parked
1/1/2026 18:29	Idle	41.487	361.11	-0.15	26.9	-0.043	94.985	5.015	0	Parked
1/1/2026 18:30	Idle	41.487	361.11	-0.15	26.9	-0.043	94.985	5.015	0	Parked
1/1/2026 18:30	Idle	41.487	361.11	-0.15	26.9	-0.043	94.985	5.015	0	Parked
1/1/2026 18:30	Idle	41.487	361.11	-0.15	26.9	-0.043	94.985	5.015	0	Parked
1/1/2026 18:30	Idle	41.487	361.11	-0.15	26.9	-0.043	94.985	5.015	0	Parked
1/1/2026 18:30	Idle	41.486	361.11	-0.15	26.89	-0.043	94.985	5.015	0	Parked
1/1/2026 18:30	Idle	41.486	361.11	-0.15	26.89	-0.043	94.985	5.015	0	Parked
1/1/2026 18:31	Idle	41.486	361.11	-0.15	26.89	-0.043	94.985	5.015	0	Parked
1/1/2026 18:31	Idle	41.486	361.11	-0.15	26.89	-0.043	94.985	5.015	0	Parked
1/1/2026 18:31	Idle	41.485	361.11	-0.15	26.89	-0.043	94.985	5.015	0	Parked
1/1/2026 18:31	Idle	41.485	361.11	-0.15	26.89	-0.043	94.985	5.015	0	Parked
1/1/2026 18:31	Idle	41.485	361.11	-0.15	26.88	-0.043	94.985	5.015	0	Parked
1/1/2026 18:31	Idle	41.485	361.11	-0.15	26.88	-0.043	94.985	5.015	0	Parked
1/1/2026 18:32	Idle	41.484	361.11	-0.15	26.88	-0.043	94.985	5.015	0	Parked
1/1/2026 18:32	Idle	41.484	361.11	-0.15	26.88	-0.043	94.985	5.015	0	Parked
1/1/2026 18:32	Idle	41.484	361.11	-0.15	26.88	-0.043	94.985	5.015	0	Parked
1/1/2026 18:32	Idle	41.484	361.11	-0.15	26.87	-0.043	94.985	5.015	0	Parked
1/1/2026 18:32	Idle	41.484	361.11	-0.15	26.87	-0.043	94.985	5.015	0	Parked
1/1/2026 18:32	Idle	41.483	361.11	-0.15	26.87	-0.043	94.985	5.015	0	Parked
1/1/2026 18:33	Idle	41.483	361.11	-0.15	26.87	-0.043	94.985	5.015	0	Parked
1/1/2026 18:33	Idle	41.483	361.11	-0.15	26.87	-0.043	94.985	5.015	0	Parked
1/1/2026 18:33	Idle	41.483	361.11	-0.15	26.87	-0.043	94.985	5.015	0	Parked
1/1/2026 18:33	Idle	41.482	361.11	-0.15	26.86	-0.043	94.985	5.015	0	Parked
1/1/2026 18:33	Idle	41.482	361.11	-0.15	26.86	-0.043	94.985	5.015	0	Parked
1/1/2026 18:33	Idle	41.482	361.11	-0.15	26.86	-0.043	94.985	5.015	0	Parked
1/1/2026 18:34	Idle	41.482	361.11	-0.15	26.86	-0.043	94.985	5.015	0	Parked
1/1/2026 18:34	Idle	41.481	361.11	-0.15	26.86	-0.043	94.985	5.015	0	Parked
1/1/2026 18:34	Idle	41.481	361.1	-0.15	26.86	-0.043	94.985	5.015	0	Parked
1/1/2026 18:34	Idle	41.481	361.1	-0.15	26.85	-0.043	94.985	5.015	0	Parked
1/1/2026 18:34	Idle	41.481	361.1	-0.15	26.85	-0.043	94.985	5.015	0	Parked
1/1/2026 18:34	Idle	41.481	361.1	-0.15	26.85	-0.043	94.985	5.015	0	Parked
1/1/2026 18:35	Idle	41.48	361.1	-0.15	26.85	-0.043	94.985	5.015	0	Parked
1/1/2026 18:35	Idle	41.48	361.1	-0.15	26.85	-0.043	94.985	5.015	0	Parked
1/1/2026 18:35	Idle	41.48	361.1	-0.15	26.85	-0.043	94.985	5.015	0	Parked
1/1/2026 18:35	Idle	41.48	361.1	-0.15	26.84	-0.043	94.985	5.015	0	Parked
1/1/2026 18:35	Idle	41.479	361.1	-0.15	26.84	-0.043	94.985	5.015	0	Parked
1/1/2026 18:35	Idle	41.479	361.1	-0.15	26.84	-0.043	94.985	5.015	0	Parked
1/1/2026 18:36	Idle	41.479	361.1	-0.15	26.84	-0.043	94.984	5.016	0	Parked
1/1/2026 18:36	Idle	41.479	361.1	-0.15	26.84	-0.043	94.984	5.016	0	Parked
1/1/2026 18:36	Idle	41.479	361.1	-0.15	26.84	-0.043	94.984	5.016	0	Parked
1/1/2026 18:36	Idle	41.478	361.1	-0.15	26.83	-0.043	94.984	5.016	0	Parked
1/1/2026 18:36	Idle	41.478	361.1	-0.15	26.83	-0.043	94.984	5.016	0	Parked
1/1/2026 18:36	Idle	41.478	361.1	-0.15	26.83	-0.043	94.984	5.016	0	Parked
1/1/2026 18:37	Idle	41.478	361.1	-0.15	26.83	-0.043	94.984	5.016	0	Parked
1/1/2026 18:37	Idle	41.477	361.1	-0.15	26.83	-0.043	94.984	5.016	0	Parked
1/1/2026 18:37	Idle	41.477	361.1	-0.15	26.83	-0.043	94.984	5.016	0	Parked
1/1/2026 18:37	Idle	41.477	361.1	-0.15	26.82	-0.043	94.984	5.016	0	Parked
1/1/2026 18:37	Idle	41.477	361.1	-0.15	26.82	-0.043	94.984	5.016	0	Parked
1/1/2026 18:37	Idle	41.476	361.1	-0.15	26.82	-0.043	94.984	5.016	0	Parked
1/1/2026 18:38	Idle	41.476	361.1	-0.15	26.82	-0.043	94.984	5.016	0	Parked
1/1/2026 18:38	Idle	41.476	361.1	-0.15	26.82	-0.043	94.984	5.016	0	Parked
1/1/2026 18:38	Idle	41.476	361.1	-0.15	26.82	-0.043	94.984	5.016	0	Parked
1/1/2026 18:38	Idle	41.476	361.1	-0.15	26.81	-0.043	94.984	5.016	0	Parked
1/1/2026 18:38	Idle	41.475	361.1	-0.15	26.81	-0.043	94.984	5.016	0	Parked
1/1/2026 18:38	Idle	41.475	361.1	-0.15	26.81	-0.043	94.984	5.016	0	Parked
1/1/2026 18:39	Idle	41.475	361.1	-0.15	26.81	-0.043	94.984	5.016	0	Parked
1/1/2026 18:39	Idle	41.475	361.1	-0.15	26.81	-0.043	94.984	5.016	0	Parked
1/1/2026 18:39	Idle	41.474	361.1	-0.15	26.81	-0.043	94.984	5.016	0	Parked
1/1/2026 18:39	Idle	41.474	361.1	-0.15	26.8	-0.043	94.984	5.016	0	Parked
1/1/2026 18:39	Idle	41.474	361.1	-0.15	26.8	-0.043	94.984	5.016	0	Parked
1/1/2026 18:39	Idle	41.474	361.1	-0.15	26.8	-0.043	94.984	5.016	0	Parked
1/1/2026 18:40	Idle	41.473	361.1	-0.15	26.8	-0.043	94.984	5.016	0	Parked
1/1/2026 18:40	Idle	41.473	361.1	-0.15	26.8	-0.043	94.984	5.016	0	Parked
1/1/2026 18:40	Idle	41.473	361.1	-0.15	26.8	-0.043	94.984	5.016	0	Parked
1/1/2026 18:40	Idle	41.473	361.1	-0.15	26.79	-0.043	94.984	5.016	0	Parked
1/1/2026 18:40	Idle	41.473	361.1	-0.15	26.79	-0.043	94.984	5.016	0	Parked
1/1/2026 18:40	Idle	41.472	361.1	-0.15	26.79	-0.043	94.984	5.016	0	Parked
1/1/2026 18:41	Idle	41.472	361.1	-0.15	26.79	-0.043	94.984	5.016	0	Parked
1/1/2026 18:41	Idle	41.472	361.1	-0.15	26.79	-0.043	94.984	5.016	0	Parked
1/1/2026 18:41	Idle	41.472	361.1	-0.15	26.79	-0.043	94.984	5.016	0	Parked
1/1/2026 18:41	Idle	41.471	361.1	-0.15	26.79	-0.043	94.984	5.016	0	Parked
1/1/2026 18:41	Idle	41.471	361.1	-0.15	26.78	-0.043	94.984	5.016	0	Parked
1/1/2026 18:41	Idle	41.471	361.1	-0.15	26.78	-0.043	94.984	5.016	0	Parked
1/1/2026 18:42	Idle	41.471	361.1	-0.15	26.78	-0.043	94.984	5.016	0	Parked
1/1/2026 18:42	Idle	41.47	361.1	-0.15	26.78	-0.043	94.984	5.016	0	Parked
1/1/2026 18:42	Idle	41.47	361.1	-0.15	26.78	-0.043	94.984	5.016	0	Parked
1/1/2026 18:42	Idle	41.47	361.1	-0.15	26.78	-0.043	94.984	5.016	0	Parked
1/1/2026 18:42	Idle	41.47	361.1	-0.15	26.77	-0.043	94.984	5.016	0	Parked
1/1/2026 18:42	Idle	41.47	361.1	-0.15	26.77	-0.043	94.984	5.016	0	Parked
1/1/2026 18:43	Idle	41.469	361.1	-0.15	26.77	-0.043	94.984	5.016	0	Parked
1/1/2026 18:43	Idle	41.469	361.1	-0.15	26.77	-0.043	94.984	5.016	0	Parked
1/1/2026 18:43	Idle	41.469	361.1	-0.15	26.77	-0.043	94.984	5.016	0	Parked
1/1/2026 18:43	Idle	41.469	361.1	-0.15	26.77	-0.043	94.984	5.016	0	Parked
1/1/2026 18:43	Idle	41.468	361.1	-0.15	26.76	-0.043	94.984	5.016	0	Parked
1/1/2026 18:43	Idle	41.468	361.1	-0.15	26.76	-0.043	94.984	5.016	0	Parked
1/1/2026 18:44	Idle	41.468	361.09	-0.15	26.76	-0.043	94.984	5.016	0	Parked
1/1/2026 18:44	Idle	41.468	361.09	-0.15	26.76	-0.043	94.984	5.016	0	Parked
1/1/2026 18:44	Idle	41.467	361.09	-0.15	26.76	-0.043	94.984	5.016	0	Parked
1/1/2026 18:44	Idle	41.467	361.09	-0.15	26.76	-0.043	94.984	5.016	0	Parked
1/1/2026 18:44	Idle	41.467	361.09	-0.15	26.76	-0.043	94.984	5.016	0	Parked
1/1/2026 18:44	Idle	41.467	361.09	-0.15	26.75	-0.043	94.984	5.016	0	Parked
1/1/2026 18:45	Idle	41.467	361.09	-0.15	26.75	-0.043	94.984	5.016	0	Parked
1/1/2026 18:45	Idle	41.466	361.09	-0.15	26.75	-0.043	94.984	5.016	0	Parked
1/1/2026 18:45	Idle	41.466	361.09	-0.15	26.75	-0.043	94.984	5.016	0	Parked
1/1/2026 18:45	Idle	41.466	361.09	-0.15	26.75	-0.043	94.984	5.016	0	Parked
1/1/2026 18:45	Idle	41.466	361.09	-0.15	26.75	-0.043	94.984	5.016	0	Parked
1/1/2026 18:45	Idle	41.465	361.09	-0.15	26.75	-0.043	94.984	5.016	0	Parked
1/1/2026 18:46	Idle	41.465	361.09	-0.15	26.74	-0.043	94.984	5.016	0	Parked
1/1/2026 18:46	Idle	41.465	361.09	-0.15	26.74	-0.043	94.984	5.016	0	Parked
1/1/2026 18:46	Idle	41.465	361.09	-0.15	26.74	-0.043	94.984	5.016	0	Parked
1/1/2026 18:46	Idle	41.464	361.09	-0.15	26.74	-0.043	94.984	5.016	0	Parked
1/1/2026 18:46	Idle	41.464	361.09	-0.15	26.74	-0.043	94.984	5.016	0	Parked
1/1/2026 18:46	Idle	41.464	361.09	-0.15	26.74	-0.043	94.984	5.016	0	Parked
1/1/2026 18:47	Idle	41.464	361.09	-0.15	26.73	-0.043	94.984	5.016	0	Parked
1/1/2026 18:47	Idle	41.464	361.09	-0.15	26.73	-0.043	94.984	5.016	0	Parked
1/1/2026 18:47	Idle	41.463	361.09	-0.15	26.73	-0.043	94.984	5.016	0	Parked
1/1/2026 18:47	Idle	41.463	361.09	-0.15	26.73	-0.043	94.984	5.016	0	Parked
1/1/2026 18:47	Idle	41.463	361.09	-0.15	26.73	-0.043	94.984	5.016	0	Parked
1/1/2026 18:47	Idle	41.463	361.09	-0.15	26.73	-0.043	94.984	5.016	0	Parked
1/1/2026 18:48	Idle	41.462	361.09	-0.15	26.73	-0.043	94.984	5.016	0	Parked
1/1/2026 18:48	Idle	41.462	361.09	-0.15	26.72	-0.043	94.984	5.016	0	Parked
1/1/2026 18:48	Idle	41.462	361.09	-0.15	26.72	-0.043	94.984	5.016	0	Parked
1/1/2026 18:48	Idle	41.462	361.09	-0.15	26.72	-0.043	94.984	5.016	0	Parked
1/1/2026 18:48	Idle	41.462	361.09	-0.15	26.72	-0.043	94.984	5.016	0	Parked
1/1/2026 18:48	Idle	41.461	361.09	-0.15	26.72	-0.043	94.984	5.016	0	Parked
1/1/2026 18:49	Idle	41.461	361.09	-0.15	26.72	-0.043	94.984	5.016	0	Parked
1/1/2026 18:49	Idle	41.461	361.09	-0.15	26.72	-0.043	94.984	5.016	0	Parked
1/1/2026 18:49	Idle	41.461	361.09	-0.15	26.71	-0.043	94.984	5.016	0	Parked
1/1/2026 18:49	Idle	41.46	361.09	-0.15	26.71	-0.043	94.984	5.016	0	Parked
1/1/2026 18:49	Idle	41.46	361.09	-0.15	26.71	-0.043	94.984	5.016	0	Parked
1/1/2026 18:49	Idle	41.46	361.09	-0.15	26.71	-0.043	94.984	5.016	0	Parked
1/1/2026 18:50	Idle	41.46	361.09	-0.15	26.71	-0.043	94.984	5.016	0	Parked
1/1/2026 18:50	Idle	41.459	361.09	-0.15	26.71	-0.043	94.984	5.016	0	Parked
1/1/2026 18:50	Idle	41.459	361.09	-0.15	26.71	-0.043	94.984	5.016	0	Parked
1/1/2026 18:50	Idle	41.459	361.09	-0.15	26.7	-0.043	94.984	5.016	0	Parked
1/1/2026 18:50	Idle	41.459	361.09	-0.15	26.7	-0.043	94.984	5.016	0	Parked
1/1/2026 18:50	Idle	41.459	361.09	-0.15	26.7	-0.043	94.984	5.016	0	Parked
1/1/2026 18:51	Idle	41.458	361.09	-0.15	26.7	-0.043	94.984	5.016	0	Parked
1/1/2026 18:51	Idle	41.458	361.09	-0.15	26.7	-0.043	94.984	5.016	0	Parked
1/1/2026 18:51	Idle	41.458	361.09	-0.15	26.7	-0.043	94.984	5.016	0	Parked
1/1/2026 18:51	Idle	41.458	361.09	-0.15	26.7	-0.043	94.984	5.016	0	Parked
1/1/2026 18:51	Idle	41.457	361.09	-0.15	26.69	-0.043	94.984	5.016	0	Parked
1/1/2026 18:51	Idle	41.457	361.09	-0.15	26.69	-0.043	94.984	5.016	0	Parked
1/1/2026 18:52	Idle	41.457	361.09	-0.15	26.69	-0.043	94.984	5.016	0	Parked
1/1/2026 18:52	Idle	41.457	361.09	-0.15	26.69	-0.043	94.984	5.016	0	Parked
1/1/2026 18:52	Idle	41.456	361.09	-0.15	26.69	-0.043	94.984	5.016	0	Parked
1/1/2026 18:52	Idle	41.456	361.09	-0.15	26.69	-0.043	94.984	5.016	0	Parked
1/1/2026 18:52	Idle	41.456	361.09	-0.15	26.69	-0.043	94.984	5.016	0	Parked
1/1/2026 18:52	Idle	41.456	361.09	-0.15	26.69	-0.043	94.984	5.016	0	Parked
1/1/2026 18:53	Idle	41.456	361.09	-0.15	26.68	-0.043	94.984	5.016	0	Parked
1/1/2026 18:53	Idle	41.455	361.09	-0.15	26.68	-0.043	94.984	5.016	0	Parked
1/1/2026 18:53	Idle	41.455	361.09	-0.15	26.68	-0.043	94.984	5.016	0	Parked
1/1/2026 18:53	Idle	41.455	361.09	-0.15	26.68	-0.043	94.984	5.016	0	Parked
1/1/2026 18:53	Idle	41.455	361.08	-0.15	26.68	-0.043	94.984	5.016	0	Parked
1/1/2026 18:53	Idle	41.454	361.08	-0.15	26.68	-0.043	94.984	5.016	0	Parked
1/1/2026 18:54	Idle	41.454	361.08	-0.15	26.68	-0.043	94.984	5.016	0	Parked
1/1/2026 18:54	Idle	41.454	361.08	-0.15	26.67	-0.043	94.984	5.016	0	Parked
1/1/2026 18:54	Idle	41.454	361.08	-0.15	26.67	-0.043	94.984	5.016	0	Parked
1/1/2026 18:54	Idle	41.453	361.08	-0.15	26.67	-0.043	94.984	5.016	0	Parked
1/1/2026 18:54	Idle	41.453	361.08	-0.15	26.67	-0.043	94.984	5.016	0	Parked
1/1/2026 18:54	Idle	41.453	361.08	-0.15	26.67	-0.043	94.984	5.016	0	Parked
1/1/2026 18:55	Idle	41.453	361.08	-0.15	26.67	-0.043	94.984	5.016	0	Parked
1/1/2026 18:55	Idle	41.453	361.08	-0.15	26.67	-0.043	94.984	5.016	0	Parked
1/1/2026 18:55	Idle	41.452	361.08	-0.15	26.66	-0.043	94.984	5.016	0	Parked
1/1/2026 18:55	Idle	41.452	361.08	-0.15	26.66	-0.043	94.984	5.016	0	Parked
1/1/2026 18:55	Idle	41.452	361.08	-0.15	26.66	-0.043	94.984	5.016	0	Parked
1/1/2026 18:55	Idle	41.452	361.08	-0.15	26.66	-0.043	94.984	5.016	0	Parked
1/1/2026 18:56	Idle	41.451	361.08	-0.15	26.66	-0.043	94.984	5.016	0	Parked
1/1/2026 18:56	Idle	41.451	361.08	-0.15	26.66	-0.043	94.984	5.016	0	Parked
1/1/2026 18:56	Idle	41.451	361.08	-0.15	26.66	-0.043	94.984	5.016	0	Parked
1/1/2026 18:56	Idle	41.451	361.08	-0.15	26.66	-0.043	94.984	5.016	0	Parked
1/1/2026 18:56	Idle	41.45	361.08	-0.15	26.65	-0.043	94.984	5.016	0	Parked
1/1/2026 18:56	Idle	41.45	361.08	-0.15	26.65	-0.043	94.984	5.016	0	Parked
1/1/2026 18:57	Idle	41.45	361.08	-0.15	26.65	-0.043	94.984	5.016	0	Parked
1/1/2026 18:57	Idle	41.45	361.08	-0.15	26.65	-0.043	94.984	5.016	0	Parked
1/1/2026 18:57	Idle	41.45	361.08	-0.15	26.65	-0.043	94.984	5.016	0	Parked
1/1/2026 18:57	Idle	41.449	361.08	-0.15	26.65	-0.043	94.984	5.016	0	Parked
1/1/2026 18:57	Idle	41.449	361.08	-0.15	26.65	-0.043	94.984	5.016	0	Parked
1/1/2026 18:57	Idle	41.449	361.08	-0.15	26.65	-0.043	94.984	5.016	0	Parked
1/1/2026 18:58	Idle	41.449	361.08	-0.15	26.64	-0.043	94.984	5.016	0	Parked
1/1/2026 18:58	Idle	41.448	361.08	-0.15	26.64	-0.043	94.984	5.016	0	Parked
1/1/2026 18:58	Idle	41.448	361.08	-0.15	26.64	-0.043	94.984	5.016	0	Parked
1/1/2026 18:58	Idle	41.448	361.08	-0.15	26.64	-0.043	94.984	5.016	0	Parked
1/1/2026 18:58	Idle	41.448	361.08	-0.15	26.64	-0.043	94.984	5.016	0	Parked
1/1/2026 18:58	Idle	41.447	361.08	-0.15	26.64	-0.043	94.984	5.016	0	Parked
1/1/2026 18:59	Idle	41.447	361.08	-0.15	26.64	-0.043	94.984	5.016	0	Parked
1/1/2026 18:59	Idle	41.447	361.08	-0.15	26.63	-0.043	94.984	5.016	0	Parked
1/1/2026 18:59	Idle	41.447	361.08	-0.15	26.63	-0.043	94.984	5.016	0	Parked
1/1/2026 18:59	Idle	41.447	361.08	-0.15	26.63	-0.043	94.984	5.016	0	Parked
1/1/2026 18:59	Idle	41.446	361.08	-0.15	26.63	-0.043	94.984	5.016	0	Parked
1/1/2026 18:59	Idle	41.446	361.08	-0.15	26.63	-0.043	94.984	5.016	0	Parked
1/1/2026 19:00	Charging	41.507	382.83	32	26.65	12.251	94.984	5.016	0	Charging
1/1/2026 19:00	Charging	41.569	382.86	31.97	26.66	12.24	94.984	5.016	0	Charging
1/1/2026 19:00	Charging	41.63	382.9	31.94	26.68	12.23	94.984	5.016	0	Charging
1/1/2026 19:00	Charging	41.691	382.93	31.91	26.7	12.219	94.984	5.016	0	Charging
1/1/2026 19:00	Charging	41.752	382.96	31.88	26.72	12.209	94.984	5.016	0	Charging
1/1/2026 19:00	Charging	41.813	383	31.85	26.73	12.199	94.984	5.016	0	Charging
1/1/2026 19:01	Charging	41.874	383.03	31.82	26.75	12.188	94.984	5.016	0	Charging
1/1/2026 19:01	Charging	41.935	383.06	31.79	26.77	12.177	94.984	5.016	0	Charging
1/1/2026 19:01	Charging	41.996	383.1	31.76	26.78	12.167	94.984	5.016	0	Charging
1/1/2026 19:01	Charging	42.056	383.13	31.73	26.8	12.157	94.984	5.016	0	Charging
1/1/2026 19:01	Charging	42.117	383.16	31.7	26.82	12.146	94.984	5.016	0	Charging
1/1/2026 19:01	Charging	42.178	383.2	31.67	26.84	12.136	94.984	5.016	0	Charging
1/1/2026 19:02	Charging	42.238	383.23	31.64	26.85	12.125	94.984	5.016	0	Charging
1/1/2026 19:02	Charging	42.299	383.26	31.61	26.87	12.115	94.984	5.016	0	Charging
1/1/2026 19:02	Charging	42.359	383.3	31.58	26.88	12.105	94.984	5.016	0	Charging
1/1/2026 19:02	Charging	42.42	383.33	31.55	26.9	12.094	94.984	5.016	0	Charging
1/1/2026 19:02	Charging	42.48	383.36	31.52	26.92	12.084	94.984	5.016	0	Charging
1/1/2026 19:02	Charging	42.54	383.4	31.49	26.93	12.073	94.984	5.016	0	Charging
1/1/2026 19:03	Charging	42.601	383.43	31.46	26.95	12.063	94.984	5.016	0	Charging
1/1/2026 19:03	Charging	42.661	383.46	31.43	26.97	12.052	94.984	5.016	0	Charging
1/1/2026 19:03	Charging	42.721	383.5	31.4	26.98	12.042	94.984	5.016	0	Charging
1/1/2026 19:03	Charging	42.781	383.53	31.37	27	12.031	94.984	5.016	0	Charging
1/1/2026 19:03	Charging	42.841	383.56	31.34	27.01	12.021	94.984	5.016	0	Charging
1/1/2026 19:03	Charging	42.901	383.6	31.31	27.03	12.011	94.984	5.016	0	Charging
1/1/2026 19:04	Charging	42.961	383.63	31.28	27.05	12	94.984	5.016	0	Charging
1/1/2026 19:04	Charging	43.021	383.66	31.25	27.06	11.989	94.984	5.016	0	Charging
1/1/2026 19:04	Charging	43.08	383.69	31.22	27.08	11.979	94.984	5.016	0	Charging
1/1/2026 19:04	Charging	43.14	383.73	31.19	27.09	11.969	94.984	5.016	0	Charging
1/1/2026 19:04	Charging	43.2	383.76	31.16	27.11	11.958	94.984	5.016	0	Charging
1/1/2026 19:04	Charging	43.259	383.79	31.13	27.13	11.947	94.984	5.016	0	Charging
1/1/2026 19:05	Charging	43.319	383.83	31.1	27.14	11.937	94.984	5.016	0	Charging
1/1/2026 19:05	Charging	43.378	383.86	31.07	27.16	11.927	94.984	5.016	0	Charging
1/1/2026 19:05	Charging	43.438	383.89	31.04	27.17	11.916	94.984	5.016	0	Charging
1/1/2026 19:05	Charging	43.497	383.92	31.01	27.19	11.905	94.984	5.016	0	Charging
1/1/2026 19:05	Charging	43.557	383.96	30.98	27.2	11.895	94.984	5.016	0	Charging
1/1/2026 19:05	Charging	43.616	383.99	30.95	27.22	11.884	94.984	5.016	0	Charging
1/1/2026 19:06	Charging	43.675	384.02	30.92	27.23	11.874	94.984	5.016	0	Charging
1/1/2026 19:06	Charging	43.734	384.05	30.89	27.25	11.863	94.984	5.016	0	Charging
1/1/2026 19:06	Charging	43.793	384.09	30.86	27.26	11.853	94.984	5.016	0	Charging
1/1/2026 19:06	Charging	43.852	384.12	30.83	27.28	11.842	94.984	5.016	0	Charging
1/1/2026 19:06	Charging	43.911	384.15	30.8	27.29	11.832	94.984	5.016	0	Charging
1/1/2026 19:06	Charging	43.97	384.18	30.77	27.31	11.821	94.984	5.016	0	Charging
1/1/2026 19:07	Charging	44.029	384.22	30.74	27.32	11.811	94.984	5.016	0	Charging
1/1/2026 19:07	Charging	44.088	384.25	30.71	27.34	11.8	94.984	5.016	0	Charging
1/1/2026 19:07	Charging	44.147	384.28	30.68	27.35	11.79	94.984	5.016	0	Charging
1/1/2026 19:07	Charging	44.205	384.31	30.65	27.37	11.779	94.984	5.016	0	Charging
1/1/2026 19:07	Charging	44.264	384.35	30.62	27.38	11.769	94.984	5.016	0	Charging
1/1/2026 19:07	Charging	44.323	384.38	30.59	27.39	11.758	94.984	5.016	0	Charging
1/1/2026 19:08	Charging	44.381	384.41	30.56	27.41	11.748	94.984	5.016	0	Charging
1/1/2026 19:08	Charging	44.44	384.44	30.53	27.42	11.737	94.984	5.016	0	Charging
1/1/2026 19:08	Charging	44.498	384.47	30.5	27.44	11.726	94.984	5.016	0	Charging
1/1/2026 19:08	Charging	44.556	384.51	30.47	27.45	11.716	94.984	5.016	0	Charging
1/1/2026 19:08	Charging	44.615	384.54	30.44	27.47	11.705	94.984	5.016	0	Charging
1/1/2026 19:08	Charging	44.673	384.57	30.41	27.48	11.695	94.984	5.016	0	Charging
1/1/2026 19:09	Charging	44.731	384.6	30.38	27.49	11.684	94.984	5.016	0	Charging
1/1/2026 19:09	Charging	44.789	384.63	30.35	27.51	11.674	94.984	5.016	0	Charging
1/1/2026 19:09	Charging	44.847	384.67	30.32	27.52	11.663	94.984	5.016	0	Charging
1/1/2026 19:09	Charging	44.905	384.7	30.29	27.54	11.653	94.984	5.016	0	Charging
1/1/2026 19:09	Charging	44.963	384.73	30.26	27.55	11.642	94.984	5.016	0	Charging
1/1/2026 19:09	Charging	45.021	384.76	30.23	27.56	11.631	94.984	5.016	0	Charging
1/1/2026 19:10	Charging	45.079	384.79	30.2	27.58	11.621	94.984	5.016	0	Charging
1/1/2026 19:10	Charging	45.137	384.83	30.17	27.59	11.61	94.984	5.016	0	Charging
1/1/2026 19:10	Charging	45.194	384.86	30.14	27.61	11.6	94.984	5.016	0	Charging
1/1/2026 19:10	Charging	45.252	384.89	30.11	27.62	11.589	94.984	5.016	0	Charging
1/1/2026 19:10	Charging	45.31	384.92	30.08	27.63	11.578	94.984	5.016	0	Charging
1/1/2026 19:10	Charging	45.367	384.95	30.05	27.65	11.568	94.984	5.016	0	Charging
1/1/2026 19:11	Charging	45.425	384.98	30.02	27.66	11.557	94.984	5.016	0	Charging
1/1/2026 19:11	Charging	45.482	385.02	29.99	27.67	11.547	94.984	5.016	0	Charging
1/1/2026 19:11	Charging	45.539	385.05	29.96	27.69	11.536	94.984	5.016	0	Charging
1/1/2026 19:11	Charging	45.597	385.08	29.93	27.7	11.525	94.984	5.016	0	Charging
1/1/2026 19:11	Charging	45.654	385.11	29.9	27.71	11.515	94.984	5.016	0	Charging
1/1/2026 19:11	Charging	45.711	385.14	29.87	27.73	11.504	94.984	5.016	0	Charging
1/1/2026 19:12	Charging	45.768	385.17	29.84	27.74	11.493	94.984	5.016	0	Charging
1/1/2026 19:12	Charging	45.825	385.2	29.81	27.75	11.483	94.984	5.016	0	Charging
1/1/2026 19:12	Charging	45.882	385.24	29.78	27.76	11.472	94.984	5.016	0	Charging
1/1/2026 19:12	Charging	45.939	385.27	29.75	27.78	11.462	94.984	5.016	0	Charging
1/1/2026 19:12	Charging	45.996	385.3	29.72	27.79	11.451	94.984	5.016	0	Charging
1/1/2026 19:12	Charging	46.053	385.33	29.69	27.8	11.44	94.984	5.016	0	Charging
1/1/2026 19:13	Charging	46.11	385.36	29.66	27.82	11.43	94.984	5.016	0	Charging
1/1/2026 19:13	Charging	46.167	385.39	29.63	27.83	11.419	94.984	5.016	0	Charging
1/1/2026 19:13	Charging	46.223	385.42	29.6	27.84	11.408	94.984	5.016	0	Charging
1/1/2026 19:13	Charging	46.28	385.45	29.57	27.85	11.398	94.984	5.016	0	Charging
1/1/2026 19:13	Charging	46.337	385.49	29.54	27.87	11.387	94.984	5.016	0	Charging
1/1/2026 19:13	Charging	46.393	385.52	29.51	27.88	11.377	94.984	5.016	0	Charging
1/1/2026 19:14	Charging	46.45	385.55	29.48	27.89	11.366	94.984	5.016	0	Charging
1/1/2026 19:14	Charging	46.506	385.58	29.45	27.9	11.355	94.984	5.016	0	Charging
1/1/2026 19:14	Charging	46.562	385.61	29.42	27.92	11.345	94.984	5.016	0	Charging
1/1/2026 19:14	Charging	46.619	385.64	29.39	27.93	11.334	94.984	5.016	0	Charging
1/1/2026 19:14	Charging	46.675	385.67	29.36	27.94	11.323	94.984	5.016	0	Charging
1/1/2026 19:14	Charging	46.731	385.7	29.33	27.95	11.313	94.984	5.016	0	Charging
1/1/2026 19:15	Charging	46.787	385.73	29.3	27.97	11.302	94.984	5.016	0	Charging
1/1/2026 19:15	Charging	46.843	385.76	29.27	27.98	11.291	94.984	5.016	0	Charging
1/1/2026 19:15	Charging	46.899	385.79	29.24	27.99	11.28	94.984	5.016	0	Charging
1/1/2026 19:15	Charging	46.955	385.83	29.21	28	11.27	94.984	5.016	0	Charging
1/1/2026 19:15	Charging	47.011	385.86	29.18	28.01	11.259	94.984	5.016	0	Charging
1/1/2026 19:15	Charging	47.067	385.89	29.15	28.03	11.249	94.984	5.016	0	Charging
1/1/2026 19:16	Charging	47.122	385.92	29.12	28.04	11.238	94.984	5.016	0	Charging
1/1/2026 19:16	Charging	47.178	385.95	29.09	28.05	11.227	94.984	5.016	0	Charging
1/1/2026 19:16	Charging	47.234	385.98	29.06	28.06	11.217	94.984	5.016	0	Charging
1/1/2026 19:16	Charging	47.289	386.01	29.03	28.07	11.206	94.984	5.016	0	Charging
1/1/2026 19:16	Charging	47.345	386.04	29	28.08	11.195	94.984	5.016	0	Charging
1/1/2026 19:16	Charging	47.4	386.07	28.97	28.1	11.184	94.984	5.016	0	Charging
1/1/2026 19:17	Charging	47.456	386.1	28.94	28.11	11.174	94.984	5.016	0	Charging
1/1/2026 19:17	Charging	47.511	386.13	28.91	28.12	11.163	94.984	5.016	0	Charging
1/1/2026 19:17	Charging	47.566	386.16	28.88	28.13	11.152	94.984	5.016	0	Charging
1/1/2026 19:17	Charging	47.622	386.19	28.85	28.14	11.142	94.984	5.016	0	Charging
1/1/2026 19:17	Charging	47.677	386.22	28.82	28.15	11.131	94.984	5.016	0	Charging
1/1/2026 19:17	Charging	47.732	386.25	28.79	28.17	11.12	94.984	5.016	0	Charging
1/1/2026 19:18	Charging	47.787	386.28	28.76	28.18	11.109	94.984	5.016	0	Charging
1/1/2026 19:18	Charging	47.842	386.31	28.73	28.19	11.099	94.984	5.016	0	Charging
1/1/2026 19:18	Charging	47.897	386.34	28.7	28.2	11.088	94.984	5.016	0	Charging
1/1/2026 19:18	Charging	47.952	386.37	28.67	28.21	11.077	94.984	5.016	0	Charging
1/1/2026 19:18	Charging	48.007	386.4	28.64	28.22	11.066	94.984	5.016	0	Charging
1/1/2026 19:18	Charging	48.062	386.43	28.61	28.23	11.056	94.984	5.016	0	Charging
1/1/2026 19:19	Charging	48.116	386.46	28.58	28.24	11.045	94.984	5.016	0	Charging
1/1/2026 19:19	Charging	48.171	386.49	28.55	28.25	11.034	94.984	5.016	0	Charging
1/1/2026 19:19	Charging	48.226	386.52	28.52	28.27	11.024	94.984	5.016	0	Charging
1/1/2026 19:19	Charging	48.28	386.55	28.49	28.28	11.013	94.984	5.016	0	Charging
1/1/2026 19:19	Charging	48.335	386.58	28.46	28.29	11.002	94.984	5.016	0	Charging
1/1/2026 19:19	Charging	48.389	386.61	28.43	28.3	10.991	94.984	5.016	0	Charging
1/1/2026 19:20	Charging	48.444	386.64	28.4	28.31	10.981	94.984	5.016	0	Charging
1/1/2026 19:20	Charging	48.498	386.67	28.37	28.32	10.97	94.984	5.016	0	Charging
1/1/2026 19:20	Charging	48.552	386.7	28.34	28.33	10.959	94.984	5.016	0	Charging
1/1/2026 19:20	Charging	48.606	386.73	28.31	28.34	10.948	94.984	5.016	0	Charging
1/1/2026 19:20	Charging	48.66	386.76	28.28	28.35	10.938	94.984	5.016	0	Charging
1/1/2026 19:20	Charging	48.715	386.79	28.25	28.36	10.927	94.984	5.016	0	Charging
1/1/2026 19:21	Charging	48.769	386.82	28.22	28.37	10.916	94.984	5.016	0	Charging
1/1/2026 19:21	Charging	48.823	386.85	28.19	28.38	10.905	94.984	5.016	0	Charging
1/1/2026 19:21	Charging	48.877	386.88	28.16	28.39	10.895	94.984	5.016	0	Charging
1/1/2026 19:21	Charging	48.93	386.91	28.13	28.4	10.884	94.984	5.016	0	Charging
1/1/2026 19:21	Charging	48.984	386.94	28.1	28.41	10.873	94.984	5.016	0	Charging
1/1/2026 19:21	Charging	49.038	386.97	28.07	28.43	10.862	94.984	5.016	0	Charging
1/1/2026 19:22	Charging	49.092	387	28.04	28.44	10.851	94.984	5.016	0	Charging
1/1/2026 19:22	Charging	49.145	387.03	28.01	28.45	10.841	94.984	5.016	0	Charging
1/1/2026 19:22	Charging	49.199	387.06	27.98	28.46	10.83	94.984	5.016	0	Charging
1/1/2026 19:22	Charging	49.252	387.09	27.95	28.47	10.819	94.984	5.016	0	Charging
1/1/2026 19:22	Charging	49.306	387.12	27.92	28.48	10.808	94.984	5.016	0	Charging
1/1/2026 19:22	Charging	49.359	387.15	27.89	28.49	10.798	94.984	5.016	0	Charging
1/1/2026 19:23	Charging	49.413	387.18	27.86	28.5	10.787	94.984	5.016	0	Charging
1/1/2026 19:23	Charging	49.466	387.21	27.83	28.51	10.776	94.984	5.016	0	Charging
1/1/2026 19:23	Charging	49.519	387.24	27.8	28.52	10.765	94.984	5.016	0	Charging
1/1/2026 19:23	Charging	49.572	387.26	27.77	28.53	10.754	94.984	5.016	0	Charging
1/1/2026 19:23	Charging	49.625	387.29	27.74	28.54	10.743	94.984	5.016	0	Charging
1/1/2026 19:23	Charging	49.678	387.32	27.71	28.55	10.733	94.984	5.016	0	Charging
1/1/2026 19:24	Charging	49.731	387.35	27.68	28.56	10.722	94.984	5.016	0	Charging
1/1/2026 19:24	Charging	49.784	387.38	27.65	28.57	10.711	94.984	5.016	0	Charging
1/1/2026 19:24	Charging	49.837	387.41	27.62	28.58	10.7	94.984	5.016	0	Charging
1/1/2026 19:24	Charging	49.89	387.44	27.59	28.59	10.689	94.984	5.016	0	Charging
1/1/2026 19:24	Charging	49.943	387.47	27.56	28.59	10.679	94.984	5.016	0	Charging
1/1/2026 19:24	Charging	49.996	387.5	27.53	28.6	10.668	94.984	5.016	0	Charging
1/1/2026 19:25	Charging	50.048	387.53	27.5	28.61	10.657	94.984	5.016	0	Charging
1/1/2026 19:25	Charging	50.101	387.56	27.47	28.62	10.646	94.984	5.016	0	Charging
1/1/2026 19:25	Charging	50.153	387.58	27.44	28.63	10.635	94.984	5.016	0	Charging
1/1/2026 19:25	Charging	50.206	387.61	27.41	28.64	10.624	94.984	5.016	0	Charging
1/1/2026 19:25	Charging	50.258	387.64	27.38	28.65	10.614	94.984	5.016	0	Charging
1/1/2026 19:25	Charging	50.311	387.67	27.35	28.66	10.603	94.984	5.016	0	Charging
1/1/2026 19:26	Charging	50.363	387.7	27.32	28.67	10.592	94.984	5.016	0	Charging
1/1/2026 19:26	Charging	50.415	387.73	27.29	28.68	10.581	94.984	5.016	0	Charging
1/1/2026 19:26	Charging	50.467	387.76	27.26	28.69	10.57	94.984	5.016	0	Charging
1/1/2026 19:26	Charging	50.52	387.79	27.23	28.7	10.56	94.984	5.016	0	Charging
1/1/2026 19:26	Charging	50.572	387.81	27.2	28.71	10.548	94.984	5.016	0	Charging
1/1/2026 19:26	Charging	50.624	387.84	27.17	28.72	10.538	94.984	5.016	0	Charging
1/1/2026 19:27	Charging	50.676	387.87	27.14	28.73	10.527	94.984	5.016	0	Charging
1/1/2026 19:27	Charging	50.728	387.9	27.11	28.74	10.516	94.984	5.016	0	Charging
1/1/2026 19:27	Charging	50.779	387.93	27.08	28.74	10.505	94.984	5.016	0	Charging
1/1/2026 19:27	Charging	50.831	387.96	27.05	28.75	10.494	94.984	5.016	0	Charging
1/1/2026 19:27	Charging	50.883	387.99	27.02	28.76	10.483	94.984	5.016	0	Charging
1/1/2026 19:27	Charging	50.935	388.01	26.99	28.77	10.472	94.984	5.016	0	Charging
1/1/2026 19:28	Charging	50.986	388.04	26.96	28.78	10.462	94.984	5.016	0	Charging
1/1/2026 19:28	Charging	51.038	388.07	26.93	28.79	10.451	94.984	5.016	0	Charging
1/1/2026 19:28	Charging	51.089	388.1	26.9	28.8	10.44	94.984	5.016	0	Charging
1/1/2026 19:28	Charging	51.141	388.13	26.87	28.81	10.429	94.984	5.016	0	Charging
1/1/2026 19:28	Charging	51.192	388.16	26.84	28.82	10.418	94.984	5.016	0	Charging
1/1/2026 19:28	Charging	51.244	388.18	26.81	28.82	10.407	94.984	5.016	0	Charging
1/1/2026 19:29	Charging	51.295	388.21	26.78	28.83	10.396	94.984	5.016	0	Charging
1/1/2026 19:29	Charging	51.346	388.24	26.75	28.84	10.385	94.984	5.016	0	Charging
1/1/2026 19:29	Charging	51.397	388.27	26.72	28.85	10.375	94.984	5.016	0	Charging
1/1/2026 19:29	Charging	51.448	388.3	26.69	28.86	10.364	94.984	5.016	0	Charging
1/1/2026 19:29	Charging	51.499	388.32	26.66	28.87	10.353	94.984	5.016	0	Charging
1/1/2026 19:29	Charging	51.55	388.35	26.63	28.88	10.342	94.984	5.016	0	Charging
1/1/2026 19:30	Charging	51.601	388.38	26.6	28.88	10.331	94.984	5.016	0	Charging
1/1/2026 19:30	Charging	51.652	388.41	26.57	28.89	10.32	94.984	5.016	0	Charging
1/1/2026 19:30	Charging	51.703	388.44	26.54	28.9	10.309	94.984	5.016	0	Charging
1/1/2026 19:30	Charging	51.754	388.46	26.51	28.91	10.298	94.984	5.016	0	Charging
1/1/2026 19:30	Charging	51.805	388.49	26.48	28.92	10.287	94.984	5.016	0	Charging
1/1/2026 19:30	Charging	51.855	388.52	26.45	28.93	10.276	94.984	5.016	0	Charging
1/1/2026 19:31	Charging	51.906	388.55	26.42	28.93	10.265	94.984	5.016	0	Charging
1/1/2026 19:31	Charging	51.956	388.58	26.39	28.94	10.255	94.984	5.016	0	Charging
1/1/2026 19:31	Charging	52.007	388.6	26.36	28.95	10.243	94.984	5.016	0	Charging
1/1/2026 19:31	Charging	52.057	388.63	26.33	28.96	10.233	94.984	5.016	0	Charging
1/1/2026 19:31	Charging	52.108	388.66	26.3	28.97	10.222	94.984	5.016	0	Charging
1/1/2026 19:31	Charging	52.158	388.69	26.27	28.98	10.211	94.984	5.016	0	Charging
1/1/2026 19:32	Charging	52.208	388.71	26.24	28.98	10.2	94.984	5.016	0	Charging
1/1/2026 19:32	Charging	52.258	388.74	26.21	28.99	10.189	94.984	5.016	0	Charging
1/1/2026 19:32	Charging	52.308	388.77	26.18	29	10.178	94.984	5.016	0	Charging
1/1/2026 19:32	Charging	52.359	388.8	26.15	29.01	10.167	94.984	5.016	0	Charging
1/1/2026 19:32	Charging	52.409	388.82	26.12	29.02	10.156	94.984	5.016	0	Charging
1/1/2026 19:32	Charging	52.458	388.85	26.09	29.02	10.145	94.984	5.016	0	Charging
1/1/2026 19:33	Charging	52.508	388.88	26.06	29.03	10.134	94.984	5.016	0	Charging
1/1/2026 19:33	Charging	52.558	388.91	26.03	29.04	10.123	94.984	5.016	0	Charging
1/1/2026 19:33	Charging	52.608	388.93	26	29.05	10.112	94.984	5.016	0	Charging
1/1/2026 19:33	Charging	52.658	388.96	25.97	29.06	10.101	94.984	5.016	0	Charging
1/1/2026 19:33	Charging	52.707	388.99	25.94	29.06	10.09	94.984	5.016	0	Charging
1/1/2026 19:33	Charging	52.757	389.02	25.91	29.07	10.08	94.984	5.016	0	Charging
1/1/2026 19:34	Charging	52.807	389.04	25.88	29.08	10.068	94.984	5.016	0	Charging
1/1/2026 19:34	Charging	52.856	389.07	25.85	29.09	10.057	94.984	5.016	0	Charging
1/1/2026 19:34	Charging	52.906	389.1	25.82	29.09	10.047	94.984	5.016	0	Charging
1/1/2026 19:34	Charging	52.955	389.13	25.79	29.1	10.036	94.984	5.016	0	Charging
1/1/2026 19:34	Charging	53.004	389.15	25.76	29.11	10.025	94.984	5.016	0	Charging
1/1/2026 19:34	Charging	53.054	389.18	25.73	29.12	10.014	94.984	5.016	0	Charging
1/1/2026 19:35	Charging	53.103	389.21	25.7	29.12	10.003	94.984	5.016	0	Charging
1/1/2026 19:35	Charging	53.152	389.23	25.67	29.13	9.992	94.984	5.016	0	Charging
1/1/2026 19:35	Charging	53.201	389.26	25.64	29.14	9.981	94.984	5.016	0	Charging
1/1/2026 19:35	Charging	53.25	389.29	25.61	29.15	9.97	94.984	5.016	0	Charging
1/1/2026 19:35	Charging	53.299	389.31	25.58	29.15	9.959	94.984	5.016	0	Charging
1/1/2026 19:35	Charging	53.348	389.34	25.55	29.16	9.948	94.984	5.016	0	Charging
1/1/2026 19:36	Charging	53.397	389.37	25.52	29.17	9.937	94.984	5.016	0	Charging
1/1/2026 19:36	Charging	53.446	389.4	25.49	29.18	9.926	94.984	5.016	0	Charging
1/1/2026 19:36	Charging	53.494	389.42	25.46	29.18	9.915	94.984	5.016	0	Charging
1/1/2026 19:36	Charging	53.543	389.45	25.43	29.19	9.904	94.984	5.016	0	Charging
1/1/2026 19:36	Charging	53.592	389.48	25.4	29.2	9.893	94.984	5.016	0	Charging
1/1/2026 19:36	Charging	53.64	389.5	25.37	29.21	9.882	94.984	5.016	0	Charging
1/1/2026 19:37	Charging	53.689	389.53	25.34	29.21	9.871	94.984	5.016	0	Charging
1/1/2026 19:37	Charging	53.737	389.56	25.31	29.22	9.86	94.984	5.016	0	Charging
1/1/2026 19:37	Charging	53.786	389.58	25.28	29.23	9.849	94.984	5.016	0	Charging
1/1/2026 19:37	Charging	53.834	389.61	25.25	29.23	9.838	94.984	5.016	0	Charging
1/1/2026 19:37	Charging	53.882	389.64	25.22	29.24	9.827	94.984	5.016	0	Charging
1/1/2026 19:37	Charging	53.931	389.66	25.19	29.25	9.816	94.984	5.016	0	Charging
1/1/2026 19:38	Charging	53.979	389.69	25.16	29.25	9.805	94.984	5.016	0	Charging
1/1/2026 19:38	Charging	54.027	389.71	25.13	29.26	9.793	94.984	5.016	0	Charging
1/1/2026 19:38	Charging	54.075	389.74	25.1	29.27	9.782	94.984	5.016	0	Charging
1/1/2026 19:38	Charging	54.123	389.77	25.07	29.28	9.772	94.984	5.016	0	Charging
1/1/2026 19:38	Charging	54.171	389.79	25.04	29.28	9.76	94.984	5.016	0	Charging
1/1/2026 19:38	Charging	54.219	389.82	25.01	29.29	9.749	94.984	5.016	0	Charging
1/1/2026 19:39	Charging	54.267	389.85	24.98	29.3	9.738	94.984	5.016	0	Charging
1/1/2026 19:39	Charging	54.314	389.87	24.95	29.3	9.727	94.984	5.016	0	Charging
1/1/2026 19:39	Charging	54.362	389.9	24.92	29.31	9.716	94.984	5.016	0	Charging
1/1/2026 19:39	Charging	54.41	389.93	24.89	29.32	9.705	94.984	5.016	0	Charging
1/1/2026 19:39	Charging	54.457	389.95	24.86	29.32	9.694	94.984	5.016	0	Charging
1/1/2026 19:39	Charging	54.505	389.98	24.83	29.33	9.683	94.984	5.016	0	Charging
1/1/2026 19:40	Charging	54.552	390	24.8	29.34	9.672	94.984	5.016	0	Charging
1/1/2026 19:40	Charging	54.6	390.03	24.77	29.34	9.661	94.984	5.016	0	Charging
1/1/2026 19:40	Charging	54.647	390.06	24.74	29.35	9.65	94.984	5.016	0	Charging
1/1/2026 19:40	Charging	54.695	390.08	24.71	29.36	9.639	94.984	5.016	0	Charging
1/1/2026 19:40	Charging	54.742	390.11	24.68	29.36	9.628	94.984	5.016	0	Charging
1/1/2026 19:40	Charging	54.789	390.13	24.65	29.37	9.617	94.984	5.016	0	Charging
1/1/2026 19:41	Charging	54.836	390.16	24.62	29.38	9.606	94.984	5.016	0	Charging
1/1/2026 19:41	Charging	54.883	390.19	24.59	29.38	9.595	94.984	5.016	0	Charging
1/1/2026 19:41	Charging	54.93	390.21	24.56	29.39	9.584	94.984	5.016	0	Charging
1/1/2026 19:41	Charging	54.977	390.24	24.53	29.4	9.573	94.984	5.016	0	Charging
1/1/2026 19:41	Charging	55.024	390.26	24.5	29.4	9.561	94.984	5.016	0	Charging
1/1/2026 19:41	Charging	55.071	390.29	24.47	29.41	9.55	94.984	5.016	0	Charging
1/1/2026 19:42	Charging	55.118	390.31	24.44	29.41	9.539	94.984	5.016	0	Charging
1/1/2026 19:42	Charging	55.165	390.34	24.41	29.42	9.528	94.984	5.016	0	Charging
1/1/2026 19:42	Charging	55.211	390.37	24.38	29.43	9.517	94.984	5.016	0	Charging
1/1/2026 19:42	Charging	55.258	390.39	24.35	29.43	9.506	94.984	5.016	0	Charging
1/1/2026 19:42	Charging	55.304	390.42	24.32	29.44	9.495	94.984	5.016	0	Charging
1/1/2026 19:42	Charging	55.351	390.44	24.29	29.45	9.484	94.984	5.016	0	Charging
1/1/2026 19:43	Charging	55.397	390.47	24.26	29.45	9.473	94.984	5.016	0	Charging
1/1/2026 19:43	Charging	55.444	390.49	24.23	29.46	9.462	94.984	5.016	0	Charging
1/1/2026 19:43	Charging	55.49	390.52	24.2	29.46	9.451	94.984	5.016	0	Charging
1/1/2026 19:43	Charging	55.536	390.55	24.17	29.47	9.44	94.984	5.016	0	Charging
1/1/2026 19:43	Charging	55.583	390.57	24.14	29.48	9.428	94.984	5.016	0	Charging
1/1/2026 19:43	Charging	55.629	390.6	24.11	29.48	9.417	94.984	5.016	0	Charging
1/1/2026 19:44	Charging	55.675	390.62	24.08	29.49	9.406	94.984	5.016	0	Charging
1/1/2026 19:44	Charging	55.721	390.65	24.05	29.5	9.395	94.984	5.016	0	Charging
1/1/2026 19:44	Charging	55.767	390.67	24.02	29.5	9.384	94.984	5.016	0	Charging
1/1/2026 19:44	Charging	55.813	390.7	23.99	29.51	9.373	94.984	5.016	0	Charging
1/1/2026 19:44	Charging	55.859	390.72	23.96	29.51	9.362	94.984	5.016	0	Charging
1/1/2026 19:44	Charging	55.905	390.75	23.93	29.52	9.351	94.984	5.016	0	Charging
1/1/2026 19:45	Charging	55.95	390.77	23.9	29.53	9.339	94.984	5.016	0	Charging
1/1/2026 19:45	Charging	55.996	390.8	23.87	29.53	9.328	94.984	5.016	0	Charging
1/1/2026 19:45	Charging	56.042	390.82	23.84	29.54	9.317	94.984	5.016	0	Charging
1/1/2026 19:45	Charging	56.087	390.85	23.81	29.54	9.306	94.984	5.016	0	Charging
1/1/2026 19:45	Charging	56.133	390.87	23.78	29.55	9.295	94.984	5.016	0	Charging
1/1/2026 19:45	Charging	56.178	390.9	23.75	29.55	9.284	94.984	5.016	0	Charging
1/1/2026 19:46	Charging	56.224	390.92	23.72	29.56	9.273	94.984	5.016	0	Charging
1/1/2026 19:46	Charging	56.269	390.95	23.69	29.57	9.262	94.984	5.016	0	Charging
1/1/2026 19:46	Charging	56.314	390.97	23.66	29.57	9.25	94.984	5.016	0	Charging
1/1/2026 19:46	Charging	56.36	391	23.63	29.58	9.239	94.984	5.016	0	Charging
1/1/2026 19:46	Charging	56.405	391.02	23.6	29.58	9.228	94.984	5.016	0	Charging
1/1/2026 19:46	Charging	56.45	391.05	23.57	29.59	9.217	94.984	5.016	0	Charging
1/1/2026 19:47	Charging	56.495	391.07	23.54	29.59	9.206	94.984	5.016	0	Charging
1/1/2026 19:47	Charging	56.54	391.1	23.51	29.6	9.195	94.984	5.016	0	Charging
1/1/2026 19:47	Charging	56.585	391.12	23.48	29.61	9.183	94.984	5.016	0	Charging
1/1/2026 19:47	Charging	56.63	391.15	23.45	29.61	9.172	94.984	5.016	0	Charging
1/1/2026 19:47	Charging	56.675	391.17	23.42	29.62	9.161	94.984	5.016	0	Charging
1/1/2026 19:47	Charging	56.72	391.2	23.39	29.62	9.15	94.984	5.016	0	Charging
1/1/2026 19:48	Charging	56.764	391.22	23.36	29.63	9.139	94.983	5.017	0	Charging
1/1/2026 19:48	Charging	56.809	391.24	23.33	29.63	9.128	94.983	5.017	0	Charging
1/1/2026 19:48	Charging	56.854	391.27	23.3	29.64	9.117	94.983	5.017	0	Charging
1/1/2026 19:48	Charging	56.898	391.29	23.27	29.64	9.105	94.983	5.017	0	Charging
1/1/2026 19:48	Charging	56.943	391.32	23.24	29.65	9.094	94.983	5.017	0	Charging
1/1/2026 19:48	Charging	56.987	391.34	23.21	29.65	9.083	94.983	5.017	0	Charging
1/1/2026 19:49	Charging	57.032	391.37	23.18	29.66	9.072	94.983	5.017	0	Charging
1/1/2026 19:49	Charging	57.076	391.39	23.15	29.67	9.061	94.983	5.017	0	Charging
1/1/2026 19:49	Charging	57.12	391.42	23.12	29.67	9.05	94.983	5.017	0	Charging
1/1/2026 19:49	Charging	57.164	391.44	23.09	29.68	9.038	94.983	5.017	0	Charging
1/1/2026 19:49	Charging	57.208	391.46	23.06	29.68	9.027	94.983	5.017	0	Charging
1/1/2026 19:49	Charging	57.253	391.49	23.03	29.69	9.016	94.983	5.017	0	Charging
1/1/2026 19:50	Charging	57.297	391.51	23	29.69	9.005	94.983	5.017	0	Charging
1/1/2026 19:50	Charging	57.341	391.54	22.97	29.7	8.994	94.983	5.017	0	Charging
1/1/2026 19:50	Charging	57.385	391.56	22.94	29.7	8.982	94.983	5.017	0	Charging
1/1/2026 19:50	Charging	57.428	391.59	22.91	29.71	8.971	94.983	5.017	0	Charging
1/1/2026 19:50	Charging	57.472	391.61	22.88	29.71	8.96	94.983	5.017	0	Charging
1/1/2026 19:50	Charging	57.516	391.63	22.85	29.72	8.949	94.983	5.017	0	Charging
1/1/2026 19:51	Charging	57.56	391.66	22.82	29.72	8.938	94.983	5.017	0	Charging
1/1/2026 19:51	Charging	57.603	391.68	22.79	29.73	8.926	94.983	5.017	0	Charging
1/1/2026 19:51	Charging	57.647	391.71	22.76	29.73	8.915	94.983	5.017	0	Charging
1/1/2026 19:51	Charging	57.69	391.73	22.73	29.74	8.904	94.983	5.017	0	Charging
1/1/2026 19:51	Charging	57.734	391.75	22.7	29.74	8.893	94.983	5.017	0	Charging
1/1/2026 19:51	Charging	57.777	391.78	22.67	29.75	8.882	94.983	5.017	0	Charging
1/1/2026 19:52	Charging	57.821	391.8	22.64	29.75	8.87	94.983	5.017	0	Charging
1/1/2026 19:52	Charging	57.864	391.83	22.61	29.76	8.859	94.983	5.017	0	Charging
1/1/2026 19:52	Charging	57.907	391.85	22.58	29.76	8.848	94.983	5.017	0	Charging
1/1/2026 19:52	Charging	57.95	391.87	22.55	29.77	8.837	94.983	5.017	0	Charging
1/1/2026 19:52	Charging	57.994	391.9	22.52	29.77	8.826	94.983	5.017	0	Charging
1/1/2026 19:52	Charging	58.037	391.92	22.49	29.78	8.814	94.983	5.017	0	Charging
1/1/2026 19:53	Charging	58.08	391.94	22.46	29.78	8.803	94.983	5.017	0	Charging
1/1/2026 19:53	Charging	58.123	391.97	22.43	29.79	8.792	94.983	5.017	0	Charging
1/1/2026 19:53	Charging	58.165	391.99	22.4	29.79	8.781	94.983	5.017	0	Charging
1/1/2026 19:53	Charging	58.208	392.01	22.37	29.8	8.769	94.983	5.017	0	Charging
1/1/2026 19:53	Charging	58.251	392.04	22.34	29.8	8.758	94.983	5.017	0	Charging
1/1/2026 19:53	Charging	58.294	392.06	22.31	29.81	8.747	94.983	5.017	0	Charging
1/1/2026 19:54	Charging	58.336	392.09	22.28	29.81	8.736	94.983	5.017	0	Charging
1/1/2026 19:54	Charging	58.379	392.11	22.25	29.82	8.724	94.983	5.017	0	Charging
1/1/2026 19:54	Charging	58.422	392.13	22.22	29.82	8.713	94.983	5.017	0	Charging
1/1/2026 19:54	Charging	58.464	392.16	22.19	29.83	8.702	94.983	5.017	0	Charging
1/1/2026 19:54	Charging	58.507	392.18	22.16	29.83	8.691	94.983	5.017	0	Charging
1/1/2026 19:54	Charging	58.549	392.2	22.13	29.84	8.679	94.983	5.017	0	Charging
1/1/2026 19:55	Charging	58.591	392.23	22.1	29.84	8.668	94.983	5.017	0	Charging
1/1/2026 19:55	Charging	58.633	392.25	22.07	29.84	8.657	94.983	5.017	0	Charging
1/1/2026 19:55	Charging	58.676	392.27	22.04	29.85	8.646	94.983	5.017	0	Charging
1/1/2026 19:55	Charging	58.718	392.29	22.01	29.85	8.634	94.983	5.017	0	Charging
1/1/2026 19:55	Charging	58.76	392.32	21.98	29.86	8.623	94.983	5.017	0	Charging
1/1/2026 19:55	Charging	58.802	392.34	21.95	29.86	8.612	94.983	5.017	0	Charging
1/1/2026 19:56	Charging	58.844	392.36	21.92	29.87	8.601	94.983	5.017	0	Charging
1/1/2026 19:56	Charging	58.886	392.39	21.89	29.87	8.589	94.983	5.017	0	Charging
1/1/2026 19:56	Charging	58.928	392.41	21.86	29.88	8.578	94.983	5.017	0	Charging
1/1/2026 19:56	Charging	58.969	392.43	21.83	29.88	8.567	94.983	5.017	0	Charging
1/1/2026 19:56	Charging	59.011	392.46	21.8	29.89	8.556	94.983	5.017	0	Charging
1/1/2026 19:56	Charging	59.053	392.48	21.77	29.89	8.544	94.983	5.017	0	Charging
1/1/2026 19:57	Charging	59.095	392.5	21.74	29.89	8.533	94.983	5.017	0	Charging
1/1/2026 19:57	Charging	59.136	392.52	21.71	29.9	8.522	94.983	5.017	0	Charging
1/1/2026 19:57	Charging	59.178	392.55	21.68	29.9	8.51	94.983	5.017	0	Charging
1/1/2026 19:57	Charging	59.219	392.57	21.65	29.91	8.499	94.983	5.017	0	Charging
1/1/2026 19:57	Charging	59.26	392.59	21.62	29.91	8.488	94.983	5.017	0	Charging
1/1/2026 19:57	Charging	59.302	392.62	21.59	29.92	8.477	94.983	5.017	0	Charging
1/1/2026 19:58	Charging	59.343	392.64	21.56	29.92	8.465	94.983	5.017	0	Charging
1/1/2026 19:58	Charging	59.384	392.66	21.53	29.93	8.454	94.983	5.017	0	Charging
1/1/2026 19:58	Charging	59.426	392.68	21.5	29.93	8.443	94.983	5.017	0	Charging
1/1/2026 19:58	Charging	59.467	392.71	21.47	29.93	8.431	94.983	5.017	0	Charging
1/1/2026 19:58	Charging	59.508	392.73	21.44	29.94	8.42	94.983	5.017	0	Charging
1/1/2026 19:58	Charging	59.549	392.75	21.41	29.94	8.409	94.983	5.017	0	Charging
1/1/2026 19:59	Charging	59.59	392.77	21.38	29.95	8.397	94.983	5.017	0	Charging
1/1/2026 19:59	Charging	59.631	392.8	21.35	29.95	8.386	94.983	5.017	0	Charging
1/1/2026 19:59	Charging	59.671	392.82	21.32	29.96	8.375	94.983	5.017	0	Charging
1/1/2026 19:59	Charging	59.712	392.84	21.29	29.96	8.364	94.983	5.017	0	Charging
1/1/2026 19:59	Charging	59.753	392.86	21.26	29.96	8.352	94.983	5.017	0	Charging
1/1/2026 19:59	Charging	59.793	392.89	21.23	29.97	8.341	94.983	5.017	0	Charging
1/1/2026 20:00	Charging	59.834	392.91	21.2	29.97	8.33	94.983	5.017	0	Charging
1/1/2026 20:00	Charging	59.875	392.93	21.17	29.98	8.318	94.983	5.017	0	Charging
1/1/2026 20:00	Charging	59.915	392.95	21.14	29.98	8.307	94.983	5.017	0	Charging
1/1/2026 20:00	Charging	59.956	392.98	21.11	29.98	8.296	94.983	5.017	0	Charging
1/1/2026 20:00	Charging	59.996	393	21.08	29.99	8.284	94.983	5.017	0	Charging
1/1/2026 20:00	Charging	60.036	393.02	21.05	29.99	8.273	94.983	5.017	0	Charging
1/1/2026 20:01	Charging	60.076	393.04	21.02	30	8.262	94.983	5.017	0	Charging
1/1/2026 20:01	Charging	60.117	393.06	20.99	30	8.25	94.983	5.017	0	Charging
1/1/2026 20:01	Charging	60.157	393.09	20.96	30	8.239	94.983	5.017	0	Charging
1/1/2026 20:01	Charging	60.197	393.11	20.93	30.01	8.228	94.983	5.017	0	Charging
1/1/2026 20:01	Charging	60.237	393.13	20.9	30.01	8.216	94.983	5.017	0	Charging
1/1/2026 20:01	Charging	60.277	393.15	20.87	30.02	8.205	94.983	5.017	0	Charging
1/1/2026 20:02	Charging	60.317	393.17	20.84	30.02	8.194	94.983	5.017	0	Charging
1/1/2026 20:02	Charging	60.357	393.2	20.81	30.02	8.182	94.983	5.017	0	Charging
1/1/2026 20:02	Charging	60.396	393.22	20.78	30.03	8.171	94.983	5.017	0	Charging
1/1/2026 20:02	Charging	60.436	393.24	20.75	30.03	8.16	94.983	5.017	0	Charging
1/1/2026 20:02	Charging	60.476	393.26	20.72	30.04	8.148	94.983	5.017	0	Charging
1/1/2026 20:02	Charging	60.515	393.28	20.69	30.04	8.137	94.983	5.017	0	Charging
1/1/2026 20:03	Charging	60.555	393.31	20.66	30.04	8.126	94.983	5.017	0	Charging
1/1/2026 20:03	Charging	60.594	393.33	20.63	30.05	8.114	94.983	5.017	0	Charging
1/1/2026 20:03	Charging	60.634	393.35	20.6	30.05	8.103	94.983	5.017	0	Charging
1/1/2026 20:03	Charging	60.673	393.37	20.57	30.05	8.092	94.983	5.017	0	Charging
1/1/2026 20:03	Charging	60.713	393.39	20.54	30.06	8.08	94.983	5.017	0	Charging
1/1/2026 20:03	Charging	60.752	393.41	20.51	30.06	8.069	94.983	5.017	0	Charging
1/1/2026 20:04	Charging	60.791	393.44	20.48	30.07	8.058	94.983	5.017	0	Charging
1/1/2026 20:04	Charging	60.83	393.46	20.45	30.07	8.046	94.983	5.017	0	Charging
1/1/2026 20:04	Charging	60.869	393.48	20.42	30.07	8.035	94.983	5.017	0	Charging
1/1/2026 20:04	Charging	60.908	393.5	20.39	30.08	8.023	94.983	5.017	0	Charging
1/1/2026 20:04	Charging	60.947	393.52	20.36	30.08	8.012	94.983	5.017	0	Charging
1/1/2026 20:04	Charging	60.986	393.54	20.33	30.08	8.001	94.983	5.017	0	Charging
1/1/2026 20:05	Charging	61.025	393.56	20.3	30.09	7.989	94.983	5.017	0	Charging
1/1/2026 20:05	Charging	61.064	393.59	20.27	30.09	7.978	94.983	5.017	0	Charging
1/1/2026 20:05	Charging	61.103	393.61	20.24	30.1	7.967	94.983	5.017	0	Charging
1/1/2026 20:05	Charging	61.141	393.63	20.21	30.1	7.955	94.983	5.017	0	Charging
1/1/2026 20:05	Charging	61.18	393.65	20.18	30.1	7.944	94.983	5.017	0	Charging
1/1/2026 20:05	Charging	61.219	393.67	20.15	30.11	7.932	94.983	5.017	0	Charging
1/1/2026 20:06	Charging	61.257	393.69	20.12	30.11	7.921	94.983	5.017	0	Charging
1/1/2026 20:06	Charging	61.296	393.71	20.09	30.11	7.91	94.983	5.017	0	Charging
1/1/2026 20:06	Charging	61.334	393.73	20.06	30.12	7.898	94.983	5.017	0	Charging
1/1/2026 20:06	Charging	61.372	393.75	20.03	30.12	7.887	94.983	5.017	0	Charging
1/1/2026 20:06	Charging	61.411	393.78	20	30.12	7.876	94.983	5.017	0	Charging
1/1/2026 20:06	Charging	61.449	393.8	19.97	30.13	7.864	94.983	5.017	0	Charging
1/1/2026 20:07	Charging	61.487	393.82	19.94	30.13	7.853	94.983	5.017	0	Charging
1/1/2026 20:07	Charging	61.525	393.84	19.91	30.13	7.841	94.983	5.017	0	Charging
1/1/2026 20:07	Charging	61.563	393.86	19.88	30.14	7.83	94.983	5.017	0	Charging
1/1/2026 20:07	Charging	61.601	393.88	19.85	30.14	7.819	94.983	5.017	0	Charging
1/1/2026 20:07	Charging	61.639	393.9	19.82	30.14	7.807	94.983	5.017	0	Charging
1/1/2026 20:07	Charging	61.677	393.92	19.79	30.15	7.796	94.983	5.017	0	Charging
1/1/2026 20:08	Charging	61.715	393.94	19.76	30.15	7.784	94.983	5.017	0	Charging
1/1/2026 20:08	Charging	61.753	393.96	19.73	30.16	7.773	94.983	5.017	0	Charging
1/1/2026 20:08	Charging	61.791	393.98	19.7	30.16	7.761	94.983	5.017	0	Charging
1/1/2026 20:08	Charging	61.828	394.01	19.67	30.16	7.75	94.983	5.017	0	Charging
1/1/2026 20:08	Charging	61.866	394.03	19.64	30.17	7.739	94.983	5.017	0	Charging
1/1/2026 20:08	Charging	61.903	394.05	19.61	30.17	7.727	94.983	5.017	0	Charging
1/1/2026 20:09	Charging	61.941	394.07	19.58	30.17	7.716	94.983	5.017	0	Charging
1/1/2026 20:09	Charging	61.978	394.09	19.55	30.18	7.704	94.983	5.017	0	Charging
1/1/2026 20:09	Charging	62.016	394.11	19.52	30.18	7.693	94.983	5.017	0	Charging
1/1/2026 20:09	Charging	62.053	394.13	19.49	30.18	7.682	94.983	5.017	0	Charging
1/1/2026 20:09	Charging	62.09	394.15	19.46	30.19	7.67	94.983	5.017	0	Charging
1/1/2026 20:09	Charging	62.128	394.17	19.43	30.19	7.659	94.983	5.017	0	Charging
1/1/2026 20:10	Charging	62.165	394.19	19.4	30.19	7.647	94.983	5.017	0	Charging
1/1/2026 20:10	Charging	62.202	394.21	19.37	30.19	7.636	94.983	5.017	0	Charging
1/1/2026 20:10	Charging	62.239	394.23	19.34	30.2	7.624	94.983	5.017	0	Charging
1/1/2026 20:10	Charging	62.276	394.25	19.31	30.2	7.613	94.983	5.017	0	Charging
1/1/2026 20:10	Charging	62.313	394.27	19.28	30.2	7.602	94.983	5.017	0	Charging
1/1/2026 20:10	Charging	62.35	394.29	19.25	30.21	7.59	94.983	5.017	0	Charging
1/1/2026 20:11	Charging	62.386	394.31	19.22	30.21	7.579	94.983	5.017	0	Charging
1/1/2026 20:11	Charging	62.423	394.33	19.19	30.21	7.567	94.983	5.017	0	Charging
1/1/2026 20:11	Charging	62.46	394.35	19.16	30.22	7.556	94.983	5.017	0	Charging
1/1/2026 20:11	Charging	62.496	394.37	19.13	30.22	7.544	94.983	5.017	0	Charging
1/1/2026 20:11	Charging	62.533	394.39	19.1	30.22	7.533	94.983	5.017	0	Charging
1/1/2026 20:11	Charging	62.57	394.41	19.07	30.23	7.521	94.983	5.017	0	Charging
1/1/2026 20:12	Charging	62.606	394.43	19.04	30.23	7.51	94.983	5.017	0	Charging
1/1/2026 20:12	Charging	62.642	394.45	19.01	30.23	7.498	94.983	5.017	0	Charging
1/1/2026 20:12	Charging	62.679	394.47	18.98	30.24	7.487	94.983	5.017	0	Charging
1/1/2026 20:12	Charging	62.715	394.49	18.95	30.24	7.476	94.983	5.017	0	Charging
1/1/2026 20:12	Charging	62.751	394.51	18.92	30.24	7.464	94.983	5.017	0	Charging
1/1/2026 20:12	Charging	62.787	394.53	18.89	30.24	7.453	94.983	5.017	0	Charging
1/1/2026 20:13	Charging	62.824	394.55	18.86	30.25	7.441	94.983	5.017	0	Charging
1/1/2026 20:13	Charging	62.86	394.57	18.83	30.25	7.43	94.983	5.017	0	Charging
1/1/2026 20:13	Charging	62.896	394.59	18.8	30.25	7.418	94.983	5.017	0	Charging
1/1/2026 20:13	Charging	62.932	394.61	18.77	30.26	7.407	94.983	5.017	0	Charging
1/1/2026 20:13	Charging	62.967	394.63	18.74	30.26	7.395	94.983	5.017	0	Charging
1/1/2026 20:13	Charging	63.003	394.65	18.71	30.26	7.384	94.983	5.017	0	Charging
1/1/2026 20:14	Charging	63.039	394.67	18.68	30.27	7.372	94.983	5.017	0	Charging
1/1/2026 20:14	Charging	63.075	394.69	18.65	30.27	7.361	94.983	5.017	0	Charging
1/1/2026 20:14	Charging	63.11	394.71	18.62	30.27	7.35	94.983	5.017	0	Charging
1/1/2026 20:14	Charging	63.146	394.73	18.59	30.27	7.338	94.983	5.017	0	Charging
1/1/2026 20:14	Charging	63.182	394.75	18.56	30.28	7.327	94.983	5.017	0	Charging
1/1/2026 20:14	Charging	63.217	394.77	18.53	30.28	7.315	94.983	5.017	0	Charging
1/1/2026 20:15	Charging	63.252	394.79	18.5	30.28	7.304	94.983	5.017	0	Charging
1/1/2026 20:15	Charging	63.288	394.81	18.47	30.29	7.292	94.983	5.017	0	Charging
1/1/2026 20:15	Charging	63.323	394.83	18.44	30.29	7.281	94.983	5.017	0	Charging
1/1/2026 20:15	Charging	63.358	394.85	18.41	30.29	7.269	94.983	5.017	0	Charging
1/1/2026 20:15	Charging	63.394	394.87	18.38	30.29	7.258	94.983	5.017	0	Charging
1/1/2026 20:15	Charging	63.429	394.89	18.35	30.3	7.246	94.983	5.017	0	Charging
1/1/2026 20:16	Charging	63.464	394.91	18.32	30.3	7.235	94.983	5.017	0	Charging
1/1/2026 20:16	Charging	63.499	394.92	18.29	30.3	7.223	94.983	5.017	0	Charging
1/1/2026 20:16	Charging	63.534	394.94	18.26	30.31	7.212	94.983	5.017	0	Charging
1/1/2026 20:16	Charging	63.569	394.96	18.23	30.31	7.2	94.983	5.017	0	Charging
1/1/2026 20:16	Charging	63.604	394.98	18.2	30.31	7.189	94.983	5.017	0	Charging
1/1/2026 20:16	Charging	63.638	395	18.17	30.31	7.177	94.983	5.017	0	Charging
1/1/2026 20:17	Charging	63.673	395.02	18.14	30.32	7.166	94.983	5.017	0	Charging
1/1/2026 20:17	Charging	63.708	395.04	18.11	30.32	7.154	94.983	5.017	0	Charging
1/1/2026 20:17	Charging	63.742	395.06	18.08	30.32	7.143	94.983	5.017	0	Charging
1/1/2026 20:17	Charging	63.777	395.08	18.05	30.32	7.131	94.983	5.017	0	Charging
1/1/2026 20:17	Charging	63.811	395.1	18.02	30.33	7.12	94.983	5.017	0	Charging
1/1/2026 20:17	Charging	63.846	395.12	17.99	30.33	7.108	94.983	5.017	0	Charging
1/1/2026 20:18	Charging	63.88	395.13	17.96	30.33	7.097	94.983	5.017	0	Charging
1/1/2026 20:18	Charging	63.915	395.15	17.93	30.34	7.085	94.983	5.017	0	Charging
1/1/2026 20:18	Charging	63.949	395.17	17.9	30.34	7.074	94.983	5.017	0	Charging
1/1/2026 20:18	Charging	63.983	395.19	17.87	30.34	7.062	94.983	5.017	0	Charging
1/1/2026 20:18	Charging	64.017	395.21	17.84	30.34	7.051	94.983	5.017	0	Charging
1/1/2026 20:18	Charging	64.051	395.23	17.81	30.35	7.039	94.983	5.017	0	Charging
1/1/2026 20:19	Charging	64.085	395.25	17.78	30.35	7.028	94.983	5.017	0	Charging
1/1/2026 20:19	Charging	64.119	395.27	17.75	30.35	7.016	94.983	5.017	0	Charging
1/1/2026 20:19	Charging	64.153	395.28	17.72	30.35	7.004	94.983	5.017	0	Charging
1/1/2026 20:19	Charging	64.187	395.3	17.69	30.36	6.993	94.983	5.017	0	Charging
1/1/2026 20:19	Charging	64.221	395.32	17.66	30.36	6.981	94.983	5.017	0	Charging
1/1/2026 20:19	Charging	64.255	395.34	17.63	30.36	6.97	94.983	5.017	0	Charging
1/1/2026 20:20	Charging	64.288	395.36	17.6	30.36	6.958	94.983	5.017	0	Charging
1/1/2026 20:20	Charging	64.322	395.38	17.57	30.37	6.947	94.983	5.017	0	Charging
1/1/2026 20:20	Charging	64.356	395.4	17.54	30.37	6.935	94.983	5.017	0	Charging
1/1/2026 20:20	Charging	64.389	395.41	17.51	30.37	6.924	94.983	5.017	0	Charging
1/1/2026 20:20	Charging	64.423	395.43	17.48	30.37	6.912	94.983	5.017	0	Charging
1/1/2026 20:20	Charging	64.456	395.45	17.45	30.38	6.901	94.983	5.017	0	Charging
1/1/2026 20:21	Charging	64.489	395.47	17.42	30.38	6.889	94.983	5.017	0	Charging
1/1/2026 20:21	Charging	64.523	395.49	17.39	30.38	6.878	94.983	5.017	0	Charging
1/1/2026 20:21	Charging	64.556	395.51	17.36	30.38	6.866	94.983	5.017	0	Charging
1/1/2026 20:21	Charging	64.589	395.52	17.33	30.39	6.854	94.983	5.017	0	Charging
1/1/2026 20:21	Charging	64.622	395.54	17.3	30.39	6.843	94.983	5.017	0	Charging
1/1/2026 20:21	Charging	64.655	395.56	17.27	30.39	6.831	94.983	5.017	0	Charging
1/1/2026 20:22	Charging	64.688	395.58	17.24	30.39	6.82	94.983	5.017	0	Charging
1/1/2026 20:22	Charging	64.721	395.6	17.21	30.4	6.808	94.983	5.017	0	Charging
1/1/2026 20:22	Charging	64.754	395.61	17.18	30.4	6.797	94.983	5.017	0	Charging
1/1/2026 20:22	Charging	64.787	395.63	17.15	30.4	6.785	94.983	5.017	0	Charging
1/1/2026 20:22	Charging	64.82	395.65	17.12	30.4	6.774	94.983	5.017	0	Charging
1/1/2026 20:22	Charging	64.853	395.67	17.09	30.41	6.762	94.983	5.017	0	Charging
1/1/2026 20:23	Charging	64.885	395.69	17.06	30.41	6.75	94.983	5.017	0	Charging
1/1/2026 20:23	Charging	64.918	395.7	17.03	30.41	6.739	94.983	5.017	0	Charging
1/1/2026 20:23	Charging	64.95	395.72	17	30.41	6.727	94.983	5.017	0	Charging
1/1/2026 20:23	Charging	64.983	395.74	16.97	30.42	6.716	94.983	5.017	0	Charging
1/1/2026 20:23	Charging	65.015	395.76	16.94	30.42	6.704	94.983	5.017	0	Charging
1/1/2026 20:23	Charging	65.048	395.78	16.91	30.42	6.693	94.983	5.017	0	Charging
1/1/2026 20:24	Charging	65.08	395.79	16.88	30.42	6.681	94.983	5.017	0	Charging
1/1/2026 20:24	Charging	65.112	395.81	16.85	30.42	6.669	94.983	5.017	0	Charging
1/1/2026 20:24	Charging	65.145	395.83	16.82	30.43	6.658	94.983	5.017	0	Charging
1/1/2026 20:24	Charging	65.177	395.85	16.79	30.43	6.646	94.983	5.017	0	Charging
1/1/2026 20:24	Charging	65.209	395.86	16.76	30.43	6.635	94.983	5.017	0	Charging
1/1/2026 20:24	Charging	65.241	395.88	16.73	30.43	6.623	94.983	5.017	0	Charging
1/1/2026 20:25	Charging	65.273	395.9	16.7	30.44	6.612	94.983	5.017	0	Charging
1/1/2026 20:25	Charging	65.305	395.92	16.67	30.44	6.6	94.983	5.017	0	Charging
1/1/2026 20:25	Charging	65.337	395.94	16.64	30.44	6.588	94.983	5.017	0	Charging
1/1/2026 20:25	Charging	65.368	395.95	16.61	30.44	6.577	94.983	5.017	0	Charging
1/1/2026 20:25	Charging	65.4	395.97	16.58	30.45	6.565	94.983	5.017	0	Charging
1/1/2026 20:25	Charging	65.432	395.99	16.55	30.45	6.554	94.983	5.017	0	Charging
1/1/2026 20:26	Charging	65.464	396	16.52	30.45	6.542	94.983	5.017	0	Charging
1/1/2026 20:26	Charging	65.495	396.02	16.49	30.45	6.53	94.983	5.017	0	Charging
1/1/2026 20:26	Charging	65.527	396.04	16.46	30.45	6.519	94.983	5.017	0	Charging
1/1/2026 20:26	Charging	65.558	396.06	16.43	30.46	6.507	94.983	5.017	0	Charging
1/1/2026 20:26	Charging	65.589	396.07	16.4	30.46	6.496	94.983	5.017	0	Charging
1/1/2026 20:26	Charging	65.621	396.09	16.37	30.46	6.484	94.983	5.017	0	Charging
1/1/2026 20:27	Charging	65.652	396.11	16.34	30.46	6.472	94.983	5.017	0	Charging
1/1/2026 20:27	Charging	65.683	396.13	16.31	30.46	6.461	94.983	5.017	0	Charging
1/1/2026 20:27	Charging	65.715	396.14	16.28	30.47	6.449	94.983	5.017	0	Charging
1/1/2026 20:27	Charging	65.746	396.16	16.25	30.47	6.438	94.983	5.017	0	Charging
1/1/2026 20:27	Charging	65.777	396.18	16.22	30.47	6.426	94.983	5.017	0	Charging
1/1/2026 20:27	Charging	65.808	396.19	16.19	30.47	6.414	94.983	5.017	0	Charging
1/1/2026 20:28	Charging	65.839	396.21	16.16	30.48	6.403	94.983	5.017	0	Charging
1/1/2026 20:28	Charging	65.87	396.23	16.13	30.48	6.391	94.983	5.017	0	Charging
1/1/2026 20:28	Charging	65.9	396.25	16.1	30.48	6.38	94.983	5.017	0	Charging
1/1/2026 20:28	Charging	65.931	396.26	16.07	30.48	6.368	94.983	5.017	0	Charging
1/1/2026 20:28	Charging	65.962	396.28	16.04	30.48	6.356	94.983	5.017	0	Charging
1/1/2026 20:28	Charging	65.992	396.3	16.01	30.49	6.345	94.983	5.017	0	Charging
1/1/2026 20:29	Charging	66.023	396.31	15.98	30.49	6.333	94.983	5.017	0	Charging
1/1/2026 20:29	Charging	66.054	396.33	15.95	30.49	6.321	94.983	5.017	0	Charging
1/1/2026 20:29	Charging	66.084	396.35	15.92	30.49	6.31	94.983	5.017	0	Charging
1/1/2026 20:29	Charging	66.115	396.36	15.89	30.49	6.298	94.983	5.017	0	Charging
1/1/2026 20:29	Charging	66.145	396.38	15.86	30.5	6.287	94.983	5.017	0	Charging
1/1/2026 20:29	Charging	66.175	396.4	15.83	30.5	6.275	94.983	5.017	0	Charging
1/1/2026 20:30	Charging	66.205	396.41	15.8	30.5	6.263	94.983	5.017	0	Charging
1/1/2026 20:30	Charging	66.236	396.43	15.77	30.5	6.252	94.983	5.017	0	Charging
1/1/2026 20:30	Charging	66.266	396.45	15.74	30.5	6.24	94.983	5.017	0	Charging
1/1/2026 20:30	Charging	66.296	396.46	15.71	30.51	6.228	94.983	5.017	0	Charging
1/1/2026 20:30	Charging	66.326	396.48	15.68	30.51	6.217	94.983	5.017	0	Charging
1/1/2026 20:30	Charging	66.356	396.5	15.65	30.51	6.205	94.983	5.017	0	Charging
1/1/2026 20:31	Charging	66.386	396.51	15.62	30.51	6.193	94.983	5.017	0	Charging
1/1/2026 20:31	Charging	66.416	396.53	15.59	30.51	6.182	94.983	5.017	0	Charging
1/1/2026 20:31	Charging	66.445	396.55	15.56	30.52	6.17	94.983	5.017	0	Charging
1/1/2026 20:31	Charging	66.475	396.56	15.53	30.52	6.159	94.983	5.017	0	Charging
1/1/2026 20:31	Charging	66.505	396.58	15.5	30.52	6.147	94.983	5.017	0	Charging
1/1/2026 20:31	Charging	66.535	396.59	15.47	30.52	6.135	94.983	5.017	0	Charging
1/1/2026 20:32	Charging	66.564	396.61	15.44	30.52	6.124	94.983	5.017	0	Charging
1/1/2026 20:32	Charging	66.594	396.63	15.41	30.53	6.112	94.983	5.017	0	Charging
1/1/2026 20:32	Charging	66.623	396.64	15.38	30.53	6.1	94.983	5.017	0	Charging
1/1/2026 20:32	Charging	66.652	396.66	15.35	30.53	6.089	94.983	5.017	0	Charging
1/1/2026 20:32	Charging	66.682	396.67	15.32	30.53	6.077	94.983	5.017	0	Charging
1/1/2026 20:32	Charging	66.711	396.69	15.29	30.53	6.065	94.983	5.017	0	Charging
1/1/2026 20:33	Charging	66.74	396.71	15.26	30.53	6.054	94.983	5.017	0	Charging
1/1/2026 20:33	Charging	66.769	396.72	15.23	30.54	6.042	94.983	5.017	0	Charging
1/1/2026 20:33	Charging	66.799	396.74	15.2	30.54	6.03	94.983	5.017	0	Charging
1/1/2026 20:33	Charging	66.828	396.76	15.17	30.54	6.019	94.983	5.017	0	Charging
1/1/2026 20:33	Charging	66.857	396.77	15.14	30.54	6.007	94.983	5.017	0	Charging
1/1/2026 20:33	Charging	66.886	396.79	15.11	30.54	5.995	94.983	5.017	0	Charging
1/1/2026 20:34	Charging	66.914	396.8	15.08	30.55	5.984	94.983	5.017	0	Charging
1/1/2026 20:34	Charging	66.943	396.82	15.05	30.55	5.972	94.983	5.017	0	Charging
1/1/2026 20:34	Charging	66.972	396.83	15.02	30.55	5.96	94.983	5.017	0	Charging
1/1/2026 20:34	Charging	67.001	396.85	14.99	30.55	5.949	94.983	5.017	0	Charging
1/1/2026 20:34	Charging	67.029	396.87	14.96	30.55	5.937	94.983	5.017	0	Charging
1/1/2026 20:34	Charging	67.058	396.88	14.93	30.56	5.925	94.983	5.017	0	Charging
1/1/2026 20:35	Charging	67.086	396.9	14.9	30.56	5.914	94.983	5.017	0	Charging
1/1/2026 20:35	Charging	67.115	396.91	14.87	30.56	5.902	94.983	5.017	0	Charging
1/1/2026 20:35	Charging	67.143	396.93	14.84	30.56	5.89	94.983	5.017	0	Charging
1/1/2026 20:35	Charging	67.172	396.94	14.81	30.56	5.879	94.983	5.017	0	Charging
1/1/2026 20:35	Charging	67.2	396.96	14.78	30.56	5.867	94.983	5.017	0	Charging
1/1/2026 20:35	Charging	67.228	396.98	14.75	30.57	5.855	94.983	5.017	0	Charging
1/1/2026 20:36	Charging	67.256	396.99	14.72	30.57	5.844	94.983	5.017	0	Charging
1/1/2026 20:36	Charging	67.285	397.01	14.69	30.57	5.832	94.983	5.017	0	Charging
1/1/2026 20:36	Charging	67.313	397.02	14.66	30.57	5.82	94.983	5.017	0	Charging
1/1/2026 20:36	Charging	67.341	397.04	14.63	30.57	5.809	94.983	5.017	0	Charging
1/1/2026 20:36	Charging	67.369	397.05	14.6	30.57	5.797	94.983	5.017	0	Charging
1/1/2026 20:36	Charging	67.396	397.07	14.57	30.58	5.785	94.983	5.017	0	Charging
1/1/2026 20:37	Charging	67.424	397.08	14.54	30.58	5.774	94.983	5.017	0	Charging
1/1/2026 20:37	Charging	67.452	397.1	14.51	30.58	5.762	94.983	5.017	0	Charging
1/1/2026 20:37	Charging	67.48	397.11	14.48	30.58	5.75	94.983	5.017	0	Charging
1/1/2026 20:37	Charging	67.508	397.13	14.45	30.58	5.739	94.983	5.017	0	Charging
1/1/2026 20:37	Charging	67.535	397.14	14.42	30.58	5.727	94.983	5.017	0	Charging
1/1/2026 20:37	Charging	67.563	397.16	14.39	30.59	5.715	94.983	5.017	0	Charging
1/1/2026 20:38	Charging	67.59	397.17	14.36	30.59	5.703	94.983	5.017	0	Charging
1/1/2026 20:38	Charging	67.618	397.19	14.33	30.59	5.692	94.983	5.017	0	Charging
1/1/2026 20:38	Charging	67.645	397.2	14.3	30.59	5.68	94.983	5.017	0	Charging
1/1/2026 20:38	Charging	67.672	397.22	14.27	30.59	5.668	94.983	5.017	0	Charging
1/1/2026 20:38	Charging	67.7	397.23	14.24	30.59	5.657	94.983	5.017	0	Charging
1/1/2026 20:38	Charging	67.727	397.25	14.21	30.6	5.645	94.983	5.017	0	Charging
1/1/2026 20:39	Charging	67.754	397.26	14.18	30.6	5.633	94.983	5.017	0	Charging
1/1/2026 20:39	Charging	67.781	397.28	14.15	30.6	5.622	94.983	5.017	0	Charging
1/1/2026 20:39	Charging	67.808	397.29	14.12	30.6	5.61	94.983	5.017	0	Charging
1/1/2026 20:39	Charging	67.835	397.31	14.09	30.6	5.598	94.983	5.017	0	Charging
1/1/2026 20:39	Charging	67.862	397.32	14.06	30.6	5.586	94.983	5.017	0	Charging
1/1/2026 20:39	Charging	67.889	397.34	14.03	30.61	5.575	94.983	5.017	0	Charging
1/1/2026 20:40	Charging	67.916	397.35	14	30.61	5.563	94.983	5.017	0	Charging
1/1/2026 20:40	Charging	67.942	397.37	13.97	30.61	5.551	94.983	5.017	0	Charging
1/1/2026 20:40	Charging	67.969	397.38	13.94	30.61	5.539	94.983	5.017	0	Charging
1/1/2026 20:40	Charging	67.996	397.4	13.91	30.61	5.528	94.983	5.017	0	Charging
1/1/2026 20:40	Charging	68.022	397.41	13.88	30.61	5.516	94.983	5.017	0	Charging
1/1/2026 20:40	Charging	68.049	397.43	13.85	30.61	5.504	94.983	5.017	0	Charging
1/1/2026 20:41	Charging	68.075	397.44	13.82	30.62	5.493	94.983	5.017	0	Charging
1/1/2026 20:41	Charging	68.102	397.46	13.79	30.62	5.481	94.983	5.017	0	Charging
1/1/2026 20:41	Charging	68.128	397.47	13.76	30.62	5.469	94.983	5.017	0	Charging
1/1/2026 20:41	Charging	68.154	397.48	13.73	30.62	5.457	94.983	5.017	0	Charging
1/1/2026 20:41	Charging	68.181	397.5	13.7	30.62	5.446	94.983	5.017	0	Charging
1/1/2026 20:41	Charging	68.207	397.51	13.67	30.62	5.434	94.983	5.017	0	Charging
1/1/2026 20:42	Charging	68.233	397.53	13.64	30.63	5.422	94.983	5.017	0	Charging
1/1/2026 20:42	Charging	68.259	397.54	13.61	30.63	5.411	94.983	5.017	0	Charging
1/1/2026 20:42	Charging	68.285	397.56	13.58	30.63	5.399	94.983	5.017	0	Charging
1/1/2026 20:42	Charging	68.311	397.57	13.55	30.63	5.387	94.983	5.017	0	Charging
1/1/2026 20:42	Charging	68.337	397.59	13.52	30.63	5.375	94.983	5.017	0	Charging
1/1/2026 20:42	Charging	68.363	397.6	13.49	30.63	5.364	94.983	5.017	0	Charging
1/1/2026 20:43	Charging	68.388	397.61	13.46	30.63	5.352	94.983	5.017	0	Charging
1/1/2026 20:43	Charging	68.414	397.63	13.43	30.64	5.34	94.983	5.017	0	Charging
1/1/2026 20:43	Charging	68.44	397.64	13.4	30.64	5.328	94.983	5.017	0	Charging
1/1/2026 20:43	Charging	68.465	397.66	13.37	30.64	5.317	94.983	5.017	0	Charging
1/1/2026 20:43	Charging	68.491	397.67	13.34	30.64	5.305	94.983	5.017	0	Charging
1/1/2026 20:43	Charging	68.516	397.68	13.31	30.64	5.293	94.983	5.017	0	Charging
1/1/2026 20:44	Charging	68.542	397.7	13.28	30.64	5.281	94.983	5.017	0	Charging
1/1/2026 20:44	Charging	68.567	397.71	13.25	30.64	5.27	94.983	5.017	0	Charging
1/1/2026 20:44	Charging	68.593	397.73	13.22	30.65	5.258	94.983	5.017	0	Charging
1/1/2026 20:44	Charging	68.618	397.74	13.19	30.65	5.246	94.983	5.017	0	Charging
1/1/2026 20:44	Charging	68.643	397.75	13.16	30.65	5.234	94.983	5.017	0	Charging
1/1/2026 20:44	Charging	68.668	397.77	13.13	30.65	5.223	94.983	5.017	0	Charging
1/1/2026 20:45	Charging	68.693	397.78	13.1	30.65	5.211	94.983	5.017	0	Charging
1/1/2026 20:45	Charging	68.718	397.8	13.07	30.65	5.199	94.983	5.017	0	Charging
1/1/2026 20:45	Charging	68.743	397.81	13.04	30.65	5.187	94.983	5.017	0	Charging
1/1/2026 20:45	Charging	68.768	397.82	13.01	30.66	5.176	94.983	5.017	0	Charging
1/1/2026 20:45	Charging	68.793	397.84	12.98	30.66	5.164	94.983	5.017	0	Charging
1/1/2026 20:45	Charging	68.818	397.85	12.95	30.66	5.152	94.983	5.017	0	Charging
1/1/2026 20:46	Charging	68.843	397.86	12.92	30.66	5.14	94.983	5.017	0	Charging
1/1/2026 20:46	Charging	68.867	397.88	12.89	30.66	5.129	94.983	5.017	0	Charging
1/1/2026 20:46	Charging	68.892	397.89	12.86	30.66	5.117	94.983	5.017	0	Charging
1/1/2026 20:46	Charging	68.916	397.9	12.83	30.66	5.105	94.983	5.017	0	Charging
1/1/2026 20:46	Charging	68.941	397.92	12.8	30.67	5.093	94.983	5.017	0	Charging
1/1/2026 20:46	Charging	68.965	397.93	12.77	30.67	5.082	94.983	5.017	0	Charging
1/1/2026 20:47	Charging	68.99	397.94	12.74	30.67	5.07	94.983	5.017	0	Charging
1/1/2026 20:47	Charging	69.014	397.96	12.71	30.67	5.058	94.983	5.017	0	Charging
1/1/2026 20:47	Charging	69.038	397.97	12.68	30.67	5.046	94.983	5.017	0	Charging
1/1/2026 20:47	Charging	69.063	397.98	12.65	30.67	5.034	94.983	5.017	0	Charging
1/1/2026 20:47	Charging	69.087	398	12.62	30.67	5.023	94.983	5.017	0	Charging
1/1/2026 20:47	Charging	69.111	398.01	12.59	30.67	5.011	94.983	5.017	0	Charging
1/1/2026 20:48	Charging	69.135	398.02	12.56	30.68	4.999	94.983	5.017	0	Charging
1/1/2026 20:48	Charging	69.159	398.04	12.53	30.68	4.987	94.983	5.017	0	Charging
1/1/2026 20:48	Charging	69.183	398.05	12.5	30.68	4.976	94.983	5.017	0	Charging
1/1/2026 20:48	Charging	69.207	398.06	12.47	30.68	4.964	94.983	5.017	0	Charging
1/1/2026 20:48	Charging	69.231	398.08	12.44	30.68	4.952	94.983	5.017	0	Charging
1/1/2026 20:48	Charging	69.254	398.09	12.41	30.68	4.94	94.983	5.017	0	Charging
1/1/2026 20:49	Charging	69.278	398.1	12.38	30.68	4.928	94.983	5.017	0	Charging
1/1/2026 20:49	Charging	69.302	398.12	12.35	30.68	4.917	94.983	5.017	0	Charging
1/1/2026 20:49	Charging	69.325	398.13	12.32	30.69	4.905	94.983	5.017	0	Charging
1/1/2026 20:49	Charging	69.349	398.14	12.29	30.69	4.893	94.983	5.017	0	Charging
1/1/2026 20:49	Charging	69.372	398.15	12.26	30.69	4.881	94.983	5.017	0	Charging
1/1/2026 20:49	Charging	69.396	398.17	12.23	30.69	4.87	94.983	5.017	0	Charging
1/1/2026 20:50	Charging	69.419	398.18	12.2	30.69	4.858	94.983	5.017	0	Charging
1/1/2026 20:50	Charging	69.442	398.19	12.17	30.69	4.846	94.983	5.017	0	Charging
1/1/2026 20:50	Charging	69.466	398.21	12.14	30.69	4.834	94.983	5.017	0	Charging
1/1/2026 20:50	Charging	69.489	398.22	12.11	30.69	4.822	94.983	5.017	0	Charging
1/1/2026 20:50	Charging	69.512	398.23	12.08	30.7	4.811	94.983	5.017	0	Charging
1/1/2026 20:50	Charging	69.535	398.24	12.05	30.7	4.799	94.983	5.017	0	Charging
1/1/2026 20:51	Charging	69.558	398.26	12.02	30.7	4.787	94.983	5.017	0	Charging
1/1/2026 20:51	Charging	69.581	398.27	11.99	30.7	4.775	94.983	5.017	0	Charging
1/1/2026 20:51	Charging	69.604	398.28	11.96	30.7	4.763	94.983	5.017	0	Charging
1/1/2026 20:51	Charging	69.627	398.29	11.93	30.7	4.752	94.983	5.017	0	Charging
1/1/2026 20:51	Charging	69.65	398.31	11.9	30.7	4.74	94.983	5.017	0	Charging
1/1/2026 20:51	Charging	69.672	398.32	11.87	30.7	4.728	94.983	5.017	0	Charging
1/1/2026 20:52	Charging	69.695	398.33	11.84	30.71	4.716	94.983	5.017	0	Charging
1/1/2026 20:52	Charging	69.718	398.34	11.81	30.71	4.704	94.983	5.017	0	Charging
1/1/2026 20:52	Charging	69.74	398.36	11.78	30.71	4.693	94.983	5.017	0	Charging
1/1/2026 20:52	Charging	69.763	398.37	11.75	30.71	4.681	94.983	5.017	0	Charging
1/1/2026 20:52	Charging	69.785	398.38	11.72	30.71	4.669	94.983	5.017	0	Charging
1/1/2026 20:52	Charging	69.807	398.39	11.69	30.71	4.657	94.983	5.017	0	Charging
1/1/2026 20:53	Charging	69.83	398.41	11.66	30.71	4.645	94.983	5.017	0	Charging
1/1/2026 20:53	Charging	69.852	398.42	11.63	30.71	4.634	94.983	5.017	0	Charging
1/1/2026 20:53	Charging	69.874	398.43	11.6	30.71	4.622	94.983	5.017	0	Charging
1/1/2026 20:53	Charging	69.896	398.44	11.57	30.72	4.61	94.983	5.017	0	Charging
1/1/2026 20:53	Charging	69.918	398.46	11.54	30.72	4.598	94.983	5.017	0	Charging
1/1/2026 20:53	Charging	69.941	398.47	11.51	30.72	4.586	94.983	5.017	0	Charging
1/1/2026 20:54	Charging	69.963	398.48	11.48	30.72	4.575	94.983	5.017	0	Charging
1/1/2026 20:54	Charging	69.984	398.49	11.45	30.72	4.563	94.983	5.017	0	Charging
1/1/2026 20:54	Charging	70.006	398.5	11.42	30.72	4.551	94.983	5.017	0	Charging
1/1/2026 20:54	Charging	70.028	398.52	11.39	30.72	4.539	94.983	5.017	0	Charging
1/1/2026 20:54	Charging	70.05	398.53	11.36	30.72	4.527	94.983	5.017	0	Charging
1/1/2026 20:54	Charging	70.072	398.54	11.33	30.72	4.515	94.983	5.017	0	Charging
1/1/2026 20:55	Charging	70.093	398.55	11.3	30.73	4.504	94.983	5.017	0	Charging
1/1/2026 20:55	Charging	70.115	398.56	11.27	30.73	4.492	94.983	5.017	0	Charging
1/1/2026 20:55	Charging	70.136	398.57	11.24	30.73	4.48	94.983	5.017	0	Charging
1/1/2026 20:55	Charging	70.158	398.59	11.21	30.73	4.468	94.983	5.017	0	Charging
1/1/2026 20:55	Charging	70.179	398.6	11.18	30.73	4.456	94.983	5.017	0	Charging
1/1/2026 20:55	Charging	70.201	398.61	11.15	30.73	4.445	94.983	5.017	0	Charging
1/1/2026 20:56	Charging	70.222	398.62	11.12	30.73	4.433	94.983	5.017	0	Charging
1/1/2026 20:56	Charging	70.243	398.63	11.09	30.73	4.421	94.983	5.017	0	Charging
1/1/2026 20:56	Charging	70.264	398.65	11.06	30.73	4.409	94.983	5.017	0	Charging
1/1/2026 20:56	Charging	70.285	398.66	11.03	30.74	4.397	94.983	5.017	0	Charging
1/1/2026 20:56	Charging	70.306	398.67	11	30.74	4.385	94.983	5.017	0	Charging
1/1/2026 20:56	Charging	70.327	398.68	10.97	30.74	4.374	94.983	5.017	0	Charging
1/1/2026 20:57	Charging	70.348	398.69	10.94	30.74	4.362	94.983	5.017	0	Charging
1/1/2026 20:57	Charging	70.369	398.7	10.91	30.74	4.35	94.983	5.017	0	Charging
1/1/2026 20:57	Charging	70.39	398.71	10.88	30.74	4.338	94.983	5.017	0	Charging
1/1/2026 20:57	Charging	70.411	398.73	10.85	30.74	4.326	94.983	5.017	0	Charging
1/1/2026 20:57	Charging	70.432	398.74	10.82	30.74	4.314	94.983	5.017	0	Charging
1/1/2026 20:57	Charging	70.452	398.75	10.79	30.74	4.303	94.983	5.017	0	Charging
1/1/2026 20:58	Charging	70.473	398.76	10.76	30.75	4.291	94.983	5.017	0	Charging
1/1/2026 20:58	Charging	70.493	398.77	10.73	30.75	4.279	94.983	5.017	0	Charging
1/1/2026 20:58	Charging	70.514	398.78	10.7	30.75	4.267	94.983	5.017	0	Charging
1/1/2026 20:58	Charging	70.534	398.79	10.67	30.75	4.255	94.983	5.017	0	Charging
1/1/2026 20:58	Charging	70.555	398.81	10.64	30.75	4.243	94.983	5.017	0	Charging
1/1/2026 20:58	Charging	70.575	398.82	10.61	30.75	4.231	94.983	5.017	0	Charging
1/1/2026 20:59	Charging	70.595	398.83	10.58	30.75	4.22	94.983	5.017	0	Charging
1/1/2026 20:59	Charging	70.615	398.84	10.55	30.75	4.208	94.983	5.017	0	Charging
1/1/2026 20:59	Charging	70.636	398.85	10.52	30.75	4.196	94.983	5.017	0	Charging
1/1/2026 20:59	Charging	70.656	398.86	10.49	30.75	4.184	94.983	5.017	0	Charging
1/1/2026 20:59	Charging	70.676	398.87	10.46	30.76	4.172	94.983	5.017	0	Charging
1/1/2026 20:59	Charging	70.696	398.88	10.43	30.76	4.16	94.983	5.017	0	Charging
1/1/2026 21:00	Charging	70.716	398.89	10.4	30.76	4.148	94.982	5.018	0	Charging
1/1/2026 21:00	Charging	70.735	398.9	10.37	30.76	4.137	94.982	5.018	0	Charging
1/1/2026 21:00	Charging	70.755	398.92	10.34	30.76	4.125	94.982	5.018	0	Charging
1/1/2026 21:00	Charging	70.775	398.93	10.31	30.76	4.113	94.982	5.018	0	Charging
1/1/2026 21:00	Charging	70.795	398.94	10.28	30.76	4.101	94.982	5.018	0	Charging
1/1/2026 21:00	Charging	70.814	398.95	10.25	30.76	4.089	94.982	5.018	0	Charging
1/1/2026 21:01	Charging	70.834	398.96	10.22	30.76	4.077	94.982	5.018	0	Charging
1/1/2026 21:01	Charging	70.853	398.97	10.19	30.76	4.066	94.982	5.018	0	Charging
1/1/2026 21:01	Charging	70.873	398.98	10.16	30.76	4.054	94.982	5.018	0	Charging
1/1/2026 21:01	Charging	70.892	398.99	10.13	30.77	4.042	94.982	5.018	0	Charging
1/1/2026 21:01	Charging	70.912	399	10.1	30.77	4.03	94.982	5.018	0	Charging
1/1/2026 21:01	Charging	70.931	399.01	10.07	30.77	4.018	94.982	5.018	0	Charging
1/1/2026 21:02	Charging	70.95	399.02	10.04	30.77	4.006	94.982	5.018	0	Charging
1/1/2026 21:02	Charging	70.969	399.03	10.01	30.77	3.994	94.982	5.018	0	Charging
1/1/2026 21:02	Charging	70.988	399.04	9.98	30.77	3.982	94.982	5.018	0	Charging
1/1/2026 21:02	Charging	71.007	399.05	9.95	30.77	3.971	94.982	5.018	0	Charging
1/1/2026 21:02	Charging	71.026	399.06	9.92	30.77	3.959	94.982	5.018	0	Charging
1/1/2026 21:02	Charging	71.045	399.07	9.89	30.77	3.947	94.982	5.018	0	Charging
1/1/2026 21:03	Charging	71.064	399.09	9.86	30.77	3.935	94.982	5.018	0	Charging
1/1/2026 21:03	Charging	71.083	399.1	9.83	30.77	3.923	94.982	5.018	0	Charging
1/1/2026 21:03	Charging	71.102	399.11	9.8	30.78	3.911	94.982	5.018	0	Charging
1/1/2026 21:03	Charging	71.121	399.12	9.77	30.78	3.899	94.982	5.018	0	Charging
1/1/2026 21:03	Charging	71.139	399.13	9.74	30.78	3.888	94.982	5.018	0	Charging
1/1/2026 21:03	Charging	71.158	399.14	9.71	30.78	3.876	94.982	5.018	0	Charging
1/1/2026 21:04	Charging	71.176	399.15	9.68	30.78	3.864	94.982	5.018	0	Charging
1/1/2026 21:04	Charging	71.195	399.16	9.65	30.78	3.852	94.982	5.018	0	Charging
1/1/2026 21:04	Charging	71.213	399.17	9.62	30.78	3.84	94.982	5.018	0	Charging
1/1/2026 21:04	Charging	71.232	399.18	9.59	30.78	3.828	94.982	5.018	0	Charging
1/1/2026 21:04	Charging	71.25	399.19	9.56	30.78	3.816	94.982	5.018	0	Charging
1/1/2026 21:04	Charging	71.268	399.2	9.53	30.78	3.804	94.982	5.018	0	Charging
1/1/2026 21:05	Charging	71.286	399.21	9.5	30.78	3.792	94.982	5.018	0	Charging
1/1/2026 21:05	Charging	71.305	399.22	9.47	30.79	3.781	94.982	5.018	0	Charging
1/1/2026 21:05	Charging	71.323	399.23	9.44	30.79	3.769	94.982	5.018	0	Charging
1/1/2026 21:05	Charging	71.341	399.24	9.41	30.79	3.757	94.982	5.018	0	Charging
1/1/2026 21:05	Charging	71.359	399.25	9.38	30.79	3.745	94.982	5.018	0	Charging
1/1/2026 21:05	Charging	71.376	399.26	9.35	30.79	3.733	94.982	5.018	0	Charging
1/1/2026 21:06	Charging	71.394	399.27	9.32	30.79	3.721	94.982	5.018	0	Charging
1/1/2026 21:06	Charging	71.412	399.28	9.29	30.79	3.709	94.982	5.018	0	Charging
1/1/2026 21:06	Charging	71.43	399.29	9.26	30.79	3.697	94.982	5.018	0	Charging
1/1/2026 21:06	Charging	71.448	399.3	9.23	30.79	3.686	94.982	5.018	0	Charging
1/1/2026 21:06	Charging	71.465	399.31	9.2	30.79	3.674	94.982	5.018	0	Charging
1/1/2026 21:06	Charging	71.483	399.32	9.17	30.79	3.662	94.982	5.018	0	Charging
1/1/2026 21:07	Charging	71.5	399.33	9.14	30.79	3.65	94.982	5.018	0	Charging
1/1/2026 21:07	Charging	71.518	399.33	9.11	30.8	3.638	94.982	5.018	0	Charging
1/1/2026 21:07	Charging	71.535	399.34	9.08	30.8	3.626	94.982	5.018	0	Charging
1/1/2026 21:07	Charging	71.552	399.35	9.05	30.8	3.614	94.982	5.018	0	Charging
1/1/2026 21:07	Charging	71.57	399.36	9.02	30.8	3.602	94.982	5.018	0	Charging
1/1/2026 21:07	Charging	71.587	399.37	8.99	30.8	3.59	94.982	5.018	0	Charging
1/1/2026 21:08	Charging	71.604	399.38	8.96	30.8	3.578	94.982	5.018	0	Charging
1/1/2026 21:08	Charging	71.621	399.39	8.93	30.8	3.567	94.982	5.018	0	Charging
1/1/2026 21:08	Charging	71.638	399.4	8.9	30.8	3.555	94.982	5.018	0	Charging
1/1/2026 21:08	Charging	71.655	399.41	8.87	30.8	3.543	94.982	5.018	0	Charging
1/1/2026 21:08	Charging	71.672	399.42	8.84	30.8	3.531	94.982	5.018	0	Charging
1/1/2026 21:08	Charging	71.689	399.43	8.81	30.8	3.519	94.982	5.018	0	Charging
1/1/2026 21:09	Charging	71.706	399.44	8.78	30.8	3.507	94.982	5.018	0	Charging
1/1/2026 21:09	Charging	71.722	399.45	8.75	30.81	3.495	94.982	5.018	0	Charging
1/1/2026 21:09	Charging	71.739	399.46	8.72	30.81	3.483	94.982	5.018	0	Charging
1/1/2026 21:09	Charging	71.756	399.47	8.69	30.81	3.471	94.982	5.018	0	Charging
1/1/2026 21:09	Charging	71.772	399.47	8.66	30.81	3.459	94.982	5.018	0	Charging
1/1/2026 21:09	Charging	71.789	399.48	8.63	30.81	3.448	94.982	5.018	0	Charging
1/1/2026 21:10	Charging	71.805	399.49	8.6	30.81	3.436	94.982	5.018	0	Charging
1/1/2026 21:10	Charging	71.822	399.5	8.57	30.81	3.424	94.982	5.018	0	Charging
1/1/2026 21:10	Charging	71.838	399.51	8.54	30.81	3.412	94.982	5.018	0	Charging
1/1/2026 21:10	Charging	71.854	399.52	8.51	30.81	3.4	94.982	5.018	0	Charging
1/1/2026 21:10	Charging	71.871	399.53	8.48	30.81	3.388	94.982	5.018	0	Charging
1/1/2026 21:10	Charging	71.887	399.54	8.45	30.81	3.376	94.982	5.018	0	Charging
1/1/2026 21:11	Charging	71.903	399.55	8.42	30.81	3.364	94.982	5.018	0	Charging
1/1/2026 21:11	Charging	71.919	399.56	8.39	30.81	3.352	94.982	5.018	0	Charging
1/1/2026 21:11	Charging	71.935	399.56	8.36	30.82	3.34	94.982	5.018	0	Charging
1/1/2026 21:11	Charging	71.951	399.57	8.33	30.82	3.328	94.982	5.018	0	Charging
1/1/2026 21:11	Charging	71.967	399.58	8.3	30.82	3.317	94.982	5.018	0	Charging
1/1/2026 21:11	Charging	71.983	399.59	8.27	30.82	3.305	94.982	5.018	0	Charging
1/1/2026 21:12	Charging	71.999	399.6	8.24	30.82	3.293	94.982	5.018	0	Charging
1/1/2026 21:12	Charging	72.014	399.61	8.21	30.82	3.281	94.982	5.018	0	Charging
1/1/2026 21:12	Charging	72.03	399.62	8.18	30.82	3.269	94.982	5.018	0	Charging
1/1/2026 21:12	Charging	72.046	399.63	8.15	30.82	3.257	94.982	5.018	0	Charging
1/1/2026 21:12	Charging	72.061	399.63	8.12	30.82	3.245	94.982	5.018	0	Charging
1/1/2026 21:12	Charging	72.077	399.64	8.09	30.82	3.233	94.982	5.018	0	Charging
1/1/2026 21:13	Charging	72.092	399.65	8.06	30.82	3.221	94.982	5.018	0	Charging
1/1/2026 21:13	Charging	72.107	399.66	8.03	30.82	3.209	94.982	5.018	0	Charging
1/1/2026 21:13	Charging	72.123	399.67	8	30.82	3.197	94.982	5.018	0	Charging
1/1/2026 21:13	Charging	72.138	399.68	7.97	30.82	3.185	94.982	5.018	0	Charging
1/1/2026 21:13	Charging	72.153	399.68	7.94	30.83	3.173	94.982	5.018	0	Charging
1/1/2026 21:13	Charging	72.168	399.69	7.91	30.83	3.162	94.982	5.018	0	Charging
1/1/2026 21:14	Charging	72.183	399.7	7.88	30.83	3.15	94.982	5.018	0	Charging
1/1/2026 21:14	Charging	72.198	399.71	7.85	30.83	3.138	94.982	5.018	0	Charging
1/1/2026 21:14	Charging	72.213	399.72	7.82	30.83	3.126	94.982	5.018	0	Charging
1/1/2026 21:14	Charging	72.228	399.73	7.79	30.83	3.114	94.982	5.018	0	Charging
1/1/2026 21:14	Charging	72.243	399.73	7.76	30.83	3.102	94.982	5.018	0	Charging
1/1/2026 21:14	Charging	72.258	399.74	7.73	30.83	3.09	94.982	5.018	0	Charging
1/1/2026 21:15	Charging	72.273	399.75	7.7	30.83	3.078	94.982	5.018	0	Charging
1/1/2026 21:15	Charging	72.287	399.76	7.67	30.83	3.066	94.982	5.018	0	Charging
1/1/2026 21:15	Charging	72.302	399.77	7.64	30.83	3.054	94.982	5.018	0	Charging
1/1/2026 21:15	Charging	72.317	399.77	7.61	30.83	3.042	94.982	5.018	0	Charging
1/1/2026 21:15	Charging	72.331	399.78	7.58	30.83	3.03	94.982	5.018	0	Charging
1/1/2026 21:15	Charging	72.346	399.79	7.55	30.83	3.018	94.982	5.018	0	Charging
1/1/2026 21:16	Charging	72.36	399.8	7.52	30.83	3.006	94.982	5.018	0	Charging
1/1/2026 21:16	Charging	72.374	399.81	7.49	30.84	2.995	94.982	5.018	0	Charging
1/1/2026 21:16	Charging	72.389	399.81	7.46	30.84	2.983	94.982	5.018	0	Charging
1/1/2026 21:16	Charging	72.403	399.82	7.43	30.84	2.971	94.982	5.018	0	Charging
1/1/2026 21:16	Charging	72.417	399.83	7.4	30.84	2.959	94.982	5.018	0	Charging
1/1/2026 21:16	Charging	72.431	399.84	7.37	30.84	2.947	94.982	5.018	0	Charging
1/1/2026 21:17	Charging	72.445	399.84	7.34	30.84	2.935	94.982	5.018	0	Charging
1/1/2026 21:17	Charging	72.459	399.85	7.31	30.84	2.923	94.982	5.018	0	Charging
1/1/2026 21:17	Charging	72.473	399.86	7.28	30.84	2.911	94.982	5.018	0	Charging
1/1/2026 21:17	Charging	72.487	399.87	7.25	30.84	2.899	94.982	5.018	0	Charging
1/1/2026 21:17	Charging	72.501	399.88	7.22	30.84	2.887	94.982	5.018	0	Charging
1/1/2026 21:17	Charging	72.515	399.88	7.19	30.84	2.875	94.982	5.018	0	Charging
1/1/2026 21:18	Charging	72.528	399.89	7.16	30.84	2.863	94.982	5.018	0	Charging
1/1/2026 21:18	Charging	72.542	399.9	7.13	30.84	2.851	94.982	5.018	0	Charging
1/1/2026 21:18	Charging	72.556	399.91	7.1	30.84	2.839	94.982	5.018	0	Charging
1/1/2026 21:18	Charging	72.569	399.91	7.07	30.84	2.827	94.982	5.018	0	Charging
1/1/2026 21:18	Charging	72.583	399.92	7.04	30.84	2.815	94.982	5.018	0	Charging
1/1/2026 21:18	Charging	72.596	399.93	7.01	30.85	2.804	94.982	5.018	0	Charging
1/1/2026 21:19	Charging	72.609	399.94	6.98	30.85	2.792	94.982	5.018	0	Charging
1/1/2026 21:19	Charging	72.623	399.94	6.95	30.85	2.78	94.982	5.018	0	Charging
1/1/2026 21:19	Charging	72.636	399.95	6.92	30.85	2.768	94.982	5.018	0	Charging
1/1/2026 21:19	Charging	72.649	399.96	6.89	30.85	2.756	94.982	5.018	0	Charging
1/1/2026 21:19	Charging	72.662	399.96	6.86	30.85	2.744	94.982	5.018	0	Charging
1/1/2026 21:19	Charging	72.675	399.97	6.83	30.85	2.732	94.982	5.018	0	Charging
1/1/2026 21:20	Charging	72.688	399.98	6.8	30.85	2.72	94.982	5.018	0	Charging
1/1/2026 21:20	Charging	72.701	399.99	6.77	30.85	2.708	94.982	5.018	0	Charging
1/1/2026 21:20	Charging	72.714	399.99	6.74	30.85	2.696	94.982	5.018	0	Charging
1/1/2026 21:20	Charging	72.727	400	6.71	30.85	2.684	94.982	5.018	0	Charging
1/1/2026 21:20	Charging	72.74	400.01	6.68	30.85	2.672	94.982	5.018	0	Charging
1/1/2026 21:20	Charging	72.753	400.01	6.65	30.85	2.66	94.982	5.018	0	Charging
1/1/2026 21:21	Charging	72.765	400.02	6.62	30.85	2.648	94.982	5.018	0	Charging
1/1/2026 21:21	Charging	72.778	400.03	6.59	30.85	2.636	94.982	5.018	0	Charging
1/1/2026 21:21	Charging	72.79	400.03	6.56	30.85	2.624	94.982	5.018	0	Charging
1/1/2026 21:21	Charging	72.803	400.04	6.53	30.86	2.612	94.982	5.018	0	Charging
1/1/2026 21:21	Charging	72.815	400.05	6.5	30.86	2.6	94.982	5.018	0	Charging
1/1/2026 21:21	Charging	72.828	400.06	6.47	30.86	2.588	94.982	5.018	0	Charging
1/1/2026 21:22	Charging	72.84	400.06	6.44	30.86	2.576	94.982	5.018	0	Charging
1/1/2026 21:22	Charging	72.852	400.07	6.41	30.86	2.564	94.982	5.018	0	Charging
1/1/2026 21:22	Charging	72.865	400.08	6.38	30.86	2.553	94.982	5.018	0	Charging
1/1/2026 21:22	Charging	72.877	400.08	6.35	30.86	2.541	94.982	5.018	0	Charging
1/1/2026 21:22	Charging	72.889	400.09	6.32	30.86	2.529	94.982	5.018	0	Charging
1/1/2026 21:22	Charging	72.901	400.1	6.29	30.86	2.517	94.982	5.018	0	Charging
1/1/2026 21:23	Charging	72.913	400.1	6.26	30.86	2.505	94.982	5.018	0	Charging
1/1/2026 21:23	Charging	72.925	400.11	6.23	30.86	2.493	94.982	5.018	0	Charging
1/1/2026 21:23	Charging	72.937	400.12	6.2	30.86	2.481	94.982	5.018	0	Charging
1/1/2026 21:23	Charging	72.949	400.12	6.17	30.86	2.469	94.982	5.018	0	Charging
1/1/2026 21:23	Charging	72.96	400.13	6.14	30.86	2.457	94.982	5.018	0	Charging
1/1/2026 21:23	Charging	72.972	400.13	6.11	30.86	2.445	94.982	5.018	0	Charging
1/1/2026 21:24	Charging	72.984	400.14	6.08	30.86	2.433	94.982	5.018	0	Charging
1/1/2026 21:24	Charging	72.995	400.15	6.05	30.86	2.421	94.982	5.018	0	Charging
1/1/2026 21:24	Charging	73.007	400.15	6.02	30.86	2.409	94.982	5.018	0	Charging
1/1/2026 21:24	Charging	73.018	400.16	5.99	30.87	2.397	94.982	5.018	0	Charging
1/1/2026 21:24	Charging	73.03	400.17	5.96	30.87	2.385	94.982	5.018	0	Charging
1/1/2026 21:24	Charging	73.041	400.17	5.93	30.87	2.373	94.982	5.018	0	Charging
1/1/2026 21:25	Charging	73.052	400.18	5.9	30.87	2.361	94.982	5.018	0	Charging
1/1/2026 21:25	Charging	73.064	400.18	5.87	30.87	2.349	94.982	5.018	0	Charging
1/1/2026 21:25	Charging	73.075	400.19	5.84	30.87	2.337	94.982	5.018	0	Charging
1/1/2026 21:25	Charging	73.086	400.2	5.81	30.87	2.325	94.982	5.018	0	Charging
1/1/2026 21:25	Charging	73.097	400.2	5.78	30.87	2.313	94.982	5.018	0	Charging
1/1/2026 21:25	Charging	73.108	400.21	5.75	30.87	2.301	94.982	5.018	0	Charging
1/1/2026 21:26	Charging	73.119	400.22	5.72	30.87	2.289	94.982	5.018	0	Charging
1/1/2026 21:26	Charging	73.13	400.22	5.69	30.87	2.277	94.982	5.018	0	Charging
1/1/2026 21:26	Charging	73.141	400.23	5.66	30.87	2.265	94.982	5.018	0	Charging
1/1/2026 21:26	Charging	73.151	400.23	5.63	30.87	2.253	94.982	5.018	0	Charging
1/1/2026 21:26	Charging	73.162	400.24	5.6	30.87	2.241	94.982	5.018	0	Charging
1/1/2026 21:26	Charging	73.173	400.25	5.57	30.87	2.229	94.982	5.018	0	Charging
1/1/2026 21:27	Charging	73.183	400.25	5.54	30.87	2.217	94.982	5.018	0	Charging
1/1/2026 21:27	Charging	73.194	400.26	5.51	30.87	2.205	94.982	5.018	0	Charging
1/1/2026 21:27	Charging	73.204	400.26	5.48	30.87	2.193	94.982	5.018	0	Charging
1/1/2026 21:27	Charging	73.215	400.27	5.45	30.87	2.181	94.982	5.018	0	Charging
1/1/2026 21:27	Charging	73.225	400.27	5.42	30.88	2.169	94.982	5.018	0	Charging
1/1/2026 21:27	Charging	73.236	400.28	5.39	30.88	2.158	94.982	5.018	0	Charging
1/1/2026 21:28	Charging	73.246	400.29	5.36	30.88	2.146	94.982	5.018	0	Charging
1/1/2026 21:28	Charging	73.256	400.29	5.33	30.88	2.134	94.982	5.018	0	Charging
1/1/2026 21:28	Charging	73.266	400.3	5.3	30.88	2.122	94.982	5.018	0	Charging
1/1/2026 21:28	Charging	73.276	400.3	5.27	30.88	2.11	94.982	5.018	0	Charging
1/1/2026 21:28	Charging	73.286	400.31	5.24	30.88	2.098	94.982	5.018	0	Charging
1/1/2026 21:28	Charging	73.296	400.31	5.21	30.88	2.086	94.982	5.018	0	Charging
1/1/2026 21:29	Charging	73.306	400.32	5.18	30.88	2.074	94.982	5.018	0	Charging
1/1/2026 21:29	Charging	73.316	400.32	5.15	30.88	2.062	94.982	5.018	0	Charging
1/1/2026 21:29	Charging	73.326	400.33	5.12	30.88	2.05	94.982	5.018	0	Charging
1/1/2026 21:29	Charging	73.336	400.33	5.09	30.88	2.038	94.982	5.018	0	Charging
1/1/2026 21:29	Charging	73.345	400.34	5.06	30.88	2.026	94.982	5.018	0	Charging
1/1/2026 21:29	Charging	73.355	400.35	5.03	30.88	2.014	94.982	5.018	0	Charging
1/1/2026 21:30	Idle	73.355	385.01	-0.12	30.87	-0.046	94.982	5.018	0	Idle
1/1/2026 21:30	Idle	73.354	385.01	-0.12	30.86	-0.046	94.982	5.018	0	Idle
1/1/2026 21:30	Idle	73.354	385.01	-0.12	30.85	-0.046	94.982	5.018	0	Idle
1/1/2026 21:30	Idle	73.354	385.01	-0.12	30.84	-0.046	94.982	5.018	0	Idle
1/1/2026 21:30	Idle	73.354	385.01	-0.12	30.83	-0.046	94.982	5.018	0	Idle
1/1/2026 21:30	Idle	73.354	385.01	-0.12	30.82	-0.046	94.982	5.018	0	Idle
1/1/2026 21:31	Idle	73.353	385.01	-0.12	30.81	-0.046	94.982	5.018	0	Idle
1/1/2026 21:31	Idle	73.353	385.01	-0.12	30.8	-0.046	94.982	5.018	0	Idle
1/1/2026 21:31	Idle	73.353	385.01	-0.12	30.79	-0.046	94.982	5.018	0	Idle
1/1/2026 21:31	Idle	73.353	385.01	-0.12	30.78	-0.046	94.982	5.018	0	Idle
1/1/2026 21:31	Idle	73.352	385.01	-0.12	30.78	-0.046	94.982	5.018	0	Idle
1/1/2026 21:31	Idle	73.352	385.01	-0.12	30.77	-0.046	94.982	5.018	0	Idle
1/1/2026 21:32	Idle	73.352	385.01	-0.12	30.76	-0.046	94.982	5.018	0	Idle
1/1/2026 21:32	Idle	73.352	385.01	-0.12	30.75	-0.046	94.982	5.018	0	Idle
1/1/2026 21:32	Idle	73.351	385.01	-0.12	30.74	-0.046	94.982	5.018	0	Idle
1/1/2026 21:32	Idle	73.351	385.01	-0.12	30.73	-0.046	94.982	5.018	0	Idle
1/1/2026 21:32	Idle	73.351	385.01	-0.12	30.72	-0.046	94.982	5.018	0	Idle
1/1/2026 21:32	Idle	73.351	385.01	-0.12	30.71	-0.046	94.982	5.018	0	Idle
1/1/2026 21:33	Idle	73.351	385.01	-0.12	30.7	-0.046	94.982	5.018	0	Idle
1/1/2026 21:33	Idle	73.35	385.01	-0.12	30.69	-0.046	94.982	5.018	0	Idle
1/1/2026 21:33	Idle	73.35	385.01	-0.12	30.68	-0.046	94.982	5.018	0	Idle
1/1/2026 21:33	Idle	73.35	385.01	-0.12	30.67	-0.046	94.982	5.018	0	Idle
1/1/2026 21:33	Idle	73.35	385.01	-0.12	30.66	-0.046	94.982	5.018	0	Idle
1/1/2026 21:33	Idle	73.349	385.01	-0.12	30.65	-0.046	94.982	5.018	0	Idle
1/1/2026 21:34	Idle	73.349	385.01	-0.12	30.64	-0.046	94.982	5.018	0	Idle
1/1/2026 21:34	Idle	73.349	385.01	-0.12	30.63	-0.046	94.982	5.018	0	Idle
1/1/2026 21:34	Idle	73.349	385.01	-0.12	30.62	-0.046	94.982	5.018	0	Idle
1/1/2026 21:34	Idle	73.349	385.01	-0.12	30.62	-0.046	94.982	5.018	0	Idle
1/1/2026 21:34	Idle	73.348	385.01	-0.12	30.61	-0.046	94.982	5.018	0	Idle
1/1/2026 21:34	Idle	73.348	385.01	-0.12	30.6	-0.046	94.982	5.018	0	Idle
1/1/2026 21:35	Idle	73.348	385	-0.12	30.59	-0.046	94.982	5.018	0	Idle
1/1/2026 21:35	Idle	73.348	385	-0.12	30.58	-0.046	94.982	5.018	0	Idle
1/1/2026 21:35	Idle	73.347	385	-0.12	30.57	-0.046	94.982	5.018	0	Idle
1/1/2026 21:35	Idle	73.347	385	-0.12	30.56	-0.046	94.982	5.018	0	Idle
1/1/2026 21:35	Idle	73.347	385	-0.12	30.55	-0.046	94.982	5.018	0	Idle
1/1/2026 21:35	Idle	73.347	385	-0.12	30.54	-0.046	94.982	5.018	0	Idle
1/1/2026 21:36	Idle	73.346	385	-0.12	30.53	-0.046	94.982	5.018	0	Idle
1/1/2026 21:36	Idle	73.346	385	-0.12	30.52	-0.046	94.982	5.018	0	Idle
1/1/2026 21:36	Idle	73.346	385	-0.12	30.51	-0.046	94.982	5.018	0	Idle
1/1/2026 21:36	Idle	73.346	385	-0.12	30.51	-0.046	94.982	5.018	0	Idle
1/1/2026 21:36	Idle	73.346	385	-0.12	30.5	-0.046	94.982	5.018	0	Idle
1/1/2026 21:36	Idle	73.345	385	-0.12	30.49	-0.046	94.982	5.018	0	Idle
1/1/2026 21:37	Idle	73.345	385	-0.12	30.48	-0.046	94.982	5.018	0	Idle
1/1/2026 21:37	Idle	73.345	385	-0.12	30.47	-0.046	94.982	5.018	0	Idle
1/1/2026 21:37	Idle	73.345	385	-0.12	30.46	-0.046	94.982	5.018	0	Idle
1/1/2026 21:37	Idle	73.344	385	-0.12	30.45	-0.046	94.982	5.018	0	Idle
1/1/2026 21:37	Idle	73.344	385	-0.12	30.44	-0.046	94.982	5.018	0	Idle
1/1/2026 21:37	Idle	73.344	385	-0.12	30.43	-0.046	94.982	5.018	0	Idle
1/1/2026 21:38	Idle	73.344	385	-0.12	30.43	-0.046	94.982	5.018	0	Idle
1/1/2026 21:38	Idle	73.343	385	-0.12	30.42	-0.046	94.982	5.018	0	Idle
1/1/2026 21:38	Idle	73.343	385	-0.12	30.41	-0.046	94.982	5.018	0	Idle
1/1/2026 21:38	Idle	73.343	385	-0.12	30.4	-0.046	94.982	5.018	0	Idle
1/1/2026 21:38	Idle	73.343	385	-0.12	30.39	-0.046	94.982	5.018	0	Idle
1/1/2026 21:38	Idle	73.343	385	-0.12	30.38	-0.046	94.982	5.018	0	Idle
1/1/2026 21:39	Idle	73.342	385	-0.12	30.37	-0.046	94.982	5.018	0	Idle
1/1/2026 21:39	Idle	73.342	385	-0.12	30.36	-0.046	94.982	5.018	0	Idle
1/1/2026 21:39	Idle	73.342	385	-0.12	30.36	-0.046	94.982	5.018	0	Idle
1/1/2026 21:39	Idle	73.342	385	-0.12	30.35	-0.046	94.982	5.018	0	Idle
1/1/2026 21:39	Idle	73.341	385	-0.12	30.34	-0.046	94.982	5.018	0	Idle
1/1/2026 21:39	Idle	73.341	385	-0.12	30.33	-0.046	94.982	5.018	0	Idle
1/1/2026 21:40	Idle	73.341	385	-0.12	30.32	-0.046	94.982	5.018	0	Idle
1/1/2026 21:40	Idle	73.341	385	-0.12	30.31	-0.046	94.982	5.018	0	Idle
1/1/2026 21:40	Idle	73.34	385	-0.12	30.3	-0.046	94.982	5.018	0	Idle
1/1/2026 21:40	Idle	73.34	385	-0.12	30.29	-0.046	94.982	5.018	0	Idle
1/1/2026 21:40	Idle	73.34	385	-0.12	30.29	-0.046	94.982	5.018	0	Idle
1/1/2026 21:40	Idle	73.34	385	-0.12	30.28	-0.046	94.982	5.018	0	Idle
1/1/2026 21:41	Idle	73.34	385	-0.12	30.27	-0.046	94.982	5.018	0	Idle
1/1/2026 21:41	Idle	73.339	385	-0.12	30.26	-0.046	94.982	5.018	0	Idle
1/1/2026 21:41	Idle	73.339	385	-0.12	30.25	-0.046	94.982	5.018	0	Idle
1/1/2026 21:41	Idle	73.339	385	-0.12	30.24	-0.046	94.982	5.018	0	Idle
1/1/2026 21:41	Idle	73.339	385	-0.12	30.23	-0.046	94.982	5.018	0	Idle
1/1/2026 21:41	Idle	73.338	385	-0.12	30.23	-0.046	94.982	5.018	0	Idle
1/1/2026 21:42	Idle	73.338	385	-0.12	30.22	-0.046	94.982	5.018	0	Idle
1/1/2026 21:42	Idle	73.338	385	-0.12	30.21	-0.046	94.982	5.018	0	Idle
1/1/2026 21:42	Idle	73.338	385	-0.12	30.2	-0.046	94.982	5.018	0	Idle
1/1/2026 21:42	Idle	73.337	385	-0.12	30.19	-0.046	94.982	5.018	0	Idle
1/1/2026 21:42	Idle	73.337	385	-0.12	30.18	-0.046	94.982	5.018	0	Idle
1/1/2026 21:42	Idle	73.337	385	-0.12	30.18	-0.046	94.982	5.018	0	Idle
1/1/2026 21:43	Idle	73.337	385	-0.12	30.17	-0.046	94.982	5.018	0	Idle
1/1/2026 21:43	Idle	73.337	385	-0.12	30.16	-0.046	94.982	5.018	0	Idle
1/1/2026 21:43	Idle	73.336	385	-0.12	30.15	-0.046	94.982	5.018	0	Idle
1/1/2026 21:43	Idle	73.336	385	-0.12	30.14	-0.046	94.982	5.018	0	Idle
1/1/2026 21:43	Idle	73.336	385	-0.12	30.13	-0.046	94.982	5.018	0	Idle
1/1/2026 21:43	Idle	73.336	385	-0.12	30.13	-0.046	94.982	5.018	0	Idle
1/1/2026 21:44	Idle	73.335	385	-0.12	30.12	-0.046	94.982	5.018	0	Idle
1/1/2026 21:44	Idle	73.335	385	-0.12	30.11	-0.046	94.982	5.018	0	Idle
1/1/2026 21:44	Idle	73.335	385	-0.12	30.1	-0.046	94.982	5.018	0	Idle
1/1/2026 21:44	Idle	73.335	385	-0.12	30.09	-0.046	94.982	5.018	0	Idle
1/1/2026 21:44	Idle	73.334	384.99	-0.12	30.08	-0.046	94.982	5.018	0	Idle
1/1/2026 21:44	Idle	73.334	384.99	-0.12	30.08	-0.046	94.982	5.018	0	Idle
1/1/2026 21:45	Idle	73.334	384.99	-0.12	30.07	-0.046	94.982	5.018	0	Idle
1/1/2026 21:45	Idle	73.334	384.99	-0.12	30.06	-0.046	94.982	5.018	0	Idle
1/1/2026 21:45	Idle	73.334	384.99	-0.12	30.05	-0.046	94.982	5.018	0	Idle
1/1/2026 21:45	Idle	73.333	384.99	-0.12	30.04	-0.046	94.982	5.018	0	Idle
1/1/2026 21:45	Idle	73.333	384.99	-0.12	30.04	-0.046	94.982	5.018	0	Idle
1/1/2026 21:45	Idle	73.333	384.99	-0.12	30.03	-0.046	94.982	5.018	0	Idle
1/1/2026 21:46	Idle	73.333	384.99	-0.12	30.02	-0.046	94.982	5.018	0	Idle
1/1/2026 21:46	Idle	73.332	384.99	-0.12	30.01	-0.046	94.982	5.018	0	Idle
1/1/2026 21:46	Idle	73.332	384.99	-0.12	30	-0.046	94.982	5.018	0	Idle
1/1/2026 21:46	Idle	73.332	384.99	-0.12	30	-0.046	94.982	5.018	0	Idle
1/1/2026 21:46	Idle	73.332	384.99	-0.12	29.99	-0.046	94.982	5.018	0	Idle
1/1/2026 21:46	Idle	73.332	384.99	-0.12	29.98	-0.046	94.982	5.018	0	Idle
1/1/2026 21:47	Idle	73.331	384.99	-0.12	29.97	-0.046	94.982	5.018	0	Idle
1/1/2026 21:47	Idle	73.331	384.99	-0.12	29.96	-0.046	94.982	5.018	0	Idle
1/1/2026 21:47	Idle	73.331	384.99	-0.12	29.96	-0.046	94.982	5.018	0	Idle
1/1/2026 21:47	Idle	73.331	384.99	-0.12	29.95	-0.046	94.982	5.018	0	Idle
1/1/2026 21:47	Idle	73.33	384.99	-0.12	29.94	-0.046	94.982	5.018	0	Idle
1/1/2026 21:47	Idle	73.33	384.99	-0.12	29.93	-0.046	94.982	5.018	0	Idle
1/1/2026 21:48	Idle	73.33	384.99	-0.12	29.92	-0.046	94.982	5.018	0	Idle
1/1/2026 21:48	Idle	73.33	384.99	-0.12	29.92	-0.046	94.982	5.018	0	Idle
1/1/2026 21:48	Idle	73.329	384.99	-0.12	29.91	-0.046	94.982	5.018	0	Idle
1/1/2026 21:48	Idle	73.329	384.99	-0.12	29.9	-0.046	94.982	5.018	0	Idle
1/1/2026 21:48	Idle	73.329	384.99	-0.12	29.89	-0.046	94.982	5.018	0	Idle
1/1/2026 21:48	Idle	73.329	384.99	-0.12	29.89	-0.046	94.982	5.018	0	Idle
1/1/2026 21:49	Idle	73.329	384.99	-0.12	29.88	-0.046	94.982	5.018	0	Idle
1/1/2026 21:49	Idle	73.328	384.99	-0.12	29.87	-0.046	94.982	5.018	0	Idle
1/1/2026 21:49	Idle	73.328	384.99	-0.12	29.86	-0.046	94.982	5.018	0	Idle
1/1/2026 21:49	Idle	73.328	384.99	-0.12	29.85	-0.046	94.982	5.018	0	Idle
1/1/2026 21:49	Idle	73.328	384.99	-0.12	29.85	-0.046	94.982	5.018	0	Idle
1/1/2026 21:49	Idle	73.327	384.99	-0.12	29.84	-0.046	94.982	5.018	0	Idle
1/1/2026 21:50	Idle	73.327	384.99	-0.12	29.83	-0.046	94.982	5.018	0	Idle
1/1/2026 21:50	Idle	73.327	384.99	-0.12	29.82	-0.046	94.982	5.018	0	Idle
1/1/2026 21:50	Idle	73.327	384.99	-0.12	29.82	-0.046	94.982	5.018	0	Idle
1/1/2026 21:50	Idle	73.326	384.99	-0.12	29.81	-0.046	94.982	5.018	0	Idle
1/1/2026 21:50	Idle	73.326	384.99	-0.12	29.8	-0.046	94.982	5.018	0	Idle
1/1/2026 21:50	Idle	73.326	384.99	-0.12	29.79	-0.046	94.982	5.018	0	Idle
1/1/2026 21:51	Idle	73.326	384.99	-0.12	29.79	-0.046	94.982	5.018	0	Idle
1/1/2026 21:51	Idle	73.326	384.99	-0.12	29.78	-0.046	94.982	5.018	0	Idle
1/1/2026 21:51	Idle	73.325	384.99	-0.12	29.77	-0.046	94.982	5.018	0	Idle
1/1/2026 21:51	Idle	73.325	384.99	-0.12	29.76	-0.046	94.982	5.018	0	Idle
1/1/2026 21:51	Idle	73.325	384.99	-0.12	29.76	-0.046	94.982	5.018	0	Idle
1/1/2026 21:51	Idle	73.325	384.99	-0.12	29.75	-0.046	94.982	5.018	0	Idle
1/1/2026 21:52	Idle	73.324	384.99	-0.12	29.74	-0.046	94.982	5.018	0	Idle
1/1/2026 21:52	Idle	73.324	384.99	-0.12	29.73	-0.046	94.982	5.018	0	Idle
1/1/2026 21:52	Idle	73.324	384.99	-0.12	29.73	-0.046	94.982	5.018	0	Idle
1/1/2026 21:52	Idle	73.324	384.99	-0.12	29.72	-0.046	94.982	5.018	0	Idle
1/1/2026 21:52	Idle	73.323	384.99	-0.12	29.71	-0.046	94.982	5.018	0	Idle
1/1/2026 21:52	Idle	73.323	384.99	-0.12	29.7	-0.046	94.982	5.018	0	Idle
1/1/2026 21:53	Idle	73.323	384.99	-0.12	29.7	-0.046	94.982	5.018	0	Idle
1/1/2026 21:53	Idle	73.323	384.99	-0.12	29.69	-0.046	94.982	5.018	0	Idle
1/1/2026 21:53	Idle	73.323	384.99	-0.12	29.68	-0.046	94.982	5.018	0	Idle
1/1/2026 21:53	Idle	73.322	384.99	-0.12	29.67	-0.046	94.982	5.018	0	Idle
1/1/2026 21:53	Idle	73.322	384.99	-0.12	29.67	-0.046	94.982	5.018	0	Idle
1/1/2026 21:53	Idle	73.322	384.99	-0.12	29.66	-0.046	94.982	5.018	0	Idle
1/1/2026 21:54	Idle	73.322	384.99	-0.12	29.65	-0.046	94.982	5.018	0	Idle
1/1/2026 21:54	Idle	73.321	384.99	-0.12	29.64	-0.046	94.982	5.018	0	Idle
1/1/2026 21:54	Idle	73.321	384.98	-0.12	29.64	-0.046	94.982	5.018	0	Idle
1/1/2026 21:54	Idle	73.321	384.98	-0.12	29.63	-0.046	94.982	5.018	0	Idle
1/1/2026 21:54	Idle	73.321	384.98	-0.12	29.62	-0.046	94.982	5.018	0	Idle
1/1/2026 21:54	Idle	73.32	384.98	-0.12	29.62	-0.046	94.982	5.018	0	Idle
1/1/2026 21:55	Idle	73.32	384.98	-0.12	29.61	-0.046	94.982	5.018	0	Idle
1/1/2026 21:55	Idle	73.32	384.98	-0.12	29.6	-0.046	94.982	5.018	0	Idle
1/1/2026 21:55	Idle	73.32	384.98	-0.12	29.59	-0.046	94.982	5.018	0	Idle
1/1/2026 21:55	Idle	73.32	384.98	-0.12	29.59	-0.046	94.982	5.018	0	Idle
1/1/2026 21:55	Idle	73.319	384.98	-0.12	29.58	-0.046	94.982	5.018	0	Idle
1/1/2026 21:55	Idle	73.319	384.98	-0.12	29.57	-0.046	94.982	5.018	0	Idle
1/1/2026 21:56	Idle	73.319	384.98	-0.12	29.56	-0.046	94.982	5.018	0	Idle
1/1/2026 21:56	Idle	73.319	384.98	-0.12	29.56	-0.046	94.982	5.018	0	Idle
1/1/2026 21:56	Idle	73.318	384.98	-0.12	29.55	-0.046	94.982	5.018	0	Idle
1/1/2026 21:56	Idle	73.318	384.98	-0.12	29.54	-0.046	94.982	5.018	0	Idle
1/1/2026 21:56	Idle	73.318	384.98	-0.12	29.54	-0.046	94.982	5.018	0	Idle
1/1/2026 21:56	Idle	73.318	384.98	-0.12	29.53	-0.046	94.982	5.018	0	Idle
1/1/2026 21:57	Idle	73.317	384.98	-0.12	29.52	-0.046	94.982	5.018	0	Idle
1/1/2026 21:57	Idle	73.317	384.98	-0.12	29.52	-0.046	94.982	5.018	0	Idle
1/1/2026 21:57	Idle	73.317	384.98	-0.12	29.51	-0.046	94.982	5.018	0	Idle
1/1/2026 21:57	Idle	73.317	384.98	-0.12	29.5	-0.046	94.982	5.018	0	Idle
1/1/2026 21:57	Idle	73.317	384.98	-0.12	29.49	-0.046	94.982	5.018	0	Idle
1/1/2026 21:57	Idle	73.316	384.98	-0.12	29.49	-0.046	94.982	5.018	0	Idle
1/1/2026 21:58	Idle	73.316	384.98	-0.12	29.48	-0.046	94.982	5.018	0	Idle
1/1/2026 21:58	Idle	73.316	384.98	-0.12	29.47	-0.046	94.982	5.018	0	Idle
1/1/2026 21:58	Idle	73.316	384.98	-0.12	29.47	-0.046	94.982	5.018	0	Idle
1/1/2026 21:58	Idle	73.315	384.98	-0.12	29.46	-0.046	94.982	5.018	0	Idle
1/1/2026 21:58	Idle	73.315	384.98	-0.12	29.45	-0.046	94.982	5.018	0	Idle
1/1/2026 21:58	Idle	73.315	384.98	-0.12	29.45	-0.046	94.982	5.018	0	Idle
1/1/2026 21:59	Idle	73.315	384.98	-0.12	29.44	-0.046	94.982	5.018	0	Idle
1/1/2026 21:59	Idle	73.314	384.98	-0.12	29.43	-0.046	94.982	5.018	0	Idle
1/1/2026 21:59	Idle	73.314	384.98	-0.12	29.42	-0.046	94.982	5.018	0	Idle
1/1/2026 21:59	Idle	73.314	384.98	-0.12	29.42	-0.046	94.982	5.018	0	Idle
1/1/2026 21:59	Idle	73.314	384.98	-0.12	29.41	-0.046	94.982	5.018	0	Idle
1/1/2026 21:59	Idle	73.314	384.98	-0.12	29.4	-0.046	94.982	5.018	0	Idle
1/1/2026 22:00	Idle	73.313	384.98	-0.12	29.4	-0.046	94.982	5.018	0	Idle
1/1/2026 22:00	Idle	73.313	384.98	-0.12	29.39	-0.046	94.982	5.018	0	Idle
1/1/2026 22:00	Idle	73.313	384.98	-0.12	29.38	-0.046	94.982	5.018	0	Idle
1/1/2026 22:00	Idle	73.313	384.98	-0.12	29.38	-0.046	94.982	5.018	0	Idle
1/1/2026 22:00	Idle	73.312	384.98	-0.12	29.37	-0.046	94.982	5.018	0	Idle
1/1/2026 22:00	Idle	73.312	384.98	-0.12	29.36	-0.046	94.982	5.018	0	Idle
1/1/2026 22:01	Idle	73.312	384.98	-0.12	29.36	-0.046	94.982	5.018	0	Idle
1/1/2026 22:01	Idle	73.312	384.98	-0.12	29.35	-0.046	94.982	5.018	0	Idle
1/1/2026 22:01	Idle	73.312	384.98	-0.12	29.34	-0.046	94.982	5.018	0	Idle
1/1/2026 22:01	Idle	73.311	384.98	-0.12	29.34	-0.046	94.982	5.018	0	Idle
1/1/2026 22:01	Idle	73.311	384.98	-0.12	29.33	-0.046	94.982	5.018	0	Idle
1/1/2026 22:01	Idle	73.311	384.98	-0.12	29.32	-0.046	94.982	5.018	0	Idle
1/1/2026 22:02	Idle	73.311	384.98	-0.12	29.32	-0.046	94.982	5.018	0	Idle
1/1/2026 22:02	Idle	73.31	384.98	-0.12	29.31	-0.046	94.982	5.018	0	Idle
1/1/2026 22:02	Idle	73.31	384.98	-0.12	29.3	-0.046	94.982	5.018	0	Idle
1/1/2026 22:02	Idle	73.31	384.98	-0.12	29.3	-0.046	94.982	5.018	0	Idle
1/1/2026 22:02	Idle	73.31	384.98	-0.12	29.29	-0.046	94.982	5.018	0	Idle
1/1/2026 22:02	Idle	73.309	384.98	-0.12	29.28	-0.046	94.982	5.018	0	Idle
1/1/2026 22:03	Idle	73.309	384.98	-0.12	29.28	-0.046	94.982	5.018	0	Idle
1/1/2026 22:03	Idle	73.309	384.98	-0.12	29.27	-0.046	94.982	5.018	0	Idle
1/1/2026 22:03	Idle	73.309	384.98	-0.12	29.26	-0.046	94.982	5.018	0	Idle
1/1/2026 22:03	Idle	73.309	384.98	-0.12	29.26	-0.046	94.982	5.018	0	Idle
1/1/2026 22:03	Idle	73.308	384.98	-0.12	29.25	-0.046	94.982	5.018	0	Idle
1/1/2026 22:03	Idle	73.308	384.98	-0.12	29.24	-0.046	94.982	5.018	0	Idle
1/1/2026 22:04	Idle	73.308	384.97	-0.12	29.24	-0.046	94.982	5.018	0	Idle
1/1/2026 22:04	Idle	73.308	384.97	-0.12	29.23	-0.046	94.982	5.018	0	Idle
1/1/2026 22:04	Idle	73.307	384.97	-0.12	29.23	-0.046	94.982	5.018	0	Idle
1/1/2026 22:04	Idle	73.307	384.97	-0.12	29.22	-0.046	94.982	5.018	0	Idle
1/1/2026 22:04	Idle	73.307	384.97	-0.12	29.21	-0.046	94.982	5.018	0	Idle
1/1/2026 22:04	Idle	73.307	384.97	-0.12	29.21	-0.046	94.982	5.018	0	Idle
1/1/2026 22:05	Idle	73.306	384.97	-0.12	29.2	-0.046	94.982	5.018	0	Idle
1/1/2026 22:05	Idle	73.306	384.97	-0.12	29.19	-0.046	94.982	5.018	0	Idle
1/1/2026 22:05	Idle	73.306	384.97	-0.12	29.19	-0.046	94.982	5.018	0	Idle
1/1/2026 22:05	Idle	73.306	384.97	-0.12	29.18	-0.046	94.982	5.018	0	Idle
1/1/2026 22:05	Idle	73.306	384.97	-0.12	29.17	-0.046	94.982	5.018	0	Idle
1/1/2026 22:05	Idle	73.305	384.97	-0.12	29.17	-0.046	94.982	5.018	0	Idle
1/1/2026 22:06	Idle	73.305	384.97	-0.12	29.16	-0.046	94.982	5.018	0	Idle
1/1/2026 22:06	Idle	73.305	384.97	-0.12	29.16	-0.046	94.982	5.018	0	Idle
1/1/2026 22:06	Idle	73.305	384.97	-0.12	29.15	-0.046	94.982	5.018	0	Idle
1/1/2026 22:06	Idle	73.304	384.97	-0.12	29.14	-0.046	94.982	5.018	0	Idle
1/1/2026 22:06	Idle	73.304	384.97	-0.12	29.14	-0.046	94.982	5.018	0	Idle
1/1/2026 22:06	Idle	73.304	384.97	-0.12	29.13	-0.046	94.982	5.018	0	Idle
1/1/2026 22:07	Idle	73.304	384.97	-0.12	29.12	-0.046	94.982	5.018	0	Idle
1/1/2026 22:07	Idle	73.303	384.97	-0.12	29.12	-0.046	94.982	5.018	0	Idle
1/1/2026 22:07	Idle	73.303	384.97	-0.12	29.11	-0.046	94.982	5.018	0	Idle
1/1/2026 22:07	Idle	73.303	384.97	-0.12	29.1	-0.046	94.982	5.018	0	Idle
1/1/2026 22:07	Idle	73.303	384.97	-0.12	29.1	-0.046	94.982	5.018	0	Idle
1/1/2026 22:07	Idle	73.303	384.97	-0.12	29.09	-0.046	94.982	5.018	0	Idle
1/1/2026 22:08	Idle	73.302	384.97	-0.12	29.09	-0.046	94.982	5.018	0	Idle
1/1/2026 22:08	Idle	73.302	384.97	-0.12	29.08	-0.046	94.982	5.018	0	Idle
1/1/2026 22:08	Idle	73.302	384.97	-0.12	29.07	-0.046	94.982	5.018	0	Idle
1/1/2026 22:08	Idle	73.302	384.97	-0.12	29.07	-0.046	94.982	5.018	0	Idle
1/1/2026 22:08	Idle	73.301	384.97	-0.12	29.06	-0.046	94.982	5.018	0	Idle
1/1/2026 22:08	Idle	73.301	384.97	-0.12	29.06	-0.046	94.982	5.018	0	Idle
1/1/2026 22:09	Idle	73.301	384.97	-0.12	29.05	-0.046	94.982	5.018	0	Idle
1/1/2026 22:09	Idle	73.301	384.97	-0.12	29.04	-0.046	94.982	5.018	0	Idle
1/1/2026 22:09	Idle	73.3	384.97	-0.12	29.04	-0.046	94.982	5.018	0	Idle
1/1/2026 22:09	Idle	73.3	384.97	-0.12	29.03	-0.046	94.982	5.018	0	Idle
1/1/2026 22:09	Idle	73.3	384.97	-0.12	29.03	-0.046	94.982	5.018	0	Idle
1/1/2026 22:09	Idle	73.3	384.97	-0.12	29.02	-0.046	94.982	5.018	0	Idle
1/1/2026 22:10	Idle	73.3	384.97	-0.12	29.01	-0.046	94.982	5.018	0	Idle
1/1/2026 22:10	Idle	73.299	384.97	-0.12	29.01	-0.046	94.982	5.018	0	Idle
1/1/2026 22:10	Idle	73.299	384.97	-0.12	29	-0.046	94.982	5.018	0	Idle
1/1/2026 22:10	Idle	73.299	384.97	-0.12	29	-0.046	94.982	5.018	0	Idle
1/1/2026 22:10	Idle	73.299	384.97	-0.12	28.99	-0.046	94.982	5.018	0	Idle
1/1/2026 22:10	Idle	73.298	384.97	-0.12	28.98	-0.046	94.982	5.018	0	Idle
1/1/2026 22:11	Idle	73.298	384.97	-0.12	28.98	-0.046	94.982	5.018	0	Idle
1/1/2026 22:11	Idle	73.298	384.97	-0.12	28.97	-0.046	94.982	5.018	0	Idle
1/1/2026 22:11	Idle	73.298	384.97	-0.12	28.97	-0.046	94.982	5.018	0	Idle
1/1/2026 22:11	Idle	73.297	384.97	-0.12	28.96	-0.046	94.982	5.018	0	Idle
1/1/2026 22:11	Idle	73.297	384.97	-0.12	28.95	-0.046	94.982	5.018	0	Idle
1/1/2026 22:11	Idle	73.297	384.97	-0.12	28.95	-0.046	94.982	5.018	0	Idle
1/1/2026 22:12	Idle	73.297	384.97	-0.12	28.94	-0.046	94.981	5.019	0	Idle
1/1/2026 22:12	Idle	73.297	384.97	-0.12	28.94	-0.046	94.981	5.019	0	Idle
1/1/2026 22:12	Idle	73.296	384.97	-0.12	28.93	-0.046	94.981	5.019	0	Idle
1/1/2026 22:12	Idle	73.296	384.97	-0.12	28.92	-0.046	94.981	5.019	0	Idle
1/1/2026 22:12	Idle	73.296	384.97	-0.12	28.92	-0.046	94.981	5.019	0	Idle
1/1/2026 22:12	Idle	73.296	384.97	-0.12	28.91	-0.046	94.981	5.019	0	Idle
1/1/2026 22:13	Idle	73.295	384.97	-0.12	28.91	-0.046	94.981	5.019	0	Idle
1/1/2026 22:13	Idle	73.295	384.97	-0.12	28.9	-0.046	94.981	5.019	0	Idle
1/1/2026 22:13	Idle	73.295	384.97	-0.12	28.89	-0.046	94.981	5.019	0	Idle
1/1/2026 22:13	Idle	73.295	384.97	-0.12	28.89	-0.046	94.981	5.019	0	Idle
1/1/2026 22:13	Idle	73.295	384.96	-0.12	28.88	-0.046	94.981	5.019	0	Idle
1/1/2026 22:13	Idle	73.294	384.96	-0.12	28.88	-0.046	94.981	5.019	0	Idle
1/1/2026 22:14	Idle	73.294	384.96	-0.12	28.87	-0.046	94.981	5.019	0	Idle
1/1/2026 22:14	Idle	73.294	384.96	-0.12	28.87	-0.046	94.981	5.019	0	Idle
1/1/2026 22:14	Idle	73.294	384.96	-0.12	28.86	-0.046	94.981	5.019	0	Idle
1/1/2026 22:14	Idle	73.293	384.96	-0.12	28.85	-0.046	94.981	5.019	0	Idle
1/1/2026 22:14	Idle	73.293	384.96	-0.12	28.85	-0.046	94.981	5.019	0	Idle
1/1/2026 22:14	Idle	73.293	384.96	-0.12	28.84	-0.046	94.981	5.019	0	Idle
1/1/2026 22:15	Idle	73.293	384.96	-0.12	28.84	-0.046	94.981	5.019	0	Idle
1/1/2026 22:15	Idle	73.292	384.96	-0.12	28.83	-0.046	94.981	5.019	0	Idle
1/1/2026 22:15	Idle	73.292	384.96	-0.12	28.83	-0.046	94.981	5.019	0	Idle
1/1/2026 22:15	Idle	73.292	384.96	-0.12	28.82	-0.046	94.981	5.019	0	Idle
1/1/2026 22:15	Idle	73.292	384.96	-0.12	28.81	-0.046	94.981	5.019	0	Idle
1/1/2026 22:15	Idle	73.292	384.96	-0.12	28.81	-0.046	94.981	5.019	0	Idle
1/1/2026 22:16	Idle	73.291	384.96	-0.12	28.8	-0.046	94.981	5.019	0	Idle
1/1/2026 22:16	Idle	73.291	384.96	-0.12	28.8	-0.046	94.981	5.019	0	Idle
1/1/2026 22:16	Idle	73.291	384.96	-0.12	28.79	-0.046	94.981	5.019	0	Idle
1/1/2026 22:16	Idle	73.291	384.96	-0.12	28.79	-0.046	94.981	5.019	0	Idle
1/1/2026 22:16	Idle	73.29	384.96	-0.12	28.78	-0.046	94.981	5.019	0	Idle
1/1/2026 22:16	Idle	73.29	384.96	-0.12	28.78	-0.046	94.981	5.019	0	Idle
1/1/2026 22:17	Idle	73.29	384.96	-0.12	28.77	-0.046	94.981	5.019	0	Idle
1/1/2026 22:17	Idle	73.29	384.96	-0.12	28.76	-0.046	94.981	5.019	0	Idle
1/1/2026 22:17	Idle	73.289	384.96	-0.12	28.76	-0.046	94.981	5.019	0	Idle
1/1/2026 22:17	Idle	73.289	384.96	-0.12	28.75	-0.046	94.981	5.019	0	Idle
1/1/2026 22:17	Idle	73.289	384.96	-0.12	28.75	-0.046	94.981	5.019	0	Idle
1/1/2026 22:17	Idle	73.289	384.96	-0.12	28.74	-0.046	94.981	5.019	0	Idle
1/1/2026 22:18	Idle	73.289	384.96	-0.12	28.74	-0.046	94.981	5.019	0	Idle
1/1/2026 22:18	Idle	73.288	384.96	-0.12	28.73	-0.046	94.981	5.019	0	Idle
1/1/2026 22:18	Idle	73.288	384.96	-0.12	28.73	-0.046	94.981	5.019	0	Idle
1/1/2026 22:18	Idle	73.288	384.96	-0.12	28.72	-0.046	94.981	5.019	0	Idle
1/1/2026 22:18	Idle	73.288	384.96	-0.12	28.72	-0.046	94.981	5.019	0	Idle
1/1/2026 22:18	Idle	73.287	384.96	-0.12	28.71	-0.046	94.981	5.019	0	Idle
1/1/2026 22:19	Idle	73.287	384.96	-0.12	28.7	-0.046	94.981	5.019	0	Idle
1/1/2026 22:19	Idle	73.287	384.96	-0.12	28.7	-0.046	94.981	5.019	0	Idle
1/1/2026 22:19	Idle	73.287	384.96	-0.12	28.69	-0.046	94.981	5.019	0	Idle
1/1/2026 22:19	Idle	73.286	384.96	-0.12	28.69	-0.046	94.981	5.019	0	Idle
1/1/2026 22:19	Idle	73.286	384.96	-0.12	28.68	-0.046	94.981	5.019	0	Idle
1/1/2026 22:19	Idle	73.286	384.96	-0.12	28.68	-0.046	94.981	5.019	0	Idle
1/1/2026 22:20	Idle	73.286	384.96	-0.12	28.67	-0.046	94.981	5.019	0	Idle
1/1/2026 22:20	Idle	73.286	384.96	-0.12	28.67	-0.046	94.981	5.019	0	Idle
1/1/2026 22:20	Idle	73.285	384.96	-0.12	28.66	-0.046	94.981	5.019	0	Idle
1/1/2026 22:20	Idle	73.285	384.96	-0.12	28.66	-0.046	94.981	5.019	0	Idle
1/1/2026 22:20	Idle	73.285	384.96	-0.12	28.65	-0.046	94.981	5.019	0	Idle
1/1/2026 22:20	Idle	73.285	384.96	-0.12	28.65	-0.046	94.981	5.019	0	Idle
1/1/2026 22:21	Idle	73.284	384.96	-0.12	28.64	-0.046	94.981	5.019	0	Idle
1/1/2026 22:21	Idle	73.284	384.96	-0.12	28.63	-0.046	94.981	5.019	0	Idle
1/1/2026 22:21	Idle	73.284	384.96	-0.12	28.63	-0.046	94.981	5.019	0	Idle
1/1/2026 22:21	Idle	73.284	384.96	-0.12	28.62	-0.046	94.981	5.019	0	Idle
1/1/2026 22:21	Idle	73.283	384.96	-0.12	28.62	-0.046	94.981	5.019	0	Idle
1/1/2026 22:21	Idle	73.283	384.96	-0.12	28.61	-0.046	94.981	5.019	0	Idle
1/1/2026 22:22	Idle	73.283	384.96	-0.12	28.61	-0.046	94.981	5.019	0	Idle
1/1/2026 22:22	Idle	73.283	384.96	-0.12	28.6	-0.046	94.981	5.019	0	Idle
1/1/2026 22:22	Idle	73.283	384.96	-0.12	28.6	-0.046	94.981	5.019	0	Idle
1/1/2026 22:22	Idle	73.282	384.96	-0.12	28.59	-0.046	94.981	5.019	0	Idle
1/1/2026 22:22	Idle	73.282	384.96	-0.12	28.59	-0.046	94.981	5.019	0	Idle
1/1/2026 22:22	Idle	73.282	384.96	-0.12	28.58	-0.046	94.981	5.019	0	Idle
1/1/2026 22:23	Idle	73.282	384.96	-0.12	28.58	-0.046	94.981	5.019	0	Idle
1/1/2026 22:23	Idle	73.281	384.96	-0.12	28.57	-0.046	94.981	5.019	0	Idle
1/1/2026 22:23	Idle	73.281	384.95	-0.12	28.57	-0.046	94.981	5.019	0	Idle
1/1/2026 22:23	Idle	73.281	384.95	-0.12	28.56	-0.046	94.981	5.019	0	Idle
1/1/2026 22:23	Idle	73.281	384.95	-0.12	28.56	-0.046	94.981	5.019	0	Idle
1/1/2026 22:23	Idle	73.28	384.95	-0.12	28.55	-0.046	94.981	5.019	0	Idle
1/1/2026 22:24	Idle	73.28	384.95	-0.12	28.55	-0.046	94.981	5.019	0	Idle
1/1/2026 22:24	Idle	73.28	384.95	-0.12	28.54	-0.046	94.981	5.019	0	Idle
1/1/2026 22:24	Idle	73.28	384.95	-0.12	28.54	-0.046	94.981	5.019	0	Idle
1/1/2026 22:24	Idle	73.28	384.95	-0.12	28.53	-0.046	94.981	5.019	0	Idle
1/1/2026 22:24	Idle	73.279	384.95	-0.12	28.53	-0.046	94.981	5.019	0	Idle
1/1/2026 22:24	Idle	73.279	384.95	-0.12	28.52	-0.046	94.981	5.019	0	Idle
1/1/2026 22:25	Idle	73.279	384.95	-0.12	28.52	-0.046	94.981	5.019	0	Idle
1/1/2026 22:25	Idle	73.279	384.95	-0.12	28.51	-0.046	94.981	5.019	0	Idle
1/1/2026 22:25	Idle	73.278	384.95	-0.12	28.51	-0.046	94.981	5.019	0	Idle
1/1/2026 22:25	Idle	73.278	384.95	-0.12	28.5	-0.046	94.981	5.019	0	Idle
1/1/2026 22:25	Idle	73.278	384.95	-0.12	28.5	-0.046	94.981	5.019	0	Idle
1/1/2026 22:25	Idle	73.278	384.95	-0.12	28.49	-0.046	94.981	5.019	0	Idle
1/1/2026 22:26	Idle	73.278	384.95	-0.12	28.49	-0.046	94.981	5.019	0	Idle
1/1/2026 22:26	Idle	73.277	384.95	-0.12	28.48	-0.046	94.981	5.019	0	Idle
1/1/2026 22:26	Idle	73.277	384.95	-0.12	28.48	-0.046	94.981	5.019	0	Idle
1/1/2026 22:26	Idle	73.277	384.95	-0.12	28.47	-0.046	94.981	5.019	0	Idle
1/1/2026 22:26	Idle	73.277	384.95	-0.12	28.47	-0.046	94.981	5.019	0	Idle
1/1/2026 22:26	Idle	73.276	384.95	-0.12	28.46	-0.046	94.981	5.019	0	Idle
1/1/2026 22:27	Idle	73.276	384.95	-0.12	28.46	-0.046	94.981	5.019	0	Idle
1/1/2026 22:27	Idle	73.276	384.95	-0.12	28.45	-0.046	94.981	5.019	0	Idle
1/1/2026 22:27	Idle	73.276	384.95	-0.12	28.45	-0.046	94.981	5.019	0	Idle
1/1/2026 22:27	Idle	73.275	384.95	-0.12	28.44	-0.046	94.981	5.019	0	Idle
1/1/2026 22:27	Idle	73.275	384.95	-0.12	28.44	-0.046	94.981	5.019	0	Idle
1/1/2026 22:27	Idle	73.275	384.95	-0.12	28.43	-0.046	94.981	5.019	0	Idle
1/1/2026 22:28	Idle	73.275	384.95	-0.12	28.43	-0.046	94.981	5.019	0	Idle
1/1/2026 22:28	Idle	73.275	384.95	-0.12	28.42	-0.046	94.981	5.019	0	Idle
1/1/2026 22:28	Idle	73.274	384.95	-0.12	28.42	-0.046	94.981	5.019	0	Idle
1/1/2026 22:28	Idle	73.274	384.95	-0.12	28.41	-0.046	94.981	5.019	0	Idle
1/1/2026 22:28	Idle	73.274	384.95	-0.12	28.41	-0.046	94.981	5.019	0	Idle
1/1/2026 22:28	Idle	73.274	384.95	-0.12	28.4	-0.046	94.981	5.019	0	Idle
1/1/2026 22:29	Idle	73.273	384.95	-0.12	28.4	-0.046	94.981	5.019	0	Idle
1/1/2026 22:29	Idle	73.273	384.95	-0.12	28.39	-0.046	94.981	5.019	0	Idle
1/1/2026 22:29	Idle	73.273	384.95	-0.12	28.39	-0.046	94.981	5.019	0	Idle
1/1/2026 22:29	Idle	73.273	384.95	-0.12	28.38	-0.046	94.981	5.019	0	Idle
1/1/2026 22:29	Idle	73.272	384.95	-0.12	28.38	-0.046	94.981	5.019	0	Idle
1/1/2026 22:29	Idle	73.272	384.95	-0.12	28.37	-0.046	94.981	5.019	0	Idle
1/1/2026 22:30	Idle	73.272	384.95	-0.12	28.37	-0.046	94.981	5.019	0	Idle
1/1/2026 22:30	Idle	73.272	384.95	-0.12	28.36	-0.046	94.981	5.019	0	Idle
1/1/2026 22:30	Idle	73.272	384.95	-0.12	28.36	-0.046	94.981	5.019	0	Idle
1/1/2026 22:30	Idle	73.271	384.95	-0.12	28.36	-0.046	94.981	5.019	0	Idle
1/1/2026 22:30	Idle	73.271	384.95	-0.12	28.35	-0.046	94.981	5.019	0	Idle
1/1/2026 22:30	Idle	73.271	384.95	-0.12	28.35	-0.046	94.981	5.019	0	Idle
1/1/2026 22:31	Idle	73.271	384.95	-0.12	28.34	-0.046	94.981	5.019	0	Idle
1/1/2026 22:31	Idle	73.27	384.95	-0.12	28.34	-0.046	94.981	5.019	0	Idle
1/1/2026 22:31	Idle	73.27	384.95	-0.12	28.33	-0.046	94.981	5.019	0	Idle
1/1/2026 22:31	Idle	73.27	384.95	-0.12	28.33	-0.046	94.981	5.019	0	Idle
1/1/2026 22:31	Idle	73.27	384.95	-0.12	28.32	-0.046	94.981	5.019	0	Idle
1/1/2026 22:31	Idle	73.269	384.95	-0.12	28.32	-0.046	94.981	5.019	0	Idle
1/1/2026 22:32	Idle	73.269	384.95	-0.12	28.31	-0.046	94.981	5.019	0	Idle
1/1/2026 22:32	Idle	73.269	384.95	-0.12	28.31	-0.046	94.981	5.019	0	Idle
1/1/2026 22:32	Idle	73.269	384.95	-0.12	28.3	-0.046	94.981	5.019	0	Idle
1/1/2026 22:32	Idle	73.269	384.95	-0.12	28.3	-0.046	94.981	5.019	0	Idle
1/1/2026 22:32	Idle	73.268	384.95	-0.12	28.29	-0.046	94.981	5.019	0	Idle
1/1/2026 22:32	Idle	73.268	384.95	-0.12	28.29	-0.046	94.981	5.019	0	Idle
1/1/2026 22:33	Idle	73.268	384.94	-0.12	28.29	-0.046	94.981	5.019	0	Idle
1/1/2026 22:33	Idle	73.268	384.94	-0.12	28.28	-0.046	94.981	5.019	0	Idle
1/1/2026 22:33	Idle	73.267	384.94	-0.12	28.28	-0.046	94.981	5.019	0	Idle
1/1/2026 22:33	Idle	73.267	384.94	-0.12	28.27	-0.046	94.981	5.019	0	Idle
1/1/2026 22:33	Idle	73.267	384.94	-0.12	28.27	-0.046	94.981	5.019	0	Idle
1/1/2026 22:33	Idle	73.267	384.94	-0.12	28.26	-0.046	94.981	5.019	0	Idle
1/1/2026 22:34	Idle	73.266	384.94	-0.12	28.26	-0.046	94.981	5.019	0	Idle
1/1/2026 22:34	Idle	73.266	384.94	-0.12	28.25	-0.046	94.981	5.019	0	Idle
1/1/2026 22:34	Idle	73.266	384.94	-0.12	28.25	-0.046	94.981	5.019	0	Idle
1/1/2026 22:34	Idle	73.266	384.94	-0.12	28.24	-0.046	94.981	5.019	0	Idle
1/1/2026 22:34	Idle	73.266	384.94	-0.12	28.24	-0.046	94.981	5.019	0	Idle
1/1/2026 22:34	Idle	73.265	384.94	-0.12	28.24	-0.046	94.981	5.019	0	Idle
1/1/2026 22:35	Idle	73.265	384.94	-0.12	28.23	-0.046	94.981	5.019	0	Idle
1/1/2026 22:35	Idle	73.265	384.94	-0.12	28.23	-0.046	94.981	5.019	0	Idle
1/1/2026 22:35	Idle	73.265	384.94	-0.12	28.22	-0.046	94.981	5.019	0	Idle
1/1/2026 22:35	Idle	73.264	384.94	-0.12	28.22	-0.046	94.981	5.019	0	Idle
1/1/2026 22:35	Idle	73.264	384.94	-0.12	28.21	-0.046	94.981	5.019	0	Idle
1/1/2026 22:35	Idle	73.264	384.94	-0.12	28.21	-0.046	94.981	5.019	0	Idle
1/1/2026 22:36	Idle	73.264	384.94	-0.12	28.2	-0.046	94.981	5.019	0	Idle
1/1/2026 22:36	Idle	73.263	384.94	-0.12	28.2	-0.046	94.981	5.019	0	Idle
1/1/2026 22:36	Idle	73.263	384.94	-0.12	28.2	-0.046	94.981	5.019	0	Idle
1/1/2026 22:36	Idle	73.263	384.94	-0.12	28.19	-0.046	94.981	5.019	0	Idle
1/1/2026 22:36	Idle	73.263	384.94	-0.12	28.19	-0.046	94.981	5.019	0	Idle
1/1/2026 22:36	Idle	73.263	384.94	-0.12	28.18	-0.046	94.981	5.019	0	Idle
1/1/2026 22:37	Idle	73.262	384.94	-0.12	28.18	-0.046	94.981	5.019	0	Idle
1/1/2026 22:37	Idle	73.262	384.94	-0.12	28.17	-0.046	94.981	5.019	0	Idle
1/1/2026 22:37	Idle	73.262	384.94	-0.12	28.17	-0.046	94.981	5.019	0	Idle
1/1/2026 22:37	Idle	73.262	384.94	-0.12	28.17	-0.046	94.981	5.019	0	Idle
1/1/2026 22:37	Idle	73.261	384.94	-0.12	28.16	-0.046	94.981	5.019	0	Idle
1/1/2026 22:37	Idle	73.261	384.94	-0.12	28.16	-0.046	94.981	5.019	0	Idle
1/1/2026 22:38	Idle	73.261	384.94	-0.12	28.15	-0.046	94.981	5.019	0	Idle
1/1/2026 22:38	Idle	73.261	384.94	-0.12	28.15	-0.046	94.981	5.019	0	Idle
1/1/2026 22:38	Idle	73.26	384.94	-0.12	28.14	-0.046	94.981	5.019	0	Idle
1/1/2026 22:38	Idle	73.26	384.94	-0.12	28.14	-0.046	94.981	5.019	0	Idle
1/1/2026 22:38	Idle	73.26	384.94	-0.12	28.14	-0.046	94.981	5.019	0	Idle
1/1/2026 22:38	Idle	73.26	384.94	-0.12	28.13	-0.046	94.981	5.019	0	Idle
1/1/2026 22:39	Idle	73.26	384.94	-0.12	28.13	-0.046	94.981	5.019	0	Idle
1/1/2026 22:39	Idle	73.259	384.94	-0.12	28.12	-0.046	94.981	5.019	0	Idle
1/1/2026 22:39	Idle	73.259	384.94	-0.12	28.12	-0.046	94.981	5.019	0	Idle
1/1/2026 22:39	Idle	73.259	384.94	-0.12	28.11	-0.046	94.981	5.019	0	Idle
1/1/2026 22:39	Idle	73.259	384.94	-0.12	28.11	-0.046	94.981	5.019	0	Idle
1/1/2026 22:39	Idle	73.258	384.94	-0.12	28.11	-0.046	94.981	5.019	0	Idle
1/1/2026 22:40	Idle	73.258	384.94	-0.12	28.1	-0.046	94.981	5.019	0	Idle
1/1/2026 22:40	Idle	73.258	384.94	-0.12	28.1	-0.046	94.981	5.019	0	Idle
1/1/2026 22:40	Idle	73.258	384.94	-0.12	28.09	-0.046	94.981	5.019	0	Idle
1/1/2026 22:40	Idle	73.258	384.94	-0.12	28.09	-0.046	94.981	5.019	0	Idle
1/1/2026 22:40	Idle	73.257	384.94	-0.12	28.08	-0.046	94.981	5.019	0	Idle
1/1/2026 22:40	Idle	73.257	384.94	-0.12	28.08	-0.046	94.981	5.019	0	Idle
1/1/2026 22:41	Idle	73.257	384.94	-0.12	28.08	-0.046	94.981	5.019	0	Idle
1/1/2026 22:41	Idle	73.257	384.94	-0.12	28.07	-0.046	94.981	5.019	0	Idle
1/1/2026 22:41	Idle	73.256	384.94	-0.12	28.07	-0.046	94.981	5.019	0	Idle
1/1/2026 22:41	Idle	73.256	384.94	-0.12	28.06	-0.046	94.981	5.019	0	Idle
1/1/2026 22:41	Idle	73.256	384.94	-0.12	28.06	-0.046	94.981	5.019	0	Idle
1/1/2026 22:41	Idle	73.256	384.94	-0.12	28.06	-0.046	94.981	5.019	0	Idle
1/1/2026 22:42	Idle	73.255	384.94	-0.12	28.05	-0.046	94.981	5.019	0	Idle
1/1/2026 22:42	Idle	73.255	384.94	-0.12	28.05	-0.046	94.981	5.019	0	Idle
1/1/2026 22:42	Idle	73.255	384.94	-0.12	28.04	-0.046	94.981	5.019	0	Idle
1/1/2026 22:42	Idle	73.255	384.94	-0.12	28.04	-0.046	94.981	5.019	0	Idle
1/1/2026 22:42	Idle	73.255	384.93	-0.12	28.04	-0.046	94.981	5.019	0	Idle
1/1/2026 22:42	Idle	73.254	384.93	-0.12	28.03	-0.046	94.981	5.019	0	Idle
1/1/2026 22:43	Idle	73.254	384.93	-0.12	28.03	-0.046	94.981	5.019	0	Idle
1/1/2026 22:43	Idle	73.254	384.93	-0.12	28.02	-0.046	94.981	5.019	0	Idle
1/1/2026 22:43	Idle	73.254	384.93	-0.12	28.02	-0.046	94.981	5.019	0	Idle
1/1/2026 22:43	Idle	73.253	384.93	-0.12	28.01	-0.046	94.981	5.019	0	Idle
1/1/2026 22:43	Idle	73.253	384.93	-0.12	28.01	-0.046	94.981	5.019	0	Idle
1/1/2026 22:43	Idle	73.253	384.93	-0.12	28.01	-0.046	94.981	5.019	0	Idle
1/1/2026 22:44	Idle	73.253	384.93	-0.12	28	-0.046	94.981	5.019	0	Idle
1/1/2026 22:44	Idle	73.252	384.93	-0.12	28	-0.046	94.981	5.019	0	Idle
1/1/2026 22:44	Idle	73.252	384.93	-0.12	27.99	-0.046	94.981	5.019	0	Idle
1/1/2026 22:44	Idle	73.252	384.93	-0.12	27.99	-0.046	94.981	5.019	0	Idle
1/1/2026 22:44	Idle	73.252	384.93	-0.12	27.99	-0.046	94.981	5.019	0	Idle
1/1/2026 22:44	Idle	73.252	384.93	-0.12	27.98	-0.046	94.981	5.019	0	Idle
1/1/2026 22:45	Idle	73.251	384.93	-0.12	27.98	-0.046	94.981	5.019	0	Idle
1/1/2026 22:45	Idle	73.251	384.93	-0.12	27.97	-0.046	94.981	5.019	0	Idle
1/1/2026 22:45	Idle	73.251	384.93	-0.12	27.97	-0.046	94.981	5.019	0	Idle
1/1/2026 22:45	Idle	73.251	384.93	-0.12	27.97	-0.046	94.981	5.019	0	Idle
1/1/2026 22:45	Idle	73.25	384.93	-0.12	27.96	-0.046	94.981	5.019	0	Idle
1/1/2026 22:45	Idle	73.25	384.93	-0.12	27.96	-0.046	94.981	5.019	0	Idle
1/1/2026 22:46	Idle	73.25	384.93	-0.12	27.96	-0.046	94.981	5.019	0	Idle
1/1/2026 22:46	Idle	73.25	384.93	-0.12	27.95	-0.046	94.981	5.019	0	Idle
1/1/2026 22:46	Idle	73.249	384.93	-0.12	27.95	-0.046	94.981	5.019	0	Idle
1/1/2026 22:46	Idle	73.249	384.93	-0.12	27.94	-0.046	94.981	5.019	0	Idle
1/1/2026 22:46	Idle	73.249	384.93	-0.12	27.94	-0.046	94.981	5.019	0	Idle
1/1/2026 22:46	Idle	73.249	384.93	-0.12	27.94	-0.046	94.981	5.019	0	Idle
1/1/2026 22:47	Idle	73.249	384.93	-0.12	27.93	-0.046	94.981	5.019	0	Idle
1/1/2026 22:47	Idle	73.248	384.93	-0.12	27.93	-0.046	94.981	5.019	0	Idle
1/1/2026 22:47	Idle	73.248	384.93	-0.12	27.92	-0.046	94.981	5.019	0	Idle
1/1/2026 22:47	Idle	73.248	384.93	-0.12	27.92	-0.046	94.981	5.019	0	Idle
1/1/2026 22:47	Idle	73.248	384.93	-0.12	27.92	-0.046	94.981	5.019	0	Idle
1/1/2026 22:47	Idle	73.247	384.93	-0.12	27.91	-0.046	94.981	5.019	0	Idle
1/1/2026 22:48	Idle	73.247	384.93	-0.12	27.91	-0.046	94.981	5.019	0	Idle
1/1/2026 22:48	Idle	73.247	384.93	-0.12	27.91	-0.046	94.981	5.019	0	Idle
1/1/2026 22:48	Idle	73.247	384.93	-0.12	27.9	-0.046	94.981	5.019	0	Idle
1/1/2026 22:48	Idle	73.246	384.93	-0.12	27.9	-0.046	94.981	5.019	0	Idle
1/1/2026 22:48	Idle	73.246	384.93	-0.12	27.89	-0.046	94.981	5.019	0	Idle
1/1/2026 22:48	Idle	73.246	384.93	-0.12	27.89	-0.046	94.981	5.019	0	Idle
1/1/2026 22:49	Idle	73.246	384.93	-0.12	27.89	-0.046	94.981	5.019	0	Idle
1/1/2026 22:49	Idle	73.246	384.93	-0.12	27.88	-0.046	94.981	5.019	0	Idle
1/1/2026 22:49	Idle	73.245	384.93	-0.12	27.88	-0.046	94.981	5.019	0	Idle
1/1/2026 22:49	Idle	73.245	384.93	-0.12	27.87	-0.046	94.981	5.019	0	Idle
1/1/2026 22:49	Idle	73.245	384.93	-0.12	27.87	-0.046	94.981	5.019	0	Idle
1/1/2026 22:49	Idle	73.245	384.93	-0.12	27.87	-0.046	94.981	5.019	0	Idle
1/1/2026 22:50	Idle	73.244	384.93	-0.12	27.86	-0.046	94.981	5.019	0	Idle
1/1/2026 22:50	Idle	73.244	384.93	-0.12	27.86	-0.046	94.981	5.019	0	Idle
1/1/2026 22:50	Idle	73.244	384.93	-0.12	27.86	-0.046	94.981	5.019	0	Idle
1/1/2026 22:50	Idle	73.244	384.93	-0.12	27.85	-0.046	94.981	5.019	0	Idle
1/1/2026 22:50	Idle	73.243	384.93	-0.12	27.85	-0.046	94.981	5.019	0	Idle
1/1/2026 22:50	Idle	73.243	384.93	-0.12	27.84	-0.046	94.981	5.019	0	Idle
1/1/2026 22:51	Idle	73.243	384.93	-0.12	27.84	-0.046	94.981	5.019	0	Idle
1/1/2026 22:51	Idle	73.243	384.93	-0.12	27.84	-0.046	94.981	5.019	0	Idle
1/1/2026 22:51	Idle	73.243	384.93	-0.12	27.83	-0.046	94.981	5.019	0	Idle
1/1/2026 22:51	Idle	73.242	384.93	-0.12	27.83	-0.046	94.981	5.019	0	Idle
1/1/2026 22:51	Idle	73.242	384.93	-0.12	27.83	-0.046	94.981	5.019	0	Idle
1/1/2026 22:51	Idle	73.242	384.93	-0.12	27.82	-0.046	94.981	5.019	0	Idle
1/1/2026 22:52	Idle	73.242	384.93	-0.12	27.82	-0.046	94.981	5.019	0	Idle
1/1/2026 22:52	Idle	73.241	384.93	-0.12	27.82	-0.046	94.981	5.019	0	Idle
1/1/2026 22:52	Idle	73.241	384.92	-0.12	27.81	-0.046	94.981	5.019	0	Idle
1/1/2026 22:52	Idle	73.241	384.92	-0.12	27.81	-0.046	94.981	5.019	0	Idle
1/1/2026 22:52	Idle	73.241	384.92	-0.12	27.8	-0.046	94.981	5.019	0	Idle
1/1/2026 22:52	Idle	73.241	384.92	-0.12	27.8	-0.046	94.981	5.019	0	Idle
1/1/2026 22:53	Idle	73.24	384.92	-0.12	27.8	-0.046	94.981	5.019	0	Idle
1/1/2026 22:53	Idle	73.24	384.92	-0.12	27.79	-0.046	94.981	5.019	0	Idle
1/1/2026 22:53	Idle	73.24	384.92	-0.12	27.79	-0.046	94.981	5.019	0	Idle
1/1/2026 22:53	Idle	73.24	384.92	-0.12	27.79	-0.046	94.981	5.019	0	Idle
1/1/2026 22:53	Idle	73.239	384.92	-0.12	27.78	-0.046	94.981	5.019	0	Idle
1/1/2026 22:53	Idle	73.239	384.92	-0.12	27.78	-0.046	94.981	5.019	0	Idle
1/1/2026 22:54	Idle	73.239	384.92	-0.12	27.78	-0.046	94.981	5.019	0	Idle
1/1/2026 22:54	Idle	73.239	384.92	-0.12	27.77	-0.046	94.981	5.019	0	Idle
1/1/2026 22:54	Idle	73.238	384.92	-0.12	27.77	-0.046	94.981	5.019	0	Idle
1/1/2026 22:54	Idle	73.238	384.92	-0.12	27.77	-0.046	94.981	5.019	0	Idle
1/1/2026 22:54	Idle	73.238	384.92	-0.12	27.76	-0.046	94.981	5.019	0	Idle
1/1/2026 22:54	Idle	73.238	384.92	-0.12	27.76	-0.046	94.981	5.019	0	Idle
1/1/2026 22:55	Idle	73.238	384.92	-0.12	27.75	-0.046	94.981	5.019	0	Idle
1/1/2026 22:55	Idle	73.237	384.92	-0.12	27.75	-0.046	94.981	5.019	0	Idle
1/1/2026 22:55	Idle	73.237	384.92	-0.12	27.75	-0.046	94.981	5.019	0	Idle
1/1/2026 22:55	Idle	73.237	384.92	-0.12	27.74	-0.046	94.981	5.019	0	Idle
1/1/2026 22:55	Idle	73.237	384.92	-0.12	27.74	-0.046	94.981	5.019	0	Idle
1/1/2026 22:55	Idle	73.236	384.92	-0.12	27.74	-0.046	94.981	5.019	0	Idle
1/1/2026 22:56	Idle	73.236	384.92	-0.12	27.73	-0.046	94.981	5.019	0	Idle
1/1/2026 22:56	Idle	73.236	384.92	-0.12	27.73	-0.046	94.981	5.019	0	Idle
1/1/2026 22:56	Idle	73.236	384.92	-0.12	27.73	-0.046	94.981	5.019	0	Idle
1/1/2026 22:56	Idle	73.235	384.92	-0.12	27.72	-0.046	94.981	5.019	0	Idle
1/1/2026 22:56	Idle	73.235	384.92	-0.12	27.72	-0.046	94.981	5.019	0	Idle
1/1/2026 22:56	Idle	73.235	384.92	-0.12	27.72	-0.046	94.981	5.019	0	Idle
1/1/2026 22:57	Idle	73.235	384.92	-0.12	27.71	-0.046	94.981	5.019	0	Idle
1/1/2026 22:57	Idle	73.235	384.92	-0.12	27.71	-0.046	94.981	5.019	0	Idle
1/1/2026 22:57	Idle	73.234	384.92	-0.12	27.71	-0.046	94.981	5.019	0	Idle
1/1/2026 22:57	Idle	73.234	384.92	-0.12	27.7	-0.046	94.981	5.019	0	Idle
1/1/2026 22:57	Idle	73.234	384.92	-0.12	27.7	-0.046	94.981	5.019	0	Idle
1/1/2026 22:57	Idle	73.234	384.92	-0.12	27.7	-0.046	94.981	5.019	0	Idle
1/1/2026 22:58	Idle	73.233	384.92	-0.12	27.69	-0.046	94.981	5.019	0	Idle
1/1/2026 22:58	Idle	73.233	384.92	-0.12	27.69	-0.046	94.981	5.019	0	Idle
1/1/2026 22:58	Idle	73.233	384.92	-0.12	27.69	-0.046	94.981	5.019	0	Idle
1/1/2026 22:58	Idle	73.233	384.92	-0.12	27.68	-0.046	94.981	5.019	0	Idle
1/1/2026 22:58	Idle	73.232	384.92	-0.12	27.68	-0.046	94.981	5.019	0	Idle
1/1/2026 22:58	Idle	73.232	384.92	-0.12	27.68	-0.046	94.981	5.019	0	Idle
1/1/2026 22:59	Idle	73.232	384.92	-0.12	27.67	-0.046	94.981	5.019	0	Idle
1/1/2026 22:59	Idle	73.232	384.92	-0.12	27.67	-0.046	94.981	5.019	0	Idle
1/1/2026 22:59	Idle	73.232	384.92	-0.12	27.67	-0.046	94.981	5.019	0	Idle
1/1/2026 22:59	Idle	73.231	384.92	-0.12	27.66	-0.046	94.981	5.019	0	Idle
1/1/2026 22:59	Idle	73.231	384.92	-0.12	27.66	-0.046	94.981	5.019	0	Idle
1/1/2026 22:59	Idle	73.231	384.92	-0.12	27.66	-0.046	94.981	5.019	0	Idle
1/1/2026 23:00	Idle	73.231	384.92	-0.12	27.65	-0.046	94.981	5.019	0	Idle
1/1/2026 23:00	Idle	73.23	384.92	-0.12	27.65	-0.046	94.981	5.019	0	Idle
1/1/2026 23:00	Idle	73.23	384.92	-0.12	27.65	-0.046	94.981	5.019	0	Idle
1/1/2026 23:00	Idle	73.23	384.92	-0.12	27.64	-0.046	94.981	5.019	0	Idle
1/1/2026 23:00	Idle	73.23	384.92	-0.12	27.64	-0.046	94.981	5.019	0	Idle
1/1/2026 23:00	Idle	73.229	384.92	-0.12	27.64	-0.046	94.981	5.019	0	Idle
1/1/2026 23:01	Idle	73.229	384.92	-0.12	27.63	-0.046	94.981	5.019	0	Idle
1/1/2026 23:01	Idle	73.229	384.92	-0.12	27.63	-0.046	94.981	5.019	0	Idle
1/1/2026 23:01	Idle	73.229	384.92	-0.12	27.63	-0.046	94.981	5.019	0	Idle
1/1/2026 23:01	Idle	73.229	384.92	-0.12	27.62	-0.046	94.981	5.019	0	Idle
1/1/2026 23:01	Idle	73.228	384.92	-0.12	27.62	-0.046	94.981	5.019	0	Idle
1/1/2026 23:01	Idle	73.228	384.92	-0.12	27.62	-0.046	94.981	5.019	0	Idle
1/1/2026 23:02	Idle	73.228	384.91	-0.12	27.61	-0.046	94.981	5.019	0	Idle
1/1/2026 23:02	Idle	73.228	384.91	-0.12	27.61	-0.046	94.981	5.019	0	Idle
1/1/2026 23:02	Idle	73.227	384.91	-0.12	27.61	-0.046	94.981	5.019	0	Idle
1/1/2026 23:02	Idle	73.227	384.91	-0.12	27.6	-0.046	94.981	5.019	0	Idle
1/1/2026 23:02	Idle	73.227	384.91	-0.12	27.6	-0.046	94.981	5.019	0	Idle
1/1/2026 23:02	Idle	73.227	384.91	-0.12	27.6	-0.046	94.981	5.019	0	Idle
1/1/2026 23:03	Idle	73.226	384.91	-0.12	27.59	-0.046	94.981	5.019	0	Idle
1/1/2026 23:03	Idle	73.226	384.91	-0.12	27.59	-0.046	94.981	5.019	0	Idle
1/1/2026 23:03	Idle	73.226	384.91	-0.12	27.59	-0.046	94.981	5.019	0	Idle
1/1/2026 23:03	Idle	73.226	384.91	-0.12	27.58	-0.046	94.981	5.019	0	Idle
1/1/2026 23:03	Idle	73.226	384.91	-0.12	27.58	-0.046	94.981	5.019	0	Idle
1/1/2026 23:03	Idle	73.225	384.91	-0.12	27.58	-0.046	94.981	5.019	0	Idle
1/1/2026 23:04	Idle	73.225	384.91	-0.12	27.58	-0.046	94.981	5.019	0	Idle
1/1/2026 23:04	Idle	73.225	384.91	-0.12	27.57	-0.046	94.981	5.019	0	Idle
1/1/2026 23:04	Idle	73.225	384.91	-0.12	27.57	-0.046	94.981	5.019	0	Idle
1/1/2026 23:04	Idle	73.224	384.91	-0.12	27.57	-0.046	94.981	5.019	0	Idle
1/1/2026 23:04	Idle	73.224	384.91	-0.12	27.56	-0.046	94.981	5.019	0	Idle
1/1/2026 23:04	Idle	73.224	384.91	-0.12	27.56	-0.046	94.981	5.019	0	Idle
1/1/2026 23:05	Idle	73.224	384.91	-0.12	27.56	-0.046	94.981	5.019	0	Idle
1/1/2026 23:05	Idle	73.224	384.91	-0.12	27.55	-0.046	94.981	5.019	0	Idle
1/1/2026 23:05	Idle	73.223	384.91	-0.12	27.55	-0.046	94.981	5.019	0	Idle
1/1/2026 23:05	Idle	73.223	384.91	-0.12	27.55	-0.046	94.981	5.019	0	Idle
1/1/2026 23:05	Idle	73.223	384.91	-0.12	27.54	-0.046	94.981	5.019	0	Idle
1/1/2026 23:05	Idle	73.223	384.91	-0.12	27.54	-0.046	94.981	5.019	0	Idle
1/1/2026 23:06	Idle	73.222	384.91	-0.12	27.54	-0.046	94.981	5.019	0	Idle
1/1/2026 23:06	Idle	73.222	384.91	-0.12	27.53	-0.046	94.981	5.019	0	Idle
1/1/2026 23:06	Idle	73.222	384.91	-0.12	27.53	-0.046	94.981	5.019	0	Idle
1/1/2026 23:06	Idle	73.222	384.91	-0.12	27.53	-0.046	94.981	5.019	0	Idle
1/1/2026 23:06	Idle	73.221	384.91	-0.12	27.53	-0.046	94.981	5.019	0	Idle
1/1/2026 23:06	Idle	73.221	384.91	-0.12	27.52	-0.046	94.981	5.019	0	Idle
1/1/2026 23:07	Idle	73.221	384.91	-0.12	27.52	-0.046	94.981	5.019	0	Idle
1/1/2026 23:07	Idle	73.221	384.91	-0.12	27.52	-0.046	94.981	5.019	0	Idle
1/1/2026 23:07	Idle	73.221	384.91	-0.12	27.51	-0.046	94.981	5.019	0	Idle
1/1/2026 23:07	Idle	73.22	384.91	-0.12	27.51	-0.046	94.981	5.019	0	Idle
1/1/2026 23:07	Idle	73.22	384.91	-0.12	27.51	-0.046	94.981	5.019	0	Idle
1/1/2026 23:07	Idle	73.22	384.91	-0.12	27.5	-0.046	94.981	5.019	0	Idle
1/1/2026 23:08	Idle	73.22	384.91	-0.12	27.5	-0.046	94.981	5.019	0	Idle
1/1/2026 23:08	Idle	73.219	384.91	-0.12	27.5	-0.046	94.981	5.019	0	Idle
1/1/2026 23:08	Idle	73.219	384.91	-0.12	27.5	-0.046	94.981	5.019	0	Idle
1/1/2026 23:08	Idle	73.219	384.91	-0.12	27.49	-0.046	94.981	5.019	0	Idle
1/1/2026 23:08	Idle	73.219	384.91	-0.12	27.49	-0.046	94.981	5.019	0	Idle
1/1/2026 23:08	Idle	73.218	384.91	-0.12	27.49	-0.046	94.981	5.019	0	Idle
1/1/2026 23:09	Idle	73.218	384.91	-0.12	27.48	-0.046	94.981	5.019	0	Idle
1/1/2026 23:09	Idle	73.218	384.91	-0.12	27.48	-0.046	94.981	5.019	0	Idle
1/1/2026 23:09	Idle	73.218	384.91	-0.12	27.48	-0.046	94.981	5.019	0	Idle
1/1/2026 23:09	Idle	73.218	384.91	-0.12	27.47	-0.046	94.981	5.019	0	Idle
1/1/2026 23:09	Idle	73.217	384.91	-0.12	27.47	-0.046	94.981	5.019	0	Idle
1/1/2026 23:09	Idle	73.217	384.91	-0.12	27.47	-0.046	94.981	5.019	0	Idle
1/1/2026 23:10	Idle	73.217	384.91	-0.12	27.47	-0.046	94.981	5.019	0	Idle
1/1/2026 23:10	Idle	73.217	384.91	-0.12	27.46	-0.046	94.981	5.019	0	Idle
1/1/2026 23:10	Idle	73.216	384.91	-0.12	27.46	-0.046	94.981	5.019	0	Idle
1/1/2026 23:10	Idle	73.216	384.91	-0.12	27.46	-0.046	94.981	5.019	0	Idle
1/1/2026 23:10	Idle	73.216	384.91	-0.12	27.45	-0.046	94.981	5.019	0	Idle
1/1/2026 23:10	Idle	73.216	384.91	-0.12	27.45	-0.046	94.981	5.019	0	Idle
1/1/2026 23:11	Idle	73.215	384.91	-0.12	27.45	-0.046	94.981	5.019	0	Idle
1/1/2026 23:11	Idle	73.215	384.91	-0.12	27.45	-0.046	94.981	5.019	0	Idle
1/1/2026 23:11	Idle	73.215	384.91	-0.12	27.44	-0.046	94.981	5.019	0	Idle
1/1/2026 23:11	Idle	73.215	384.91	-0.12	27.44	-0.046	94.981	5.019	0	Idle
1/1/2026 23:11	Idle	73.215	384.9	-0.12	27.44	-0.046	94.981	5.019	0	Idle
1/1/2026 23:11	Idle	73.214	384.9	-0.12	27.43	-0.046	94.981	5.019	0	Idle
1/1/2026 23:12	Idle	73.214	384.9	-0.12	27.43	-0.046	94.981	5.019	0	Idle
1/1/2026 23:12	Idle	73.214	384.9	-0.12	27.43	-0.046	94.981	5.019	0	Idle
1/1/2026 23:12	Idle	73.214	384.9	-0.12	27.43	-0.046	94.981	5.019	0	Idle
1/1/2026 23:12	Idle	73.213	384.9	-0.12	27.42	-0.046	94.981	5.019	0	Idle
1/1/2026 23:12	Idle	73.213	384.9	-0.12	27.42	-0.046	94.981	5.019	0	Idle
1/1/2026 23:12	Idle	73.213	384.9	-0.12	27.42	-0.046	94.981	5.019	0	Idle
1/1/2026 23:13	Idle	73.213	384.9	-0.12	27.41	-0.046	94.981	5.019	0	Idle
1/1/2026 23:13	Idle	73.212	384.9	-0.12	27.41	-0.046	94.981	5.019	0	Idle
1/1/2026 23:13	Idle	73.212	384.9	-0.12	27.41	-0.046	94.981	5.019	0	Idle
1/1/2026 23:13	Idle	73.212	384.9	-0.12	27.41	-0.046	94.981	5.019	0	Idle
1/1/2026 23:13	Idle	73.212	384.9	-0.12	27.4	-0.046	94.981	5.019	0	Idle
1/1/2026 23:13	Idle	73.212	384.9	-0.12	27.4	-0.046	94.981	5.019	0	Idle
1/1/2026 23:14	Idle	73.211	384.9	-0.12	27.4	-0.046	94.981	5.019	0	Idle
1/1/2026 23:14	Idle	73.211	384.9	-0.12	27.39	-0.046	94.981	5.019	0	Idle
1/1/2026 23:14	Idle	73.211	384.9	-0.12	27.39	-0.046	94.981	5.019	0	Idle
1/1/2026 23:14	Idle	73.211	384.9	-0.12	27.39	-0.046	94.981	5.019	0	Idle
1/1/2026 23:14	Idle	73.21	384.9	-0.12	27.39	-0.046	94.981	5.019	0	Idle
1/1/2026 23:14	Idle	73.21	384.9	-0.12	27.38	-0.046	94.981	5.019	0	Idle
1/1/2026 23:15	Idle	73.21	384.9	-0.12	27.38	-0.046	94.981	5.019	0	Idle
1/1/2026 23:15	Idle	73.21	384.9	-0.12	27.38	-0.046	94.981	5.019	0	Idle
1/1/2026 23:15	Idle	73.209	384.9	-0.12	27.37	-0.046	94.981	5.019	0	Idle
1/1/2026 23:15	Idle	73.209	384.9	-0.12	27.37	-0.046	94.981	5.019	0	Idle
1/1/2026 23:15	Idle	73.209	384.9	-0.12	27.37	-0.046	94.981	5.019	0	Idle
1/1/2026 23:15	Idle	73.209	384.9	-0.12	27.37	-0.046	94.981	5.019	0	Idle
1/1/2026 23:16	Idle	73.209	384.9	-0.12	27.36	-0.046	94.981	5.019	0	Idle
1/1/2026 23:16	Idle	73.208	384.9	-0.12	27.36	-0.046	94.981	5.019	0	Idle
1/1/2026 23:16	Idle	73.208	384.9	-0.12	27.36	-0.046	94.981	5.019	0	Idle
1/1/2026 23:16	Idle	73.208	384.9	-0.12	27.36	-0.046	94.981	5.019	0	Idle
1/1/2026 23:16	Idle	73.208	384.9	-0.12	27.35	-0.046	94.981	5.019	0	Idle
1/1/2026 23:16	Idle	73.207	384.9	-0.12	27.35	-0.046	94.981	5.019	0	Idle
1/1/2026 23:17	Idle	73.207	384.9	-0.12	27.35	-0.046	94.981	5.019	0	Idle
1/1/2026 23:17	Idle	73.207	384.9	-0.12	27.34	-0.046	94.981	5.019	0	Idle
1/1/2026 23:17	Idle	73.207	384.9	-0.12	27.34	-0.046	94.981	5.019	0	Idle
1/1/2026 23:17	Idle	73.206	384.9	-0.12	27.34	-0.046	94.981	5.019	0	Idle
1/1/2026 23:17	Idle	73.206	384.9	-0.12	27.34	-0.046	94.981	5.019	0	Idle
1/1/2026 23:17	Idle	73.206	384.9	-0.12	27.33	-0.046	94.981	5.019	0	Idle
1/1/2026 23:18	Idle	73.206	384.9	-0.12	27.33	-0.046	94.981	5.019	0	Idle
1/1/2026 23:18	Idle	73.206	384.9	-0.12	27.33	-0.046	94.981	5.019	0	Idle
1/1/2026 23:18	Idle	73.205	384.9	-0.12	27.33	-0.046	94.981	5.019	0	Idle
1/1/2026 23:18	Idle	73.205	384.9	-0.12	27.32	-0.046	94.981	5.019	0	Idle
1/1/2026 23:18	Idle	73.205	384.9	-0.12	27.32	-0.046	94.981	5.019	0	Idle
1/1/2026 23:18	Idle	73.205	384.9	-0.12	27.32	-0.046	94.981	5.019	0	Idle
1/1/2026 23:19	Idle	73.204	384.9	-0.12	27.32	-0.046	94.981	5.019	0	Idle
1/1/2026 23:19	Idle	73.204	384.9	-0.12	27.31	-0.046	94.981	5.019	0	Idle
1/1/2026 23:19	Idle	73.204	384.9	-0.12	27.31	-0.046	94.981	5.019	0	Idle
1/1/2026 23:19	Idle	73.204	384.9	-0.12	27.31	-0.046	94.981	5.019	0	Idle
1/1/2026 23:19	Idle	73.204	384.9	-0.12	27.3	-0.046	94.981	5.019	0	Idle
1/1/2026 23:19	Idle	73.203	384.9	-0.12	27.3	-0.046	94.981	5.019	0	Idle
1/1/2026 23:20	Idle	73.203	384.9	-0.12	27.3	-0.046	94.981	5.019	0	Idle
1/1/2026 23:20	Idle	73.203	384.9	-0.12	27.3	-0.046	94.981	5.019	0	Idle
1/1/2026 23:20	Idle	73.203	384.9	-0.12	27.29	-0.046	94.981	5.019	0	Idle
1/1/2026 23:20	Idle	73.202	384.9	-0.12	27.29	-0.046	94.981	5.019	0	Idle
1/1/2026 23:20	Idle	73.202	384.9	-0.12	27.29	-0.046	94.981	5.019	0	Idle
1/1/2026 23:20	Idle	73.202	384.9	-0.12	27.29	-0.046	94.981	5.019	0	Idle
1/1/2026 23:21	Idle	73.202	384.9	-0.12	27.28	-0.046	94.981	5.019	0	Idle
1/1/2026 23:21	Idle	73.201	384.9	-0.12	27.28	-0.046	94.981	5.019	0	Idle
1/1/2026 23:21	Idle	73.201	384.89	-0.12	27.28	-0.046	94.981	5.019	0	Idle
1/1/2026 23:21	Idle	73.201	384.89	-0.12	27.28	-0.046	94.981	5.019	0	Idle
1/1/2026 23:21	Idle	73.201	384.89	-0.12	27.27	-0.046	94.981	5.019	0	Idle
1/1/2026 23:21	Idle	73.201	384.89	-0.12	27.27	-0.046	94.981	5.019	0	Idle
1/1/2026 23:22	Idle	73.2	384.89	-0.12	27.27	-0.046	94.981	5.019	0	Idle
1/1/2026 23:22	Idle	73.2	384.89	-0.12	27.27	-0.046	94.981	5.019	0	Idle
1/1/2026 23:22	Idle	73.2	384.89	-0.12	27.26	-0.046	94.981	5.019	0	Idle
1/1/2026 23:22	Idle	73.2	384.89	-0.12	27.26	-0.046	94.981	5.019	0	Idle
1/1/2026 23:22	Idle	73.199	384.89	-0.12	27.26	-0.046	94.981	5.019	0	Idle
1/1/2026 23:22	Idle	73.199	384.89	-0.12	27.26	-0.046	94.981	5.019	0	Idle
1/1/2026 23:23	Idle	73.199	384.89	-0.12	27.25	-0.046	94.981	5.019	0	Idle
1/1/2026 23:23	Idle	73.199	384.89	-0.12	27.25	-0.046	94.981	5.019	0	Idle
1/1/2026 23:23	Idle	73.198	384.89	-0.12	27.25	-0.046	94.981	5.019	0	Idle
1/1/2026 23:23	Idle	73.198	384.89	-0.12	27.25	-0.046	94.981	5.019	0	Idle
1/1/2026 23:23	Idle	73.198	384.89	-0.12	27.24	-0.046	94.981	5.019	0	Idle
1/1/2026 23:23	Idle	73.198	384.89	-0.12	27.24	-0.046	94.981	5.019	0	Idle
1/1/2026 23:24	Idle	73.198	384.89	-0.12	27.24	-0.046	94.98	5.02	0	Idle
1/1/2026 23:24	Idle	73.197	384.89	-0.12	27.24	-0.046	94.98	5.02	0	Idle
1/1/2026 23:24	Idle	73.197	384.89	-0.12	27.23	-0.046	94.98	5.02	0	Idle
1/1/2026 23:24	Idle	73.197	384.89	-0.12	27.23	-0.046	94.98	5.02	0	Idle
1/1/2026 23:24	Idle	73.197	384.89	-0.12	27.23	-0.046	94.98	5.02	0	Idle
1/1/2026 23:24	Idle	73.196	384.89	-0.12	27.23	-0.046	94.98	5.02	0	Idle
1/1/2026 23:25	Idle	73.196	384.89	-0.12	27.22	-0.046	94.98	5.02	0	Idle
1/1/2026 23:25	Idle	73.196	384.89	-0.12	27.22	-0.046	94.98	5.02	0	Idle
1/1/2026 23:25	Idle	73.196	384.89	-0.12	27.22	-0.046	94.98	5.02	0	Idle
1/1/2026 23:25	Idle	73.195	384.89	-0.12	27.22	-0.046	94.98	5.02	0	Idle
1/1/2026 23:25	Idle	73.195	384.89	-0.12	27.21	-0.046	94.98	5.02	0	Idle
1/1/2026 23:25	Idle	73.195	384.89	-0.12	27.21	-0.046	94.98	5.02	0	Idle
1/1/2026 23:26	Idle	73.195	384.89	-0.12	27.21	-0.046	94.98	5.02	0	Idle
1/1/2026 23:26	Idle	73.195	384.89	-0.12	27.21	-0.046	94.98	5.02	0	Idle
1/1/2026 23:26	Idle	73.194	384.89	-0.12	27.2	-0.046	94.98	5.02	0	Idle
1/1/2026 23:26	Idle	73.194	384.89	-0.12	27.2	-0.046	94.98	5.02	0	Idle
1/1/2026 23:26	Idle	73.194	384.89	-0.12	27.2	-0.046	94.98	5.02	0	Idle
1/1/2026 23:26	Idle	73.194	384.89	-0.12	27.2	-0.046	94.98	5.02	0	Idle
1/1/2026 23:27	Idle	73.193	384.89	-0.12	27.19	-0.046	94.98	5.02	0	Idle
1/1/2026 23:27	Idle	73.193	384.89	-0.12	27.19	-0.046	94.98	5.02	0	Idle
1/1/2026 23:27	Idle	73.193	384.89	-0.12	27.19	-0.046	94.98	5.02	0	Idle
1/1/2026 23:27	Idle	73.193	384.89	-0.12	27.19	-0.046	94.98	5.02	0	Idle
1/1/2026 23:27	Idle	73.192	384.89	-0.12	27.19	-0.046	94.98	5.02	0	Idle
1/1/2026 23:27	Idle	73.192	384.89	-0.12	27.18	-0.046	94.98	5.02	0	Idle
1/1/2026 23:28	Idle	73.192	384.89	-0.12	27.18	-0.046	94.98	5.02	0	Idle
1/1/2026 23:28	Idle	73.192	384.89	-0.12	27.18	-0.046	94.98	5.02	0	Idle
1/1/2026 23:28	Idle	73.192	384.89	-0.12	27.18	-0.046	94.98	5.02	0	Idle
1/1/2026 23:28	Idle	73.191	384.89	-0.12	27.17	-0.046	94.98	5.02	0	Idle
1/1/2026 23:28	Idle	73.191	384.89	-0.12	27.17	-0.046	94.98	5.02	0	Idle
1/1/2026 23:28	Idle	73.191	384.89	-0.12	27.17	-0.046	94.98	5.02	0	Idle
1/1/2026 23:29	Idle	73.191	384.89	-0.12	27.17	-0.046	94.98	5.02	0	Idle
1/1/2026 23:29	Idle	73.19	384.89	-0.12	27.16	-0.046	94.98	5.02	0	Idle
1/1/2026 23:29	Idle	73.19	384.89	-0.12	27.16	-0.046	94.98	5.02	0	Idle
1/1/2026 23:29	Idle	73.19	384.89	-0.12	27.16	-0.046	94.98	5.02	0	Idle
1/1/2026 23:29	Idle	73.19	384.89	-0.12	27.16	-0.046	94.98	5.02	0	Idle
1/1/2026 23:29	Idle	73.189	384.89	-0.12	27.15	-0.046	94.98	5.02	0	Idle
1/1/2026 23:30	Idle	73.189	384.89	-0.12	27.15	-0.046	94.98	5.02	0	Idle
1/1/2026 23:30	Idle	73.189	384.89	-0.12	27.15	-0.046	94.98	5.02	0	Idle
1/1/2026 23:30	Idle	73.189	384.89	-0.12	27.15	-0.046	94.98	5.02	0	Idle
1/1/2026 23:30	Idle	73.189	384.89	-0.12	27.15	-0.046	94.98	5.02	0	Idle
1/1/2026 23:30	Idle	73.188	384.89	-0.12	27.14	-0.046	94.98	5.02	0	Idle
1/1/2026 23:30	Idle	73.188	384.89	-0.12	27.14	-0.046	94.98	5.02	0	Idle
1/1/2026 23:31	Idle	73.188	384.88	-0.12	27.14	-0.046	94.98	5.02	0	Idle
1/1/2026 23:31	Idle	73.188	384.88	-0.12	27.14	-0.046	94.98	5.02	0	Idle
1/1/2026 23:31	Idle	73.187	384.88	-0.12	27.13	-0.046	94.98	5.02	0	Idle
1/1/2026 23:31	Idle	73.187	384.88	-0.12	27.13	-0.046	94.98	5.02	0	Idle
1/1/2026 23:31	Idle	73.187	384.88	-0.12	27.13	-0.046	94.98	5.02	0	Idle
1/1/2026 23:31	Idle	73.187	384.88	-0.12	27.13	-0.046	94.98	5.02	0	Idle
1/1/2026 23:32	Idle	73.187	384.88	-0.12	27.13	-0.046	94.98	5.02	0	Idle
1/1/2026 23:32	Idle	73.186	384.88	-0.12	27.12	-0.046	94.98	5.02	0	Idle
1/1/2026 23:32	Idle	73.186	384.88	-0.12	27.12	-0.046	94.98	5.02	0	Idle
1/1/2026 23:32	Idle	73.186	384.88	-0.12	27.12	-0.046	94.98	5.02	0	Idle
1/1/2026 23:32	Idle	73.186	384.88	-0.12	27.12	-0.046	94.98	5.02	0	Idle
1/1/2026 23:32	Idle	73.185	384.88	-0.12	27.11	-0.046	94.98	5.02	0	Idle
1/1/2026 23:33	Idle	73.185	384.88	-0.12	27.11	-0.046	94.98	5.02	0	Idle
1/1/2026 23:33	Idle	73.185	384.88	-0.12	27.11	-0.046	94.98	5.02	0	Idle
1/1/2026 23:33	Idle	73.185	384.88	-0.12	27.11	-0.046	94.98	5.02	0	Idle
1/1/2026 23:33	Idle	73.184	384.88	-0.12	27.11	-0.046	94.98	5.02	0	Idle
1/1/2026 23:33	Idle	73.184	384.88	-0.12	27.1	-0.046	94.98	5.02	0	Idle
1/1/2026 23:33	Idle	73.184	384.88	-0.12	27.1	-0.046	94.98	5.02	0	Idle
1/1/2026 23:34	Idle	73.184	384.88	-0.12	27.1	-0.046	94.98	5.02	0	Idle
1/1/2026 23:34	Idle	73.184	384.88	-0.12	27.1	-0.046	94.98	5.02	0	Idle
1/1/2026 23:34	Idle	73.183	384.88	-0.12	27.09	-0.046	94.98	5.02	0	Idle
1/1/2026 23:34	Idle	73.183	384.88	-0.12	27.09	-0.046	94.98	5.02	0	Idle
1/1/2026 23:34	Idle	73.183	384.88	-0.12	27.09	-0.046	94.98	5.02	0	Idle
1/1/2026 23:34	Idle	73.183	384.88	-0.12	27.09	-0.046	94.98	5.02	0	Idle
1/1/2026 23:35	Idle	73.182	384.88	-0.12	27.09	-0.046	94.98	5.02	0	Idle
1/1/2026 23:35	Idle	73.182	384.88	-0.12	27.08	-0.046	94.98	5.02	0	Idle
1/1/2026 23:35	Idle	73.182	384.88	-0.12	27.08	-0.046	94.98	5.02	0	Idle
1/1/2026 23:35	Idle	73.182	384.88	-0.12	27.08	-0.046	94.98	5.02	0	Idle
1/1/2026 23:35	Idle	73.181	384.88	-0.12	27.08	-0.046	94.98	5.02	0	Idle
1/1/2026 23:35	Idle	73.181	384.88	-0.12	27.07	-0.046	94.98	5.02	0	Idle
1/1/2026 23:36	Idle	73.181	384.88	-0.12	27.07	-0.046	94.98	5.02	0	Idle
1/1/2026 23:36	Idle	73.181	384.88	-0.12	27.07	-0.046	94.98	5.02	0	Idle
1/1/2026 23:36	Idle	73.181	384.88	-0.12	27.07	-0.046	94.98	5.02	0	Idle
1/1/2026 23:36	Idle	73.18	384.88	-0.12	27.07	-0.046	94.98	5.02	0	Idle
1/1/2026 23:36	Idle	73.18	384.88	-0.12	27.06	-0.046	94.98	5.02	0	Idle
1/1/2026 23:36	Idle	73.18	384.88	-0.12	27.06	-0.046	94.98	5.02	0	Idle
1/1/2026 23:37	Idle	73.18	384.88	-0.12	27.06	-0.046	94.98	5.02	0	Idle
1/1/2026 23:37	Idle	73.179	384.88	-0.12	27.06	-0.046	94.98	5.02	0	Idle
1/1/2026 23:37	Idle	73.179	384.88	-0.12	27.06	-0.046	94.98	5.02	0	Idle
1/1/2026 23:37	Idle	73.179	384.88	-0.12	27.05	-0.046	94.98	5.02	0	Idle
1/1/2026 23:37	Idle	73.179	384.88	-0.12	27.05	-0.046	94.98	5.02	0	Idle
1/1/2026 23:37	Idle	73.178	384.88	-0.12	27.05	-0.046	94.98	5.02	0	Idle
1/1/2026 23:38	Idle	73.178	384.88	-0.12	27.05	-0.046	94.98	5.02	0	Idle
1/1/2026 23:38	Idle	73.178	384.88	-0.12	27.04	-0.046	94.98	5.02	0	Idle
1/1/2026 23:38	Idle	73.178	384.88	-0.12	27.04	-0.046	94.98	5.02	0	Idle
1/1/2026 23:38	Idle	73.178	384.88	-0.12	27.04	-0.046	94.98	5.02	0	Idle
1/1/2026 23:38	Idle	73.177	384.88	-0.12	27.04	-0.046	94.98	5.02	0	Idle
1/1/2026 23:38	Idle	73.177	384.88	-0.12	27.04	-0.046	94.98	5.02	0	Idle
1/1/2026 23:39	Idle	73.177	384.88	-0.12	27.03	-0.046	94.98	5.02	0	Idle
1/1/2026 23:39	Idle	73.177	384.88	-0.12	27.03	-0.046	94.98	5.02	0	Idle
1/1/2026 23:39	Idle	73.176	384.88	-0.12	27.03	-0.046	94.98	5.02	0	Idle
1/1/2026 23:39	Idle	73.176	384.88	-0.12	27.03	-0.046	94.98	5.02	0	Idle
1/1/2026 23:39	Idle	73.176	384.88	-0.12	27.03	-0.046	94.98	5.02	0	Idle
1/1/2026 23:39	Idle	73.176	384.88	-0.12	27.02	-0.046	94.98	5.02	0	Idle
1/1/2026 23:40	Idle	73.175	384.88	-0.12	27.02	-0.046	94.98	5.02	0	Idle
1/1/2026 23:40	Idle	73.175	384.88	-0.12	27.02	-0.046	94.98	5.02	0	Idle
1/1/2026 23:40	Idle	73.175	384.88	-0.12	27.02	-0.046	94.98	5.02	0	Idle
1/1/2026 23:40	Idle	73.175	384.88	-0.12	27.02	-0.046	94.98	5.02	0	Idle
1/1/2026 23:40	Idle	73.175	384.87	-0.12	27.01	-0.046	94.98	5.02	0	Idle
1/1/2026 23:40	Idle	73.174	384.87	-0.12	27.01	-0.046	94.98	5.02	0	Idle
1/1/2026 23:41	Idle	73.174	384.87	-0.12	27.01	-0.046	94.98	5.02	0	Idle
1/1/2026 23:41	Idle	73.174	384.87	-0.12	27.01	-0.046	94.98	5.02	0	Idle
1/1/2026 23:41	Idle	73.174	384.87	-0.12	27.01	-0.046	94.98	5.02	0	Idle
1/1/2026 23:41	Idle	73.173	384.87	-0.12	27	-0.046	94.98	5.02	0	Idle
1/1/2026 23:41	Idle	73.173	384.87	-0.12	27	-0.046	94.98	5.02	0	Idle
1/1/2026 23:41	Idle	73.173	384.87	-0.12	27	-0.046	94.98	5.02	0	Idle
1/1/2026 23:42	Idle	73.173	384.87	-0.12	27	-0.046	94.98	5.02	0	Idle
1/1/2026 23:42	Idle	73.172	384.87	-0.12	27	-0.046	94.98	5.02	0	Idle
1/1/2026 23:42	Idle	73.172	384.87	-0.12	26.99	-0.046	94.98	5.02	0	Idle
1/1/2026 23:42	Idle	73.172	384.87	-0.12	26.99	-0.046	94.98	5.02	0	Idle
1/1/2026 23:42	Idle	73.172	384.87	-0.12	26.99	-0.046	94.98	5.02	0	Idle
1/1/2026 23:42	Idle	73.172	384.87	-0.12	26.99	-0.046	94.98	5.02	0	Idle
1/1/2026 23:43	Idle	73.171	384.87	-0.12	26.99	-0.046	94.98	5.02	0	Idle
1/1/2026 23:43	Idle	73.171	384.87	-0.12	26.98	-0.046	94.98	5.02	0	Idle
1/1/2026 23:43	Idle	73.171	384.87	-0.12	26.98	-0.046	94.98	5.02	0	Idle
1/1/2026 23:43	Idle	73.171	384.87	-0.12	26.98	-0.046	94.98	5.02	0	Idle
1/1/2026 23:43	Idle	73.17	384.87	-0.12	26.98	-0.046	94.98	5.02	0	Idle
1/1/2026 23:43	Idle	73.17	384.87	-0.12	26.98	-0.046	94.98	5.02	0	Idle
1/1/2026 23:44	Idle	73.17	384.87	-0.12	26.97	-0.046	94.98	5.02	0	Idle
1/1/2026 23:44	Idle	73.17	384.87	-0.12	26.97	-0.046	94.98	5.02	0	Idle
1/1/2026 23:44	Idle	73.17	384.87	-0.12	26.97	-0.046	94.98	5.02	0	Idle
1/1/2026 23:44	Idle	73.169	384.87	-0.12	26.97	-0.046	94.98	5.02	0	Idle
1/1/2026 23:44	Idle	73.169	384.87	-0.12	26.97	-0.046	94.98	5.02	0	Idle
1/1/2026 23:44	Idle	73.169	384.87	-0.12	26.96	-0.046	94.98	5.02	0	Idle
1/1/2026 23:45	Idle	73.169	384.87	-0.12	26.96	-0.046	94.98	5.02	0	Idle
1/1/2026 23:45	Idle	73.168	384.87	-0.12	26.96	-0.046	94.98	5.02	0	Idle
1/1/2026 23:45	Idle	73.168	384.87	-0.12	26.96	-0.046	94.98	5.02	0	Idle
1/1/2026 23:45	Idle	73.168	384.87	-0.12	26.96	-0.046	94.98	5.02	0	Idle
1/1/2026 23:45	Idle	73.168	384.87	-0.12	26.95	-0.046	94.98	5.02	0	Idle
1/1/2026 23:45	Idle	73.167	384.87	-0.12	26.95	-0.046	94.98	5.02	0	Idle
1/1/2026 23:46	Idle	73.167	384.87	-0.12	26.95	-0.046	94.98	5.02	0	Idle
1/1/2026 23:46	Idle	73.167	384.87	-0.12	26.95	-0.046	94.98	5.02	0	Idle
1/1/2026 23:46	Idle	73.167	384.87	-0.12	26.95	-0.046	94.98	5.02	0	Idle
1/1/2026 23:46	Idle	73.167	384.87	-0.12	26.95	-0.046	94.98	5.02	0	Idle
1/1/2026 23:46	Idle	73.166	384.87	-0.12	26.94	-0.046	94.98	5.02	0	Idle
1/1/2026 23:46	Idle	73.166	384.87	-0.12	26.94	-0.046	94.98	5.02	0	Idle
1/1/2026 23:47	Idle	73.166	384.87	-0.12	26.94	-0.046	94.98	5.02	0	Idle
1/1/2026 23:47	Idle	73.166	384.87	-0.12	26.94	-0.046	94.98	5.02	0	Idle
1/1/2026 23:47	Idle	73.165	384.87	-0.12	26.94	-0.046	94.98	5.02	0	Idle
1/1/2026 23:47	Idle	73.165	384.87	-0.12	26.93	-0.046	94.98	5.02	0	Idle
1/1/2026 23:47	Idle	73.165	384.87	-0.12	26.93	-0.046	94.98	5.02	0	Idle
1/1/2026 23:47	Idle	73.165	384.87	-0.12	26.93	-0.046	94.98	5.02	0	Idle
1/1/2026 23:48	Idle	73.164	384.87	-0.12	26.93	-0.046	94.98	5.02	0	Idle
1/1/2026 23:48	Idle	73.164	384.87	-0.12	26.93	-0.046	94.98	5.02	0	Idle
1/1/2026 23:48	Idle	73.164	384.87	-0.12	26.92	-0.046	94.98	5.02	0	Idle
1/1/2026 23:48	Idle	73.164	384.87	-0.12	26.92	-0.046	94.98	5.02	0	Idle
1/1/2026 23:48	Idle	73.164	384.87	-0.12	26.92	-0.046	94.98	5.02	0	Idle
1/1/2026 23:48	Idle	73.163	384.87	-0.12	26.92	-0.046	94.98	5.02	0	Idle
1/1/2026 23:49	Idle	73.163	384.87	-0.12	26.92	-0.046	94.98	5.02	0	Idle
1/1/2026 23:49	Idle	73.163	384.87	-0.12	26.92	-0.046	94.98	5.02	0	Idle
1/1/2026 23:49	Idle	73.163	384.87	-0.12	26.91	-0.046	94.98	5.02	0	Idle
1/1/2026 23:49	Idle	73.162	384.87	-0.12	26.91	-0.046	94.98	5.02	0	Idle
1/1/2026 23:49	Idle	73.162	384.87	-0.12	26.91	-0.046	94.98	5.02	0	Idle
1/1/2026 23:49	Idle	73.162	384.87	-0.12	26.91	-0.046	94.98	5.02	0	Idle
1/1/2026 23:50	Idle	73.162	384.87	-0.12	26.91	-0.046	94.98	5.02	0	Idle
1/1/2026 23:50	Idle	73.161	384.87	-0.12	26.9	-0.046	94.98	5.02	0	Idle
1/1/2026 23:50	Idle	73.161	384.86	-0.12	26.9	-0.046	94.98	5.02	0	Idle
1/1/2026 23:50	Idle	73.161	384.86	-0.12	26.9	-0.046	94.98	5.02	0	Idle
1/1/2026 23:50	Idle	73.161	384.86	-0.12	26.9	-0.046	94.98	5.02	0	Idle
1/1/2026 23:50	Idle	73.161	384.86	-0.12	26.9	-0.046	94.98	5.02	0	Idle
1/1/2026 23:51	Idle	73.16	384.86	-0.12	26.9	-0.046	94.98	5.02	0	Idle
1/1/2026 23:51	Idle	73.16	384.86	-0.12	26.89	-0.046	94.98	5.02	0	Idle
1/1/2026 23:51	Idle	73.16	384.86	-0.12	26.89	-0.046	94.98	5.02	0	Idle
1/1/2026 23:51	Idle	73.16	384.86	-0.12	26.89	-0.046	94.98	5.02	0	Idle
1/1/2026 23:51	Idle	73.159	384.86	-0.12	26.89	-0.046	94.98	5.02	0	Idle
1/1/2026 23:51	Idle	73.159	384.86	-0.12	26.89	-0.046	94.98	5.02	0	Idle
1/1/2026 23:52	Idle	73.159	384.86	-0.12	26.88	-0.046	94.98	5.02	0	Idle
1/1/2026 23:52	Idle	73.159	384.86	-0.12	26.88	-0.046	94.98	5.02	0	Idle
1/1/2026 23:52	Idle	73.158	384.86	-0.12	26.88	-0.046	94.98	5.02	0	Idle
1/1/2026 23:52	Idle	73.158	384.86	-0.12	26.88	-0.046	94.98	5.02	0	Idle
1/1/2026 23:52	Idle	73.158	384.86	-0.12	26.88	-0.046	94.98	5.02	0	Idle
1/1/2026 23:52	Idle	73.158	384.86	-0.12	26.88	-0.046	94.98	5.02	0	Idle
1/1/2026 23:53	Idle	73.158	384.86	-0.12	26.87	-0.046	94.98	5.02	0	Idle
1/1/2026 23:53	Idle	73.157	384.86	-0.12	26.87	-0.046	94.98	5.02	0	Idle
1/1/2026 23:53	Idle	73.157	384.86	-0.12	26.87	-0.046	94.98	5.02	0	Idle
1/1/2026 23:53	Idle	73.157	384.86	-0.12	26.87	-0.046	94.98	5.02	0	Idle
1/1/2026 23:53	Idle	73.157	384.86	-0.12	26.87	-0.046	94.98	5.02	0	Idle
1/1/2026 23:53	Idle	73.156	384.86	-0.12	26.87	-0.046	94.98	5.02	0	Idle
1/1/2026 23:54	Idle	73.156	384.86	-0.12	26.86	-0.046	94.98	5.02	0	Idle
1/1/2026 23:54	Idle	73.156	384.86	-0.12	26.86	-0.046	94.98	5.02	0	Idle
1/1/2026 23:54	Idle	73.156	384.86	-0.12	26.86	-0.046	94.98	5.02	0	Idle
1/1/2026 23:54	Idle	73.155	384.86	-0.12	26.86	-0.046	94.98	5.02	0	Idle
1/1/2026 23:54	Idle	73.155	384.86	-0.12	26.86	-0.046	94.98	5.02	0	Idle
1/1/2026 23:54	Idle	73.155	384.86	-0.12	26.86	-0.046	94.98	5.02	0	Idle
1/1/2026 23:55	Idle	73.155	384.86	-0.12	26.85	-0.046	94.98	5.02	0	Idle
1/1/2026 23:55	Idle	73.155	384.86	-0.12	26.85	-0.046	94.98	5.02	0	Idle
1/1/2026 23:55	Idle	73.154	384.86	-0.12	26.85	-0.046	94.98	5.02	0	Idle
1/1/2026 23:55	Idle	73.154	384.86	-0.12	26.85	-0.046	94.98	5.02	0	Idle
1/1/2026 23:55	Idle	73.154	384.86	-0.12	26.85	-0.046	94.98	5.02	0	Idle
1/1/2026 23:55	Idle	73.154	384.86	-0.12	26.85	-0.046	94.98	5.02	0	Idle
1/1/2026 23:56	Idle	73.153	384.86	-0.12	26.84	-0.046	94.98	5.02	0	Idle
1/1/2026 23:56	Idle	73.153	384.86	-0.12	26.84	-0.046	94.98	5.02	0	Idle
1/1/2026 23:56	Idle	73.153	384.86	-0.12	26.84	-0.046	94.98	5.02	0	Idle
1/1/2026 23:56	Idle	73.153	384.86	-0.12	26.84	-0.046	94.98	5.02	0	Idle
1/1/2026 23:56	Idle	73.152	384.86	-0.12	26.84	-0.046	94.98	5.02	0	Idle
1/1/2026 23:56	Idle	73.152	384.86	-0.12	26.83	-0.046	94.98	5.02	0	Idle
1/1/2026 23:57	Idle	73.152	384.86	-0.12	26.83	-0.046	94.98	5.02	0	Idle
1/1/2026 23:57	Idle	73.152	384.86	-0.12	26.83	-0.046	94.98	5.02	0	Idle
1/1/2026 23:57	Idle	73.152	384.86	-0.12	26.83	-0.046	94.98	5.02	0	Idle
1/1/2026 23:57	Idle	73.151	384.86	-0.12	26.83	-0.046	94.98	5.02	0	Idle
1/1/2026 23:57	Idle	73.151	384.86	-0.12	26.83	-0.046	94.98	5.02	0	Idle
1/1/2026 23:57	Idle	73.151	384.86	-0.12	26.83	-0.046	94.98	5.02	0	Idle
1/1/2026 23:58	Idle	73.151	384.86	-0.12	26.82	-0.046	94.98	5.02	0	Idle
1/1/2026 23:58	Idle	73.15	384.86	-0.12	26.82	-0.046	94.98	5.02	0	Idle
1/1/2026 23:58	Idle	73.15	384.86	-0.12	26.82	-0.046	94.98	5.02	0	Idle
1/1/2026 23:58	Idle	73.15	384.86	-0.12	26.82	-0.046	94.98	5.02	0	Idle
1/1/2026 23:58	Idle	73.15	384.86	-0.12	26.82	-0.046	94.98	5.02	0	Idle
1/1/2026 23:58	Idle	73.15	384.86	-0.12	26.82	-0.046	94.98	5.02	0	Idle
1/1/2026 23:59	Idle	73.149	384.86	-0.12	26.81	-0.046	94.98	5.02	0	Idle
1/1/2026 23:59	Idle	73.149	384.86	-0.12	26.81	-0.046	94.98	5.02	0	Idle
1/1/2026 23:59	Idle	73.149	384.86	-0.12	26.81	-0.046	94.98	5.02	0	Idle
1/1/2026 23:59	Idle	73.149	384.86	-0.12	26.81	-0.046	94.98	5.02	0	Idle
1/1/2026 23:59	Idle	73.148	384.86	-0.12	26.81	-0.046	94.98	5.02	0	Idle
1/1/2026 23:59	Idle	73.148	384.86	-0.12	26.81	-0.046	94.98	5.02	0	Idle
