timestamp,state_refined,state,soh_percent,battery_degradation_percent,soc_percent,vehicle_speed_kmph,battery_current_a,battery_voltage_v,battery_temp_c,power_kw
2026-01-01 00:00:00,Idle,Idle,100,0,80,0,-0.1,395,25,-0.04
2026-01-01 00:00:10,Idle,Idle,100,0,80,0,-0.1,395,25,-0.04
2026-01-01 00:00:20,Idle,Idle,100,0,80,0,-0.1,395,25,-0.04
2026-01-01 00:00:30,Idle,Idle,100,0,80,0,-0.1,395,25,-0.04
2026-01-01 00:00:40,Idle,Idle,100,0,80,0,-0.1,395,25,-0.04
2026-01-01 00:00:50,Idle,Idle,100,0,80,0,-0.1,395,25,-0.04
2026-01-01 00:01:00,Idle,Idle,100,0,80,0,-0.1,395,25,-0.04
2026-01-01 00:01:10,Idle,Idle,100,0,80,0,-0.1,395,25,-0.04
2026-01-01 00:01:20,Idle,Idle,100,0,80,0,-0.1,395,25,-0.04
2026-01-01 00:01:30,Idle,Idle,100,0,80,0,-0.1,395,25,-0.04
2026-01-01 00:01:40,Idle,Idle,100,0,80,0,-0.1,395,25,-0.04
2026-01-01 00:01:50,Idle,Idle,100,0,80,0,-0.1,395,25,-0.04
2026-01-01 00:02:00,Idle,Idle,100,0,80,0,-0.1,395,25,-0.04
2026-01-01 00:02:10,Idle,Idle,100,0,80,0,-0.1,395,25,-0.04
2026-01-01 00:02:20,Idle,Idle,100,0,80,0,-0.1,395,25,-0.04
2026-01-01 00:02:30,Idle,Idle,100,0,80,0,-0.1,395,25,-0.04
2026-01-01 00:02:40,Idle,Idle,100,0,80,0,-0.1,395,25,-0.04
2026-01-01 00:02:50,Idle,Idle,100,0,80,0,-0.1,395,25,-0.04
2026-01-01 00:03:00,Idle,Idle,100,0,80,0,-0.1,395,25,-0.04
2026-01-01 00:03:10,Idle,Idle,100,0,80,0,-0.1,395,25,-0.04
2026-01-01 00:03:20,Idle,Idle,100,0,80,0,-0.1,395,25,-0.04
2026-01-01 00:03:30,Idle,Idle,100,0,80,0,-0.1,395,25,-0.04
2026-01-01 00:03:40,Idle,Idle,100,0,80,0,-0.1,395,25,-0.04
2026-01-01 00:03:50,Idle,Idle,100,0,80,0,-0.1,395,25,-0.04
2026-01-01 00:04:00,Idle,Idle,100,0,80,0,-0.1,395,25,-0.04
2026-01-01 00:04:10,Idle,Idle,100,0,80,0,-0.1,395,25,-0.04
2026-01-01 00:04:20,Idle,Idle,100,0,79.999,0,-0.1,395,25,-0.04
2026-01-01 00:04:30,Idle,Idle,100,0,79.999,0,-0.1,395,25,-0.04
2026-01-01 00:04:40,Idle,Idle,100,0,79.999,0,-0.1,395,25,-0.04
2026-01-01 00:04:50,Idle,Idle,100,0,79.999,0,-0.1,395,25,-0.04
2026-01-01 00:05:00,Idle,Idle,100,0,79.999,0,-0.1,395,25,-0.04
2026-01-01 00:05:10,Idle,Idle,100,0,79.999,0,-0.1,395,25,-0.04
2026-01-01 00:05:20,Idle,Idle,100,0,79.999,0,-0.1,395,25,-0.04
2026-01-01 00:05:30,Idle,Idle,100,0,79.999,0,-0.1,395,25,-0.04
2026-01-01 00:05:40,Idle,Idle,100,0,79.999,0,-0.1,395,25,-0.04
2026-01-01 00:05:50,Idle,Idle,100,0,79.999,0,-0.1,395,25,-0.04
2026-01-01 00:06:00,Idle,Idle,100,0,79.999,0,-0.1,395,25,-0.04
2026-01-01 00:06:10,Idle,Idle,100,0,79.999,0,-0.1,395,25,-0.04
2026-01-01 00:06:20,Idle,Idle,100,0,79.999,0,-0.1,395,25,-0.04
2026-01-01 00:06:30,Idle,Idle,100,0,79.999,0,-0.1,395,25,-0.04
2026-01-01 00:06:40,Idle,Idle,100,0,79.999,0,-0.1,395,25,-0.04
2026-01-01 00:06:50,Idle,Idle,100,0,79.999,0,-0.1,395,25,-0.04
2026-01-01 00:07:00,Idle,Idle,100,0,79.999,0,-0.1,395,25,-0.04
2026-01-01 00:07:10,Idle,Idle,100,0,79.999,0,-0.1,395,25,-0.04
2026-01-01 00:07:20,Idle,Idle,100,0,79.999,0,-0.1,395,25,-0.04
2026-01-01 00:07:30,Idle,Idle,100,0,79.999,0,-0.1,395,25,-0.04
2026-01-01 00:07:40,Idle,Idle,100,0,79.999,0,-0.1,395,25,-0.04
2026-01-01 00:07:50,Idle,Idle,100,0,79.999,0,-0.1,395,25,-0.04
2026-01-01 00:08:00,Idle,Idle,100,0,79.999,0,-0.1,395,25,-0.04
2026-01-01 00:08:10,Idle,Idle,100,0,79.999,0,-0.1,395,25,-0.04
2026-01-01 00:08:20,Idle,Idle,100,0,79.999,0,-0.1,395,25,-0.04
2026-01-01 00:08:30,Idle,Idle,100,0,79.999,0,-0.1,395,25,-0.04
2026-01-01 00:08:40,Idle,Idle,100,0,79.999,0,-0.1,395,25,-0.04
2026-01-01 00:08:50,Idle,Idle,100,0,79.999,0,-0.1,395,25,-0.04
2026-01-01 00:09:00,Idle,Idle,100,0,79.999,0,-0.1,395,25,-0.04
2026-01-01 00:09:10,Idle,Idle,100,0,79.999,0,-0.1,395,25,-0.04
2026-01-01 00:09:20,Idle,Idle,100,0,79.999,0,-0.1,395,25,-0.04
2026-01-01 00:09:30,Idle,Idle,100,0,79.999,0,-0.1,395,25,-0.04
2026-01-01 00:09:40,Idle,Idle,100,0,79.999,0,-0.1,395,25,-0.04
2026-01-01 00:09:50,Idle,Idle,100,0,79.999,0,-0.1,395,25,-0.04
2026-01-01 00:10:00,Idle,Idle,100,0,79.999,0,-0.1,395,25,-0.04
2026-01-01 00:10:10,Idle,Idle,100,0,79.999,0,-0.1,395,25,-0.04
2026-01-01 00:10:20,Idle,Idle,100,0,79.999,0,-0.1,395,25,-0.04
2026-01-01 00:10:30,Idle,Idle,100,0,79.999,0,-0.1,395,25,-0.04
2026-01-01 00:10:40,Idle,Idle,100,0,79.999,0,-0.1,395,25,-0.04
2026-01-01 00:10:50,Idle,Idle,100,0,79.999,0,-0.1,395,25,-0.04
2026-01-01 00:11:00,Idle,Idle,100,0,79.999,0,-0.1,395,25,-0.04
2026-01-01 00:11:10,Idle,Idle,100,0,79.999,0,-0.1,395,25,-0.04
2026-01-01 00:11:20,Idle,Idle,100,0,79.999,0,-0.1,395,25,-0.04
2026-01-01 00:11:30,Idle,Idle,100,0,79.999,0,-0.1,395,25,-0.04
2026-01-01 00:11:40,Idle,Idle,100,0,79.999,0,-0.1,395,25,-0.04
2026-01-01 00:11:50,Idle,Idle,100,0,79.999,0,-0.1,395,25,-0.04
2026-01-01 00:12:00,Idle,Idle,100,0,79.999,0,-0.1,395,25,-0.04
2026-01-01 00:12:10,Idle,Idle,100,0,79.999,0,-0.1,395,25,-0.04
2026-01-01 00:12:20,Idle,Idle,100,0,79.999,0,-0.1,395,25,-0.04
2026-01-01 00:12:30,Idle,Idle,100,0,79.999,0,-0.1,395,25,-0.04
2026-01-01 00:12:40,Idle,Idle,100,0,79.998,0,-0.1,395,25,-0.04
2026-01-01 00:12:50,Idle,Idle,100,0,79.998,0,-0.1,395,25,-0.04
2026-01-01 00:13:00,Idle,Idle,100,0,79.998,0,-0.1,395,25,-0.04
2026-01-01 00:13:10,Idle,Idle,100,0,79.998,0,-0.1,395,25,-0.04
2026-01-01 00:13:20,Idle,Idle,100,0,79.998,0,-0.1,395,25,-0.04
2026-01-01 00:13:30,Idle,Idle,100,0,79.998,0,-0.1,395,25,-0.04
2026-01-01 00:13:40,Idle,Idle,100,0,79.998,0,-0.1,395,25,-0.04
2026-01-01 00:13:50,Idle,Idle,100,0,79.998,0,-0.1,395,25,-0.04
2026-01-01 00:14:00,Idle,Idle,100,0,79.998,0,-0.1,395,25,-0.04
2026-01-01 00:14:10,Idle,Idle,100,0,79.998,0,-0.1,395,25,-0.04
2026-01-01 00:14:20,Idle,Idle,100,0,79.998,0,-0.1,395,25,-0.04
2026-01-01 00:14:30,Idle,Idle,100,0,79.998,0,-0.1,395,25,-0.04
2026-01-01 00:14:40,Idle,Idle,100,0,79.998,0,-0.1,395,25,-0.04
2026-01-01 00:14:50,Idle,Idle,100,0,79.998,0,-0.1,395,25,-0.04
2026-01-01 00:15:00,Idle,Idle,100,0,79.998,0,-0.1,395,25,-0.04
2026-01-01 00:15:10,Idle,Idle,100,0,79.998,0,-0.1,395,25,-0.04
2026-01-01 00:15:20,Idle,Idle,100,0,79.998,0,-0.1,395,25,-0.04
2026-01-01 00:15:30,Idle,Idle,100,0,79.998,0,-0.1,395,25,-0.04
2026-01-01 00:15:40,Idle,Idle,100,0,79.998,0,-0.1,395,25,-0.04
2026-01-01 00:15:50,Idle,Idle,100,0,79.998,0,-0.1,395,25,-0.04
2026-01-01 00:16:00,Idle,Idle,100,0,79.998,0,-0.1,395,25,-0.04
2026-01-01 00:16:10,Idle,Idle,100,0,79.998,0,-0.1,395,25,-0.04
2026-01-01 00:16:20,Idle,Idle,100,0,79.998,0,-0.1,395,25,-0.04
2026-01-01 00:16:30,Idle,Idle,100,0,79.998,0,-0.1,395,25,-0.04
2026-01-01 00:16:40,Idle,Idle,100,0,79.998,0,-0.1,395,25,-0.04
2026-01-01 00:16:50,Idle,Idle,100,0,79.998,0,-0.1,395,25,-0.04
2026-01-01 00:17:00,Idle,Idle,100,0,79.998,0,-0.1,395,25,-0.04
2026-01-01 00:17:10,Idle,Idle,100,0,79.998,0,-0.1,395,25,-0.04
2026-01-01 00:17:20,Idle,Idle,100,0,79.998,0,-0.1,395,25,-0.04
2026-01-01 00:17:30,Idle,Idle,100,0,79.998,0,-0.1,395,25,-0.04
2026-01-01 00:17:40,Idle,Idle,100,0,79.998,0,-0.1,395,25,-0.04
2026-01-01 00:17:50,Idle,Idle,100,0,79.998,0,-0.1,395,25,-0.04
2026-01-01 00:18:00,Idle,Idle,100,0,79.998,0,-0.1,395,25,-0.04
2026-01-01 00:18:10,Idle,Idle,100,0,79.998,0,-0.1,395,25,-0.04
2026-01-01 00:18:20,Idle,Idle,100,0,79.998,0,-0.1,395,25,-0.04
2026-01-01 00:18:30,Idle,Idle,100,0,79.998,0,-0.1,395,25,-0.04
2026-01-01 00:18:40,Idle,Idle,100,0,79.998,0,-0.1,395,25,-0.04
2026-01-01 00:18:50,Idle,Idle,100,0,79.998,0,-0.1,395,25,-0.04
2026-01-01 00:19:00,Idle,Idle,100,0,79.998,0,-0.1,395,25,-0.04
2026-01-01 00:19:10,Idle,Idle,100,0,79.998,0,-0.1,395,25,-0.04
2026-01-01 00:19:20,Idle,Idle,100,0,79.998,0,-0.1,395,25,-0.04
2026-01-01 00:19:30,Idle,Idle,100,0,79.998,0,-0.1,395,25,-0.04
2026-01-01 00:19:40,Idle,Idle,100,0,79.998,0,-0.1,395,25,-0.04
2026-01-01 00:19:50,Idle,Idle,100,0,79.998,0,-0.1,395,25,-0.04
2026-01-01 00:20:00,Idle,Idle,100,0,79.998,0,-0.1,395,25,-0.04
2026-01-01 00:20:10,Idle,Idle,100,0,79.998,0,-0.1,395,25,-0.04
2026-01-01 00:20:20,Idle,Idle,100,0,79.998,0,-0.1,395,25,-0.04
2026-01-01 00:20:30,Idle,Idle,100,0,79.998,0,-0.1,395,25,-0.04
2026-01-01 00:20:40,Idle,Idle,100,0,79.998,0,-0.1,395,25,-0.04
2026-01-01 00:20:50,Idle,Idle,100,0,79.998,0,-0.1,395,25,-0.04
2026-01-01 00:21:00,Idle,Idle,100,0,79.997,0,-0.1,395,25,-0.04
2026-01-01 00:21:10,Idle,Idle,100,0,79.997,0,-0.1,395,25,-0.04
2026-01-01 00:21:20,Idle,Idle,100,0,79.997,0,-0.1,395,25,-0.04
2026-01-01 00:21:30,Idle,Idle,100,0,79.997,0,-0.1,395,25,-0.04
2026-01-01 00:21:40,Idle,Idle,100,0,79.997,0,-0.1,395,25,-0.04
2026-01-01 00:21:50,Idle,Idle,100,0,79.997,0,-0.1,395,25,-0.04
2026-01-01 00:22:00,Idle,Idle,100,0,79.997,0,-0.1,395,25,-0.04
2026-01-01 00:22:10,Idle,Idle,100,0,79.997,0,-0.1,395,25,-0.04
2026-01-01 00:22:20,Idle,Idle,100,0,79.997,0,-0.1,395,25,-0.04
2026-01-01 00:22:30,Idle,Idle,100,0,79.997,0,-0.1,395,25,-0.04
2026-01-01 00:22:40,Idle,Idle,100,0,79.997,0,-0.1,395,25,-0.04
2026-01-01 00:22:50,Idle,Idle,100,0,79.997,0,-0.1,395,25,-0.04
2026-01-01 00:23:00,Idle,Idle,100,0,79.997,0,-0.1,395,25,-0.04
2026-01-01 00:23:10,Idle,Idle,100,0,79.997,0,-0.1,395,25,-0.04
2026-01-01 00:23:20,Idle,Idle,100,0,79.997,0,-0.1,395,25,-0.04
2026-01-01 00:23:30,Idle,Idle,100,0,79.997,0,-0.1,395,25,-0.04
2026-01-01 00:23:40,Idle,Idle,100,0,79.997,0,-0.1,395,25,-0.04
2026-01-01 00:23:50,Idle,Idle,100,0,79.997,0,-0.1,395,25,-0.04
2026-01-01 00:24:00,Idle,Idle,100,0,79.997,0,-0.1,395,25,-0.04
2026-01-01 00:24:10,Idle,Idle,100,0,79.997,0,-0.1,395,25,-0.04
2026-01-01 00:24:20,Idle,Idle,100,0,79.997,0,-0.1,395,25,-0.04
2026-01-01 00:24:30,Idle,Idle,100,0,79.997,0,-0.1,395,25,-0.04
2026-01-01 00:24:40,Idle,Idle,100,0,79.997,0,-0.1,395,25,-0.04
2026-01-01 00:24:50,Idle,Idle,100,0,79.997,0,-0.1,395,25,-0.04
2026-01-01 00:25:00,Idle,Idle,100,0,79.997,0,-0.1,395,25,-0.04
2026-01-01 00:25:10,Idle,Idle,100,0,79.997,0,-0.1,395,25,-0.04
2026-01-01 00:25:20,Idle,Idle,100,0,79.997,0,-0.1,395,25,-0.04
2026-01-01 00:25:30,Idle,Idle,100,0,79.997,0,-0.1,395,25,-0.04
2026-01-01 00:25:40,Idle,Idle,100,0,79.997,0,-0.1,395,25,-0.04
2026-01-01 00:25:50,Idle,Idle,100,0,79.997,0,-0.1,395,25,-0.04
2026-01-01 00:26:00,Idle,Idle,100,0,79.997,0,-0.1,395,25,-0.04
2026-01-01 00:26:10,Idle,Idle,100,0,79.997,0,-0.1,395,25,-0.04
2026-01-01 00:26:20,Idle,Idle,100,0,79.997,0,-0.1,395,25,-0.04
2026-01-01 00:26:30,Idle,Idle,100,0,79.997,0,-0.1,395,25,-0.04
2026-01-01 00:26:40,Idle,Idle,100,0,79.997,0,-0.1,395,25,-0.04
2026-01-01 00:26:50,Idle,Idle,100,0,79.997,0,-0.1,395,25,-0.04
2026-01-01 00:27:00,Idle,Idle,100,0,79.997,0,-0.1,395,25,-0.04
2026-01-01 00:27:10,Idle,Idle,100,0,79.997,0,-0.1,395,25,-0.04
2026-01-01 00:27:20,Idle,Idle,100,0,79.997,0,-0.1,395,25,-0.04
2026-01-01 00:27:30,Idle,Idle,100,0,79.997,0,-0.1,395,25,-0.04
2026-01-01 00:27:40,Idle,Idle,100,0,79.997,0,-0.1,395,25,-0.04
2026-01-01 00:27:50,Idle,Idle,100,0,79.997,0,-0.1,395,25,-0.04
2026-01-01 00:28:00,Idle,Idle,100,0,79.997,0,-0.1,395,25,-0.04
2026-01-01 00:28:10,Idle,Idle,100,0,79.997,0,-0.1,395,25,-0.04
2026-01-01 00:28:20,Idle,Idle,100,0,79.997,0,-0.1,395,25,-0.04
2026-01-01 00:28:30,Idle,Idle,100,0,79.997,0,-0.1,395,25,-0.04
2026-01-01 00:28:40,Idle,Idle,100,0,79.997,0,-0.1,395,25,-0.04
2026-01-01 00:28:50,Idle,Idle,100,0,79.997,0,-0.1,395,25,-0.04
2026-01-01 00:29:00,Idle,Idle,100,0,79.997,0,-0.1,395,25,-0.04
2026-01-01 00:29:10,Idle,Idle,100,0,79.997,0,-0.1,395,25,-0.04
2026-01-01 00:29:20,Idle,Idle,100,0,79.997,0,-0.1,395,25,-0.04
2026-01-01 00:29:30,Idle,Idle,100,0,79.996,0,-0.1,395,25,-0.04
2026-01-01 00:29:40,Idle,Idle,100,0,79.996,0,-0.1,395,25,-0.04
2026-01-01 00:29:50,Idle,Idle,100,0,79.996,0,-0.1,395,25,-0.04
2026-01-01 00:30:00,Idle,Idle,100,0,79.996,0,-0.1,395,25,-0.04
2026-01-01 00:30:10,Idle,Idle,100,0,79.996,0,-0.1,395,25,-0.04
2026-01-01 00:30:20,Idle,Idle,100,0,79.996,0,-0.1,395,25,-0.04
2026-01-01 00:30:30,Idle,Idle,100,0,79.996,0,-0.1,395,25,-0.04
2026-01-01 00:30:40,Idle,Idle,100,0,79.996,0,-0.1,395,25,-0.04
2026-01-01 00:30:50,Idle,Idle,100,0,79.996,0,-0.1,395,25,-0.04
2026-01-01 00:31:00,Idle,Idle,100,0,79.996,0,-0.1,395,25,-0.04
2026-01-01 00:31:10,Idle,Idle,100,0,79.996,0,-0.1,395,25,-0.04
2026-01-01 00:31:20,Idle,Idle,100,0,79.996,0,-0.1,395,25,-0.04
2026-01-01 00:31:30,Idle,Idle,100,0,79.996,0,-0.1,395,25,-0.04
2026-01-01 00:31:40,Idle,Idle,100,0,79.996,0,-0.1,395,25,-0.04
2026-01-01 00:31:50,Idle,Idle,100,0,79.996,0,-0.1,395,25,-0.04
2026-01-01 00:32:00,Idle,Idle,100,0,79.996,0,-0.1,395,25,-0.04
2026-01-01 00:32:10,Idle,Idle,100,0,79.996,0,-0.1,395,25,-0.04
2026-01-01 00:32:20,Idle,Idle,100,0,79.996,0,-0.1,395,25,-0.04
2026-01-01 00:32:30,Idle,Idle,100,0,79.996,0,-0.1,395,25,-0.04
2026-01-01 00:32:40,Idle,Idle,100,0,79.996,0,-0.1,395,25,-0.04
2026-01-01 00:32:50,Idle,Idle,100,0,79.996,0,-0.1,395,25,-0.04
2026-01-01 00:33:00,Idle,Idle,100,0,79.996,0,-0.1,395,25,-0.04
2026-01-01 00:33:10,Idle,Idle,100,0,79.996,0,-0.1,395,25,-0.04
2026-01-01 00:33:20,Idle,Idle,100,0,79.996,0,-0.1,395,25,-0.04
2026-01-01 00:33:30,Idle,Idle,100,0,79.996,0,-0.1,395,25,-0.04
2026-01-01 00:33:40,Idle,Idle,100,0,79.996,0,-0.1,395,25,-0.04
2026-01-01 00:33:50,Idle,Idle,100,0,79.996,0,-0.1,395,25,-0.04
2026-01-01 00:34:00,Idle,Idle,100,0,79.996,0,-0.1,395,25,-0.04
2026-01-01 00:34:10,Idle,Idle,100,0,79.996,0,-0.1,395,25,-0.04
2026-01-01 00:34:20,Idle,Idle,100,0,79.996,0,-0.1,395,25,-0.04
2026-01-01 00:34:30,Idle,Idle,100,0,79.996,0,-0.1,395,25,-0.04
2026-01-01 00:34:40,Idle,Idle,100,0,79.996,0,-0.1,395,25,-0.04
2026-01-01 00:34:50,Idle,Idle,100,0,79.996,0,-0.1,395,25,-0.04
2026-01-01 00:35:00,Idle,Idle,100,0,79.996,0,-0.1,395,25,-0.04
2026-01-01 00:35:10,Idle,Idle,100,0,79.996,0,-0.1,395,25,-0.04
2026-01-01 00:35:20,Idle,Idle,100,0,79.996,0,-0.1,395,25,-0.04
2026-01-01 00:35:30,Idle,Idle,100,0,79.996,0,-0.1,395,25,-0.04
2026-01-01 00:35:40,Idle,Idle,100,0,79.996,0,-0.1,395,25,-0.04
2026-01-01 00:35:50,Idle,Idle,100,0,79.996,0,-0.1,395,25,-0.04
2026-01-01 00:36:00,Idle,Idle,100,0,79.996,0,-0.1,395,25,-0.04
2026-01-01 00:36:10,Idle,Idle,100,0,79.996,0,-0.1,395,25,-0.04
2026-01-01 00:36:20,Idle,Idle,100,0,79.996,0,-0.1,395,25,-0.04
2026-01-01 00:36:30,Idle,Idle,100,0,79.996,0,-0.1,395,25,-0.04
2026-01-01 00:36:40,Idle,Idle,100,0,79.996,0,-0.1,395,25,-0.04
2026-01-01 00:36:50,Idle,Idle,100,0,79.996,0,-0.1,395,25,-0.04
2026-01-01 00:37:00,Idle,Idle,100,0,79.996,0,-0.1,395,25,-0.04
2026-01-01 00:37:10,Idle,Idle,100,0,79.996,0,-0.1,395,25,-0.04
2026-01-01 00:37:20,Idle,Idle,100,0,79.996,0,-0.1,395,25,-0.04
2026-01-01 00:37:30,Idle,Idle,100,0,79.996,0,-0.1,395,25,-0.04
2026-01-01 00:37:40,Idle,Idle,100,0,79.996,0,-0.1,395,25,-0.04
2026-01-01 00:37:50,Idle,Idle,100,0,79.995,0,-0.1,395,25,-0.04
2026-01-01 00:38:00,Idle,Idle,100,0,79.995,0,-0.1,395,25,-0.04
2026-01-01 00:38:10,Idle,Idle,100,0,79.995,0,-0.1,395,25,-0.04
2026-01-01 00:38:20,Idle,Idle,100,0,79.995,0,-0.1,395,25,-0.04
2026-01-01 00:38:30,Idle,Idle,100,0,79.995,0,-0.1,395,25,-0.04
2026-01-01 00:38:40,Idle,Idle,100,0,79.995,0,-0.1,395,25,-0.04
2026-01-01 00:38:50,Idle,Idle,100,0,79.995,0,-0.1,395,25,-0.04
2026-01-01 00:39:00,Idle,Idle,100,0,79.995,0,-0.1,395,25,-0.04
2026-01-01 00:39:10,Idle,Idle,100,0,79.995,0,-0.1,395,25,-0.04
2026-01-01 00:39:20,Idle,Idle,100,0,79.995,0,-0.1,395,25,-0.04
2026-01-01 00:39:30,Idle,Idle,100,0,79.995,0,-0.1,395,25,-0.04
2026-01-01 00:39:40,Idle,Idle,100,0,79.995,0,-0.1,395,25,-0.04
2026-01-01 00:39:50,Idle,Idle,100,0,79.995,0,-0.1,395,25,-0.04
2026-01-01 00:40:00,Idle,Idle,100,0,79.995,0,-0.1,395,25,-0.04
2026-01-01 00:40:10,Idle,Idle,100,0,79.995,0,-0.1,395,25,-0.04
2026-01-01 00:40:20,Idle,Idle,100,0,79.995,0,-0.1,395,25,-0.04
2026-01-01 00:40:30,Idle,Idle,100,0,79.995,0,-0.1,395,25,-0.04
2026-01-01 00:40:40,Idle,Idle,100,0,79.995,0,-0.1,395,25,-0.04
2026-01-01 00:40:50,Idle,Idle,100,0,79.995,0,-0.1,395,25,-0.04
2026-01-01 00:41:00,Idle,Idle,100,0,79.995,0,-0.1,395,25,-0.04
2026-01-01 00:41:10,Idle,Idle,100,0,79.995,0,-0.1,395,25,-0.04
2026-01-01 00:41:20,Idle,Idle,100,0,79.995,0,-0.1,395,25,-0.04
2026-01-01 00:41:30,Idle,Idle,100,0,79.995,0,-0.1,395,25,-0.04
2026-01-01 00:41:40,Idle,Idle,100,0,79.995,0,-0.1,395,25,-0.04
2026-01-01 00:41:50,Idle,Idle,100,0,79.995,0,-0.1,395,25,-0.04
2026-01-01 00:42:00,Idle,Idle,100,0,79.995,0,-0.1,395,25,-0.04
2026-01-01 00:42:10,Idle,Idle,100,0,79.995,0,-0.1,395,25,-0.04
2026-01-01 00:42:20,Idle,Idle,100,0,79.995,0,-0.1,395,25,-0.04
2026-01-01 00:42:30,Idle,Idle,100,0,79.995,0,-0.1,395,25,-0.04
2026-01-01 00:42:40,Idle,Idle,100,0,79.995,0,-0.1,395,25,-0.04
2026-01-01 00:42:50,Idle,Idle,100,0,79.995,0,-0.1,395,25,-0.04
2026-01-01 00:43:00,Idle,Idle,100,0,79.995,0,-0.1,395,25,-0.04
2026-01-01 00:43:10,Idle,Idle,100,0,79.995,0,-0.1,395,25,-0.04
2026-01-01 00:43:20,Idle,Idle,100,0,79.995,0,-0.1,395,25,-0.04
2026-01-01 00:43:30,Idle,Idle,100,0,79.995,0,-0.1,395,25,-0.04
2026-01-01 00:43:40,Idle,Idle,100,0,79.995,0,-0.1,395,25,-0.04
2026-01-01 00:43:50,Idle,Idle,100,0,79.995,0,-0.1,395,25,-0.04
2026-01-01 00:44:00,Idle,Idle,100,0,79.995,0,-0.1,395,25,-0.04
2026-01-01 00:44:10,Idle,Idle,100,0,79.995,0,-0.1,395,25,-0.04
2026-01-01 00:44:20,Idle,Idle,100,0,79.995,0,-0.1,395,25,-0.04
2026-01-01 00:44:30,Idle,Idle,100,0,79.995,0,-0.1,395,25,-0.04
2026-01-01 00:44:40,Idle,Idle,100,0,79.995,0,-0.1,395,25,-0.04
2026-01-01 00:44:50,Idle,Idle,100,0,79.995,0,-0.1,395,25,-0.04
2026-01-01 00:45:00,Idle,Idle,100,0,79.995,0,-0.1,395,25,-0.04
2026-01-01 00:45:10,Idle,Idle,100,0,79.995,0,-0.1,395,25,-0.04
2026-01-01 00:45:20,Idle,Idle,100,0,79.995,0,-0.1,395,25,-0.04
2026-01-01 00:45:30,Idle,Idle,100,0,79.995,0,-0.1,395,25,-0.04
2026-01-01 00:45:40,Idle,Idle,100,0,79.995,0,-0.1,395,25,-0.04
2026-01-01 00:45:50,Idle,Idle,100,0,79.995,0,-0.1,395,25,-0.04
2026-01-01 00:46:00,Idle,Idle,100,0,79.995,0,-0.1,395,25,-0.04
2026-01-01 00:46:10,Idle,Idle,100,0,79.995,0,-0.1,395,25,-0.04
2026-01-01 00:46:20,Idle,Idle,100,0,79.994,0,-0.1,395,25,-0.04
2026-01-01 00:46:30,Idle,Idle,100,0,79.994,0,-0.1,395,25,-0.04
2026-01-01 00:46:40,Idle,Idle,100,0,79.994,0,-0.1,395,25,-0.04
2026-01-01 00:46:50,Idle,Idle,100,0,79.994,0,-0.1,395,25,-0.04
2026-01-01 00:47:00,Idle,Idle,100,0,79.994,0,-0.1,395,25,-0.04
2026-01-01 00:47:10,Idle,Idle,100,0,79.994,0,-0.1,395,25,-0.04
2026-01-01 00:47:20,Idle,Idle,100,0,79.994,0,-0.1,395,25,-0.04
2026-01-01 00:47:30,Idle,Idle,100,0,79.994,0,-0.1,395,25,-0.04
2026-01-01 00:47:40,Idle,Idle,100,0,79.994,0,-0.1,395,25,-0.04
2026-01-01 00:47:50,Idle,Idle,100,0,79.994,0,-0.1,395,25,-0.04
2026-01-01 00:48:00,Idle,Idle,100,0,79.994,0,-0.1,395,25,-0.04
2026-01-01 00:48:10,Idle,Idle,100,0,79.994,0,-0.1,395,25,-0.04
2026-01-01 00:48:20,Idle,Idle,100,0,79.994,0,-0.1,395,25,-0.04
2026-01-01 00:48:30,Idle,Idle,100,0,79.994,0,-0.1,395,25,-0.04
2026-01-01 00:48:40,Idle,Idle,100,0,79.994,0,-0.1,395,25,-0.04
2026-01-01 00:48:50,Idle,Idle,100,0,79.994,0,-0.1,395,25,-0.04
2026-01-01 00:49:00,Idle,Idle,100,0,79.994,0,-0.1,395,25,-0.04
2026-01-01 00:49:10,Idle,Idle,100,0,79.994,0,-0.1,395,25,-0.04
2026-01-01 00:49:20,Idle,Idle,100,0,79.994,0,-0.1,395,25,-0.04
2026-01-01 00:49:30,Idle,Idle,100,0,79.994,0,-0.1,395,25,-0.04
2026-01-01 00:49:40,Idle,Idle,100,0,79.994,0,-0.1,395,25,-0.04
2026-01-01 00:49:50,Idle,Idle,100,0,79.994,0,-0.1,395,25,-0.04
2026-01-01 00:50:00,Idle,Idle,100,0,79.994,0,-0.1,395,25,-0.04
2026-01-01 00:50:10,Idle,Idle,100,0,79.994,0,-0.1,395,25,-0.04
2026-01-01 00:50:20,Idle,Idle,100,0,79.994,0,-0.1,395,25,-0.04
2026-01-01 00:50:30,Idle,Idle,100,0,79.994,0,-0.1,395,25,-0.04
2026-01-01 00:50:40,Idle,Idle,100,0,79.994,0,-0.1,395,25,-0.04
2026-01-01 00:50:50,Idle,Idle,100,0,79.994,0,-0.1,395,25,-0.04
2026-01-01 00:51:00,Idle,Idle,100,0,79.994,0,-0.1,395,25,-0.04
2026-01-01 00:51:10,Idle,Idle,100,0,79.994,0,-0.1,395,25,-0.04
2026-01-01 00:51:20,Idle,Idle,100,0,79.994,0,-0.1,395,25,-0.04
2026-01-01 00:51:30,Idle,Idle,100,0,79.994,0,-0.1,395,25,-0.04
2026-01-01 00:51:40,Idle,Idle,100,0,79.994,0,-0.1,395,25,-0.04
2026-01-01 00:51:50,Idle,Idle,100,0,79.994,0,-0.1,395,25,-0.04
2026-01-01 00:52:00,Idle,Idle,100,0,79.994,0,-0.1,395,25,-0.04
2026-01-01 00:52:10,Idle,Idle,100,0,79.994,0,-0.1,395,25,-0.04
2026-01-01 00:52:20,Idle,Idle,100,0,79.994,0,-0.1,395,25,-0.04
2026-01-01 00:52:30,Idle,Idle,100,0,79.994,0,-0.1,395,25,-0.04
2026-01-01 00:52:40,Idle,Idle,100,0,79.994,0,-0.1,395,25,-0.04
2026-01-01 00:52:50,Idle,Idle,100,0,79.994,0,-0.1,395,25,-0.04
2026-01-01 00:53:00,Idle,Idle,100,0,79.994,0,-0.1,395,25,-0.04
2026-01-01 00:53:10,Idle,Idle,100,0,79.994,0,-0.1,395,25,-0.04
2026-01-01 00:53:20,Idle,Idle,100,0,79.994,0,-0.1,395,25,-0.04
2026-01-01 00:53:30,Idle,Idle,100,0,79.994,0,-0.1,395,25,-0.04
2026-01-01 00:53:40,Idle,Idle,100,0,79.994,0,-0.1,395,25,-0.04
2026-01-01 00:53:50,Idle,Idle,100,0,79.994,0,-0.1,395,25,-0.04
2026-01-01 00:54:00,Idle,Idle,100,0,79.994,0,-0.1,395,25,-0.04
2026-01-01 00:54:10,Idle,Idle,100,0,79.994,0,-0.1,395,25,-0.04
2026-01-01 00:54:20,Idle,Idle,100,0,79.994,0,-0.1,395,25,-0.04
2026-01-01 00:54:30,Idle,Idle,100,0,79.994,0,-0.1,395,25,-0.04
2026-01-01 00:54:40,Idle,Idle,100,0,79.993,0,-0.1,395,25,-0.04
2026-01-01 00:54:50,Idle,Idle,100,0,79.993,0,-0.1,395,25,-0.04
2026-01-01 00:55:00,Idle,Idle,100,0,79.993,0,-0.1,395,25,-0.04
2026-01-01 00:55:10,Idle,Idle,100,0,79.993,0,-0.1,395,25,-0.04
2026-01-01 00:55:20,Idle,Idle,100,0,79.993,0,-0.1,395,25,-0.04
2026-01-01 00:55:30,Idle,Idle,100,0,79.993,0,-0.1,395,25,-0.04
2026-01-01 00:55:40,Idle,Idle,100,0,79.993,0,-0.1,395,25,-0.04
2026-01-01 00:55:50,Idle,Idle,100,0,79.993,0,-0.1,395,25,-0.04
2026-01-01 00:56:00,Idle,Idle,100,0,79.993,0,-0.1,395,25,-0.04
2026-01-01 00:56:10,Idle,Idle,100,0,79.993,0,-0.1,395,25,-0.04
2026-01-01 00:56:20,Idle,Idle,100,0,79.993,0,-0.1,395,25,-0.04
2026-01-01 00:56:30,Idle,Idle,100,0,79.993,0,-0.1,395,25,-0.04
2026-01-01 00:56:40,Idle,Idle,100,0,79.993,0,-0.1,395,25,-0.04
2026-01-01 00:56:50,Idle,Idle,100,0,79.993,0,-0.1,395,25,-0.04
2026-01-01 00:57:00,Idle,Idle,100,0,79.993,0,-0.1,395,25,-0.04
2026-01-01 00:57:10,Idle,Idle,100,0,79.993,0,-0.1,395,25,-0.04
2026-01-01 00:57:20,Idle,Idle,100,0,79.993,0,-0.1,395,25,-0.04
2026-01-01 00:57:30,Idle,Idle,100,0,79.993,0,-0.1,395,25,-0.04
2026-01-01 00:57:40,Idle,Idle,100,0,79.993,0,-0.1,395,25,-0.04
2026-01-01 00:57:50,Idle,Idle,100,0,79.993,0,-0.1,395,25,-0.04
2026-01-01 00:58:00,Idle,Idle,100,0,79.993,0,-0.1,395,25,-0.04
2026-01-01 00:58:10,Idle,Idle,100,0,79.993,0,-0.1,395,25,-0.04
2026-01-01 00:58:20,Idle,Idle,100,0,79.993,0,-0.1,395,25,-0.04
2026-01-01 00:58:30,Idle,Idle,100,0,79.993,0,-0.1,395,25,-0.04
2026-01-01 00:58:40,Idle,Idle,100,0,79.993,0,-0.1,395,25,-0.04
2026-01-01 00:58:50,Idle,Idle,100,0,79.993,0,-0.1,395,25,-0.04
2026-01-01 00:59:00,Idle,Idle,100,0,79.993,0,-0.1,395,25,-0.04
2026-01-01 00:59:10,Idle,Idle,100,0,79.993,0,-0.1,395,25,-0.04
2026-01-01 00:59:20,Idle,Idle,100,0,79.993,0,-0.1,395,25,-0.04
2026-01-01 00:59:30,Idle,Idle,100,0,79.993,0,-0.1,395,25,-0.04
2026-01-01 00:59:40,Idle,Idle,100,0,79.993,0,-0.1,395,25,-0.04
2026-01-01 00:59:50,Idle,Idle,100,0,79.993,0,-0.1,395,25,-0.04
2026-01-01 01:00:00,Idle,Idle,100,0,79.993,0,-0.1,395,25,-0.04
2026-01-01 01:00:10,Idle,Idle,100,0,79.993,0,-0.1,395,25,-0.04
2026-01-01 01:00:20,Idle,Idle,100,0,79.993,0,-0.1,395,25,-0.04
2026-01-01 01:00:30,Idle,Idle,100,0,79.993,0,-0.1,395,25,-0.04
2026-01-01 01:00:40,Idle,Idle,100,0,79.993,0,-0.1,395,25,-0.04
2026-01-01 01:00:50,Idle,Idle,100,0,79.993,0,-0.1,395,25,-0.04
2026-01-01 01:01:00,Idle,Idle,100,0,79.993,0,-0.1,395,25,-0.04
2026-01-01 01:01:10,Idle,Idle,100,0,79.993,0,-0.1,395,25,-0.04
2026-01-01 01:01:20,Idle,Idle,100,0,79.993,0,-0.1,395,25,-0.04
2026-01-01 01:01:30,Idle,Idle,100,0,79.993,0,-0.1,395,25,-0.04
2026-01-01 01:01:40,Idle,Idle,100,0,79.993,0,-0.1,395,25,-0.04
2026-01-01 01:01:50,Idle,Idle,100,0,79.993,0,-0.1,395,25,-0.04
2026-01-01 01:02:00,Idle,Idle,100,0,79.993,0,-0.1,395,25,-0.04
2026-01-01 01:02:10,Idle,Idle,100,0,79.993,0,-0.1,395,25,-0.04
2026-01-01 01:02:20,Idle,Idle,100,0,79.993,0,-0.1,395,25,-0.04
2026-01-01 01:02:30,Idle,Idle,100,0,79.993,0,-0.1,395,25,-0.04
2026-01-01 01:02:40,Idle,Idle,100,0,79.993,0,-0.1,395,25,-0.04
2026-01-01 01:02:50,Idle,Idle,100,0,79.993,0,-0.1,395,25,-0.04
2026-01-01 01:03:00,Idle,Idle,100,0,79.992,0,-0.1,395,25,-0.04
2026-01-01 01:03:10,Idle,Idle,100,0,79.992,0,-0.1,395,25,-0.04
2026-01-01 01:03:20,Idle,Idle,100,0,79.992,0,-0.1,395,25,-0.04
2026-01-01 01:03:30,Idle,Idle,100,0,79.992,0,-0.1,395,25,-0.04
2026-01-01 01:03:40,Idle,Idle,100,0,79.992,0,-0.1,395,25,-0.04
2026-01-01 01:03:50,Idle,Idle,100,0,79.992,0,-0.1,395,25,-0.04
2026-01-01 01:04:00,Idle,Idle,100,0,79.992,0,-0.1,395,25,-0.04
2026-01-01 01:04:10,Idle,Idle,100,0,79.992,0,-0.1,395,25,-0.04
2026-01-01 01:04:20,Idle,Idle,100,0,79.992,0,-0.1,395,25,-0.04
2026-01-01 01:04:30,Idle,Idle,100,0,79.992,0,-0.1,395,25,-0.04
2026-01-01 01:04:40,Idle,Idle,100,0,79.992,0,-0.1,395,25,-0.04
2026-01-01 01:04:50,Idle,Idle,100,0,79.992,0,-0.1,395,25,-0.04
2026-01-01 01:05:00,Idle,Idle,100,0,79.992,0,-0.1,395,25,-0.04
2026-01-01 01:05:10,Idle,Idle,100,0,79.992,0,-0.1,395,25,-0.04
2026-01-01 01:05:20,Idle,Idle,100,0,79.992,0,-0.1,395,25,-0.04
2026-01-01 01:05:30,Idle,Idle,100,0,79.992,0,-0.1,395,25,-0.04
2026-01-01 01:05:40,Idle,Idle,100,0,79.992,0,-0.1,395,25,-0.04
2026-01-01 01:05:50,Idle,Idle,100,0,79.992,0,-0.1,395,25,-0.04
2026-01-01 01:06:00,Idle,Idle,100,0,79.992,0,-0.1,395,25,-0.04
2026-01-01 01:06:10,Idle,Idle,100,0,79.992,0,-0.1,395,25,-0.04
2026-01-01 01:06:20,Idle,Idle,100,0,79.992,0,-0.1,395,25,-0.04
2026-01-01 01:06:30,Idle,Idle,100,0,79.992,0,-0.1,395,25,-0.04
2026-01-01 01:06:40,Idle,Idle,100,0,79.992,0,-0.1,395,25,-0.04
2026-01-01 01:06:50,Idle,Idle,100,0,79.992,0,-0.1,395,25,-0.04
2026-01-01 01:07:00,Idle,Idle,100,0,79.992,0,-0.1,395,25,-0.04
2026-01-01 01:07:10,Idle,Idle,100,0,79.992,0,-0.1,395,25,-0.04
2026-01-01 01:07:20,Idle,Idle,100,0,79.992,0,-0.1,395,25,-0.04
2026-01-01 01:07:30,Idle,Idle,100,0,79.992,0,-0.1,395,25,-0.04
2026-01-01 01:07:40,Idle,Idle,100,0,79.992,0,-0.1,395,25,-0.04
2026-01-01 01:07:50,Idle,Idle,100,0,79.992,0,-0.1,395,25,-0.04
2026-01-01 01:08:00,Idle,Idle,100,0,79.992,0,-0.1,395,25,-0.04
2026-01-01 01:08:10,Idle,Idle,100,0,79.992,0,-0.1,395,25,-0.04
2026-01-01 01:08:20,Idle,Idle,100,0,79.992,0,-0.1,395,25,-0.04
2026-01-01 01:08:30,Idle,Idle,100,0,79.992,0,-0.1,395,25,-0.04
2026-01-01 01:08:40,Idle,Idle,100,0,79.992,0,-0.1,395,25,-0.04
2026-01-01 01:08:50,Idle,Idle,100,0,79.992,0,-0.1,395,25,-0.04
2026-01-01 01:09:00,Idle,Idle,100,0,79.992,0,-0.1,395,25,-0.04
2026-01-01 01:09:10,Idle,Idle,100,0,79.992,0,-0.1,395,25,-0.04
2026-01-01 01:09:20,Idle,Idle,100,0,79.992,0,-0.1,395,25,-0.04
2026-01-01 01:09:30,Idle,Idle,100,0,79.992,0,-0.1,395,25,-0.04
2026-01-01 01:09:40,Idle,Idle,100,0,79.992,0,-0.1,395,25,-0.04
2026-01-01 01:09:50,Idle,Idle,100,0,79.992,0,-0.1,395,25,-0.04
2026-01-01 01:10:00,Idle,Idle,100,0,79.992,0,-0.1,395,25,-0.04
2026-01-01 01:10:10,Idle,Idle,100,0,79.992,0,-0.1,395,25,-0.04
2026-01-01 01:10:20,Idle,Idle,100,0,79.992,0,-0.1,395,25,-0.04
2026-01-01 01:10:30,Idle,Idle,100,0,79.992,0,-0.1,395,25,-0.04
2026-01-01 01:10:40,Idle,Idle,100,0,79.992,0,-0.1,395,25,-0.04
2026-01-01 01:10:50,Idle,Idle,100,0,79.992,0,-0.1,395,25,-0.04
2026-01-01 01:11:00,Idle,Idle,100,0,79.992,0,-0.1,395,25,-0.04
2026-01-01 01:11:10,Idle,Idle,100,0,79.992,0,-0.1,395,25,-0.04
2026-01-01 01:11:20,Idle,Idle,100,0,79.992,0,-0.1,395,25,-0.04
2026-01-01 01:11:30,Idle,Idle,100,0,79.991,0,-0.1,395,25,-0.04
2026-01-01 01:11:40,Idle,Idle,100,0,79.991,0,-0.1,395,25,-0.04
2026-01-01 01:11:50,Idle,Idle,100,0,79.991,0,-0.1,395,25,-0.04
2026-01-01 01:12:00,Idle,Idle,100,0,79.991,0,-0.1,395,25,-0.04
2026-01-01 01:12:10,Idle,Idle,100,0,79.991,0,-0.1,395,25,-0.04
2026-01-01 01:12:20,Idle,Idle,100,0,79.991,0,-0.1,395,25,-0.04
2026-01-01 01:12:30,Idle,Idle,100,0,79.991,0,-0.1,395,25,-0.04
2026-01-01 01:12:40,Idle,Idle,100,0,79.991,0,-0.1,395,25,-0.04
2026-01-01 01:12:50,Idle,Idle,100,0,79.991,0,-0.1,395,25,-0.04
2026-01-01 01:13:00,Idle,Idle,100,0,79.991,0,-0.1,395,25,-0.04
2026-01-01 01:13:10,Idle,Idle,100,0,79.991,0,-0.1,395,25,-0.04
2026-01-01 01:13:20,Idle,Idle,100,0,79.991,0,-0.1,395,25,-0.04
2026-01-01 01:13:30,Idle,Idle,100,0,79.991,0,-0.1,395,25,-0.04
2026-01-01 01:13:40,Idle,Idle,100,0,79.991,0,-0.1,395,25,-0.04
2026-01-01 01:13:50,Idle,Idle,100,0,79.991,0,-0.1,395,25,-0.04
2026-01-01 01:14:00,Idle,Idle,100,0,79.991,0,-0.1,395,25,-0.04
2026-01-01 01:14:10,Idle,Idle,100,0,79.991,0,-0.1,395,25,-0.04
2026-01-01 01:14:20,Idle,Idle,100,0,79.991,0,-0.1,395,25,-0.04
2026-01-01 01:14:30,Idle,Idle,100,0,79.991,0,-0.1,395,25,-0.04
2026-01-01 01:14:40,Idle,Idle,100,0,79.991,0,-0.1,395,25,-0.04
2026-01-01 01:14:50,Idle,Idle,100,0,79.991,0,-0.1,395,25,-0.04
2026-01-01 01:15:00,Idle,Idle,100,0,79.991,0,-0.1,395,25,-0.04
2026-01-01 01:15:10,Idle,Idle,100,0,79.991,0,-0.1,395,25,-0.04
2026-01-01 01:15:20,Idle,Idle,100,0,79.991,0,-0.1,395,25,-0.04
2026-01-01 01:15:30,Idle,Idle,100,0,79.991,0,-0.1,395,25,-0.04
2026-01-01 01:15:40,Idle,Idle,100,0,79.991,0,-0.1,395,25,-0.04
2026-01-01 01:15:50,Idle,Idle,100,0,79.991,0,-0.1,395,25,-0.04
2026-01-01 01:16:00,Idle,Idle,100,0,79.991,0,-0.1,395,25,-0.04
2026-01-01 01:16:10,Idle,Idle,100,0,79.991,0,-0.1,395,25,-0.04
2026-01-01 01:16:20,Idle,Idle,100,0,79.991,0,-0.1,395,25,-0.04
2026-01-01 01:16:30,Idle,Idle,100,0,79.991,0,-0.1,395,25,-0.04
2026-01-01 01:16:40,Idle,Idle,100,0,79.991,0,-0.1,395,25,-0.04
2026-01-01 01:16:50,Idle,Idle,100,0,79.991,0,-0.1,395,25,-0.04
2026-01-01 01:17:00,Idle,Idle,100,0,79.991,0,-0.1,395,25,-0.04
2026-01-01 01:17:10,Idle,Idle,100,0,79.991,0,-0.1,395,25,-0.04
2026-01-01 01:17:20,Idle,Idle,100,0,79.991,0,-0.1,395,25,-0.04
2026-01-01 01:17:30,Idle,Idle,100,0,79.991,0,-0.1,395,25,-0.04
2026-01-01 01:17:40,Idle,Idle,100,0,79.991,0,-0.1,395,25,-0.04
2026-01-01 01:17:50,Idle,Idle,100,0,79.991,0,-0.1,395,25,-0.04
2026-01-01 01:18:00,Idle,Idle,100,0,79.991,0,-0.1,395,25,-0.04
2026-01-01 01:18:10,Idle,Idle,100,0,79.991,0,-0.1,395,25,-0.04
2026-01-01 01:18:20,Idle,Idle,100,0,79.991,0,-0.1,395,25,-0.04
2026-01-01 01:18:30,Idle,Idle,100,0,79.991,0,-0.1,395,25,-0.04
2026-01-01 01:18:40,Idle,Idle,100,0,79.991,0,-0.1,395,25,-0.04
2026-01-01 01:18:50,Idle,Idle,100,0,79.991,0,-0.1,395,25,-0.04
2026-01-01 01:19:00,Idle,Idle,100,0,79.991,0,-0.1,395,25,-0.04
2026-01-01 01:19:10,Idle,Idle,100,0,79.991,0,-0.1,395,25,-0.04
2026-01-01 01:19:20,Idle,Idle,100,0,79.991,0,-0.1,395,25,-0.04
2026-01-01 01:19:30,Idle,Idle,100,0,79.991,0,-0.1,395,25,-0.04
2026-01-01 01:19:40,Idle,Idle,100,0,79.991,0,-0.1,395,25,-0.04
2026-01-01 01:19:50,Idle,Idle,100,0,79.99,0,-0.1,395,25,-0.04
2026-01-01 01:20:00,Idle,Idle,100,0,79.99,0,-0.1,395,25,-0.04
2026-01-01 01:20:10,Idle,Idle,100,0,79.99,0,-0.1,395,25,-0.04
2026-01-01 01:20:20,Idle,Idle,100,0,79.99,0,-0.1,395,25,-0.04
2026-01-01 01:20:30,Idle,Idle,100,0,79.99,0,-0.1,395,25,-0.04
2026-01-01 01:20:40,Idle,Idle,100,0,79.99,0,-0.1,395,25,-0.04
2026-01-01 01:20:50,Idle,Idle,100,0,79.99,0,-0.1,395,25,-0.04
2026-01-01 01:21:00,Idle,Idle,100,0,79.99,0,-0.1,395,25,-0.04
2026-01-01 01:21:10,Idle,Idle,100,0,79.99,0,-0.1,395,25,-0.04
2026-01-01 01:21:20,Idle,Idle,100,0,79.99,0,-0.1,395,25,-0.04
2026-01-01 01:21:30,Idle,Idle,100,0,79.99,0,-0.1,395,25,-0.04
2026-01-01 01:21:40,Idle,Idle,100,0,79.99,0,-0.1,395,25,-0.04
2026-01-01 01:21:50,Idle,Idle,100,0,79.99,0,-0.1,395,25,-0.04
2026-01-01 01:22:00,Idle,Idle,100,0,79.99,0,-0.1,395,25,-0.04
2026-01-01 01:22:10,Idle,Idle,100,0,79.99,0,-0.1,395,25,-0.04
2026-01-01 01:22:20,Idle,Idle,100,0,79.99,0,-0.1,395,25,-0.04
2026-01-01 01:22:30,Idle,Idle,100,0,79.99,0,-0.1,395,25,-0.04
2026-01-01 01:22:40,Idle,Idle,100,0,79.99,0,-0.1,395,25,-0.04
2026-01-01 01:22:50,Idle,Idle,100,0,79.99,0,-0.1,395,25,-0.04
2026-01-01 01:23:00,Idle,Idle,100,0,79.99,0,-0.1,395,25,-0.04
2026-01-01 01:23:10,Idle,Idle,100,0,79.99,0,-0.1,395,25,-0.04
2026-01-01 01:23:20,Idle,Idle,100,0,79.99,0,-0.1,395,25,-0.04
2026-01-01 01:23:30,Idle,Idle,100,0,79.99,0,-0.1,395,25,-0.04
2026-01-01 01:23:40,Idle,Idle,100,0,79.99,0,-0.1,395,25,-0.04
2026-01-01 01:23:50,Idle,Idle,100,0,79.99,0,-0.1,395,25,-0.04
2026-01-01 01:24:00,Idle,Idle,100,0,79.99,0,-0.1,395,25,-0.04
2026-01-01 01:24:10,Idle,Idle,100,0,79.99,0,-0.1,395,25,-0.04
2026-01-01 01:24:20,Idle,Idle,100,0,79.99,0,-0.1,395,25,-0.04
2026-01-01 01:24:30,Idle,Idle,100,0,79.99,0,-0.1,395,25,-0.04
2026-01-01 01:24:40,Idle,Idle,100,0,79.99,0,-0.1,395,25,-0.04
2026-01-01 01:24:50,Idle,Idle,100,0,79.99,0,-0.1,395,25,-0.04
2026-01-01 01:25:00,Idle,Idle,100,0,79.99,0,-0.1,395,25,-0.04
2026-01-01 01:25:10,Idle,Idle,100,0,79.99,0,-0.1,395,25,-0.04
2026-01-01 01:25:20,Idle,Idle,100,0,79.99,0,-0.1,395,25,-0.04
2026-01-01 01:25:30,Idle,Idle,100,0,79.99,0,-0.1,395,25,-0.04
2026-01-01 01:25:40,Idle,Idle,100,0,79.99,0,-0.1,395,25,-0.04
2026-01-01 01:25:50,Idle,Idle,100,0,79.99,0,-0.1,395,25,-0.04
2026-01-01 01:26:00,Idle,Idle,100,0,79.99,0,-0.1,395,25,-0.04
2026-01-01 01:26:10,Idle,Idle,100,0,79.99,0,-0.1,395,25,-0.04
2026-01-01 01:26:20,Idle,Idle,100,0,79.99,0,-0.1,395,25,-0.04
2026-01-01 01:26:30,Idle,Idle,100,0,79.99,0,-0.1,395,25,-0.04
2026-01-01 01:26:40,Idle,Idle,100,0,79.99,0,-0.1,395,25,-0.04
2026-01-01 01:26:50,Idle,Idle,100,0,79.99,0,-0.1,395,25,-0.04
2026-01-01 01:27:00,Idle,Idle,100,0,79.99,0,-0.1,395,25,-0.04
2026-01-01 01:27:10,Idle,Idle,100,0,79.99,0,-0.1,395,25,-0.04
2026-01-01 01:27:20,Idle,Idle,100,0,79.99,0,-0.1,395,25,-0.04
2026-01-01 01:27:30,Idle,Idle,100,0,79.99,0,-0.1,395,25,-0.04
2026-01-01 01:27:40,Idle,Idle,100,0,79.99,0,-0.1,395,25,-0.04
2026-01-01 01:27:50,Idle,Idle,100,0,79.99,0,-0.1,395,25,-0.04
2026-01-01 01:28:00,Idle,Idle,100,0,79.99,0,-0.1,395,25,-0.04
2026-01-01 01:28:10,Idle,Idle,100,0,79.989,0,-0.1,395,25,-0.04
2026-01-01 01:28:20,Idle,Idle,100,0,79.989,0,-0.1,395,25,-0.04
2026-01-01 01:28:30,Idle,Idle,100,0,79.989,0,-0.1,395,25,-0.04
2026-01-01 01:28:40,Idle,Idle,100,0,79.989,0,-0.1,395,25,-0.04
2026-01-01 01:28:50,Idle,Idle,100,0,79.989,0,-0.1,395,25,-0.04
2026-01-01 01:29:00,Idle,Idle,100,0,79.989,0,-0.1,395,25,-0.04
2026-01-01 01:29:10,Idle,Idle,100,0,79.989,0,-0.1,395,25,-0.04
2026-01-01 01:29:20,Idle,Idle,100,0,79.989,0,-0.1,395,25,-0.04
2026-01-01 01:29:30,Idle,Idle,100,0,79.989,0,-0.1,395,25,-0.04
2026-01-01 01:29:40,Idle,Idle,100,0,79.989,0,-0.1,395,25,-0.04
2026-01-01 01:29:50,Idle,Idle,100,0,79.989,0,-0.1,395,25,-0.04
2026-01-01 01:30:00,Idle,Idle,100,0,79.989,0,-0.1,395,25,-0.04
2026-01-01 01:30:10,Idle,Idle,100,0,79.989,0,-0.1,395,25,-0.04
2026-01-01 01:30:20,Idle,Idle,100,0,79.989,0,-0.1,395,25,-0.04
2026-01-01 01:30:30,Idle,Idle,100,0,79.989,0,-0.1,395,25,-0.04
2026-01-01 01:30:40,Idle,Idle,100,0,79.989,0,-0.1,395,25,-0.04
2026-01-01 01:30:50,Idle,Idle,100,0,79.989,0,-0.1,395,25,-0.04
2026-01-01 01:31:00,Idle,Idle,100,0,79.989,0,-0.1,395,25,-0.04
2026-01-01 01:31:10,Idle,Idle,100,0,79.989,0,-0.1,395,25,-0.04
2026-01-01 01:31:20,Idle,Idle,100,0,79.989,0,-0.1,395,25,-0.04
2026-01-01 01:31:30,Idle,Idle,100,0,79.989,0,-0.1,395,25,-0.04
2026-01-01 01:31:40,Idle,Idle,100,0,79.989,0,-0.1,395,25,-0.04
2026-01-01 01:31:50,Idle,Idle,100,0,79.989,0,-0.1,395,25,-0.04
2026-01-01 01:32:00,Idle,Idle,100,0,79.989,0,-0.1,395,25,-0.04
2026-01-01 01:32:10,Idle,Idle,100,0,79.989,0,-0.1,395,25,-0.04
2026-01-01 01:32:20,Idle,Idle,100,0,79.989,0,-0.1,395,25,-0.04
2026-01-01 01:32:30,Idle,Idle,100,0,79.989,0,-0.1,395,25,-0.04
2026-01-01 01:32:40,Idle,Idle,100,0,79.989,0,-0.1,395,25,-0.04
2026-01-01 01:32:50,Idle,Idle,100,0,79.989,0,-0.1,395,25,-0.04
2026-01-01 01:33:00,Idle,Idle,100,0,79.989,0,-0.1,395,25,-0.04
2026-01-01 01:33:10,Idle,Idle,100,0,79.989,0,-0.1,395,25,-0.04
2026-01-01 01:33:20,Idle,Idle,100,0,79.989,0,-0.1,395,25,-0.04
2026-01-01 01:33:30,Idle,Idle,100,0,79.989,0,-0.1,395,25,-0.04
2026-01-01 01:33:40,Idle,Idle,100,0,79.989,0,-0.1,395,25,-0.04
2026-01-01 01:33:50,Idle,Idle,100,0,79.989,0,-0.1,395,25,-0.04
2026-01-01 01:34:00,Idle,Idle,100,0,79.989,0,-0.1,395,25,-0.04
2026-01-01 01:34:10,Idle,Idle,100,0,79.989,0,-0.1,395,25,-0.04
2026-01-01 01:34:20,Idle,Idle,100,0,79.989,0,-0.1,395,25,-0.04
2026-01-01 01:34:30,Idle,Idle,100,0,79.989,0,-0.1,395,25,-0.04
2026-01-01 01:34:40,Idle,Idle,100,0,79.989,0,-0.1,395,25,-0.04
2026-01-01 01:34:50,Idle,Idle,100,0,79.989,0,-0.1,395,25,-0.04
2026-01-01 01:35:00,Idle,Idle,100,0,79.989,0,-0.1,395,25,-0.04
2026-01-01 01:35:10,Idle,Idle,100,0,79.989,0,-0.1,395,25,-0.04
2026-01-01 01:35:20,Idle,Idle,100,0,79.989,0,-0.1,395,25,-0.04
2026-01-01 01:35:30,Idle,Idle,100,0,79.989,0,-0.1,395,25,-0.04
2026-01-01 01:35:40,Idle,Idle,100,0,79.989,0,-0.1,395,25,-0.04
2026-01-01 01:35:50,Idle,Idle,100,0,79.989,0,-0.1,395,25,-0.04
2026-01-01 01:36:00,Idle,Idle,100,0,79.989,0,-0.1,395,25,-0.04
2026-01-01 01:36:10,Idle,Idle,100,0,79.989,0,-0.1,395,25,-0.04
2026-01-01 01:36:20,Idle,Idle,100,0,79.989,0,-0.1,395,25,-0.04
2026-01-01 01:36:30,Idle,Idle,100,0,79.989,0,-0.1,395,25,-0.04
2026-01-01 01:36:40,Idle,Idle,100,0,79.988,0,-0.1,395,25,-0.04
2026-01-01 01:36:50,Idle,Idle,100,0,79.988,0,-0.1,395,25,-0.04
2026-01-01 01:37:00,Idle,Idle,100,0,79.988,0,-0.1,395,25,-0.04
2026-01-01 01:37:10,Idle,Idle,100,0,79.988,0,-0.1,395,25,-0.04
2026-01-01 01:37:20,Idle,Idle,100,0,79.988,0,-0.1,395,25,-0.04
2026-01-01 01:37:30,Idle,Idle,100,0,79.988,0,-0.1,395,25,-0.04
2026-01-01 01:37:40,Idle,Idle,100,0,79.988,0,-0.1,395,25,-0.04
2026-01-01 01:37:50,Idle,Idle,100,0,79.988,0,-0.1,395,25,-0.04
2026-01-01 01:38:00,Idle,Idle,100,0,79.988,0,-0.1,395,25,-0.04
2026-01-01 01:38:10,Idle,Idle,100,0,79.988,0,-0.1,395,25,-0.04
2026-01-01 01:38:20,Idle,Idle,100,0,79.988,0,-0.1,395,25,-0.04
2026-01-01 01:38:30,Idle,Idle,100,0,79.988,0,-0.1,395,25,-0.04
2026-01-01 01:38:40,Idle,Idle,100,0,79.988,0,-0.1,395,25,-0.04
2026-01-01 01:38:50,Idle,Idle,100,0,79.988,0,-0.1,395,25,-0.04
2026-01-01 01:39:00,Idle,Idle,100,0,79.988,0,-0.1,395,25,-0.04
2026-01-01 01:39:10,Idle,Idle,100,0,79.988,0,-0.1,395,25,-0.04
2026-01-01 01:39:20,Idle,Idle,100,0,79.988,0,-0.1,395,25,-0.04
2026-01-01 01:39:30,Idle,Idle,100,0,79.988,0,-0.1,395,25,-0.04
2026-01-01 01:39:40,Idle,Idle,100,0,79.988,0,-0.1,395,25,-0.04
2026-01-01 01:39:50,Idle,Idle,100,0,79.988,0,-0.1,395,25,-0.04
2026-01-01 01:40:00,Idle,Idle,100,0,79.988,0,-0.1,395,25,-0.04
2026-01-01 01:40:10,Idle,Idle,100,0,79.988,0,-0.1,395,25,-0.04
2026-01-01 01:40:20,Idle,Idle,100,0,79.988,0,-0.1,395,25,-0.04
2026-01-01 01:40:30,Idle,Idle,100,0,79.988,0,-0.1,395,25,-0.04
2026-01-01 01:40:40,Idle,Idle,100,0,79.988,0,-0.1,395,25,-0.04
2026-01-01 01:40:50,Idle,Idle,100,0,79.988,0,-0.1,395,25,-0.04
2026-01-01 01:41:00,Idle,Idle,100,0,79.988,0,-0.1,395,25,-0.04
2026-01-01 01:41:10,Idle,Idle,100,0,79.988,0,-0.1,395,25,-0.04
2026-01-01 01:41:20,Idle,Idle,100,0,79.988,0,-0.1,395,25,-0.04
2026-01-01 01:41:30,Idle,Idle,100,0,79.988,0,-0.1,395,25,-0.04
2026-01-01 01:41:40,Idle,Idle,100,0,79.988,0,-0.1,395,25,-0.04
2026-01-01 01:41:50,Idle,Idle,100,0,79.988,0,-0.1,395,25,-0.04
2026-01-01 01:42:00,Idle,Idle,100,0,79.988,0,-0.1,395,25,-0.04
2026-01-01 01:42:10,Idle,Idle,100,0,79.988,0,-0.1,395,25,-0.04
2026-01-01 01:42:20,Idle,Idle,100,0,79.988,0,-0.1,395,25,-0.04
2026-01-01 01:42:30,Idle,Idle,100,0,79.988,0,-0.1,395,25,-0.04
2026-01-01 01:42:40,Idle,Idle,100,0,79.988,0,-0.1,395,25,-0.04
2026-01-01 01:42:50,Idle,Idle,100,0,79.988,0,-0.1,395,25,-0.04
2026-01-01 01:43:00,Idle,Idle,100,0,79.988,0,-0.1,395,25,-0.04
2026-01-01 01:43:10,Idle,Idle,100,0,79.988,0,-0.1,395,25,-0.04
2026-01-01 01:43:20,Idle,Idle,100,0,79.988,0,-0.1,395,25,-0.04
2026-01-01 01:43:30,Idle,Idle,100,0,79.988,0,-0.1,395,25,-0.04
2026-01-01 01:43:40,Idle,Idle,100,0,79.988,0,-0.1,395,25,-0.04
2026-01-01 01:43:50,Idle,Idle,100,0,79.988,0,-0.1,395,25,-0.04
2026-01-01 01:44:00,Idle,Idle,100,0,79.988,0,-0.1,395,25,-0.04
2026-01-01 01:44:10,Idle,Idle,100,0,79.988,0,-0.1,395,25,-0.04
2026-01-01 01:44:20,Idle,Idle,100,0,79.988,0,-0.1,395,25,-0.04
2026-01-01 01:44:30,Idle,Idle,100,0,79.988,0,-0.1,395,25,-0.04
2026-01-01 01:44:40,Idle,Idle,100,0,79.988,0,-0.1,395,25,-0.04
2026-01-01 01:44:50,Idle,Idle,100,0,79.988,0,-0.1,395,25,-0.04
2026-01-01 01:45:00,Idle,Idle,100,0,79.987,0,-0.1,395,25,-0.04
2026-01-01 01:45:10,Idle,Idle,100,0,79.987,0,-0.1,395,25,-0.04
2026-01-01 01:45:20,Idle,Idle,100,0,79.987,0,-0.1,395,25,-0.04
2026-01-01 01:45:30,Idle,Idle,100,0,79.987,0,-0.1,395,25,-0.04
2026-01-01 01:45:40,Idle,Idle,100,0,79.987,0,-0.1,395,25,-0.04
2026-01-01 01:45:50,Idle,Idle,100,0,79.987,0,-0.1,395,25,-0.04
2026-01-01 01:46:00,Idle,Idle,100,0,79.987,0,-0.1,395,25,-0.04
2026-01-01 01:46:10,Idle,Idle,100,0,79.987,0,-0.1,395,25,-0.04
2026-01-01 01:46:20,Idle,Idle,100,0,79.987,0,-0.1,395,25,-0.04
2026-01-01 01:46:30,Idle,Idle,100,0,79.987,0,-0.1,395,25,-0.04
2026-01-01 01:46:40,Idle,Idle,100,0,79.987,0,-0.1,395,25,-0.04
2026-01-01 01:46:50,Idle,Idle,100,0,79.987,0,-0.1,395,25,-0.04
2026-01-01 01:47:00,Idle,Idle,100,0,79.987,0,-0.1,395,25,-0.04
2026-01-01 01:47:10,Idle,Idle,100,0,79.987,0,-0.1,395,25,-0.04
2026-01-01 01:47:20,Idle,Idle,100,0,79.987,0,-0.1,395,25,-0.04
2026-01-01 01:47:30,Idle,Idle,100,0,79.987,0,-0.1,395,25,-0.04
2026-01-01 01:47:40,Idle,Idle,100,0,79.987,0,-0.1,395,25,-0.04
2026-01-01 01:47:50,Idle,Idle,100,0,79.987,0,-0.1,395,25,-0.04
2026-01-01 01:48:00,Idle,Idle,100,0,79.987,0,-0.1,395,25,-0.04
2026-01-01 01:48:10,Idle,Idle,100,0,79.987,0,-0.1,395,25,-0.04
2026-01-01 01:48:20,Idle,Idle,100,0,79.987,0,-0.1,395,25,-0.04
2026-01-01 01:48:30,Idle,Idle,100,0,79.987,0,-0.1,395,25,-0.04
2026-01-01 01:48:40,Idle,Idle,100,0,79.987,0,-0.1,395,25,-0.04
2026-01-01 01:48:50,Idle,Idle,100,0,79.987,0,-0.1,395,25,-0.04
2026-01-01 01:49:00,Idle,Idle,100,0,79.987,0,-0.1,395,25,-0.04
2026-01-01 01:49:10,Idle,Idle,100,0,79.987,0,-0.1,395,25,-0.04
2026-01-01 01:49:20,Idle,Idle,100,0,79.987,0,-0.1,395,25,-0.04
2026-01-01 01:49:30,Idle,Idle,100,0,79.987,0,-0.1,395,25,-0.04
2026-01-01 01:49:40,Idle,Idle,100,0,79.987,0,-0.1,395,25,-0.04
2026-01-01 01:49:50,Idle,Idle,100,0,79.987,0,-0.1,395,25,-0.04
2026-01-01 01:50:00,Idle,Idle,100,0,79.987,0,-0.1,395,25,-0.04
2026-01-01 01:50:10,Idle,Idle,100,0,79.987,0,-0.1,395,25,-0.04
2026-01-01 01:50:20,Idle,Idle,100,0,79.987,0,-0.1,395,25,-0.04
2026-01-01 01:50:30,Idle,Idle,100,0,79.987,0,-0.1,395,25,-0.04
2026-01-01 01:50:40,Idle,Idle,100,0,79.987,0,-0.1,395,25,-0.04
2026-01-01 01:50:50,Idle,Idle,100,0,79.987,0,-0.1,395,25,-0.04
2026-01-01 01:51:00,Idle,Idle,100,0,79.987,0,-0.1,395,25,-0.04
2026-01-01 01:51:10,Idle,Idle,100,0,79.987,0,-0.1,395,25,-0.04
2026-01-01 01:51:20,Idle,Idle,100,0,79.987,0,-0.1,395,25,-0.04
2026-01-01 01:51:30,Idle,Idle,100,0,79.987,0,-0.1,395,25,-0.04
2026-01-01 01:51:40,Idle,Idle,100,0,79.987,0,-0.1,395,25,-0.04
2026-01-01 01:51:50,Idle,Idle,100,0,79.987,0,-0.1,395,25,-0.04
2026-01-01 01:52:00,Idle,Idle,100,0,79.987,0,-0.1,395,25,-0.04
2026-01-01 01:52:10,Idle,Idle,100,0,79.987,0,-0.1,395,25,-0.04
2026-01-01 01:52:20,Idle,Idle,100,0,79.987,0,-0.1,395,25,-0.04
2026-01-01 01:52:30,Idle,Idle,100,0,79.987,0,-0.1,395,25,-0.04
2026-01-01 01:52:40,Idle,Idle,100,0,79.987,0,-0.1,395,25,-0.04
2026-01-01 01:52:50,Idle,Idle,100,0,79.987,0,-0.1,395,25,-0.04
2026-01-01 01:53:00,Idle,Idle,100,0,79.987,0,-0.1,395,25,-0.04
2026-01-01 01:53:10,Idle,Idle,100,0,79.987,0,-0.1,395,25,-0.04
2026-01-01 01:53:20,Idle,Idle,100,0,79.987,0,-0.1,395,25,-0.04
2026-01-01 01:53:30,Idle,Idle,100,0,79.986,0,-0.1,395,25,-0.04
2026-01-01 01:53:40,Idle,Idle,100,0,79.986,0,-0.1,395,25,-0.04
2026-01-01 01:53:50,Idle,Idle,100,0,79.986,0,-0.1,395,25,-0.04
2026-01-01 01:54:00,Idle,Idle,100,0,79.986,0,-0.1,395,25,-0.04
2026-01-01 01:54:10,Idle,Idle,100,0,79.986,0,-0.1,395,25,-0.04
2026-01-01 01:54:20,Idle,Idle,100,0,79.986,0,-0.1,395,25,-0.04
2026-01-01 01:54:30,Idle,Idle,100,0,79.986,0,-0.1,395,25,-0.04
2026-01-01 01:54:40,Idle,Idle,100,0,79.986,0,-0.1,395,25,-0.04
2026-01-01 01:54:50,Idle,Idle,100,0,79.986,0,-0.1,395,25,-0.04
2026-01-01 01:55:00,Idle,Idle,100,0,79.986,0,-0.1,395,25,-0.04
2026-01-01 01:55:10,Idle,Idle,100,0,79.986,0,-0.1,395,25,-0.04
2026-01-01 01:55:20,Idle,Idle,100,0,79.986,0,-0.1,395,25,-0.04
2026-01-01 01:55:30,Idle,Idle,100,0,79.986,0,-0.1,395,25,-0.04
2026-01-01 01:55:40,Idle,Idle,100,0,79.986,0,-0.1,395,25,-0.04
2026-01-01 01:55:50,Idle,Idle,100,0,79.986,0,-0.1,395,25,-0.04
2026-01-01 01:56:00,Idle,Idle,100,0,79.986,0,-0.1,395,25,-0.04
2026-01-01 01:56:10,Idle,Idle,100,0,79.986,0,-0.1,395,25,-0.04
2026-01-01 01:56:20,Idle,Idle,100,0,79.986,0,-0.1,395,25,-0.04
2026-01-01 01:56:30,Idle,Idle,100,0,79.986,0,-0.1,395,25,-0.04
2026-01-01 01:56:40,Idle,Idle,100,0,79.986,0,-0.1,395,25,-0.04
2026-01-01 01:56:50,Idle,Idle,100,0,79.986,0,-0.1,395,25,-0.04
2026-01-01 01:57:00,Idle,Idle,100,0,79.986,0,-0.1,395,25,-0.04
2026-01-01 01:57:10,Idle,Idle,100,0,79.986,0,-0.1,395,25,-0.04
2026-01-01 01:57:20,Idle,Idle,100,0,79.986,0,-0.1,395,25,-0.04
2026-01-01 01:57:30,Idle,Idle,100,0,79.986,0,-0.1,395,25,-0.04
2026-01-01 01:57:40,Idle,Idle,100,0,79.986,0,-0.1,395,25,-0.04
2026-01-01 01:57:50,Idle,Idle,100,0,79.986,0,-0.1,395,25,-0.04
2026-01-01 01:58:00,Idle,Idle,100,0,79.986,0,-0.1,395,25,-0.04
2026-01-01 01:58:10,Idle,Idle,100,0,79.986,0,-0.1,395,25,-0.04
2026-01-01 01:58:20,Idle,Idle,100,0,79.986,0,-0.1,395,25,-0.04
2026-01-01 01:58:30,Idle,Idle,100,0,79.986,0,-0.1,395,25,-0.04
2026-01-01 01:58:40,Idle,Idle,100,0,79.986,0,-0.1,395,25,-0.04
2026-01-01 01:58:50,Idle,Idle,100,0,79.986,0,-0.1,395,25,-0.04
2026-01-01 01:59:00,Idle,Idle,100,0,79.986,0,-0.1,395,25,-0.04
2026-01-01 01:59:10,Idle,Idle,100,0,79.986,0,-0.1,395,25,-0.04
2026-01-01 01:59:20,Idle,Idle,100,0,79.986,0,-0.1,395,25,-0.04
2026-01-01 01:59:30,Idle,Idle,100,0,79.986,0,-0.1,395,25,-0.04
2026-01-01 01:59:40,Idle,Idle,100,0,79.986,0,-0.1,395,25,-0.04
2026-01-01 01:59:50,Idle,Idle,100,0,79.986,0,-0.1,395,25,-0.04
2026-01-01 02:00:00,Idle,Idle,100,0,79.986,0,-0.1,395,25,-0.04
2026-01-01 02:00:10,Idle,Idle,100,0,79.986,0,-0.1,395,25,-0.04
2026-01-01 02:00:20,Idle,Idle,100,0,79.986,0,-0.1,395,25,-0.04
2026-01-01 02:00:30,Idle,Idle,100,0,79.986,0,-0.1,395,25,-0.04
2026-01-01 02:00:40,Idle,Idle,100,0,79.986,0,-0.1,395,25,-0.04
2026-01-01 02:00:50,Idle,Idle,100,0,79.986,0,-0.1,395,25,-0.04
2026-01-01 02:01:00,Idle,Idle,100,0,79.986,0,-0.1,395,25,-0.04
2026-01-01 02:01:10,Idle,Idle,100,0,79.986,0,-0.1,395,25,-0.04
2026-01-01 02:01:20,Idle,Idle,100,0,79.986,0,-0.1,395,25,-0.04
2026-01-01 02:01:30,Idle,Idle,100,0,79.986,0,-0.1,395,25,-0.04
2026-01-01 02:01:40,Idle,Idle,100,0,79.986,0,-0.1,395,25,-0.04
2026-01-01 02:01:50,Idle,Idle,100,0,79.985,0,-0.1,395,25,-0.04
2026-01-01 02:02:00,Idle,Idle,100,0,79.985,0,-0.1,395,25,-0.04
2026-01-01 02:02:10,Idle,Idle,100,0,79.985,0,-0.1,395,25,-0.04
2026-01-01 02:02:20,Idle,Idle,100,0,79.985,0,-0.1,395,25,-0.04
2026-01-01 02:02:30,Idle,Idle,100,0,79.985,0,-0.1,395,25,-0.04
2026-01-01 02:02:40,Idle,Idle,100,0,79.985,0,-0.1,395,25,-0.04
2026-01-01 02:02:50,Idle,Idle,100,0,79.985,0,-0.1,395,25,-0.04
2026-01-01 02:03:00,Idle,Idle,100,0,79.985,0,-0.1,395,25,-0.04
2026-01-01 02:03:10,Idle,Idle,100,0,79.985,0,-0.1,395,25,-0.04
2026-01-01 02:03:20,Idle,Idle,100,0,79.985,0,-0.1,395,25,-0.04
2026-01-01 02:03:30,Idle,Idle,100,0,79.985,0,-0.1,395,25,-0.04
2026-01-01 02:03:40,Idle,Idle,100,0,79.985,0,-0.1,395,25,-0.04
2026-01-01 02:03:50,Idle,Idle,100,0,79.985,0,-0.1,395,25,-0.04
2026-01-01 02:04:00,Idle,Idle,100,0,79.985,0,-0.1,395,25,-0.04
2026-01-01 02:04:10,Idle,Idle,100,0,79.985,0,-0.1,395,25,-0.04
2026-01-01 02:04:20,Idle,Idle,100,0,79.985,0,-0.1,395,25,-0.04
2026-01-01 02:04:30,Idle,Idle,100,0,79.985,0,-0.1,395,25,-0.04
2026-01-01 02:04:40,Idle,Idle,100,0,79.985,0,-0.1,395,25,-0.04
2026-01-01 02:04:50,Idle,Idle,100,0,79.985,0,-0.1,395,25,-0.04
2026-01-01 02:05:00,Idle,Idle,100,0,79.985,0,-0.1,395,25,-0.04
2026-01-01 02:05:10,Idle,Idle,100,0,79.985,0,-0.1,395,25,-0.04
2026-01-01 02:05:20,Idle,Idle,100,0,79.985,0,-0.1,395,25,-0.04
2026-01-01 02:05:30,Idle,Idle,100,0,79.985,0,-0.1,395,25,-0.04
2026-01-01 02:05:40,Idle,Idle,100,0,79.985,0,-0.1,395,25,-0.04
2026-01-01 02:05:50,Idle,Idle,100,0,79.985,0,-0.1,395,25,-0.04
2026-01-01 02:06:00,Idle,Idle,100,0,79.985,0,-0.1,395,25,-0.04
2026-01-01 02:06:10,Idle,Idle,100,0,79.985,0,-0.1,395,25,-0.04
2026-01-01 02:06:20,Idle,Idle,100,0,79.985,0,-0.1,395,25,-0.04
2026-01-01 02:06:30,Idle,Idle,100,0,79.985,0,-0.1,395,25,-0.04
2026-01-01 02:06:40,Idle,Idle,100,0,79.985,0,-0.1,395,25,-0.04
2026-01-01 02:06:50,Idle,Idle,100,0,79.985,0,-0.1,395,25,-0.04
2026-01-01 02:07:00,Idle,Idle,100,0,79.985,0,-0.1,395,25,-0.04
2026-01-01 02:07:10,Idle,Idle,100,0,79.985,0,-0.1,395,25,-0.04
2026-01-01 02:07:20,Idle,Idle,100,0,79.985,0,-0.1,395,25,-0.04
2026-01-01 02:07:30,Idle,Idle,100,0,79.985,0,-0.1,395,25,-0.04
2026-01-01 02:07:40,Idle,Idle,100,0,79.985,0,-0.1,395,25,-0.04
2026-01-01 02:07:50,Idle,Idle,100,0,79.985,0,-0.1,395,25,-0.04
2026-01-01 02:08:00,Idle,Idle,100,0,79.985,0,-0.1,395,25,-0.04
2026-01-01 02:08:10,Idle,Idle,100,0,79.985,0,-0.1,395,25,-0.04
2026-01-01 02:08:20,Idle,Idle,100,0,79.985,0,-0.1,395,25,-0.04
2026-01-01 02:08:30,Idle,Idle,100,0,79.985,0,-0.1,395,25,-0.04
2026-01-01 02:08:40,Idle,Idle,100,0,79.985,0,-0.1,395,25,-0.04
2026-01-01 02:08:50,Idle,Idle,100,0,79.985,0,-0.1,395,25,-0.04
2026-01-01 02:09:00,Idle,Idle,100,0,79.985,0,-0.1,395,25,-0.04
2026-01-01 02:09:10,Idle,Idle,100,0,79.985,0,-0.1,395,25,-0.04
2026-01-01 02:09:20,Idle,Idle,100,0,79.985,0,-0.1,395,25,-0.04
2026-01-01 02:09:30,Idle,Idle,100,0,79.985,0,-0.1,395,25,-0.04
2026-01-01 02:09:40,Idle,Idle,100,0,79.985,0,-0.1,395,25,-0.04
2026-01-01 02:09:50,Idle,Idle,100,0,79.985,0,-0.1,395,25,-0.04
2026-01-01 02:10:00,Idle,Idle,100,0,79.985,0,-0.1,395,25,-0.04
2026-01-01 02:10:10,Idle,Idle,100,0,79.984,0,-0.1,395,25,-0.04
2026-01-01 02:10:20,Idle,Idle,100,0,79.984,0,-0.1,395,25,-0.04
2026-01-01 02:10:30,Idle,Idle,100,0,79.984,0,-0.1,395,25,-0.04
2026-01-01 02:10:40,Idle,Idle,100,0,79.984,0,-0.1,395,25,-0.04
2026-01-01 02:10:50,Idle,Idle,100,0,79.984,0,-0.1,395,25,-0.04
2026-01-01 02:11:00,Idle,Idle,100,0,79.984,0,-0.1,395,25,-0.04
2026-01-01 02:11:10,Idle,Idle,100,0,79.984,0,-0.1,395,25,-0.04
2026-01-01 02:11:20,Idle,Idle,100,0,79.984,0,-0.1,395,25,-0.04
2026-01-01 02:11:30,Idle,Idle,100,0,79.984,0,-0.1,395,25,-0.04
2026-01-01 02:11:40,Idle,Idle,100,0,79.984,0,-0.1,395,25,-0.04
2026-01-01 02:11:50,Idle,Idle,100,0,79.984,0,-0.1,395,25,-0.04
2026-01-01 02:12:00,Idle,Idle,100,0,79.984,0,-0.1,395,25,-0.04
2026-01-01 02:12:10,Idle,Idle,100,0,79.984,0,-0.1,395,25,-0.04
2026-01-01 02:12:20,Idle,Idle,100,0,79.984,0,-0.1,395,25,-0.04
2026-01-01 02:12:30,Idle,Idle,100,0,79.984,0,-0.1,395,25,-0.04
2026-01-01 02:12:40,Idle,Idle,100,0,79.984,0,-0.1,395,25,-0.04
2026-01-01 02:12:50,Idle,Idle,100,0,79.984,0,-0.1,395,25,-0.04
2026-01-01 02:13:00,Idle,Idle,100,0,79.984,0,-0.1,395,25,-0.04
2026-01-01 02:13:10,Idle,Idle,100,0,79.984,0,-0.1,395,25,-0.04
2026-01-01 02:13:20,Idle,Idle,100,0,79.984,0,-0.1,395,25,-0.04
2026-01-01 02:13:30,Idle,Idle,100,0,79.984,0,-0.1,395,25,-0.04
2026-01-01 02:13:40,Idle,Idle,100,0,79.984,0,-0.1,395,25,-0.04
2026-01-01 02:13:50,Idle,Idle,100,0,79.984,0,-0.1,395,25,-0.04
2026-01-01 02:14:00,Idle,Idle,100,0,79.984,0,-0.1,395,25,-0.04
2026-01-01 02:14:10,Idle,Idle,100,0,79.984,0,-0.1,395,25,-0.04
2026-01-01 02:14:20,Idle,Idle,100,0,79.984,0,-0.1,395,25,-0.04
2026-01-01 02:14:30,Idle,Idle,100,0,79.984,0,-0.1,395,25,-0.04
2026-01-01 02:14:40,Idle,Idle,100,0,79.984,0,-0.1,395,25,-0.04
2026-01-01 02:14:50,Idle,Idle,100,0,79.984,0,-0.1,395,25,-0.04
2026-01-01 02:15:00,Idle,Idle,100,0,79.984,0,-0.1,395,25,-0.04
2026-01-01 02:15:10,Idle,Idle,100,0,79.984,0,-0.1,395,25,-0.04
2026-01-01 02:15:20,Idle,Idle,100,0,79.984,0,-0.1,395,25,-0.04
2026-01-01 02:15:30,Idle,Idle,100,0,79.984,0,-0.1,395,25,-0.04
2026-01-01 02:15:40,Idle,Idle,100,0,79.984,0,-0.1,395,25,-0.04
2026-01-01 02:15:50,Idle,Idle,100,0,79.984,0,-0.1,395,25,-0.04
2026-01-01 02:16:00,Idle,Idle,100,0,79.984,0,-0.1,395,25,-0.04
2026-01-01 02:16:10,Idle,Idle,100,0,79.984,0,-0.1,395,25,-0.04
2026-01-01 02:16:20,Idle,Idle,100,0,79.984,0,-0.1,395,25,-0.04
2026-01-01 02:16:30,Idle,Idle,100,0,79.984,0,-0.1,395,25,-0.04
2026-01-01 02:16:40,Idle,Idle,100,0,79.984,0,-0.1,395,25,-0.04
2026-01-01 02:16:50,Idle,Idle,100,0,79.984,0,-0.1,395,25,-0.04
2026-01-01 02:17:00,Idle,Idle,100,0,79.984,0,-0.1,395,25,-0.04
2026-01-01 02:17:10,Idle,Idle,100,0,79.984,0,-0.1,395,25,-0.04
2026-01-01 02:17:20,Idle,Idle,100,0,79.984,0,-0.1,395,25,-0.04
2026-01-01 02:17:30,Idle,Idle,100,0,79.984,0,-0.1,395,25,-0.04
2026-01-01 02:17:40,Idle,Idle,100,0,79.984,0,-0.1,395,25,-0.04
2026-01-01 02:17:50,Idle,Idle,100,0,79.984,0,-0.1,395,25,-0.04
2026-01-01 02:18:00,Idle,Idle,100,0,79.984,0,-0.1,395,25,-0.04
2026-01-01 02:18:10,Idle,Idle,100,0,79.984,0,-0.1,395,25,-0.04
2026-01-01 02:18:20,Idle,Idle,100,0,79.984,0,-0.1,395,25,-0.04
2026-01-01 02:18:30,Idle,Idle,100,0,79.984,0,-0.1,395,25,-0.04
2026-01-01 02:18:40,Idle,Idle,100,0,79.983,0,-0.1,395,25,-0.04
2026-01-01 02:18:50,Idle,Idle,100,0,79.983,0,-0.1,395,25,-0.04
2026-01-01 02:19:00,Idle,Idle,100,0,79.983,0,-0.1,395,25,-0.04
2026-01-01 02:19:10,Idle,Idle,100,0,79.983,0,-0.1,395,25,-0.04
2026-01-01 02:19:20,Idle,Idle,100,0,79.983,0,-0.1,395,25,-0.04
2026-01-01 02:19:30,Idle,Idle,100,0,79.983,0,-0.1,395,25,-0.04
2026-01-01 02:19:40,Idle,Idle,100,0,79.983,0,-0.1,395,25,-0.04
2026-01-01 02:19:50,Idle,Idle,100,0,79.983,0,-0.1,395,25,-0.04
2026-01-01 02:20:00,Idle,Idle,100,0,79.983,0,-0.1,395,25,-0.04
2026-01-01 02:20:10,Idle,Idle,100,0,79.983,0,-0.1,395,25,-0.04
2026-01-01 02:20:20,Idle,Idle,100,0,79.983,0,-0.1,395,25,-0.04
2026-01-01 02:20:30,Idle,Idle,100,0,79.983,0,-0.1,395,25,-0.04
2026-01-01 02:20:40,Idle,Idle,100,0,79.983,0,-0.1,395,25,-0.04
2026-01-01 02:20:50,Idle,Idle,100,0,79.983,0,-0.1,395,25,-0.04
2026-01-01 02:21:00,Idle,Idle,100,0,79.983,0,-0.1,395,25,-0.04
2026-01-01 02:21:10,Idle,Idle,100,0,79.983,0,-0.1,395,25,-0.04
2026-01-01 02:21:20,Idle,Idle,100,0,79.983,0,-0.1,395,25,-0.04
2026-01-01 02:21:30,Idle,Idle,100,0,79.983,0,-0.1,395,25,-0.04
2026-01-01 02:21:40,Idle,Idle,100,0,79.983,0,-0.1,395,25,-0.04
2026-01-01 02:21:50,Idle,Idle,100,0,79.983,0,-0.1,395,25,-0.04
2026-01-01 02:22:00,Idle,Idle,100,0,79.983,0,-0.1,395,25,-0.04
2026-01-01 02:22:10,Idle,Idle,100,0,79.983,0,-0.1,395,25,-0.04
2026-01-01 02:22:20,Idle,Idle,100,0,79.983,0,-0.1,395,25,-0.04
2026-01-01 02:22:30,Idle,Idle,100,0,79.983,0,-0.1,395,25,-0.04
2026-01-01 02:22:40,Idle,Idle,100,0,79.983,0,-0.1,395,25,-0.04
2026-01-01 02:22:50,Idle,Idle,100,0,79.983,0,-0.1,395,25,-0.04
2026-01-01 02:23:00,Idle,Idle,100,0,79.983,0,-0.1,395,25,-0.04
2026-01-01 02:23:10,Idle,Idle,100,0,79.983,0,-0.1,395,25,-0.04
2026-01-01 02:23:20,Idle,Idle,100,0,79.983,0,-0.1,395,25,-0.04
2026-01-01 02:23:30,Idle,Idle,100,0,79.983,0,-0.1,395,25,-0.04
2026-01-01 02:23:40,Idle,Idle,100,0,79.983,0,-0.1,395,25,-0.04
2026-01-01 02:23:50,Idle,Idle,100,0,79.983,0,-0.1,395,25,-0.04
2026-01-01 02:24:00,Idle,Idle,100,0,79.983,0,-0.1,395,25,-0.04
2026-01-01 02:24:10,Idle,Idle,100,0,79.983,0,-0.1,395,25,-0.04
2026-01-01 02:24:20,Idle,Idle,100,0,79.983,0,-0.1,395,25,-0.04
2026-01-01 02:24:30,Idle,Idle,100,0,79.983,0,-0.1,395,25,-0.04
2026-01-01 02:24:40,Idle,Idle,100,0,79.983,0,-0.1,395,25,-0.04
2026-01-01 02:24:50,Idle,Idle,100,0,79.983,0,-0.1,395,25,-0.04
2026-01-01 02:25:00,Idle,Idle,100,0,79.983,0,-0.1,395,25,-0.04
2026-01-01 02:25:10,Idle,Idle,100,0,79.983,0,-0.1,395,25,-0.04
2026-01-01 02:25:20,Idle,Idle,100,0,79.983,0,-0.1,395,25,-0.04
2026-01-01 02:25:30,Idle,Idle,100,0,79.983,0,-0.1,395,25,-0.04
2026-01-01 02:25:40,Idle,Idle,100,0,79.983,0,-0.1,395,25,-0.04
2026-01-01 02:25:50,Idle,Idle,100,0,79.983,0,-0.1,395,25,-0.04
2026-01-01 02:26:00,Idle,Idle,100,0,79.983,0,-0.1,395,25,-0.04
2026-01-01 02:26:10,Idle,Idle,100,0,79.983,0,-0.1,395,25,-0.04
2026-01-01 02:26:20,Idle,Idle,100,0,79.983,0,-0.1,395,25,-0.04
2026-01-01 02:26:30,Idle,Idle,100,0,79.983,0,-0.1,395,25,-0.04
2026-01-01 02:26:40,Idle,Idle,100,0,79.983,0,-0.1,395,25,-0.04
2026-01-01 02:26:50,Idle,Idle,100,0,79.983,0,-0.1,395,25,-0.04
2026-01-01 02:27:00,Idle,Idle,100,0,79.982,0,-0.1,395,25,-0.04
2026-01-01 02:27:10,Idle,Idle,100,0,79.982,0,-0.1,395,25,-0.04
2026-01-01 02:27:20,Idle,Idle,100,0,79.982,0,-0.1,395,25,-0.04
2026-01-01 02:27:30,Idle,Idle,100,0,79.982,0,-0.1,395,25,-0.04
2026-01-01 02:27:40,Idle,Idle,100,0,79.982,0,-0.1,395,25,-0.04
2026-01-01 02:27:50,Idle,Idle,100,0,79.982,0,-0.1,395,25,-0.04
2026-01-01 02:28:00,Idle,Idle,100,0,79.982,0,-0.1,395,25,-0.04
2026-01-01 02:28:10,Idle,Idle,100,0,79.982,0,-0.1,395,25,-0.04
2026-01-01 02:28:20,Idle,Idle,100,0,79.982,0,-0.1,395,25,-0.04
2026-01-01 02:28:30,Idle,Idle,100,0,79.982,0,-0.1,395,25,-0.04
2026-01-01 02:28:40,Idle,Idle,100,0,79.982,0,-0.1,395,25,-0.04
2026-01-01 02:28:50,Idle,Idle,100,0,79.982,0,-0.1,395,25,-0.04
2026-01-01 02:29:00,Idle,Idle,100,0,79.982,0,-0.1,395,25,-0.04
2026-01-01 02:29:10,Idle,Idle,100,0,79.982,0,-0.1,395,25,-0.04
2026-01-01 02:29:20,Idle,Idle,100,0,79.982,0,-0.1,395,25,-0.04
2026-01-01 02:29:30,Idle,Idle,100,0,79.982,0,-0.1,395,25,-0.04
2026-01-01 02:29:40,Idle,Idle,100,0,79.982,0,-0.1,395,25,-0.04
2026-01-01 02:29:50,Idle,Idle,100,0,79.982,0,-0.1,395,25,-0.04
2026-01-01 02:30:00,Idle,Idle,100,0,79.982,0,-0.1,395,25,-0.04
2026-01-01 02:30:10,Idle,Idle,100,0,79.982,0,-0.1,395,25,-0.04
2026-01-01 02:30:20,Idle,Idle,100,0,79.982,0,-0.1,395,25,-0.04
2026-01-01 02:30:30,Idle,Idle,100,0,79.982,0,-0.1,395,25,-0.04
2026-01-01 02:30:40,Idle,Idle,100,0,79.982,0,-0.1,395,25,-0.04
2026-01-01 02:30:50,Idle,Idle,100,0,79.982,0,-0.1,395,25,-0.04
2026-01-01 02:31:00,Idle,Idle,100,0,79.982,0,-0.1,395,25,-0.04
2026-01-01 02:31:10,Idle,Idle,100,0,79.982,0,-0.1,395,25,-0.04
2026-01-01 02:31:20,Idle,Idle,100,0,79.982,0,-0.1,395,25,-0.04
2026-01-01 02:31:30,Idle,Idle,100,0,79.982,0,-0.1,395,25,-0.04
2026-01-01 02:31:40,Idle,Idle,100,0,79.982,0,-0.1,395,25,-0.04
2026-01-01 02:31:50,Idle,Idle,100,0,79.982,0,-0.1,395,25,-0.04
2026-01-01 02:32:00,Idle,Idle,100,0,79.982,0,-0.1,395,25,-0.04
2026-01-01 02:32:10,Idle,Idle,100,0,79.982,0,-0.1,395,25,-0.04
2026-01-01 02:32:20,Idle,Idle,100,0,79.982,0,-0.1,395,25,-0.04
2026-01-01 02:32:30,Idle,Idle,100,0,79.982,0,-0.1,395,25,-0.04
2026-01-01 02:32:40,Idle,Idle,100,0,79.982,0,-0.1,395,25,-0.04
2026-01-01 02:32:50,Idle,Idle,100,0,79.982,0,-0.1,395,25,-0.04
2026-01-01 02:33:00,Idle,Idle,100,0,79.982,0,-0.1,395,25,-0.04
2026-01-01 02:33:10,Idle,Idle,100,0,79.982,0,-0.1,395,25,-0.04
2026-01-01 02:33:20,Idle,Idle,100,0,79.982,0,-0.1,395,25,-0.04
2026-01-01 02:33:30,Idle,Idle,100,0,79.982,0,-0.1,395,25,-0.04
2026-01-01 02:33:40,Idle,Idle,100,0,79.982,0,-0.1,395,25,-0.04
2026-01-01 02:33:50,Idle,Idle,100,0,79.982,0,-0.1,395,25,-0.04
2026-01-01 02:34:00,Idle,Idle,100,0,79.982,0,-0.1,395,25,-0.04
2026-01-01 02:34:10,Idle,Idle,100,0,79.982,0,-0.1,395,25,-0.04
2026-01-01 02:34:20,Idle,Idle,100,0,79.982,0,-0.1,395,25,-0.04
2026-01-01 02:34:30,Idle,Idle,100,0,79.982,0,-0.1,395,25,-0.04
2026-01-01 02:34:40,Idle,Idle,100,0,79.982,0,-0.1,395,25,-0.04
2026-01-01 02:34:50,Idle,Idle,100,0,79.982,0,-0.1,395,25,-0.04
2026-01-01 02:35:00,Idle,Idle,100,0,79.982,0,-0.1,395,25,-0.04
2026-01-01 02:35:10,Idle,Idle,100,0,79.982,0,-0.1,395,25,-0.04
2026-01-01 02:35:20,Idle,Idle,100,0,79.982,0,-0.1,395,25,-0.04
2026-01-01 02:35:30,Idle,Idle,100,0,79.981,0,-0.1,395,25,-0.04
2026-01-01 02:35:40,Idle,Idle,100,0,79.981,0,-0.1,395,25,-0.04
2026-01-01 02:35:50,Idle,Idle,100,0,79.981,0,-0.1,395,25,-0.04
2026-01-01 02:36:00,Idle,Idle,100,0,79.981,0,-0.1,395,25,-0.04
2026-01-01 02:36:10,Idle,Idle,100,0,79.981,0,-0.1,395,25,-0.04
2026-01-01 02:36:20,Idle,Idle,100,0,79.981,0,-0.1,395,25,-0.04
2026-01-01 02:36:30,Idle,Idle,100,0,79.981,0,-0.1,395,25,-0.04
2026-01-01 02:36:40,Idle,Idle,100,0,79.981,0,-0.1,395,25,-0.04
2026-01-01 02:36:50,Idle,Idle,100,0,79.981,0,-0.1,395,25,-0.04
2026-01-01 02:37:00,Idle,Idle,100,0,79.981,0,-0.1,395,25,-0.04
2026-01-01 02:37:10,Idle,Idle,100,0,79.981,0,-0.1,395,25,-0.04
2026-01-01 02:37:20,Idle,Idle,100,0,79.981,0,-0.1,395,25,-0.04
2026-01-01 02:37:30,Idle,Idle,100,0,79.981,0,-0.1,395,25,-0.04
2026-01-01 02:37:40,Idle,Idle,100,0,79.981,0,-0.1,395,25,-0.04
2026-01-01 02:37:50,Idle,Idle,100,0,79.981,0,-0.1,395,25,-0.04
2026-01-01 02:38:00,Idle,Idle,100,0,79.981,0,-0.1,395,25,-0.04
2026-01-01 02:38:10,Idle,Idle,100,0,79.981,0,-0.1,395,25,-0.04
2026-01-01 02:38:20,Idle,Idle,100,0,79.981,0,-0.1,395,25,-0.04
2026-01-01 02:38:30,Idle,Idle,100,0,79.981,0,-0.1,395,25,-0.04
2026-01-01 02:38:40,Idle,Idle,100,0,79.981,0,-0.1,395,25,-0.04
2026-01-01 02:38:50,Idle,Idle,100,0,79.981,0,-0.1,395,25,-0.04
2026-01-01 02:39:00,Idle,Idle,100,0,79.981,0,-0.1,395,25,-0.04
2026-01-01 02:39:10,Idle,Idle,100,0,79.981,0,-0.1,395,25,-0.04
2026-01-01 02:39:20,Idle,Idle,100,0,79.981,0,-0.1,395,25,-0.04
2026-01-01 02:39:30,Idle,Idle,100,0,79.981,0,-0.1,395,25,-0.04
2026-01-01 02:39:40,Idle,Idle,100,0,79.981,0,-0.1,395,25,-0.04
2026-01-01 02:39:50,Idle,Idle,100,0,79.981,0,-0.1,395,25,-0.04
2026-01-01 02:40:00,Idle,Idle,100,0,79.981,0,-0.1,395,25,-0.04
2026-01-01 02:40:10,Idle,Idle,100,0,79.981,0,-0.1,395,25,-0.04
2026-01-01 02:40:20,Idle,Idle,100,0,79.981,0,-0.1,395,25,-0.04
2026-01-01 02:40:30,Idle,Idle,100,0,79.981,0,-0.1,395,25,-0.04
2026-01-01 02:40:40,Idle,Idle,100,0,79.981,0,-0.1,395,25,-0.04
2026-01-01 02:40:50,Idle,Idle,100,0,79.981,0,-0.1,395,25,-0.04
2026-01-01 02:41:00,Idle,Idle,100,0,79.981,0,-0.1,395,25,-0.04
2026-01-01 02:41:10,Idle,Idle,100,0,79.981,0,-0.1,395,25,-0.04
2026-01-01 02:41:20,Idle,Idle,100,0,79.981,0,-0.1,395,25,-0.04
2026-01-01 02:41:30,Idle,Idle,100,0,79.981,0,-0.1,395,25,-0.04
2026-01-01 02:41:40,Idle,Idle,100,0,79.981,0,-0.1,395,25,-0.04
2026-01-01 02:41:50,Idle,Idle,100,0,79.981,0,-0.1,395,25,-0.04
2026-01-01 02:42:00,Idle,Idle,100,0,79.981,0,-0.1,395,25,-0.04
2026-01-01 02:42:10,Idle,Idle,100,0,79.981,0,-0.1,395,25,-0.04
2026-01-01 02:42:20,Idle,Idle,100,0,79.981,0,-0.1,395,25,-0.04
2026-01-01 02:42:30,Idle,Idle,100,0,79.981,0,-0.1,395,25,-0.04
2026-01-01 02:42:40,Idle,Idle,100,0,79.981,0,-0.1,395,25,-0.04
2026-01-01 02:42:50,Idle,Idle,100,0,79.981,0,-0.1,395,25,-0.04
2026-01-01 02:43:00,Idle,Idle,100,0,79.981,0,-0.1,395,25,-0.04
2026-01-01 02:43:10,Idle,Idle,100,0,79.981,0,-0.1,395,25,-0.04
2026-01-01 02:43:20,Idle,Idle,100,0,79.981,0,-0.1,395,25,-0.04
2026-01-01 02:43:30,Idle,Idle,100,0,79.981,0,-0.1,395,25,-0.04
2026-01-01 02:43:40,Idle,Idle,100,0,79.981,0,-0.1,395,25,-0.04
2026-01-01 02:43:50,Idle,Idle,100,0,79.98,0,-0.1,395,25,-0.04
2026-01-01 02:44:00,Idle,Idle,100,0,79.98,0,-0.1,395,25,-0.04
2026-01-01 02:44:10,Idle,Idle,100,0,79.98,0,-0.1,395,25,-0.04
2026-01-01 02:44:20,Idle,Idle,100,0,79.98,0,-0.1,395,25,-0.04
2026-01-01 02:44:30,Idle,Idle,100,0,79.98,0,-0.1,395,25,-0.04
2026-01-01 02:44:40,Idle,Idle,100,0,79.98,0,-0.1,395,25,-0.04
2026-01-01 02:44:50,Idle,Idle,100,0,79.98,0,-0.1,395,25,-0.04
2026-01-01 02:45:00,Idle,Idle,100,0,79.98,0,-0.1,395,25,-0.04
2026-01-01 02:45:10,Idle,Idle,100,0,79.98,0,-0.1,395,25,-0.04
2026-01-01 02:45:20,Idle,Idle,100,0,79.98,0,-0.1,395,25,-0.04
2026-01-01 02:45:30,Idle,Idle,100,0,79.98,0,-0.1,395,25,-0.04
2026-01-01 02:45:40,Idle,Idle,100,0,79.98,0,-0.1,395,25,-0.04
2026-01-01 02:45:50,Idle,Idle,100,0,79.98,0,-0.1,395,25,-0.04
2026-01-01 02:46:00,Idle,Idle,100,0,79.98,0,-0.1,395,25,-0.04
2026-01-01 02:46:10,Idle,Idle,100,0,79.98,0,-0.1,395,25,-0.04
2026-01-01 02:46:20,Idle,Idle,100,0,79.98,0,-0.1,395,25,-0.04
2026-01-01 02:46:30,Idle,Idle,100,0,79.98,0,-0.1,395,25,-0.04
2026-01-01 02:46:40,Idle,Idle,100,0,79.98,0,-0.1,395,25,-0.04
2026-01-01 02:46:50,Idle,Idle,100,0,79.98,0,-0.1,395,25,-0.04
2026-01-01 02:47:00,Idle,Idle,100,0,79.98,0,-0.1,395,25,-0.04
2026-01-01 02:47:10,Idle,Idle,100,0,79.98,0,-0.1,395,25,-0.04
2026-01-01 02:47:20,Idle,Idle,100,0,79.98,0,-0.1,395,25,-0.04
2026-01-01 02:47:30,Idle,Idle,100,0,79.98,0,-0.1,395,25,-0.04
2026-01-01 02:47:40,Idle,Idle,100,0,79.98,0,-0.1,395,25,-0.04
2026-01-01 02:47:50,Idle,Idle,100,0,79.98,0,-0.1,395,25,-0.04
2026-01-01 02:48:00,Idle,Idle,100,0,79.98,0,-0.1,395,25,-0.04
2026-01-01 02:48:10,Idle,Idle,100,0,79.98,0,-0.1,395,25,-0.04
2026-01-01 02:48:20,Idle,Idle,100,0,79.98,0,-0.1,395,25,-0.04
2026-01-01 02:48:30,Idle,Idle,100,0,79.98,0,-0.1,395,25,-0.04
2026-01-01 02:48:40,Idle,Idle,100,0,79.98,0,-0.1,395,25,-0.04
2026-01-01 02:48:50,Idle,Idle,100,0,79.98,0,-0.1,395,25,-0.04
2026-01-01 02:49:00,Idle,Idle,100,0,79.98,0,-0.1,395,25,-0.04
2026-01-01 02:49:10,Idle,Idle,100,0,79.98,0,-0.1,395,25,-0.04
2026-01-01 02:49:20,Idle,Idle,100,0,79.98,0,-0.1,395,25,-0.04
2026-01-01 02:49:30,Idle,Idle,100,0,79.98,0,-0.1,395,25,-0.04
2026-01-01 02:49:40,Idle,Idle,100,0,79.98,0,-0.1,395,25,-0.04
2026-01-01 02:49:50,Idle,Idle,100,0,79.98,0,-0.1,395,25,-0.04
2026-01-01 02:50:00,Idle,Idle,100,0,79.98,0,-0.1,395,25,-0.04
2026-01-01 02:50:10,Idle,Idle,100,0,79.98,0,-0.1,395,25,-0.04
2026-01-01 02:50:20,Idle,Idle,100,0,79.98,0,-0.1,395,25,-0.04
2026-01-01 02:50:30,Idle,Idle,100,0,79.98,0,-0.1,395,25,-0.04
2026-01-01 02:50:40,Idle,Idle,100,0,79.98,0,-0.1,395,25,-0.04
2026-01-01 02:50:50,Idle,Idle,100,0,79.98,0,-0.1,395,25,-0.04
2026-01-01 02:51:00,Idle,Idle,100,0,79.98,0,-0.1,395,25,-0.04
2026-01-01 02:51:10,Idle,Idle,100,0,79.98,0,-0.1,395,25,-0.04
2026-01-01 02:51:20,Idle,Idle,100,0,79.98,0,-0.1,395,25,-0.04
2026-01-01 02:51:30,Idle,Idle,100,0,79.98,0,-0.1,395,25,-0.04
2026-01-01 02:51:40,Idle,Idle,100,0,79.98,0,-0.1,395,25,-0.04
2026-01-01 02:51:50,Idle,Idle,100,0,79.98,0,-0.1,395,25,-0.04
2026-01-01 02:52:00,Idle,Idle,100,0,79.98,0,-0.1,395,25,-0.04
2026-01-01 02:52:10,Idle,Idle,100,0,79.979,0,-0.1,395,25,-0.04
2026-01-01 02:52:20,Idle,Idle,100,0,79.979,0,-0.1,395,25,-0.04
2026-01-01 02:52:30,Idle,Idle,100,0,79.979,0,-0.1,395,25,-0.04
2026-01-01 02:52:40,Idle,Idle,100,0,79.979,0,-0.1,395,25,-0.04
2026-01-01 02:52:50,Idle,Idle,100,0,79.979,0,-0.1,395,25,-0.04
2026-01-01 02:53:00,Idle,Idle,100,0,79.979,0,-0.1,395,25,-0.04
2026-01-01 02:53:10,Idle,Idle,100,0,79.979,0,-0.1,395,25,-0.04
2026-01-01 02:53:20,Idle,Idle,100,0,79.979,0,-0.1,395,25,-0.04
2026-01-01 02:53:30,Idle,Idle,100,0,79.979,0,-0.1,395,25,-0.04
2026-01-01 02:53:40,Idle,Idle,100,0,79.979,0,-0.1,395,25,-0.04
2026-01-01 02:53:50,Idle,Idle,100,0,79.979,0,-0.1,395,25,-0.04
2026-01-01 02:54:00,Idle,Idle,100,0,79.979,0,-0.1,395,25,-0.04
2026-01-01 02:54:10,Idle,Idle,100,0,79.979,0,-0.1,395,25,-0.04
2026-01-01 02:54:20,Idle,Idle,100,0,79.979,0,-0.1,395,25,-0.04
2026-01-01 02:54:30,Idle,Idle,100,0,79.979,0,-0.1,395,25,-0.04
2026-01-01 02:54:40,Idle,Idle,100,0,79.979,0,-0.1,395,25,-0.04
2026-01-01 02:54:50,Idle,Idle,100,0,79.979,0,-0.1,395,25,-0.04
2026-01-01 02:55:00,Idle,Idle,100,0,79.979,0,-0.1,395,25,-0.04
2026-01-01 02:55:10,Idle,Idle,100,0,79.979,0,-0.1,395,25,-0.04
2026-01-01 02:55:20,Idle,Idle,100,0,79.979,0,-0.1,395,25,-0.04
2026-01-01 02:55:30,Idle,Idle,100,0,79.979,0,-0.1,395,25,-0.04
2026-01-01 02:55:40,Idle,Idle,100,0,79.979,0,-0.1,395,25,-0.04
2026-01-01 02:55:50,Idle,Idle,100,0,79.979,0,-0.1,395,25,-0.04
2026-01-01 02:56:00,Idle,Idle,100,0,79.979,0,-0.1,395,25,-0.04
2026-01-01 02:56:10,Idle,Idle,100,0,79.979,0,-0.1,395,25,-0.04
2026-01-01 02:56:20,Idle,Idle,100,0,79.979,0,-0.1,395,25,-0.04
2026-01-01 02:56:30,Idle,Idle,100,0,79.979,0,-0.1,395,25,-0.04
2026-01-01 02:56:40,Idle,Idle,100,0,79.979,0,-0.1,395,25,-0.04
2026-01-01 02:56:50,Idle,Idle,100,0,79.979,0,-0.1,395,25,-0.04
2026-01-01 02:57:00,Idle,Idle,100,0,79.979,0,-0.1,395,25,-0.04
2026-01-01 02:57:10,Idle,Idle,100,0,79.979,0,-0.1,395,25,-0.04
2026-01-01 02:57:20,Idle,Idle,100,0,79.979,0,-0.1,395,25,-0.04
2026-01-01 02:57:30,Idle,Idle,100,0,79.979,0,-0.1,395,25,-0.04
2026-01-01 02:57:40,Idle,Idle,100,0,79.979,0,-0.1,395,25,-0.04
2026-01-01 02:57:50,Idle,Idle,100,0,79.979,0,-0.1,395,25,-0.04
2026-01-01 02:58:00,Idle,Idle,100,0,79.979,0,-0.1,395,25,-0.04
2026-01-01 02:58:10,Idle,Idle,100,0,79.979,0,-0.1,395,25,-0.04
2026-01-01 02:58:20,Idle,Idle,100,0,79.979,0,-0.1,395,25,-0.04
2026-01-01 02:58:30,Idle,Idle,100,0,79.979,0,-0.1,395,25,-0.04
2026-01-01 02:58:40,Idle,Idle,100,0,79.979,0,-0.1,395,25,-0.04
2026-01-01 02:58:50,Idle,Idle,100,0,79.979,0,-0.1,395,25,-0.04
2026-01-01 02:59:00,Idle,Idle,100,0,79.979,0,-0.1,395,25,-0.04
2026-01-01 02:59:10,Idle,Idle,100,0,79.979,0,-0.1,395,25,-0.04
2026-01-01 02:59:20,Idle,Idle,100,0,79.979,0,-0.1,395,25,-0.04
2026-01-01 02:59:30,Idle,Idle,100,0,79.979,0,-0.1,395,25,-0.04
2026-01-01 02:59:40,Idle,Idle,100,0,79.979,0,-0.1,395,25,-0.04
2026-01-01 02:59:50,Idle,Idle,100,0,79.979,0,-0.1,395,25,-0.04
2026-01-01 03:00:00,Idle,Idle,100,0,79.979,0,-0.1,395,25,-0.04
2026-01-01 03:00:10,Idle,Idle,100,0,79.979,0,-0.1,395,25,-0.04
2026-01-01 03:00:20,Idle,Idle,100,0,79.979,0,-0.1,395,25,-0.04
2026-01-01 03:00:30,Idle,Idle,100,0,79.979,0,-0.1,395,25,-0.04
2026-01-01 03:00:40,Idle,Idle,100,0,79.978,0,-0.1,395,25,-0.04
2026-01-01 03:00:50,Idle,Idle,100,0,79.978,0,-0.1,395,25,-0.04
2026-01-01 03:01:00,Idle,Idle,100,0,79.978,0,-0.1,395,25,-0.04
2026-01-01 03:01:10,Idle,Idle,100,0,79.978,0,-0.1,395,25,-0.04
2026-01-01 03:01:20,Idle,Idle,100,0,79.978,0,-0.1,395,25,-0.04
2026-01-01 03:01:30,Idle,Idle,100,0,79.978,0,-0.1,395,25,-0.04
2026-01-01 03:01:40,Idle,Idle,100,0,79.978,0,-0.1,395,25,-0.04
2026-01-01 03:01:50,Idle,Idle,100,0,79.978,0,-0.1,395,25,-0.04
2026-01-01 03:02:00,Idle,Idle,100,0,79.978,0,-0.1,395,25,-0.04
2026-01-01 03:02:10,Idle,Idle,100,0,79.978,0,-0.1,395,25,-0.04
2026-01-01 03:02:20,Idle,Idle,100,0,79.978,0,-0.1,395,25,-0.04
2026-01-01 03:02:30,Idle,Idle,100,0,79.978,0,-0.1,395,25,-0.04
2026-01-01 03:02:40,Idle,Idle,100,0,79.978,0,-0.1,395,25,-0.04
2026-01-01 03:02:50,Idle,Idle,100,0,79.978,0,-0.1,395,25,-0.04
2026-01-01 03:03:00,Idle,Idle,100,0,79.978,0,-0.1,395,25,-0.04
2026-01-01 03:03:10,Idle,Idle,100,0,79.978,0,-0.1,395,25,-0.04
2026-01-01 03:03:20,Idle,Idle,100,0,79.978,0,-0.1,395,25,-0.04
2026-01-01 03:03:30,Idle,Idle,100,0,79.978,0,-0.1,395,25,-0.04
2026-01-01 03:03:40,Idle,Idle,100,0,79.978,0,-0.1,395,25,-0.04
2026-01-01 03:03:50,Idle,Idle,100,0,79.978,0,-0.1,395,25,-0.04
2026-01-01 03:04:00,Idle,Idle,100,0,79.978,0,-0.1,395,25,-0.04
2026-01-01 03:04:10,Idle,Idle,100,0,79.978,0,-0.1,395,25,-0.04
2026-01-01 03:04:20,Idle,Idle,100,0,79.978,0,-0.1,395,25,-0.04
2026-01-01 03:04:30,Idle,Idle,100,0,79.978,0,-0.1,395,25,-0.04
2026-01-01 03:04:40,Idle,Idle,100,0,79.978,0,-0.1,395,25,-0.04
2026-01-01 03:04:50,Idle,Idle,100,0,79.978,0,-0.1,395,25,-0.04
2026-01-01 03:05:00,Idle,Idle,100,0,79.978,0,-0.1,395,25,-0.04
2026-01-01 03:05:10,Idle,Idle,100,0,79.978,0,-0.1,395,25,-0.04
2026-01-01 03:05:20,Idle,Idle,100,0,79.978,0,-0.1,395,25,-0.04
2026-01-01 03:05:30,Idle,Idle,100,0,79.978,0,-0.1,395,25,-0.04
2026-01-01 03:05:40,Idle,Idle,100,0,79.978,0,-0.1,395,25,-0.04
2026-01-01 03:05:50,Idle,Idle,100,0,79.978,0,-0.1,395,25,-0.04
2026-01-01 03:06:00,Idle,Idle,100,0,79.978,0,-0.1,395,25,-0.04
2026-01-01 03:06:10,Idle,Idle,100,0,79.978,0,-0.1,395,25,-0.04
2026-01-01 03:06:20,Idle,Idle,100,0,79.978,0,-0.1,395,25,-0.04
2026-01-01 03:06:30,Idle,Idle,100,0,79.978,0,-0.1,395,25,-0.04
2026-01-01 03:06:40,Idle,Idle,100,0,79.978,0,-0.1,395,25,-0.04
2026-01-01 03:06:50,Idle,Idle,100,0,79.978,0,-0.1,395,25,-0.04
2026-01-01 03:07:00,Idle,Idle,100,0,79.978,0,-0.1,395,25,-0.04
2026-01-01 03:07:10,Idle,Idle,100,0,79.978,0,-0.1,395,25,-0.04
2026-01-01 03:07:20,Idle,Idle,100,0,79.978,0,-0.1,395,25,-0.04
2026-01-01 03:07:30,Idle,Idle,100,0,79.978,0,-0.1,395,25,-0.04
2026-01-01 03:07:40,Idle,Idle,100,0,79.978,0,-0.1,395,25,-0.04
2026-01-01 03:07:50,Idle,Idle,100,0,79.978,0,-0.1,395,25,-0.04
2026-01-01 03:08:00,Idle,Idle,100,0,79.978,0,-0.1,395,25,-0.04
2026-01-01 03:08:10,Idle,Idle,100,0,79.978,0,-0.1,395,25,-0.04
2026-01-01 03:08:20,Idle,Idle,100,0,79.978,0,-0.1,395,25,-0.04
2026-01-01 03:08:30,Idle,Idle,100,0,79.978,0,-0.1,395,25,-0.04
2026-01-01 03:08:40,Idle,Idle,100,0,79.978,0,-0.1,395,25,-0.04
2026-01-01 03:08:50,Idle,Idle,100,0,79.978,0,-0.1,395,25,-0.04
2026-01-01 03:09:00,Idle,Idle,100,0,79.977,0,-0.1,395,25,-0.04
2026-01-01 03:09:10,Idle,Idle,100,0,79.977,0,-0.1,395,25,-0.04
2026-01-01 03:09:20,Idle,Idle,100,0,79.977,0,-0.1,395,25,-0.04
2026-01-01 03:09:30,Idle,Idle,100,0,79.977,0,-0.1,395,25,-0.04
2026-01-01 03:09:40,Idle,Idle,100,0,79.977,0,-0.1,395,25,-0.04
2026-01-01 03:09:50,Idle,Idle,100,0,79.977,0,-0.1,395,25,-0.04
2026-01-01 03:10:00,Idle,Idle,100,0,79.977,0,-0.1,395,25,-0.04
2026-01-01 03:10:10,Idle,Idle,100,0,79.977,0,-0.1,395,25,-0.04
2026-01-01 03:10:20,Idle,Idle,100,0,79.977,0,-0.1,395,25,-0.04
2026-01-01 03:10:30,Idle,Idle,100,0,79.977,0,-0.1,395,25,-0.04
2026-01-01 03:10:40,Idle,Idle,100,0,79.977,0,-0.1,395,25,-0.04
2026-01-01 03:10:50,Idle,Idle,100,0,79.977,0,-0.1,395,25,-0.04
2026-01-01 03:11:00,Idle,Idle,100,0,79.977,0,-0.1,395,25,-0.04
2026-01-01 03:11:10,Idle,Idle,100,0,79.977,0,-0.1,395,25,-0.04
2026-01-01 03:11:20,Idle,Idle,100,0,79.977,0,-0.1,395,25,-0.04
2026-01-01 03:11:30,Idle,Idle,100,0,79.977,0,-0.1,395,25,-0.04
2026-01-01 03:11:40,Idle,Idle,100,0,79.977,0,-0.1,395,25,-0.04
2026-01-01 03:11:50,Idle,Idle,100,0,79.977,0,-0.1,395,25,-0.04
2026-01-01 03:12:00,Idle,Idle,100,0,79.977,0,-0.1,395,25,-0.04
2026-01-01 03:12:10,Idle,Idle,100,0,79.977,0,-0.1,395,25,-0.04
2026-01-01 03:12:20,Idle,Idle,100,0,79.977,0,-0.1,395,25,-0.04
2026-01-01 03:12:30,Idle,Idle,100,0,79.977,0,-0.1,395,25,-0.04
2026-01-01 03:12:40,Idle,Idle,100,0,79.977,0,-0.1,395,25,-0.04
2026-01-01 03:12:50,Idle,Idle,100,0,79.977,0,-0.1,395,25,-0.04
2026-01-01 03:13:00,Idle,Idle,100,0,79.977,0,-0.1,395,25,-0.04
2026-01-01 03:13:10,Idle,Idle,100,0,79.977,0,-0.1,395,25,-0.04
2026-01-01 03:13:20,Idle,Idle,100,0,79.977,0,-0.1,395,25,-0.04
2026-01-01 03:13:30,Idle,Idle,100,0,79.977,0,-0.1,395,25,-0.04
2026-01-01 03:13:40,Idle,Idle,100,0,79.977,0,-0.1,395,25,-0.04
2026-01-01 03:13:50,Idle,Idle,100,0,79.977,0,-0.1,395,25,-0.04
2026-01-01 03:14:00,Idle,Idle,100,0,79.977,0,-0.1,395,25,-0.04
2026-01-01 03:14:10,Idle,Idle,100,0,79.977,0,-0.1,395,25,-0.04
2026-01-01 03:14:20,Idle,Idle,100,0,79.977,0,-0.1,395,25,-0.04
2026-01-01 03:14:30,Idle,Idle,100,0,79.977,0,-0.1,395,25,-0.04
2026-01-01 03:14:40,Idle,Idle,100,0,79.977,0,-0.1,395,25,-0.04
2026-01-01 03:14:50,Idle,Idle,100,0,79.977,0,-0.1,395,25,-0.04
2026-01-01 03:15:00,Idle,Idle,100,0,79.977,0,-0.1,395,25,-0.04
2026-01-01 03:15:10,Idle,Idle,100,0,79.977,0,-0.1,395,25,-0.04
2026-01-01 03:15:20,Idle,Idle,100,0,79.977,0,-0.1,395,25,-0.04
2026-01-01 03:15:30,Idle,Idle,100,0,79.977,0,-0.1,395,25,-0.04
2026-01-01 03:15:40,Idle,Idle,100,0,79.977,0,-0.1,395,25,-0.04
2026-01-01 03:15:50,Idle,Idle,100,0,79.977,0,-0.1,395,25,-0.04
2026-01-01 03:16:00,Idle,Idle,100,0,79.977,0,-0.1,395,25,-0.04
2026-01-01 03:16:10,Idle,Idle,100,0,79.977,0,-0.1,395,25,-0.04
2026-01-01 03:16:20,Idle,Idle,100,0,79.977,0,-0.1,395,25,-0.04
2026-01-01 03:16:30,Idle,Idle,100,0,79.977,0,-0.1,395,25,-0.04
2026-01-01 03:16:40,Idle,Idle,100,0,79.977,0,-0.1,395,25,-0.04
2026-01-01 03:16:50,Idle,Idle,100,0,79.977,0,-0.1,395,25,-0.04
2026-01-01 03:17:00,Idle,Idle,100,0,79.977,0,-0.1,395,25,-0.04
2026-01-01 03:17:10,Idle,Idle,100,0,79.977,0,-0.1,395,25,-0.04
2026-01-01 03:17:20,Idle,Idle,100,0,79.976,0,-0.1,395,25,-0.04
2026-01-01 03:17:30,Idle,Idle,100,0,79.976,0,-0.1,395,25,-0.04
2026-01-01 03:17:40,Idle,Idle,100,0,79.976,0,-0.1,395,25,-0.04
2026-01-01 03:17:50,Idle,Idle,100,0,79.976,0,-0.1,395,25,-0.04
2026-01-01 03:18:00,Idle,Idle,100,0,79.976,0,-0.1,395,25,-0.04
2026-01-01 03:18:10,Idle,Idle,100,0,79.976,0,-0.1,395,25,-0.04
2026-01-01 03:18:20,Idle,Idle,100,0,79.976,0,-0.1,395,25,-0.04
2026-01-01 03:18:30,Idle,Idle,100,0,79.976,0,-0.1,395,25,-0.04
2026-01-01 03:18:40,Idle,Idle,100,0,79.976,0,-0.1,395,25,-0.04
2026-01-01 03:18:50,Idle,Idle,100,0,79.976,0,-0.1,395,25,-0.04
2026-01-01 03:19:00,Idle,Idle,100,0,79.976,0,-0.1,395,25,-0.04
2026-01-01 03:19:10,Idle,Idle,100,0,79.976,0,-0.1,395,25,-0.04
2026-01-01 03:19:20,Idle,Idle,100,0,79.976,0,-0.1,395,25,-0.04
2026-01-01 03:19:30,Idle,Idle,100,0,79.976,0,-0.1,395,25,-0.04
2026-01-01 03:19:40,Idle,Idle,100,0,79.976,0,-0.1,395,25,-0.04
2026-01-01 03:19:50,Idle,Idle,100,0,79.976,0,-0.1,395,25,-0.04
2026-01-01 03:20:00,Idle,Idle,100,0,79.976,0,-0.1,395,25,-0.04
2026-01-01 03:20:10,Idle,Idle,100,0,79.976,0,-0.1,395,25,-0.04
2026-01-01 03:20:20,Idle,Idle,100,0,79.976,0,-0.1,395,25,-0.04
2026-01-01 03:20:30,Idle,Idle,100,0,79.976,0,-0.1,395,25,-0.04
2026-01-01 03:20:40,Idle,Idle,100,0,79.976,0,-0.1,395,25,-0.04
2026-01-01 03:20:50,Idle,Idle,100,0,79.976,0,-0.1,395,25,-0.04
2026-01-01 03:21:00,Idle,Idle,100,0,79.976,0,-0.1,395,25,-0.04
2026-01-01 03:21:10,Idle,Idle,100,0,79.976,0,-0.1,395,25,-0.04
2026-01-01 03:21:20,Idle,Idle,100,0,79.976,0,-0.1,395,25,-0.04
2026-01-01 03:21:30,Idle,Idle,100,0,79.976,0,-0.1,395,25,-0.04
2026-01-01 03:21:40,Idle,Idle,100,0,79.976,0,-0.1,395,25,-0.04
2026-01-01 03:21:50,Idle,Idle,100,0,79.976,0,-0.1,395,25,-0.04
2026-01-01 03:22:00,Idle,Idle,100,0,79.976,0,-0.1,395,25,-0.04
2026-01-01 03:22:10,Idle,Idle,100,0,79.976,0,-0.1,395,25,-0.04
2026-01-01 03:22:20,Idle,Idle,100,0,79.976,0,-0.1,395,25,-0.04
2026-01-01 03:22:30,Idle,Idle,100,0,79.976,0,-0.1,395,25,-0.04
2026-01-01 03:22:40,Idle,Idle,100,0,79.976,0,-0.1,395,25,-0.04
2026-01-01 03:22:50,Idle,Idle,100,0,79.976,0,-0.1,395,25,-0.04
2026-01-01 03:23:00,Idle,Idle,100,0,79.976,0,-0.1,395,25,-0.04
2026-01-01 03:23:10,Idle,Idle,100,0,79.976,0,-0.1,395,25,-0.04
2026-01-01 03:23:20,Idle,Idle,100,0,79.976,0,-0.1,395,25,-0.04
2026-01-01 03:23:30,Idle,Idle,100,0,79.976,0,-0.1,395,25,-0.04
2026-01-01 03:23:40,Idle,Idle,100,0,79.976,0,-0.1,395,25,-0.04
2026-01-01 03:23:50,Idle,Idle,100,0,79.976,0,-0.1,395,25,-0.04
2026-01-01 03:24:00,Idle,Idle,100,0,79.976,0,-0.1,395,25,-0.04
2026-01-01 03:24:10,Idle,Idle,100,0,79.976,0,-0.1,395,25,-0.04
2026-01-01 03:24:20,Idle,Idle,100,0,79.976,0,-0.1,395,25,-0.04
2026-01-01 03:24:30,Idle,Idle,100,0,79.976,0,-0.1,395,25,-0.04
2026-01-01 03:24:40,Idle,Idle,100,0,79.976,0,-0.1,395,25,-0.04
2026-01-01 03:24:50,Idle,Idle,100,0,79.976,0,-0.1,395,25,-0.04
2026-01-01 03:25:00,Idle,Idle,100,0,79.976,0,-0.1,395,25,-0.04
2026-01-01 03:25:10,Idle,Idle,100,0,79.976,0,-0.1,395,25,-0.04
2026-01-01 03:25:20,Idle,Idle,100,0,79.976,0,-0.1,395,25,-0.04
2026-01-01 03:25:30,Idle,Idle,100,0,79.976,0,-0.1,395,25,-0.04
2026-01-01 03:25:40,Idle,Idle,100,0,79.976,0,-0.1,395,25,-0.04
2026-01-01 03:25:50,Idle,Idle,100,0,79.975,0,-0.1,395,25,-0.04
2026-01-01 03:26:00,Idle,Idle,100,0,79.975,0,-0.1,395,25,-0.04
2026-01-01 03:26:10,Idle,Idle,100,0,79.975,0,-0.1,395,25,-0.04
2026-01-01 03:26:20,Idle,Idle,100,0,79.975,0,-0.1,395,25,-0.04
2026-01-01 03:26:30,Idle,Idle,100,0,79.975,0,-0.1,395,25,-0.04
2026-01-01 03:26:40,Idle,Idle,100,0,79.975,0,-0.1,395,25,-0.04
2026-01-01 03:26:50,Idle,Idle,100,0,79.975,0,-0.1,395,25,-0.04
2026-01-01 03:27:00,Idle,Idle,100,0,79.975,0,-0.1,395,25,-0.04
2026-01-01 03:27:10,Idle,Idle,100,0,79.975,0,-0.1,395,25,-0.04
2026-01-01 03:27:20,Idle,Idle,100,0,79.975,0,-0.1,395,25,-0.04
2026-01-01 03:27:30,Idle,Idle,100,0,79.975,0,-0.1,395,25,-0.04
2026-01-01 03:27:40,Idle,Idle,100,0,79.975,0,-0.1,395,25,-0.04
2026-01-01 03:27:50,Idle,Idle,100,0,79.975,0,-0.1,395,25,-0.04
2026-01-01 03:28:00,Idle,Idle,100,0,79.975,0,-0.1,395,25,-0.04
2026-01-01 03:28:10,Idle,Idle,100,0,79.975,0,-0.1,395,25,-0.04
2026-01-01 03:28:20,Idle,Idle,100,0,79.975,0,-0.1,395,25,-0.04
2026-01-01 03:28:30,Idle,Idle,100,0,79.975,0,-0.1,395,25,-0.04
2026-01-01 03:28:40,Idle,Idle,100,0,79.975,0,-0.1,395,25,-0.04
2026-01-01 03:28:50,Idle,Idle,100,0,79.975,0,-0.1,395,25,-0.04
2026-01-01 03:29:00,Idle,Idle,100,0,79.975,0,-0.1,395,25,-0.04
2026-01-01 03:29:10,Idle,Idle,100,0,79.975,0,-0.1,395,25,-0.04
2026-01-01 03:29:20,Idle,Idle,100,0,79.975,0,-0.1,395,25,-0.04
2026-01-01 03:29:30,Idle,Idle,100,0,79.975,0,-0.1,395,25,-0.04
2026-01-01 03:29:40,Idle,Idle,100,0,79.975,0,-0.1,395,25,-0.04
2026-01-01 03:29:50,Idle,Idle,100,0,79.975,0,-0.1,395,25,-0.04
2026-01-01 03:30:00,Idle,Idle,100,0,79.975,0,-0.1,395,25,-0.04
2026-01-01 03:30:10,Idle,Idle,100,0,79.975,0,-0.1,395,25,-0.04
2026-01-01 03:30:20,Idle,Idle,100,0,79.975,0,-0.1,395,25,-0.04
2026-01-01 03:30:30,Idle,Idle,100,0,79.975,0,-0.1,395,25,-0.04
2026-01-01 03:30:40,Idle,Idle,100,0,79.975,0,-0.1,395,25,-0.04
2026-01-01 03:30:50,Idle,Idle,100,0,79.975,0,-0.1,395,25,-0.04
2026-01-01 03:31:00,Idle,Idle,100,0,79.975,0,-0.1,395,25,-0.04
2026-01-01 03:31:10,Idle,Idle,100,0,79.975,0,-0.1,395,25,-0.04
2026-01-01 03:31:20,Idle,Idle,100,0,79.975,0,-0.1,395,25,-0.04
2026-01-01 03:31:30,Idle,Idle,100,0,79.975,0,-0.1,395,25,-0.04
2026-01-01 03:31:40,Idle,Idle,100,0,79.975,0,-0.1,395,25,-0.04
2026-01-01 03:31:50,Idle,Idle,100,0,79.975,0,-0.1,395,25,-0.04
2026-01-01 03:32:00,Idle,Idle,100,0,79.975,0,-0.1,395,25,-0.04
2026-01-01 03:32:10,Idle,Idle,100,0,79.975,0,-0.1,395,25,-0.04
2026-01-01 03:32:20,Idle,Idle,100,0,79.975,0,-0.1,395,25,-0.04
2026-01-01 03:32:30,Idle,Idle,100,0,79.975,0,-0.1,395,25,-0.04
2026-01-01 03:32:40,Idle,Idle,100,0,79.975,0,-0.1,395,25,-0.04
2026-01-01 03:32:50,Idle,Idle,100,0,79.975,0,-0.1,395,25,-0.04
2026-01-01 03:33:00,Idle,Idle,100,0,79.975,0,-0.1,395,25,-0.04
2026-01-01 03:33:10,Idle,Idle,100,0,79.975,0,-0.1,395,25,-0.04
2026-01-01 03:33:20,Idle,Idle,100,0,79.975,0,-0.1,395,25,-0.04
2026-01-01 03:33:30,Idle,Idle,100,0,79.975,0,-0.1,395,25,-0.04
2026-01-01 03:33:40,Idle,Idle,100,0,79.975,0,-0.1,395,25,-0.04
2026-01-01 03:33:50,Idle,Idle,100,0,79.975,0,-0.1,395,25,-0.04
2026-01-01 03:34:00,Idle,Idle,100,0,79.975,0,-0.1,395,25,-0.04
2026-01-01 03:34:10,Idle,Idle,100,0,79.974,0,-0.1,395,25,-0.04
2026-01-01 03:34:20,Idle,Idle,100,0,79.974,0,-0.1,395,25,-0.04
2026-01-01 03:34:30,Idle,Idle,100,0,79.974,0,-0.1,395,25,-0.04
2026-01-01 03:34:40,Idle,Idle,100,0,79.974,0,-0.1,395,25,-0.04
2026-01-01 03:34:50,Idle,Idle,100,0,79.974,0,-0.1,395,25,-0.04
2026-01-01 03:35:00,Idle,Idle,100,0,79.974,0,-0.1,395,25,-0.04
2026-01-01 03:35:10,Idle,Idle,100,0,79.974,0,-0.1,395,25,-0.04
2026-01-01 03:35:20,Idle,Idle,100,0,79.974,0,-0.1,395,25,-0.04
2026-01-01 03:35:30,Idle,Idle,100,0,79.974,0,-0.1,395,25,-0.04
2026-01-01 03:35:40,Idle,Idle,100,0,79.974,0,-0.1,395,25,-0.04
2026-01-01 03:35:50,Idle,Idle,100,0,79.974,0,-0.1,395,25,-0.04
2026-01-01 03:36:00,Idle,Idle,100,0,79.974,0,-0.1,395,25,-0.04
2026-01-01 03:36:10,Idle,Idle,100,0,79.974,0,-0.1,395,25,-0.04
2026-01-01 03:36:20,Idle,Idle,100,0,79.974,0,-0.1,395,25,-0.04
2026-01-01 03:36:30,Idle,Idle,100,0,79.974,0,-0.1,395,25,-0.04
2026-01-01 03:36:40,Idle,Idle,100,0,79.974,0,-0.1,395,25,-0.04
2026-01-01 03:36:50,Idle,Idle,100,0,79.974,0,-0.1,395,25,-0.04
2026-01-01 03:37:00,Idle,Idle,100,0,79.974,0,-0.1,395,25,-0.04
2026-01-01 03:37:10,Idle,Idle,100,0,79.974,0,-0.1,395,25,-0.04
2026-01-01 03:37:20,Idle,Idle,100,0,79.974,0,-0.1,395,25,-0.04
2026-01-01 03:37:30,Idle,Idle,100,0,79.974,0,-0.1,395,25,-0.04
2026-01-01 03:37:40,Idle,Idle,100,0,79.974,0,-0.1,395,25,-0.04
2026-01-01 03:37:50,Idle,Idle,100,0,79.974,0,-0.1,395,25,-0.04
2026-01-01 03:38:00,Idle,Idle,100,0,79.974,0,-0.1,395,25,-0.04
2026-01-01 03:38:10,Idle,Idle,100,0,79.974,0,-0.1,395,25,-0.04
2026-01-01 03:38:20,Idle,Idle,100,0,79.974,0,-0.1,395,25,-0.04
2026-01-01 03:38:30,Idle,Idle,100,0,79.974,0,-0.1,395,25,-0.04
2026-01-01 03:38:40,Idle,Idle,100,0,79.974,0,-0.1,395,25,-0.04
2026-01-01 03:38:50,Idle,Idle,100,0,79.974,0,-0.1,395,25,-0.04
2026-01-01 03:39:00,Idle,Idle,100,0,79.974,0,-0.1,395,25,-0.04
2026-01-01 03:39:10,Idle,Idle,100,0,79.974,0,-0.1,395,25,-0.04
2026-01-01 03:39:20,Idle,Idle,100,0,79.974,0,-0.1,395,25,-0.04
2026-01-01 03:39:30,Idle,Idle,100,0,79.974,0,-0.1,395,25,-0.04
2026-01-01 03:39:40,Idle,Idle,100,0,79.974,0,-0.1,395,25,-0.04
2026-01-01 03:39:50,Idle,Idle,100,0,79.974,0,-0.1,395,25,-0.04
2026-01-01 03:40:00,Idle,Idle,100,0,79.974,0,-0.1,395,25,-0.04
2026-01-01 03:40:10,Idle,Idle,100,0,79.974,0,-0.1,395,25,-0.04
2026-01-01 03:40:20,Idle,Idle,100,0,79.974,0,-0.1,395,25,-0.04
2026-01-01 03:40:30,Idle,Idle,100,0,79.974,0,-0.1,395,25,-0.04
2026-01-01 03:40:40,Idle,Idle,100,0,79.974,0,-0.1,395,25,-0.04
2026-01-01 03:40:50,Idle,Idle,100,0,79.974,0,-0.1,395,25,-0.04
2026-01-01 03:41:00,Idle,Idle,100,0,79.974,0,-0.1,395,25,-0.04
2026-01-01 03:41:10,Idle,Idle,100,0,79.974,0,-0.1,395,25,-0.04
2026-01-01 03:41:20,Idle,Idle,100,0,79.974,0,-0.1,395,25,-0.04
2026-01-01 03:41:30,Idle,Idle,100,0,79.974,0,-0.1,395,25,-0.04
2026-01-01 03:41:40,Idle,Idle,100,0,79.974,0,-0.1,395,25,-0.04
2026-01-01 03:41:50,Idle,Idle,100,0,79.974,0,-0.1,395,25,-0.04
2026-01-01 03:42:00,Idle,Idle,100,0,79.974,0,-0.1,395,25,-0.04
2026-01-01 03:42:10,Idle,Idle,100,0,79.974,0,-0.1,395,25,-0.04
2026-01-01 03:42:20,Idle,Idle,100,0,79.974,0,-0.1,395,25,-0.04
2026-01-01 03:42:30,Idle,Idle,100,0,79.974,0,-0.1,395,25,-0.04
2026-01-01 03:42:40,Idle,Idle,100,0,79.973,0,-0.1,395,25,-0.04
2026-01-01 03:42:50,Idle,Idle,100,0,79.973,0,-0.1,395,25,-0.04
2026-01-01 03:43:00,Idle,Idle,100,0,79.973,0,-0.1,395,25,-0.04
2026-01-01 03:43:10,Idle,Idle,100,0,79.973,0,-0.1,395,25,-0.04
2026-01-01 03:43:20,Idle,Idle,100,0,79.973,0,-0.1,395,25,-0.04
2026-01-01 03:43:30,Idle,Idle,100,0,79.973,0,-0.1,395,25,-0.04
2026-01-01 03:43:40,Idle,Idle,100,0,79.973,0,-0.1,395,25,-0.04
2026-01-01 03:43:50,Idle,Idle,100,0,79.973,0,-0.1,395,25,-0.04
2026-01-01 03:44:00,Idle,Idle,100,0,79.973,0,-0.1,395,25,-0.04
2026-01-01 03:44:10,Idle,Idle,100,0,79.973,0,-0.1,395,25,-0.04
2026-01-01 03:44:20,Idle,Idle,100,0,79.973,0,-0.1,395,25,-0.04
2026-01-01 03:44:30,Idle,Idle,100,0,79.973,0,-0.1,395,25,-0.04
2026-01-01 03:44:40,Idle,Idle,100,0,79.973,0,-0.1,395,25,-0.04
2026-01-01 03:44:50,Idle,Idle,100,0,79.973,0,-0.1,395,25,-0.04
2026-01-01 03:45:00,Idle,Idle,100,0,79.973,0,-0.1,395,25,-0.04
2026-01-01 03:45:10,Idle,Idle,100,0,79.973,0,-0.1,395,25,-0.04
2026-01-01 03:45:20,Idle,Idle,100,0,79.973,0,-0.1,395,25,-0.04
2026-01-01 03:45:30,Idle,Idle,100,0,79.973,0,-0.1,395,25,-0.04
2026-01-01 03:45:40,Idle,Idle,100,0,79.973,0,-0.1,395,25,-0.04
2026-01-01 03:45:50,Idle,Idle,100,0,79.973,0,-0.1,395,25,-0.04
2026-01-01 03:46:00,Idle,Idle,100,0,79.973,0,-0.1,395,25,-0.04
2026-01-01 03:46:10,Idle,Idle,100,0,79.973,0,-0.1,395,25,-0.04
2026-01-01 03:46:20,Idle,Idle,100,0,79.973,0,-0.1,395,25,-0.04
2026-01-01 03:46:30,Idle,Idle,100,0,79.973,0,-0.1,395,25,-0.04
2026-01-01 03:46:40,Idle,Idle,100,0,79.973,0,-0.1,395,25,-0.04
2026-01-01 03:46:50,Idle,Idle,100,0,79.973,0,-0.1,395,25,-0.04
2026-01-01 03:47:00,Idle,Idle,100,0,79.973,0,-0.1,395,25,-0.04
2026-01-01 03:47:10,Idle,Idle,100,0,79.973,0,-0.1,395,25,-0.04
2026-01-01 03:47:20,Idle,Idle,100,0,79.973,0,-0.1,395,25,-0.04
2026-01-01 03:47:30,Idle,Idle,100,0,79.973,0,-0.1,395,25,-0.04
2026-01-01 03:47:40,Idle,Idle,100,0,79.973,0,-0.1,395,25,-0.04
2026-01-01 03:47:50,Idle,Idle,100,0,79.973,0,-0.1,395,25,-0.04
2026-01-01 03:48:00,Idle,Idle,100,0,79.973,0,-0.1,395,25,-0.04
2026-01-01 03:48:10,Idle,Idle,100,0,79.973,0,-0.1,395,25,-0.04
2026-01-01 03:48:20,Idle,Idle,100,0,79.973,0,-0.1,395,25,-0.04
2026-01-01 03:48:30,Idle,Idle,100,0,79.973,0,-0.1,395,25,-0.04
2026-01-01 03:48:40,Idle,Idle,100,0,79.973,0,-0.1,395,25,-0.04
2026-01-01 03:48:50,Idle,Idle,100,0,79.973,0,-0.1,395,25,-0.04
2026-01-01 03:49:00,Idle,Idle,100,0,79.973,0,-0.1,395,25,-0.04
2026-01-01 03:49:10,Idle,Idle,100,0,79.973,0,-0.1,395,25,-0.04
2026-01-01 03:49:20,Idle,Idle,100,0,79.973,0,-0.1,395,25,-0.04
2026-01-01 03:49:30,Idle,Idle,100,0,79.973,0,-0.1,395,25,-0.04
2026-01-01 03:49:40,Idle,Idle,100,0,79.973,0,-0.1,395,25,-0.04
2026-01-01 03:49:50,Idle,Idle,100,0,79.973,0,-0.1,395,25,-0.04
2026-01-01 03:50:00,Idle,Idle,100,0,79.973,0,-0.1,395,25,-0.04
2026-01-01 03:50:10,Idle,Idle,100,0,79.973,0,-0.1,395,25,-0.04
2026-01-01 03:50:20,Idle,Idle,100,0,79.973,0,-0.1,395,25,-0.04
2026-01-01 03:50:30,Idle,Idle,100,0,79.973,0,-0.1,395,25,-0.04
2026-01-01 03:50:40,Idle,Idle,100,0,79.973,0,-0.1,395,25,-0.04
2026-01-01 03:50:50,Idle,Idle,100,0,79.973,0,-0.1,395,25,-0.04
2026-01-01 03:51:00,Idle,Idle,100,0,79.972,0,-0.1,395,25,-0.04
2026-01-01 03:51:10,Idle,Idle,100,0,79.972,0,-0.1,395,25,-0.04
2026-01-01 03:51:20,Idle,Idle,100,0,79.972,0,-0.1,395,25,-0.04
2026-01-01 03:51:30,Idle,Idle,100,0,79.972,0,-0.1,395,25,-0.04
2026-01-01 03:51:40,Idle,Idle,100,0,79.972,0,-0.1,395,25,-0.04
2026-01-01 03:51:50,Idle,Idle,100,0,79.972,0,-0.1,395,25,-0.04
2026-01-01 03:52:00,Idle,Idle,100,0,79.972,0,-0.1,395,25,-0.04
2026-01-01 03:52:10,Idle,Idle,100,0,79.972,0,-0.1,395,25,-0.04
2026-01-01 03:52:20,Idle,Idle,100,0,79.972,0,-0.1,395,25,-0.04
2026-01-01 03:52:30,Idle,Idle,100,0,79.972,0,-0.1,395,25,-0.04
2026-01-01 03:52:40,Idle,Idle,100,0,79.972,0,-0.1,395,25,-0.04
2026-01-01 03:52:50,Idle,Idle,100,0,79.972,0,-0.1,395,25,-0.04
2026-01-01 03:53:00,Idle,Idle,100,0,79.972,0,-0.1,395,25,-0.04
2026-01-01 03:53:10,Idle,Idle,100,0,79.972,0,-0.1,395,25,-0.04
2026-01-01 03:53:20,Idle,Idle,100,0,79.972,0,-0.1,395,25,-0.04
2026-01-01 03:53:30,Idle,Idle,100,0,79.972,0,-0.1,395,25,-0.04
2026-01-01 03:53:40,Idle,Idle,100,0,79.972,0,-0.1,395,25,-0.04
2026-01-01 03:53:50,Idle,Idle,100,0,79.972,0,-0.1,395,25,-0.04
2026-01-01 03:54:00,Idle,Idle,100,0,79.972,0,-0.1,395,25,-0.04
2026-01-01 03:54:10,Idle,Idle,100,0,79.972,0,-0.1,395,25,-0.04
2026-01-01 03:54:20,Idle,Idle,100,0,79.972,0,-0.1,395,25,-0.04
2026-01-01 03:54:30,Idle,Idle,100,0,79.972,0,-0.1,395,25,-0.04
2026-01-01 03:54:40,Idle,Idle,100,0,79.972,0,-0.1,395,25,-0.04
2026-01-01 03:54:50,Idle,Idle,100,0,79.972,0,-0.1,395,25,-0.04
2026-01-01 03:55:00,Idle,Idle,100,0,79.972,0,-0.1,395,25,-0.04
2026-01-01 03:55:10,Idle,Idle,100,0,79.972,0,-0.1,395,25,-0.04
2026-01-01 03:55:20,Idle,Idle,100,0,79.972,0,-0.1,395,25,-0.04
2026-01-01 03:55:30,Idle,Idle,100,0,79.972,0,-0.1,395,25,-0.04
2026-01-01 03:55:40,Idle,Idle,100,0,79.972,0,-0.1,395,25,-0.04
2026-01-01 03:55:50,Idle,Idle,100,0,79.972,0,-0.1,395,25,-0.04
2026-01-01 03:56:00,Idle,Idle,100,0,79.972,0,-0.1,395,25,-0.04
2026-01-01 03:56:10,Idle,Idle,100,0,79.972,0,-0.1,395,25,-0.04
2026-01-01 03:56:20,Idle,Idle,100,0,79.972,0,-0.1,395,25,-0.04
2026-01-01 03:56:30,Idle,Idle,100,0,79.972,0,-0.1,395,25,-0.04
2026-01-01 03:56:40,Idle,Idle,100,0,79.972,0,-0.1,395,25,-0.04
2026-01-01 03:56:50,Idle,Idle,100,0,79.972,0,-0.1,395,25,-0.04
2026-01-01 03:57:00,Idle,Idle,100,0,79.972,0,-0.1,395,25,-0.04
2026-01-01 03:57:10,Idle,Idle,100,0,79.972,0,-0.1,395,25,-0.04
2026-01-01 03:57:20,Idle,Idle,100,0,79.972,0,-0.1,395,25,-0.04
2026-01-01 03:57:30,Idle,Idle,100,0,79.972,0,-0.1,395,25,-0.04
2026-01-01 03:57:40,Idle,Idle,100,0,79.972,0,-0.1,395,25,-0.04
2026-01-01 03:57:50,Idle,Idle,100,0,79.972,0,-0.1,395,25,-0.04
2026-01-01 03:58:00,Idle,Idle,100,0,79.972,0,-0.1,395,25,-0.04
2026-01-01 03:58:10,Idle,Idle,100,0,79.972,0,-0.1,395,25,-0.04
2026-01-01 03:58:20,Idle,Idle,100,0,79.972,0,-0.1,395,25,-0.04
2026-01-01 03:58:30,Idle,Idle,100,0,79.972,0,-0.1,395,25,-0.04
2026-01-01 03:58:40,Idle,Idle,100,0,79.972,0,-0.1,395,25,-0.04
2026-01-01 03:58:50,Idle,Idle,100,0,79.972,0,-0.1,395,25,-0.04
2026-01-01 03:59:00,Idle,Idle,100,0,79.972,0,-0.1,395,25,-0.04
2026-01-01 03:59:10,Idle,Idle,100,0,79.972,0,-0.1,395,25,-0.04
2026-01-01 03:59:20,Idle,Idle,100,0,79.971,0,-0.1,395,25,-0.04
2026-01-01 03:59:30,Idle,Idle,100,0,79.971,0,-0.1,395,25,-0.04
2026-01-01 03:59:40,Idle,Idle,100,0,79.971,0,-0.1,395,25,-0.04
2026-01-01 03:59:50,Idle,Idle,100,0,79.971,0,-0.1,395,25,-0.04
2026-01-01 04:00:00,Idle,Idle,100,0,79.971,0,-0.1,395,25,-0.04
2026-01-01 04:00:10,Idle,Idle,100,0,79.971,0,-0.1,395,25,-0.04
2026-01-01 04:00:20,Idle,Idle,100,0,79.971,0,-0.1,395,25,-0.04
2026-01-01 04:00:30,Idle,Idle,100,0,79.971,0,-0.1,395,25,-0.04
2026-01-01 04:00:40,Idle,Idle,100,0,79.971,0,-0.1,395,25,-0.04
2026-01-01 04:00:50,Idle,Idle,100,0,79.971,0,-0.1,395,25,-0.04
2026-01-01 04:01:00,Idle,Idle,100,0,79.971,0,-0.1,395,25,-0.04
2026-01-01 04:01:10,Idle,Idle,100,0,79.971,0,-0.1,395,25,-0.04
2026-01-01 04:01:20,Idle,Idle,100,0,79.971,0,-0.1,395,25,-0.04
2026-01-01 04:01:30,Idle,Idle,100,0,79.971,0,-0.1,395,25,-0.04
2026-01-01 04:01:40,Idle,Idle,100,0,79.971,0,-0.1,395,25,-0.04
2026-01-01 04:01:50,Idle,Idle,100,0,79.971,0,-0.1,395,25,-0.04
2026-01-01 04:02:00,Idle,Idle,100,0,79.971,0,-0.1,395,25,-0.04
2026-01-01 04:02:10,Idle,Idle,100,0,79.971,0,-0.1,395,25,-0.04
2026-01-01 04:02:20,Idle,Idle,100,0,79.971,0,-0.1,395,25,-0.04
2026-01-01 04:02:30,Idle,Idle,100,0,79.971,0,-0.1,395,25,-0.04
2026-01-01 04:02:40,Idle,Idle,100,0,79.971,0,-0.1,395,25,-0.04
2026-01-01 04:02:50,Idle,Idle,100,0,79.971,0,-0.1,395,25,-0.04
2026-01-01 04:03:00,Idle,Idle,100,0,79.971,0,-0.1,395,25,-0.04
2026-01-01 04:03:10,Idle,Idle,100,0,79.971,0,-0.1,395,25,-0.04
2026-01-01 04:03:20,Idle,Idle,100,0,79.971,0,-0.1,395,25,-0.04
2026-01-01 04:03:30,Idle,Idle,100,0,79.971,0,-0.1,395,25,-0.04
2026-01-01 04:03:40,Idle,Idle,100,0,79.971,0,-0.1,395,25,-0.04
2026-01-01 04:03:50,Idle,Idle,100,0,79.971,0,-0.1,395,25,-0.04
2026-01-01 04:04:00,Idle,Idle,100,0,79.971,0,-0.1,395,25,-0.04
2026-01-01 04:04:10,Idle,Idle,100,0,79.971,0,-0.1,395,25,-0.04
2026-01-01 04:04:20,Idle,Idle,100,0,79.971,0,-0.1,395,25,-0.04
2026-01-01 04:04:30,Idle,Idle,100,0,79.971,0,-0.1,395,25,-0.04
2026-01-01 04:04:40,Idle,Idle,100,0,79.971,0,-0.1,395,25,-0.04
2026-01-01 04:04:50,Idle,Idle,100,0,79.971,0,-0.1,395,25,-0.04
2026-01-01 04:05:00,Idle,Idle,100,0,79.971,0,-0.1,395,25,-0.04
2026-01-01 04:05:10,Idle,Idle,100,0,79.971,0,-0.1,395,25,-0.04
2026-01-01 04:05:20,Idle,Idle,100,0,79.971,0,-0.1,395,25,-0.04
2026-01-01 04:05:30,Idle,Idle,100,0,79.971,0,-0.1,395,25,-0.04
2026-01-01 04:05:40,Idle,Idle,100,0,79.971,0,-0.1,395,25,-0.04
2026-01-01 04:05:50,Idle,Idle,100,0,79.971,0,-0.1,395,25,-0.04
2026-01-01 04:06:00,Idle,Idle,100,0,79.971,0,-0.1,395,25,-0.04
2026-01-01 04:06:10,Idle,Idle,100,0,79.971,0,-0.1,395,25,-0.04
2026-01-01 04:06:20,Idle,Idle,100,0,79.971,0,-0.1,395,25,-0.04
2026-01-01 04:06:30,Idle,Idle,100,0,79.971,0,-0.1,395,25,-0.04
2026-01-01 04:06:40,Idle,Idle,100,0,79.971,0,-0.1,395,25,-0.04
2026-01-01 04:06:50,Idle,Idle,100,0,79.971,0,-0.1,395,25,-0.04
2026-01-01 04:07:00,Idle,Idle,100,0,79.971,0,-0.1,395,25,-0.04
2026-01-01 04:07:10,Idle,Idle,100,0,79.971,0,-0.1,395,25,-0.04
2026-01-01 04:07:20,Idle,Idle,100,0,79.971,0,-0.1,395,25,-0.04
2026-01-01 04:07:30,Idle,Idle,100,0,79.971,0,-0.1,395,25,-0.04
2026-01-01 04:07:40,Idle,Idle,100,0,79.971,0,-0.1,395,25,-0.04
2026-01-01 04:07:50,Idle,Idle,100,0,79.97,0,-0.1,395,25,-0.04
2026-01-01 04:08:00,Idle,Idle,100,0,79.97,0,-0.1,395,25,-0.04
2026-01-01 04:08:10,Idle,Idle,100,0,79.97,0,-0.1,395,25,-0.04
2026-01-01 04:08:20,Idle,Idle,100,0,79.97,0,-0.1,395,25,-0.04
2026-01-01 04:08:30,Idle,Idle,100,0,79.97,0,-0.1,395,25,-0.04
2026-01-01 04:08:40,Idle,Idle,100,0,79.97,0,-0.1,395,25,-0.04
2026-01-01 04:08:50,Idle,Idle,100,0,79.97,0,-0.1,395,25,-0.04
2026-01-01 04:09:00,Idle,Idle,100,0,79.97,0,-0.1,395,25,-0.04
2026-01-01 04:09:10,Idle,Idle,100,0,79.97,0,-0.1,395,25,-0.04
2026-01-01 04:09:20,Idle,Idle,100,0,79.97,0,-0.1,395,25,-0.04
2026-01-01 04:09:30,Idle,Idle,100,0,79.97,0,-0.1,395,25,-0.04
2026-01-01 04:09:40,Idle,Idle,100,0,79.97,0,-0.1,395,25,-0.04
2026-01-01 04:09:50,Idle,Idle,100,0,79.97,0,-0.1,395,25,-0.04
2026-01-01 04:10:00,Idle,Idle,100,0,79.97,0,-0.1,395,25,-0.04
2026-01-01 04:10:10,Idle,Idle,100,0,79.97,0,-0.1,395,25,-0.04
2026-01-01 04:10:20,Idle,Idle,100,0,79.97,0,-0.1,395,25,-0.04
2026-01-01 04:10:30,Idle,Idle,100,0,79.97,0,-0.1,395,25,-0.04
2026-01-01 04:10:40,Idle,Idle,100,0,79.97,0,-0.1,395,25,-0.04
2026-01-01 04:10:50,Idle,Idle,100,0,79.97,0,-0.1,395,25,-0.04
2026-01-01 04:11:00,Idle,Idle,100,0,79.97,0,-0.1,395,25,-0.04
2026-01-01 04:11:10,Idle,Idle,100,0,79.97,0,-0.1,395,25,-0.04
2026-01-01 04:11:20,Idle,Idle,100,0,79.97,0,-0.1,395,25,-0.04
2026-01-01 04:11:30,Idle,Idle,100,0,79.97,0,-0.1,395,25,-0.04
2026-01-01 04:11:40,Idle,Idle,100,0,79.97,0,-0.1,395,25,-0.04
2026-01-01 04:11:50,Idle,Idle,100,0,79.97,0,-0.1,395,25,-0.04
2026-01-01 04:12:00,Idle,Idle,100,0,79.97,0,-0.1,395,25,-0.04
2026-01-01 04:12:10,Idle,Idle,100,0,79.97,0,-0.1,395,25,-0.04
2026-01-01 04:12:20,Idle,Idle,100,0,79.97,0,-0.1,395,25,-0.04
2026-01-01 04:12:30,Idle,Idle,100,0,79.97,0,-0.1,395,25,-0.04
2026-01-01 04:12:40,Idle,Idle,100,0,79.97,0,-0.1,395,25,-0.04
2026-01-01 04:12:50,Idle,Idle,100,0,79.97,0,-0.1,395,25,-0.04
2026-01-01 04:13:00,Idle,Idle,100,0,79.97,0,-0.1,395,25,-0.04
2026-01-01 04:13:10,Idle,Idle,100,0,79.97,0,-0.1,395,25,-0.04
2026-01-01 04:13:20,Idle,Idle,100,0,79.97,0,-0.1,395,25,-0.04
2026-01-01 04:13:30,Idle,Idle,100,0,79.97,0,-0.1,395,25,-0.04
2026-01-01 04:13:40,Idle,Idle,100,0,79.97,0,-0.1,395,25,-0.04
2026-01-01 04:13:50,Idle,Idle,100,0,79.97,0,-0.1,395,25,-0.04
2026-01-01 04:14:00,Idle,Idle,100,0,79.97,0,-0.1,395,25,-0.04
2026-01-01 04:14:10,Idle,Idle,100,0,79.97,0,-0.1,395,25,-0.04
2026-01-01 04:14:20,Idle,Idle,100,0,79.97,0,-0.1,395,25,-0.04
2026-01-01 04:14:30,Idle,Idle,100,0,79.97,0,-0.1,395,25,-0.04
2026-01-01 04:14:40,Idle,Idle,100,0,79.97,0,-0.1,395,25,-0.04
2026-01-01 04:14:50,Idle,Idle,100,0,79.97,0,-0.1,395,25,-0.04
2026-01-01 04:15:00,Idle,Idle,100,0,79.97,0,-0.1,395,25,-0.04
2026-01-01 04:15:10,Idle,Idle,100,0,79.97,0,-0.1,395,25,-0.04
2026-01-01 04:15:20,Idle,Idle,100,0,79.97,0,-0.1,395,25,-0.04
2026-01-01 04:15:30,Idle,Idle,100,0,79.97,0,-0.1,395,25,-0.04
2026-01-01 04:15:40,Idle,Idle,100,0,79.97,0,-0.1,395,25,-0.04
2026-01-01 04:15:50,Idle,Idle,100,0,79.97,0,-0.1,395,25,-0.04
2026-01-01 04:16:00,Idle,Idle,100,0,79.97,0,-0.1,395,25,-0.04
2026-01-01 04:16:10,Idle,Idle,100,0,79.969,0,-0.1,395,25,-0.04
2026-01-01 04:16:20,Idle,Idle,100,0,79.969,0,-0.1,395,25,-0.04
2026-01-01 04:16:30,Idle,Idle,100,0,79.969,0,-0.1,395,25,-0.04
2026-01-01 04:16:40,Idle,Idle,100,0,79.969,0,-0.1,395,25,-0.04
2026-01-01 04:16:50,Idle,Idle,100,0,79.969,0,-0.1,395,25,-0.04
2026-01-01 04:17:00,Idle,Idle,100,0,79.969,0,-0.1,395,25,-0.04
2026-01-01 04:17:10,Idle,Idle,100,0,79.969,0,-0.1,395,25,-0.04
2026-01-01 04:17:20,Idle,Idle,100,0,79.969,0,-0.1,395,25,-0.04
2026-01-01 04:17:30,Idle,Idle,100,0,79.969,0,-0.1,395,25,-0.04
2026-01-01 04:17:40,Idle,Idle,100,0,79.969,0,-0.1,395,25,-0.04
2026-01-01 04:17:50,Idle,Idle,100,0,79.969,0,-0.1,395,25,-0.04
2026-01-01 04:18:00,Idle,Idle,100,0,79.969,0,-0.1,395,25,-0.04
2026-01-01 04:18:10,Idle,Idle,100,0,79.969,0,-0.1,395,25,-0.04
2026-01-01 04:18:20,Idle,Idle,100,0,79.969,0,-0.1,395,25,-0.04
2026-01-01 04:18:30,Idle,Idle,100,0,79.969,0,-0.1,395,25,-0.04
2026-01-01 04:18:40,Idle,Idle,100,0,79.969,0,-0.1,395,25,-0.04
2026-01-01 04:18:50,Idle,Idle,100,0,79.969,0,-0.1,395,25,-0.04
2026-01-01 04:19:00,Idle,Idle,100,0,79.969,0,-0.1,395,25,-0.04
2026-01-01 04:19:10,Idle,Idle,100,0,79.969,0,-0.1,395,25,-0.04
2026-01-01 04:19:20,Idle,Idle,100,0,79.969,0,-0.1,395,25,-0.04
2026-01-01 04:19:30,Idle,Idle,100,0,79.969,0,-0.1,395,25,-0.04
2026-01-01 04:19:40,Idle,Idle,100,0,79.969,0,-0.1,395,25,-0.04
2026-01-01 04:19:50,Idle,Idle,100,0,79.969,0,-0.1,395,25,-0.04
2026-01-01 04:20:00,Idle,Idle,100,0,79.969,0,-0.1,395,25,-0.04
2026-01-01 04:20:10,Idle,Idle,100,0,79.969,0,-0.1,395,25,-0.04
2026-01-01 04:20:20,Idle,Idle,100,0,79.969,0,-0.1,395,25,-0.04
2026-01-01 04:20:30,Idle,Idle,100,0,79.969,0,-0.1,395,25,-0.04
2026-01-01 04:20:40,Idle,Idle,100,0,79.969,0,-0.1,395,25,-0.04
2026-01-01 04:20:50,Idle,Idle,100,0,79.969,0,-0.1,395,25,-0.04
2026-01-01 04:21:00,Idle,Idle,100,0,79.969,0,-0.1,395,25,-0.04
2026-01-01 04:21:10,Idle,Idle,100,0,79.969,0,-0.1,395,25,-0.04
2026-01-01 04:21:20,Idle,Idle,100,0,79.969,0,-0.1,395,25,-0.04
2026-01-01 04:21:30,Idle,Idle,100,0,79.969,0,-0.1,395,25,-0.04
2026-01-01 04:21:40,Idle,Idle,100,0,79.969,0,-0.1,395,25,-0.04
2026-01-01 04:21:50,Idle,Idle,100,0,79.969,0,-0.1,395,25,-0.04
2026-01-01 04:22:00,Idle,Idle,100,0,79.969,0,-0.1,395,25,-0.04
2026-01-01 04:22:10,Idle,Idle,100,0,79.969,0,-0.1,395,25,-0.04
2026-01-01 04:22:20,Idle,Idle,100,0,79.969,0,-0.1,395,25,-0.04
2026-01-01 04:22:30,Idle,Idle,100,0,79.969,0,-0.1,395,25,-0.04
2026-01-01 04:22:40,Idle,Idle,100,0,79.969,0,-0.1,395,25,-0.04
2026-01-01 04:22:50,Idle,Idle,100,0,79.969,0,-0.1,395,25,-0.04
2026-01-01 04:23:00,Idle,Idle,100,0,79.969,0,-0.1,395,25,-0.04
2026-01-01 04:23:10,Idle,Idle,100,0,79.969,0,-0.1,395,25,-0.04
2026-01-01 04:23:20,Idle,Idle,100,0,79.969,0,-0.1,395,25,-0.04
2026-01-01 04:23:30,Idle,Idle,100,0,79.969,0,-0.1,395,25,-0.04
2026-01-01 04:23:40,Idle,Idle,100,0,79.969,0,-0.1,395,25,-0.04
2026-01-01 04:23:50,Idle,Idle,100,0,79.969,0,-0.1,395,25,-0.04
2026-01-01 04:24:00,Idle,Idle,100,0,79.969,0,-0.1,395,25,-0.04
2026-01-01 04:24:10,Idle,Idle,100,0,79.969,0,-0.1,395,25,-0.04
2026-01-01 04:24:20,Idle,Idle,100,0,79.969,0,-0.1,395,25,-0.04
2026-01-01 04:24:30,Idle,Idle,100,0,79.968,0,-0.1,395,25,-0.04
2026-01-01 04:24:40,Idle,Idle,100,0,79.968,0,-0.1,395,25,-0.04
2026-01-01 04:24:50,Idle,Idle,100,0,79.968,0,-0.1,395,25,-0.04
2026-01-01 04:25:00,Idle,Idle,100,0,79.968,0,-0.1,395,25,-0.04
2026-01-01 04:25:10,Idle,Idle,100,0,79.968,0,-0.1,395,25,-0.04
2026-01-01 04:25:20,Idle,Idle,100,0,79.968,0,-0.1,395,25,-0.04
2026-01-01 04:25:30,Idle,Idle,100,0,79.968,0,-0.1,395,25,-0.04
2026-01-01 04:25:40,Idle,Idle,100,0,79.968,0,-0.1,395,25,-0.04
2026-01-01 04:25:50,Idle,Idle,100,0,79.968,0,-0.1,395,25,-0.04
2026-01-01 04:26:00,Idle,Idle,100,0,79.968,0,-0.1,395,25,-0.04
2026-01-01 04:26:10,Idle,Idle,100,0,79.968,0,-0.1,395,25,-0.04
2026-01-01 04:26:20,Idle,Idle,100,0,79.968,0,-0.1,395,25,-0.04
2026-01-01 04:26:30,Idle,Idle,100,0,79.968,0,-0.1,395,25,-0.04
2026-01-01 04:26:40,Idle,Idle,100,0,79.968,0,-0.1,395,25,-0.04
2026-01-01 04:26:50,Idle,Idle,100,0,79.968,0,-0.1,395,25,-0.04
2026-01-01 04:27:00,Idle,Idle,100,0,79.968,0,-0.1,395,25,-0.04
2026-01-01 04:27:10,Idle,Idle,100,0,79.968,0,-0.1,395,25,-0.04
2026-01-01 04:27:20,Idle,Idle,100,0,79.968,0,-0.1,395,25,-0.04
2026-01-01 04:27:30,Idle,Idle,100,0,79.968,0,-0.1,395,25,-0.04
2026-01-01 04:27:40,Idle,Idle,100,0,79.968,0,-0.1,395,25,-0.04
2026-01-01 04:27:50,Idle,Idle,100,0,79.968,0,-0.1,395,25,-0.04
2026-01-01 04:28:00,Idle,Idle,100,0,79.968,0,-0.1,395,25,-0.04
2026-01-01 04:28:10,Idle,Idle,100,0,79.968,0,-0.1,395,25,-0.04
2026-01-01 04:28:20,Idle,Idle,100,0,79.968,0,-0.1,395,25,-0.04
2026-01-01 04:28:30,Idle,Idle,100,0,79.968,0,-0.1,395,25,-0.04
2026-01-01 04:28:40,Idle,Idle,100,0,79.968,0,-0.1,395,25,-0.04
2026-01-01 04:28:50,Idle,Idle,100,0,79.968,0,-0.1,395,25,-0.04
2026-01-01 04:29:00,Idle,Idle,100,0,79.968,0,-0.1,395,25,-0.04
2026-01-01 04:29:10,Idle,Idle,100,0,79.968,0,-0.1,395,25,-0.04
2026-01-01 04:29:20,Idle,Idle,100,0,79.968,0,-0.1,395,25,-0.04
2026-01-01 04:29:30,Idle,Idle,100,0,79.968,0,-0.1,395,25,-0.04
2026-01-01 04:29:40,Idle,Idle,100,0,79.968,0,-0.1,395,25,-0.04
2026-01-01 04:29:50,Idle,Idle,100,0,79.968,0,-0.1,395,25,-0.04
2026-01-01 04:30:00,Idle,Idle,100,0,79.968,0,-0.1,395,25,-0.04
2026-01-01 04:30:10,Idle,Idle,100,0,79.968,0,-0.1,395,25,-0.04
2026-01-01 04:30:20,Idle,Idle,100,0,79.968,0,-0.1,395,25,-0.04
2026-01-01 04:30:30,Idle,Idle,100,0,79.968,0,-0.1,395,25,-0.04
2026-01-01 04:30:40,Idle,Idle,100,0,79.968,0,-0.1,395,25,-0.04
2026-01-01 04:30:50,Idle,Idle,100,0,79.968,0,-0.1,395,25,-0.04
2026-01-01 04:31:00,Idle,Idle,100,0,79.968,0,-0.1,395,25,-0.04
2026-01-01 04:31:10,Idle,Idle,100,0,79.968,0,-0.1,395,25,-0.04
2026-01-01 04:31:20,Idle,Idle,100,0,79.968,0,-0.1,395,25,-0.04
2026-01-01 04:31:30,Idle,Idle,100,0,79.968,0,-0.1,395,25,-0.04
2026-01-01 04:31:40,Idle,Idle,100,0,79.968,0,-0.1,395,25,-0.04
2026-01-01 04:31:50,Idle,Idle,100,0,79.968,0,-0.1,395,25,-0.04
2026-01-01 04:32:00,Idle,Idle,100,0,79.968,0,-0.1,395,25,-0.04
2026-01-01 04:32:10,Idle,Idle,100,0,79.968,0,-0.1,395,25,-0.04
2026-01-01 04:32:20,Idle,Idle,100,0,79.968,0,-0.1,395,25,-0.04
2026-01-01 04:32:30,Idle,Idle,100,0,79.968,0,-0.1,395,25,-0.04
2026-01-01 04:32:40,Idle,Idle,100,0,79.968,0,-0.1,395,25,-0.04
2026-01-01 04:32:50,Idle,Idle,100,0,79.968,0,-0.1,395,25,-0.04
2026-01-01 04:33:00,Idle,Idle,100,0,79.967,0,-0.1,395,25,-0.04
2026-01-01 04:33:10,Idle,Idle,100,0,79.967,0,-0.1,395,25,-0.04
2026-01-01 04:33:20,Idle,Idle,100,0,79.967,0,-0.1,395,25,-0.04
2026-01-01 04:33:30,Idle,Idle,100,0,79.967,0,-0.1,395,25,-0.04
2026-01-01 04:33:40,Idle,Idle,100,0,79.967,0,-0.1,395,25,-0.04
2026-01-01 04:33:50,Idle,Idle,100,0,79.967,0,-0.1,395,25,-0.04
2026-01-01 04:34:00,Idle,Idle,100,0,79.967,0,-0.1,395,25,-0.04
2026-01-01 04:34:10,Idle,Idle,100,0,79.967,0,-0.1,395,25,-0.04
2026-01-01 04:34:20,Idle,Idle,100,0,79.967,0,-0.1,395,25,-0.04
2026-01-01 04:34:30,Idle,Idle,100,0,79.967,0,-0.1,395,25,-0.04
2026-01-01 04:34:40,Idle,Idle,100,0,79.967,0,-0.1,395,25,-0.04
2026-01-01 04:34:50,Idle,Idle,100,0,79.967,0,-0.1,395,25,-0.04
2026-01-01 04:35:00,Idle,Idle,100,0,79.967,0,-0.1,395,25,-0.04
2026-01-01 04:35:10,Idle,Idle,100,0,79.967,0,-0.1,395,25,-0.04
2026-01-01 04:35:20,Idle,Idle,100,0,79.967,0,-0.1,395,25,-0.04
2026-01-01 04:35:30,Idle,Idle,100,0,79.967,0,-0.1,395,25,-0.04
2026-01-01 04:35:40,Idle,Idle,100,0,79.967,0,-0.1,395,25,-0.04
2026-01-01 04:35:50,Idle,Idle,100,0,79.967,0,-0.1,395,25,-0.04
2026-01-01 04:36:00,Idle,Idle,100,0,79.967,0,-0.1,395,25,-0.04
2026-01-01 04:36:10,Idle,Idle,100,0,79.967,0,-0.1,395,25,-0.04
2026-01-01 04:36:20,Idle,Idle,100,0,79.967,0,-0.1,395,25,-0.04
2026-01-01 04:36:30,Idle,Idle,100,0,79.967,0,-0.1,395,25,-0.04
2026-01-01 04:36:40,Idle,Idle,100,0,79.967,0,-0.1,395,25,-0.04
2026-01-01 04:36:50,Idle,Idle,100,0,79.967,0,-0.1,395,25,-0.04
2026-01-01 04:37:00,Idle,Idle,100,0,79.967,0,-0.1,395,25,-0.04
2026-01-01 04:37:10,Idle,Idle,100,0,79.967,0,-0.1,395,25,-0.04
2026-01-01 04:37:20,Idle,Idle,100,0,79.967,0,-0.1,395,25,-0.04
2026-01-01 04:37:30,Idle,Idle,100,0,79.967,0,-0.1,395,25,-0.04
2026-01-01 04:37:40,Idle,Idle,100,0,79.967,0,-0.1,395,25,-0.04
2026-01-01 04:37:50,Idle,Idle,100,0,79.967,0,-0.1,395,25,-0.04
2026-01-01 04:38:00,Idle,Idle,100,0,79.967,0,-0.1,395,25,-0.04
2026-01-01 04:38:10,Idle,Idle,100,0,79.967,0,-0.1,395,25,-0.04
2026-01-01 04:38:20,Idle,Idle,100,0,79.967,0,-0.1,395,25,-0.04
2026-01-01 04:38:30,Idle,Idle,100,0,79.967,0,-0.1,395,25,-0.04
2026-01-01 04:38:40,Idle,Idle,100,0,79.967,0,-0.1,395,25,-0.04
2026-01-01 04:38:50,Idle,Idle,100,0,79.967,0,-0.1,395,25,-0.04
2026-01-01 04:39:00,Idle,Idle,100,0,79.967,0,-0.1,395,25,-0.04
2026-01-01 04:39:10,Idle,Idle,100,0,79.967,0,-0.1,395,25,-0.04
2026-01-01 04:39:20,Idle,Idle,100,0,79.967,0,-0.1,395,25,-0.04
2026-01-01 04:39:30,Idle,Idle,100,0,79.967,0,-0.1,395,25,-0.04
2026-01-01 04:39:40,Idle,Idle,100,0,79.967,0,-0.1,395,25,-0.04
2026-01-01 04:39:50,Idle,Idle,100,0,79.967,0,-0.1,395,25,-0.04
2026-01-01 04:40:00,Idle,Idle,100,0,79.967,0,-0.1,395,25,-0.04
2026-01-01 04:40:10,Idle,Idle,100,0,79.967,0,-0.1,395,25,-0.04
2026-01-01 04:40:20,Idle,Idle,100,0,79.967,0,-0.1,395,25,-0.04
2026-01-01 04:40:30,Idle,Idle,100,0,79.967,0,-0.1,395,25,-0.04
2026-01-01 04:40:40,Idle,Idle,100,0,79.967,0,-0.1,395,25,-0.04
2026-01-01 04:40:50,Idle,Idle,100,0,79.967,0,-0.1,395,25,-0.04
2026-01-01 04:41:00,Idle,Idle,100,0,79.967,0,-0.1,395,25,-0.04
2026-01-01 04:41:10,Idle,Idle,100,0,79.967,0,-0.1,395,25,-0.04
2026-01-01 04:41:20,Idle,Idle,100,0,79.966,0,-0.1,395,25,-0.04
2026-01-01 04:41:30,Idle,Idle,100,0,79.966,0,-0.1,395,25,-0.04
2026-01-01 04:41:40,Idle,Idle,100,0,79.966,0,-0.1,395,25,-0.04
2026-01-01 04:41:50,Idle,Idle,100,0,79.966,0,-0.1,395,25,-0.04
2026-01-01 04:42:00,Idle,Idle,100,0,79.966,0,-0.1,395,25,-0.04
2026-01-01 04:42:10,Idle,Idle,100,0,79.966,0,-0.1,395,25,-0.04
2026-01-01 04:42:20,Idle,Idle,100,0,79.966,0,-0.1,395,25,-0.04
2026-01-01 04:42:30,Idle,Idle,100,0,79.966,0,-0.1,395,25,-0.04
2026-01-01 04:42:40,Idle,Idle,100,0,79.966,0,-0.1,395,25,-0.04
2026-01-01 04:42:50,Idle,Idle,100,0,79.966,0,-0.1,395,25,-0.04
2026-01-01 04:43:00,Idle,Idle,100,0,79.966,0,-0.1,395,25,-0.04
2026-01-01 04:43:10,Idle,Idle,100,0,79.966,0,-0.1,395,25,-0.04
2026-01-01 04:43:20,Idle,Idle,100,0,79.966,0,-0.1,395,25,-0.04
2026-01-01 04:43:30,Idle,Idle,100,0,79.966,0,-0.1,395,25,-0.04
2026-01-01 04:43:40,Idle,Idle,100,0,79.966,0,-0.1,395,25,-0.04
2026-01-01 04:43:50,Idle,Idle,100,0,79.966,0,-0.1,395,25,-0.04
2026-01-01 04:44:00,Idle,Idle,100,0,79.966,0,-0.1,395,25,-0.04
2026-01-01 04:44:10,Idle,Idle,100,0,79.966,0,-0.1,395,25,-0.04
2026-01-01 04:44:20,Idle,Idle,100,0,79.966,0,-0.1,395,25,-0.04
2026-01-01 04:44:30,Idle,Idle,100,0,79.966,0,-0.1,395,25,-0.04
2026-01-01 04:44:40,Idle,Idle,100,0,79.966,0,-0.1,395,25,-0.04
2026-01-01 04:44:50,Idle,Idle,100,0,79.966,0,-0.1,395,25,-0.04
2026-01-01 04:45:00,Idle,Idle,100,0,79.966,0,-0.1,395,25,-0.04
2026-01-01 04:45:10,Idle,Idle,100,0,79.966,0,-0.1,395,25,-0.04
2026-01-01 04:45:20,Idle,Idle,100,0,79.966,0,-0.1,395,25,-0.04
2026-01-01 04:45:30,Idle,Idle,100,0,79.966,0,-0.1,395,25,-0.04
2026-01-01 04:45:40,Idle,Idle,100,0,79.966,0,-0.1,395,25,-0.04
2026-01-01 04:45:50,Idle,Idle,100,0,79.966,0,-0.1,395,25,-0.04
2026-01-01 04:46:00,Idle,Idle,100,0,79.966,0,-0.1,395,25,-0.04
2026-01-01 04:46:10,Idle,Idle,100,0,79.966,0,-0.1,395,25,-0.04
2026-01-01 04:46:20,Idle,Idle,100,0,79.966,0,-0.1,395,25,-0.04
2026-01-01 04:46:30,Idle,Idle,100,0,79.966,0,-0.1,395,25,-0.04
2026-01-01 04:46:40,Idle,Idle,100,0,79.966,0,-0.1,395,25,-0.04
2026-01-01 04:46:50,Idle,Idle,100,0,79.966,0,-0.1,395,25,-0.04
2026-01-01 04:47:00,Idle,Idle,100,0,79.966,0,-0.1,395,25,-0.04
2026-01-01 04:47:10,Idle,Idle,100,0,79.966,0,-0.1,395,25,-0.04
2026-01-01 04:47:20,Idle,Idle,100,0,79.966,0,-0.1,395,25,-0.04
2026-01-01 04:47:30,Idle,Idle,100,0,79.966,0,-0.1,395,25,-0.04
2026-01-01 04:47:40,Idle,Idle,100,0,79.966,0,-0.1,395,25,-0.04
2026-01-01 04:47:50,Idle,Idle,100,0,79.966,0,-0.1,395,25,-0.04
2026-01-01 04:48:00,Idle,Idle,100,0,79.966,0,-0.1,395,25,-0.04
2026-01-01 04:48:10,Idle,Idle,100,0,79.966,0,-0.1,395,25,-0.04
2026-01-01 04:48:20,Idle,Idle,100,0,79.966,0,-0.1,395,25,-0.04
2026-01-01 04:48:30,Idle,Idle,100,0,79.966,0,-0.1,395,25,-0.04
2026-01-01 04:48:40,Idle,Idle,100,0,79.966,0,-0.1,395,25,-0.04
2026-01-01 04:48:50,Idle,Idle,100,0,79.966,0,-0.1,395,25,-0.04
2026-01-01 04:49:00,Idle,Idle,100,0,79.966,0,-0.1,395,25,-0.04
2026-01-01 04:49:10,Idle,Idle,100,0,79.966,0,-0.1,395,25,-0.04
2026-01-01 04:49:20,Idle,Idle,100,0,79.966,0,-0.1,395,25,-0.04
2026-01-01 04:49:30,Idle,Idle,100,0,79.966,0,-0.1,395,25,-0.04
2026-01-01 04:49:40,Idle,Idle,100,0,79.966,0,-0.1,395,25,-0.04
2026-01-01 04:49:50,Idle,Idle,100,0,79.965,0,-0.1,395,25,-0.04
2026-01-01 04:50:00,Idle,Idle,100,0,79.965,0,-0.1,395,25,-0.04
2026-01-01 04:50:10,Idle,Idle,100,0,79.965,0,-0.1,395,25,-0.04
2026-01-01 04:50:20,Idle,Idle,100,0,79.965,0,-0.1,395,25,-0.04
2026-01-01 04:50:30,Idle,Idle,100,0,79.965,0,-0.1,395,25,-0.04
2026-01-01 04:50:40,Idle,Idle,100,0,79.965,0,-0.1,395,25,-0.04
2026-01-01 04:50:50,Idle,Idle,100,0,79.965,0,-0.1,395,25,-0.04
2026-01-01 04:51:00,Idle,Idle,100,0,79.965,0,-0.1,395,25,-0.04
2026-01-01 04:51:10,Idle,Idle,100,0,79.965,0,-0.1,395,25,-0.04
2026-01-01 04:51:20,Idle,Idle,100,0,79.965,0,-0.1,395,25,-0.04
2026-01-01 04:51:30,Idle,Idle,100,0,79.965,0,-0.1,395,25,-0.04
2026-01-01 04:51:40,Idle,Idle,100,0,79.965,0,-0.1,395,25,-0.04
2026-01-01 04:51:50,Idle,Idle,100,0,79.965,0,-0.1,395,25,-0.04
2026-01-01 04:52:00,Idle,Idle,100,0,79.965,0,-0.1,395,25,-0.04
2026-01-01 04:52:10,Idle,Idle,100,0,79.965,0,-0.1,395,25,-0.04
2026-01-01 04:52:20,Idle,Idle,100,0,79.965,0,-0.1,395,25,-0.04
2026-01-01 04:52:30,Idle,Idle,100,0,79.965,0,-0.1,395,25,-0.04
2026-01-01 04:52:40,Idle,Idle,100,0,79.965,0,-0.1,395,25,-0.04
2026-01-01 04:52:50,Idle,Idle,100,0,79.965,0,-0.1,395,25,-0.04
2026-01-01 04:53:00,Idle,Idle,100,0,79.965,0,-0.1,395,25,-0.04
2026-01-01 04:53:10,Idle,Idle,100,0,79.965,0,-0.1,395,25,-0.04
2026-01-01 04:53:20,Idle,Idle,100,0,79.965,0,-0.1,395,25,-0.04
2026-01-01 04:53:30,Idle,Idle,100,0,79.965,0,-0.1,395,25,-0.04
2026-01-01 04:53:40,Idle,Idle,100,0,79.965,0,-0.1,395,25,-0.04
2026-01-01 04:53:50,Idle,Idle,100,0,79.965,0,-0.1,395,25,-0.04
2026-01-01 04:54:00,Idle,Idle,100,0,79.965,0,-0.1,395,25,-0.04
2026-01-01 04:54:10,Idle,Idle,100,0,79.965,0,-0.1,395,25,-0.04
2026-01-01 04:54:20,Idle,Idle,100,0,79.965,0,-0.1,395,25,-0.04
2026-01-01 04:54:30,Idle,Idle,100,0,79.965,0,-0.1,395,25,-0.04
2026-01-01 04:54:40,Idle,Idle,100,0,79.965,0,-0.1,395,25,-0.04
2026-01-01 04:54:50,Idle,Idle,100,0,79.965,0,-0.1,395,25,-0.04
2026-01-01 04:55:00,Idle,Idle,100,0,79.965,0,-0.1,395,25,-0.04
2026-01-01 04:55:10,Idle,Idle,100,0,79.965,0,-0.1,395,25,-0.04
2026-01-01 04:55:20,Idle,Idle,100,0,79.965,0,-0.1,395,25,-0.04
2026-01-01 04:55:30,Idle,Idle,100,0,79.965,0,-0.1,395,25,-0.04
2026-01-01 04:55:40,Idle,Idle,100,0,79.965,0,-0.1,395,25,-0.04
2026-01-01 04:55:50,Idle,Idle,100,0,79.965,0,-0.1,395,25,-0.04
2026-01-01 04:56:00,Idle,Idle,100,0,79.965,0,-0.1,395,25,-0.04
2026-01-01 04:56:10,Idle,Idle,100,0,79.965,0,-0.1,395,25,-0.04
2026-01-01 04:56:20,Idle,Idle,100,0,79.965,0,-0.1,395,25,-0.04
2026-01-01 04:56:30,Idle,Idle,100,0,79.965,0,-0.1,395,25,-0.04
2026-01-01 04:56:40,Idle,Idle,100,0,79.965,0,-0.1,395,25,-0.04
2026-01-01 04:56:50,Idle,Idle,100,0,79.965,0,-0.1,395,25,-0.04
2026-01-01 04:57:00,Idle,Idle,100,0,79.965,0,-0.1,395,25,-0.04
2026-01-01 04:57:10,Idle,Idle,100,0,79.965,0,-0.1,395,25,-0.04
2026-01-01 04:57:20,Idle,Idle,100,0,79.965,0,-0.1,395,25,-0.04
2026-01-01 04:57:30,Idle,Idle,100,0,79.965,0,-0.1,395,25,-0.04
2026-01-01 04:57:40,Idle,Idle,100,0,79.965,0,-0.1,395,25,-0.04
2026-01-01 04:57:50,Idle,Idle,100,0,79.965,0,-0.1,395,25,-0.04
2026-01-01 04:58:00,Idle,Idle,100,0,79.965,0,-0.1,395,25,-0.04
2026-01-01 04:58:10,Idle,Idle,100,0,79.964,0,-0.1,395,25,-0.04
2026-01-01 04:58:20,Idle,Idle,100,0,79.964,0,-0.1,395,25,-0.04
2026-01-01 04:58:30,Idle,Idle,100,0,79.964,0,-0.1,395,25,-0.04
2026-01-01 04:58:40,Idle,Idle,100,0,79.964,0,-0.1,395,25,-0.04
2026-01-01 04:58:50,Idle,Idle,100,0,79.964,0,-0.1,395,25,-0.04
2026-01-01 04:59:00,Idle,Idle,100,0,79.964,0,-0.1,395,25,-0.04
2026-01-01 04:59:10,Idle,Idle,100,0,79.964,0,-0.1,395,25,-0.04
2026-01-01 04:59:20,Idle,Idle,100,0,79.964,0,-0.1,395,25,-0.04
2026-01-01 04:59:30,Idle,Idle,100,0,79.964,0,-0.1,395,25,-0.04
2026-01-01 04:59:40,Idle,Idle,100,0,79.964,0,-0.1,395,25,-0.04
2026-01-01 04:59:50,Idle,Idle,100,0,79.964,0,-0.1,395,25,-0.04
2026-01-01 05:00:00,Idle,Idle,100,0,79.964,0,-0.1,395,25,-0.04
2026-01-01 05:00:10,Idle,Idle,100,0,79.964,0,-0.1,395,25,-0.04
2026-01-01 05:00:20,Idle,Idle,100,0,79.964,0,-0.1,395,25,-0.04
2026-01-01 05:00:30,Idle,Idle,100,0,79.964,0,-0.1,395,25,-0.04
2026-01-01 05:00:40,Idle,Idle,100,0,79.964,0,-0.1,395,25,-0.04
2026-01-01 05:00:50,Idle,Idle,100,0,79.964,0,-0.1,395,25,-0.04
2026-01-01 05:01:00,Idle,Idle,100,0,79.964,0,-0.1,395,25,-0.04
2026-01-01 05:01:10,Idle,Idle,100,0,79.964,0,-0.1,395,25,-0.04
2026-01-01 05:01:20,Idle,Idle,100,0,79.964,0,-0.1,395,25,-0.04
2026-01-01 05:01:30,Idle,Idle,100,0,79.964,0,-0.1,395,25,-0.04
2026-01-01 05:01:40,Idle,Idle,100,0,79.964,0,-0.1,395,25,-0.04
2026-01-01 05:01:50,Idle,Idle,100,0,79.964,0,-0.1,395,25,-0.04
2026-01-01 05:02:00,Idle,Idle,100,0,79.964,0,-0.1,395,25,-0.04
2026-01-01 05:02:10,Idle,Idle,100,0,79.964,0,-0.1,395,25,-0.04
2026-01-01 05:02:20,Idle,Idle,100,0,79.964,0,-0.1,395,25,-0.04
2026-01-01 05:02:30,Idle,Idle,100,0,79.964,0,-0.1,395,25,-0.04
2026-01-01 05:02:40,Idle,Idle,100,0,79.964,0,-0.1,395,25,-0.04
2026-01-01 05:02:50,Idle,Idle,100,0,79.964,0,-0.1,395,25,-0.04
2026-01-01 05:03:00,Idle,Idle,100,0,79.964,0,-0.1,395,25,-0.04
2026-01-01 05:03:10,Idle,Idle,100,0,79.964,0,-0.1,395,25,-0.04
2026-01-01 05:03:20,Idle,Idle,100,0,79.964,0,-0.1,395,25,-0.04
2026-01-01 05:03:30,Idle,Idle,100,0,79.964,0,-0.1,395,25,-0.04
2026-01-01 05:03:40,Idle,Idle,100,0,79.964,0,-0.1,395,25,-0.04
2026-01-01 05:03:50,Idle,Idle,100,0,79.964,0,-0.1,395,25,-0.04
2026-01-01 05:04:00,Idle,Idle,100,0,79.964,0,-0.1,395,25,-0.04
2026-01-01 05:04:10,Idle,Idle,100,0,79.964,0,-0.1,395,25,-0.04
2026-01-01 05:04:20,Idle,Idle,100,0,79.964,0,-0.1,395,25,-0.04
2026-01-01 05:04:30,Idle,Idle,100,0,79.964,0,-0.1,395,25,-0.04
2026-01-01 05:04:40,Idle,Idle,100,0,79.964,0,-0.1,395,25,-0.04
2026-01-01 05:04:50,Idle,Idle,100,0,79.964,0,-0.1,395,25,-0.04
2026-01-01 05:05:00,Idle,Idle,100,0,79.964,0,-0.1,395,25,-0.04
2026-01-01 05:05:10,Idle,Idle,100,0,79.964,0,-0.1,395,25,-0.04
2026-01-01 05:05:20,Idle,Idle,100,0,79.964,0,-0.1,395,25,-0.04
2026-01-01 05:05:30,Idle,Idle,100,0,79.964,0,-0.1,395,25,-0.04
2026-01-01 05:05:40,Idle,Idle,100,0,79.964,0,-0.1,395,25,-0.04
2026-01-01 05:05:50,Idle,Idle,100,0,79.964,0,-0.1,395,25,-0.04
2026-01-01 05:06:00,Idle,Idle,100,0,79.964,0,-0.1,395,25,-0.04
2026-01-01 05:06:10,Idle,Idle,100,0,79.964,0,-0.1,395,25,-0.04
2026-01-01 05:06:20,Idle,Idle,100,0,79.964,0,-0.1,395,25,-0.04
2026-01-01 05:06:30,Idle,Idle,100,0,79.963,0,-0.1,395,25,-0.04
2026-01-01 05:06:40,Idle,Idle,100,0,79.963,0,-0.1,395,25,-0.04
2026-01-01 05:06:50,Idle,Idle,100,0,79.963,0,-0.1,395,25,-0.04
2026-01-01 05:07:00,Idle,Idle,100,0,79.963,0,-0.1,395,25,-0.04
2026-01-01 05:07:10,Idle,Idle,100,0,79.963,0,-0.1,395,25,-0.04
2026-01-01 05:07:20,Idle,Idle,100,0,79.963,0,-0.1,395,25,-0.04
2026-01-01 05:07:30,Idle,Idle,100,0,79.963,0,-0.1,395,25,-0.04
2026-01-01 05:07:40,Idle,Idle,100,0,79.963,0,-0.1,395,25,-0.04
2026-01-01 05:07:50,Idle,Idle,100,0,79.963,0,-0.1,395,25,-0.04
2026-01-01 05:08:00,Idle,Idle,100,0,79.963,0,-0.1,395,25,-0.04
2026-01-01 05:08:10,Idle,Idle,100,0,79.963,0,-0.1,395,25,-0.04
2026-01-01 05:08:20,Idle,Idle,100,0,79.963,0,-0.1,395,25,-0.04
2026-01-01 05:08:30,Idle,Idle,100,0,79.963,0,-0.1,395,25,-0.04
2026-01-01 05:08:40,Idle,Idle,100,0,79.963,0,-0.1,395,25,-0.04
2026-01-01 05:08:50,Idle,Idle,100,0,79.963,0,-0.1,395,25,-0.04
2026-01-01 05:09:00,Idle,Idle,100,0,79.963,0,-0.1,395,25,-0.04
2026-01-01 05:09:10,Idle,Idle,100,0,79.963,0,-0.1,395,25,-0.04
2026-01-01 05:09:20,Idle,Idle,100,0,79.963,0,-0.1,395,25,-0.04
2026-01-01 05:09:30,Idle,Idle,100,0,79.963,0,-0.1,395,25,-0.04
2026-01-01 05:09:40,Idle,Idle,100,0,79.963,0,-0.1,395,25,-0.04
2026-01-01 05:09:50,Idle,Idle,100,0,79.963,0,-0.1,395,25,-0.04
2026-01-01 05:10:00,Idle,Idle,100,0,79.963,0,-0.1,395,25,-0.04
2026-01-01 05:10:10,Idle,Idle,100,0,79.963,0,-0.1,395,25,-0.04
2026-01-01 05:10:20,Idle,Idle,100,0,79.963,0,-0.1,395,25,-0.04
2026-01-01 05:10:30,Idle,Idle,100,0,79.963,0,-0.1,395,25,-0.04
2026-01-01 05:10:40,Idle,Idle,100,0,79.963,0,-0.1,395,25,-0.04
2026-01-01 05:10:50,Idle,Idle,100,0,79.963,0,-0.1,395,25,-0.04
2026-01-01 05:11:00,Idle,Idle,100,0,79.963,0,-0.1,395,25,-0.04
2026-01-01 05:11:10,Idle,Idle,100,0,79.963,0,-0.1,395,25,-0.04
2026-01-01 05:11:20,Idle,Idle,100,0,79.963,0,-0.1,395,25,-0.04
2026-01-01 05:11:30,Idle,Idle,100,0,79.963,0,-0.1,395,25,-0.04
2026-01-01 05:11:40,Idle,Idle,100,0,79.963,0,-0.1,395,25,-0.04
2026-01-01 05:11:50,Idle,Idle,100,0,79.963,0,-0.1,395,25,-0.04
2026-01-01 05:12:00,Idle,Idle,100,0,79.963,0,-0.1,395,25,-0.04
2026-01-01 05:12:10,Idle,Idle,100,0,79.963,0,-0.1,395,25,-0.04
2026-01-01 05:12:20,Idle,Idle,100,0,79.963,0,-0.1,395,25,-0.04
2026-01-01 05:12:30,Idle,Idle,100,0,79.963,0,-0.1,395,25,-0.04
2026-01-01 05:12:40,Idle,Idle,100,0,79.963,0,-0.1,395,25,-0.04
2026-01-01 05:12:50,Idle,Idle,100,0,79.963,0,-0.1,395,25,-0.04
2026-01-01 05:13:00,Idle,Idle,100,0,79.963,0,-0.1,395,25,-0.04
2026-01-01 05:13:10,Idle,Idle,100,0,79.963,0,-0.1,395,25,-0.04
2026-01-01 05:13:20,Idle,Idle,100,0,79.963,0,-0.1,395,25,-0.04
2026-01-01 05:13:30,Idle,Idle,100,0,79.963,0,-0.1,395,25,-0.04
2026-01-01 05:13:40,Idle,Idle,100,0,79.963,0,-0.1,395,25,-0.04
2026-01-01 05:13:50,Idle,Idle,100,0,79.963,0,-0.1,395,25,-0.04
2026-01-01 05:14:00,Idle,Idle,100,0,79.963,0,-0.1,395,25,-0.04
2026-01-01 05:14:10,Idle,Idle,100,0,79.963,0,-0.1,395,25,-0.04
2026-01-01 05:14:20,Idle,Idle,100,0,79.963,0,-0.1,395,25,-0.04
2026-01-01 05:14:30,Idle,Idle,100,0,79.963,0,-0.1,395,25,-0.04
2026-01-01 05:14:40,Idle,Idle,100,0,79.963,0,-0.1,395,25,-0.04
2026-01-01 05:14:50,Idle,Idle,100,0,79.963,0,-0.1,395,25,-0.04
2026-01-01 05:15:00,Idle,Idle,100,0,79.962,0,-0.1,395,25,-0.04
2026-01-01 05:15:10,Idle,Idle,100,0,79.962,0,-0.1,395,25,-0.04
2026-01-01 05:15:20,Idle,Idle,100,0,79.962,0,-0.1,395,25,-0.04
2026-01-01 05:15:30,Idle,Idle,100,0,79.962,0,-0.1,395,25,-0.04
2026-01-01 05:15:40,Idle,Idle,100,0,79.962,0,-0.1,395,25,-0.04
2026-01-01 05:15:50,Idle,Idle,100,0,79.962,0,-0.1,395,25,-0.04
2026-01-01 05:16:00,Idle,Idle,100,0,79.962,0,-0.1,395,25,-0.04
2026-01-01 05:16:10,Idle,Idle,100,0,79.962,0,-0.1,395,25,-0.04
2026-01-01 05:16:20,Idle,Idle,100,0,79.962,0,-0.1,395,25,-0.04
2026-01-01 05:16:30,Idle,Idle,100,0,79.962,0,-0.1,395,25,-0.04
2026-01-01 05:16:40,Idle,Idle,100,0,79.962,0,-0.1,395,25,-0.04
2026-01-01 05:16:50,Idle,Idle,100,0,79.962,0,-0.1,395,25,-0.04
2026-01-01 05:17:00,Idle,Idle,100,0,79.962,0,-0.1,395,25,-0.04
2026-01-01 05:17:10,Idle,Idle,100,0,79.962,0,-0.1,395,25,-0.04
2026-01-01 05:17:20,Idle,Idle,100,0,79.962,0,-0.1,395,25,-0.04
2026-01-01 05:17:30,Idle,Idle,100,0,79.962,0,-0.1,395,25,-0.04
2026-01-01 05:17:40,Idle,Idle,100,0,79.962,0,-0.1,395,25,-0.04
2026-01-01 05:17:50,Idle,Idle,100,0,79.962,0,-0.1,395,25,-0.04
2026-01-01 05:18:00,Idle,Idle,100,0,79.962,0,-0.1,395,25,-0.04
2026-01-01 05:18:10,Idle,Idle,100,0,79.962,0,-0.1,395,25,-0.04
2026-01-01 05:18:20,Idle,Idle,100,0,79.962,0,-0.1,395,25,-0.04
2026-01-01 05:18:30,Idle,Idle,100,0,79.962,0,-0.1,395,25,-0.04
2026-01-01 05:18:40,Idle,Idle,100,0,79.962,0,-0.1,395,25,-0.04
2026-01-01 05:18:50,Idle,Idle,100,0,79.962,0,-0.1,395,25,-0.04
2026-01-01 05:19:00,Idle,Idle,100,0,79.962,0,-0.1,395,25,-0.04
2026-01-01 05:19:10,Idle,Idle,100,0,79.962,0,-0.1,395,25,-0.04
2026-01-01 05:19:20,Idle,Idle,100,0,79.962,0,-0.1,395,25,-0.04
2026-01-01 05:19:30,Idle,Idle,100,0,79.962,0,-0.1,395,25,-0.04
2026-01-01 05:19:40,Idle,Idle,100,0,79.962,0,-0.1,395,25,-0.04
2026-01-01 05:19:50,Idle,Idle,100,0,79.962,0,-0.1,395,25,-0.04
2026-01-01 05:20:00,Idle,Idle,100,0,79.962,0,-0.1,395,25,-0.04
2026-01-01 05:20:10,Idle,Idle,100,0,79.962,0,-0.1,395,25,-0.04
2026-01-01 05:20:20,Idle,Idle,100,0,79.962,0,-0.1,395,25,-0.04
2026-01-01 05:20:30,Idle,Idle,100,0,79.962,0,-0.1,395,25,-0.04
2026-01-01 05:20:40,Idle,Idle,100,0,79.962,0,-0.1,395,25,-0.04
2026-01-01 05:20:50,Idle,Idle,100,0,79.962,0,-0.1,395,25,-0.04
2026-01-01 05:21:00,Idle,Idle,100,0,79.962,0,-0.1,395,25,-0.04
2026-01-01 05:21:10,Idle,Idle,100,0,79.962,0,-0.1,395,25,-0.04
2026-01-01 05:21:20,Idle,Idle,100,0,79.962,0,-0.1,395,25,-0.04
2026-01-01 05:21:30,Idle,Idle,100,0,79.962,0,-0.1,395,25,-0.04
2026-01-01 05:21:40,Idle,Idle,100,0,79.962,0,-0.1,395,25,-0.04
2026-01-01 05:21:50,Idle,Idle,100,0,79.962,0,-0.1,395,25,-0.04
2026-01-01 05:22:00,Idle,Idle,100,0,79.962,0,-0.1,395,25,-0.04
2026-01-01 05:22:10,Idle,Idle,100,0,79.962,0,-0.1,395,25,-0.04
2026-01-01 05:22:20,Idle,Idle,100,0,79.962,0,-0.1,395,25,-0.04
2026-01-01 05:22:30,Idle,Idle,100,0,79.962,0,-0.1,395,25,-0.04
2026-01-01 05:22:40,Idle,Idle,100,0,79.962,0,-0.1,395,25,-0.04
2026-01-01 05:22:50,Idle,Idle,100,0,79.962,0,-0.1,395,25,-0.04
2026-01-01 05:23:00,Idle,Idle,100,0,79.962,0,-0.1,395,25,-0.04
2026-01-01 05:23:10,Idle,Idle,100,0,79.962,0,-0.1,395,25,-0.04
2026-01-01 05:23:20,Idle,Idle,100,0,79.961,0,-0.1,395,25,-0.04
2026-01-01 05:23:30,Idle,Idle,100,0,79.961,0,-0.1,395,25,-0.04
2026-01-01 05:23:40,Idle,Idle,100,0,79.961,0,-0.1,395,25,-0.04
2026-01-01 05:23:50,Idle,Idle,100,0,79.961,0,-0.1,395,25,-0.04
2026-01-01 05:24:00,Idle,Idle,100,0,79.961,0,-0.1,395,25,-0.04
2026-01-01 05:24:10,Idle,Idle,100,0,79.961,0,-0.1,395,25,-0.04
2026-01-01 05:24:20,Idle,Idle,100,0,79.961,0,-0.1,395,25,-0.04
2026-01-01 05:24:30,Idle,Idle,100,0,79.961,0,-0.1,395,25,-0.04
2026-01-01 05:24:40,Idle,Idle,100,0,79.961,0,-0.1,395,25,-0.04
2026-01-01 05:24:50,Idle,Idle,100,0,79.961,0,-0.1,395,25,-0.04
2026-01-01 05:25:00,Idle,Idle,100,0,79.961,0,-0.1,395,25,-0.04
2026-01-01 05:25:10,Idle,Idle,100,0,79.961,0,-0.1,395,25,-0.04
2026-01-01 05:25:20,Idle,Idle,100,0,79.961,0,-0.1,395,25,-0.04
2026-01-01 05:25:30,Idle,Idle,100,0,79.961,0,-0.1,395,25,-0.04
2026-01-01 05:25:40,Idle,Idle,100,0,79.961,0,-0.1,395,25,-0.04
2026-01-01 05:25:50,Idle,Idle,100,0,79.961,0,-0.1,395,25,-0.04
2026-01-01 05:26:00,Idle,Idle,100,0,79.961,0,-0.1,395,25,-0.04
2026-01-01 05:26:10,Idle,Idle,100,0,79.961,0,-0.1,395,25,-0.04
2026-01-01 05:26:20,Idle,Idle,100,0,79.961,0,-0.1,395,25,-0.04
2026-01-01 05:26:30,Idle,Idle,100,0,79.961,0,-0.1,395,25,-0.04
2026-01-01 05:26:40,Idle,Idle,100,0,79.961,0,-0.1,395,25,-0.04
2026-01-01 05:26:50,Idle,Idle,100,0,79.961,0,-0.1,395,25,-0.04
2026-01-01 05:27:00,Idle,Idle,100,0,79.961,0,-0.1,395,25,-0.04
2026-01-01 05:27:10,Idle,Idle,100,0,79.961,0,-0.1,395,25,-0.04
2026-01-01 05:27:20,Idle,Idle,100,0,79.961,0,-0.1,395,25,-0.04
2026-01-01 05:27:30,Idle,Idle,100,0,79.961,0,-0.1,395,25,-0.04
2026-01-01 05:27:40,Idle,Idle,100,0,79.961,0,-0.1,395,25,-0.04
2026-01-01 05:27:50,Idle,Idle,100,0,79.961,0,-0.1,395,25,-0.04
2026-01-01 05:28:00,Idle,Idle,100,0,79.961,0,-0.1,395,25,-0.04
2026-01-01 05:28:10,Idle,Idle,100,0,79.961,0,-0.1,395,25,-0.04
2026-01-01 05:28:20,Idle,Idle,100,0,79.961,0,-0.1,395,25,-0.04
2026-01-01 05:28:30,Idle,Idle,100,0,79.961,0,-0.1,395,25,-0.04
2026-01-01 05:28:40,Idle,Idle,100,0,79.961,0,-0.1,395,25,-0.04
2026-01-01 05:28:50,Idle,Idle,100,0,79.961,0,-0.1,395,25,-0.04
2026-01-01 05:29:00,Idle,Idle,100,0,79.961,0,-0.1,395,25,-0.04
2026-01-01 05:29:10,Idle,Idle,100,0,79.961,0,-0.1,395,25,-0.04
2026-01-01 05:29:20,Idle,Idle,100,0,79.961,0,-0.1,395,25,-0.04
2026-01-01 05:29:30,Idle,Idle,100,0,79.961,0,-0.1,395,25,-0.04
2026-01-01 05:29:40,Idle,Idle,100,0,79.961,0,-0.1,395,25,-0.04
2026-01-01 05:29:50,Idle,Idle,100,0,79.961,0,-0.1,395,25,-0.04
2026-01-01 05:30:00,Idle,Idle,100,0,79.961,0,-0.1,395,25,-0.04
2026-01-01 05:30:10,Idle,Idle,100,0,79.961,0,-0.1,395,25,-0.04
2026-01-01 05:30:20,Idle,Idle,100,0,79.961,0,-0.1,395,25,-0.04
2026-01-01 05:30:30,Idle,Idle,100,0,79.961,0,-0.1,395,25,-0.04
2026-01-01 05:30:40,Idle,Idle,100,0,79.961,0,-0.1,395,25,-0.04
2026-01-01 05:30:50,Idle,Idle,100,0,79.961,0,-0.1,395,25,-0.04
2026-01-01 05:31:00,Idle,Idle,100,0,79.961,0,-0.1,395,25,-0.04
2026-01-01 05:31:10,Idle,Idle,100,0,79.961,0,-0.1,395,25,-0.04
2026-01-01 05:31:20,Idle,Idle,100,0,79.961,0,-0.1,395,25,-0.04
2026-01-01 05:31:30,Idle,Idle,100,0,79.961,0,-0.1,395,25,-0.04
2026-01-01 05:31:40,Idle,Idle,100,0,79.961,0,-0.1,395,25,-0.04
2026-01-01 05:31:50,Idle,Idle,100,0,79.96,0,-0.1,395,25,-0.04
2026-01-01 05:32:00,Idle,Idle,100,0,79.96,0,-0.1,395,25,-0.04
2026-01-01 05:32:10,Idle,Idle,100,0,79.96,0,-0.1,395,25,-0.04
2026-01-01 05:32:20,Idle,Idle,100,0,79.96,0,-0.1,395,25,-0.04
2026-01-01 05:32:30,Idle,Idle,100,0,79.96,0,-0.1,395,25,-0.04
2026-01-01 05:32:40,Idle,Idle,100,0,79.96,0,-0.1,395,25,-0.04
2026-01-01 05:32:50,Idle,Idle,100,0,79.96,0,-0.1,395,25,-0.04
2026-01-01 05:33:00,Idle,Idle,100,0,79.96,0,-0.1,395,25,-0.04
2026-01-01 05:33:10,Idle,Idle,100,0,79.96,0,-0.1,395,25,-0.04
2026-01-01 05:33:20,Idle,Idle,100,0,79.96,0,-0.1,395,25,-0.04
2026-01-01 05:33:30,Idle,Idle,100,0,79.96,0,-0.1,395,25,-0.04
2026-01-01 05:33:40,Idle,Idle,100,0,79.96,0,-0.1,395,25,-0.04
2026-01-01 05:33:50,Idle,Idle,100,0,79.96,0,-0.1,395,25,-0.04
2026-01-01 05:34:00,Idle,Idle,100,0,79.96,0,-0.1,395,25,-0.04
2026-01-01 05:34:10,Idle,Idle,100,0,79.96,0,-0.1,395,25,-0.04
2026-01-01 05:34:20,Idle,Idle,100,0,79.96,0,-0.1,395,25,-0.04
2026-01-01 05:34:30,Idle,Idle,100,0,79.96,0,-0.1,395,25,-0.04
2026-01-01 05:34:40,Idle,Idle,100,0,79.96,0,-0.1,395,25,-0.04
2026-01-01 05:34:50,Idle,Idle,100,0,79.96,0,-0.1,395,25,-0.04
2026-01-01 05:35:00,Idle,Idle,100,0,79.96,0,-0.1,395,25,-0.04
2026-01-01 05:35:10,Idle,Idle,100,0,79.96,0,-0.1,395,25,-0.04
2026-01-01 05:35:20,Idle,Idle,100,0,79.96,0,-0.1,395,25,-0.04
2026-01-01 05:35:30,Idle,Idle,100,0,79.96,0,-0.1,395,25,-0.04
2026-01-01 05:35:40,Idle,Idle,100,0,79.96,0,-0.1,395,25,-0.04
2026-01-01 05:35:50,Idle,Idle,100,0,79.96,0,-0.1,395,25,-0.04
2026-01-01 05:36:00,Idle,Idle,100,0,79.96,0,-0.1,395,25,-0.04
2026-01-01 05:36:10,Idle,Idle,100,0,79.96,0,-0.1,395,25,-0.04
2026-01-01 05:36:20,Idle,Idle,100,0,79.96,0,-0.1,395,25,-0.04
2026-01-01 05:36:30,Idle,Idle,100,0,79.96,0,-0.1,395,25,-0.04
2026-01-01 05:36:40,Idle,Idle,100,0,79.96,0,-0.1,395,25,-0.04
2026-01-01 05:36:50,Idle,Idle,100,0,79.96,0,-0.1,395,25,-0.04
2026-01-01 05:37:00,Idle,Idle,100,0,79.96,0,-0.1,395,25,-0.04
2026-01-01 05:37:10,Idle,Idle,100,0,79.96,0,-0.1,395,25,-0.04
2026-01-01 05:37:20,Idle,Idle,100,0,79.96,0,-0.1,395,25,-0.04
2026-01-01 05:37:30,Idle,Idle,100,0,79.96,0,-0.1,395,25,-0.04
2026-01-01 05:37:40,Idle,Idle,100,0,79.96,0,-0.1,395,25,-0.04
2026-01-01 05:37:50,Idle,Idle,100,0,79.96,0,-0.1,395,25,-0.04
2026-01-01 05:38:00,Idle,Idle,100,0,79.96,0,-0.1,395,25,-0.04
2026-01-01 05:38:10,Idle,Idle,100,0,79.96,0,-0.1,395,25,-0.04
2026-01-01 05:38:20,Idle,Idle,100,0,79.96,0,-0.1,395,25,-0.04
2026-01-01 05:38:30,Idle,Idle,100,0,79.96,0,-0.1,395,25,-0.04
2026-01-01 05:38:40,Idle,Idle,100,0,79.96,0,-0.1,395,25,-0.04
2026-01-01 05:38:50,Idle,Idle,100,0,79.96,0,-0.1,395,25,-0.04
2026-01-01 05:39:00,Idle,Idle,100,0,79.96,0,-0.1,395,25,-0.04
2026-01-01 05:39:10,Idle,Idle,100,0,79.96,0,-0.1,395,25,-0.04
2026-01-01 05:39:20,Idle,Idle,100,0,79.96,0,-0.1,395,25,-0.04
2026-01-01 05:39:30,Idle,Idle,100,0,79.96,0,-0.1,395,25,-0.04
2026-01-01 05:39:40,Idle,Idle,100,0,79.96,0,-0.1,395,25,-0.04
2026-01-01 05:39:50,Idle,Idle,100,0,79.96,0,-0.1,395,25,-0.04
2026-01-01 05:40:00,Idle,Idle,100,0,79.96,0,-0.1,395,25,-0.04
2026-01-01 05:40:10,Idle,Idle,100,0,79.959,0,-0.1,395,25,-0.04
2026-01-01 05:40:20,Idle,Idle,100,0,79.959,0,-0.1,395,25,-0.04
2026-01-01 05:40:30,Idle,Idle,100,0,79.959,0,-0.1,395,25,-0.04
2026-01-01 05:40:40,Idle,Idle,100,0,79.959,0,-0.1,395,25,-0.04
2026-01-01 05:40:50,Idle,Idle,100,0,79.959,0,-0.1,395,25,-0.04
2026-01-01 05:41:00,Idle,Idle,100,0,79.959,0,-0.1,395,25,-0.04
2026-01-01 05:41:10,Idle,Idle,100,0,79.959,0,-0.1,395,25,-0.04
2026-01-01 05:41:20,Idle,Idle,100,0,79.959,0,-0.1,395,25,-0.04
2026-01-01 05:41:30,Idle,Idle,100,0,79.959,0,-0.1,395,25,-0.04
2026-01-01 05:41:40,Idle,Idle,100,0,79.959,0,-0.1,395,25,-0.04
2026-01-01 05:41:50,Idle,Idle,100,0,79.959,0,-0.1,395,25,-0.04
2026-01-01 05:42:00,Idle,Idle,100,0,79.959,0,-0.1,395,25,-0.04
2026-01-01 05:42:10,Idle,Idle,100,0,79.959,0,-0.1,395,25,-0.04
2026-01-01 05:42:20,Idle,Idle,100,0,79.959,0,-0.1,395,25,-0.04
2026-01-01 05:42:30,Idle,Idle,100,0,79.959,0,-0.1,395,25,-0.04
2026-01-01 05:42:40,Idle,Idle,100,0,79.959,0,-0.1,395,25,-0.04
2026-01-01 05:42:50,Idle,Idle,100,0,79.959,0,-0.1,395,25,-0.04
2026-01-01 05:43:00,Idle,Idle,100,0,79.959,0,-0.1,395,25,-0.04
2026-01-01 05:43:10,Idle,Idle,100,0,79.959,0,-0.1,395,25,-0.04
2026-01-01 05:43:20,Idle,Idle,100,0,79.959,0,-0.1,395,25,-0.04
2026-01-01 05:43:30,Idle,Idle,100,0,79.959,0,-0.1,395,25,-0.04
2026-01-01 05:43:40,Idle,Idle,100,0,79.959,0,-0.1,395,25,-0.04
2026-01-01 05:43:50,Idle,Idle,100,0,79.959,0,-0.1,395,25,-0.04
2026-01-01 05:44:00,Idle,Idle,100,0,79.959,0,-0.1,395,25,-0.04
2026-01-01 05:44:10,Idle,Idle,100,0,79.959,0,-0.1,395,25,-0.04
2026-01-01 05:44:20,Idle,Idle,100,0,79.959,0,-0.1,395,25,-0.04
2026-01-01 05:44:30,Idle,Idle,100,0,79.959,0,-0.1,395,25,-0.04
2026-01-01 05:44:40,Idle,Idle,100,0,79.959,0,-0.1,395,25,-0.04
2026-01-01 05:44:50,Idle,Idle,100,0,79.959,0,-0.1,395,25,-0.04
2026-01-01 05:45:00,Idle,Idle,100,0,79.959,0,-0.1,395,25,-0.04
2026-01-01 05:45:10,Idle,Idle,100,0,79.959,0,-0.1,395,25,-0.04
2026-01-01 05:45:20,Idle,Idle,100,0,79.959,0,-0.1,395,25,-0.04
2026-01-01 05:45:30,Idle,Idle,100,0,79.959,0,-0.1,395,25,-0.04
2026-01-01 05:45:40,Idle,Idle,100,0,79.959,0,-0.1,395,25,-0.04
2026-01-01 05:45:50,Idle,Idle,100,0,79.959,0,-0.1,395,25,-0.04
2026-01-01 05:46:00,Idle,Idle,100,0,79.959,0,-0.1,395,25,-0.04
2026-01-01 05:46:10,Idle,Idle,100,0,79.959,0,-0.1,395,25,-0.04
2026-01-01 05:46:20,Idle,Idle,100,0,79.959,0,-0.1,395,25,-0.04
2026-01-01 05:46:30,Idle,Idle,100,0,79.959,0,-0.1,395,25,-0.04
2026-01-01 05:46:40,Idle,Idle,100,0,79.959,0,-0.1,395,25,-0.04
2026-01-01 05:46:50,Idle,Idle,100,0,79.959,0,-0.1,395,25,-0.04
2026-01-01 05:47:00,Idle,Idle,100,0,79.959,0,-0.1,395,25,-0.04
2026-01-01 05:47:10,Idle,Idle,100,0,79.959,0,-0.1,395,25,-0.04
2026-01-01 05:47:20,Idle,Idle,100,0,79.959,0,-0.1,395,25,-0.04
2026-01-01 05:47:30,Idle,Idle,100,0,79.959,0,-0.1,395,25,-0.04
2026-01-01 05:47:40,Idle,Idle,100,0,79.959,0,-0.1,395,25,-0.04
2026-01-01 05:47:50,Idle,Idle,100,0,79.959,0,-0.1,395,25,-0.04
2026-01-01 05:48:00,Idle,Idle,100,0,79.959,0,-0.1,395,25,-0.04
2026-01-01 05:48:10,Idle,Idle,100,0,79.959,0,-0.1,395,25,-0.04
2026-01-01 05:48:20,Idle,Idle,100,0,79.959,0,-0.1,395,25,-0.04
2026-01-01 05:48:30,Idle,Idle,100,0,79.958,0,-0.1,395,25,-0.04
2026-01-01 05:48:40,Idle,Idle,100,0,79.958,0,-0.1,395,25,-0.04
2026-01-01 05:48:50,Idle,Idle,100,0,79.958,0,-0.1,395,25,-0.04
2026-01-01 05:49:00,Idle,Idle,100,0,79.958,0,-0.1,395,25,-0.04
2026-01-01 05:49:10,Idle,Idle,100,0,79.958,0,-0.1,395,25,-0.04
2026-01-01 05:49:20,Idle,Idle,100,0,79.958,0,-0.1,395,25,-0.04
2026-01-01 05:49:30,Idle,Idle,100,0,79.958,0,-0.1,395,25,-0.04
2026-01-01 05:49:40,Idle,Idle,100,0,79.958,0,-0.1,395,25,-0.04
2026-01-01 05:49:50,Idle,Idle,100,0,79.958,0,-0.1,395,25,-0.04
2026-01-01 05:50:00,Idle,Idle,100,0,79.958,0,-0.1,395,25,-0.04
2026-01-01 05:50:10,Idle,Idle,100,0,79.958,0,-0.1,395,25,-0.04
2026-01-01 05:50:20,Idle,Idle,100,0,79.958,0,-0.1,395,25,-0.04
2026-01-01 05:50:30,Idle,Idle,100,0,79.958,0,-0.1,395,25,-0.04
2026-01-01 05:50:40,Idle,Idle,100,0,79.958,0,-0.1,395,25,-0.04
2026-01-01 05:50:50,Idle,Idle,100,0,79.958,0,-0.1,395,25,-0.04
2026-01-01 05:51:00,Idle,Idle,100,0,79.958,0,-0.1,395,25,-0.04
2026-01-01 05:51:10,Idle,Idle,100,0,79.958,0,-0.1,395,25,-0.04
2026-01-01 05:51:20,Idle,Idle,100,0,79.958,0,-0.1,395,25,-0.04
2026-01-01 05:51:30,Idle,Idle,100,0,79.958,0,-0.1,395,25,-0.04
2026-01-01 05:51:40,Idle,Idle,100,0,79.958,0,-0.1,395,25,-0.04
2026-01-01 05:51:50,Idle,Idle,100,0,79.958,0,-0.1,395,25,-0.04
2026-01-01 05:52:00,Idle,Idle,100,0,79.958,0,-0.1,395,25,-0.04
2026-01-01 05:52:10,Idle,Idle,100,0,79.958,0,-0.1,395,25,-0.04
2026-01-01 05:52:20,Idle,Idle,100,0,79.958,0,-0.1,395,25,-0.04
2026-01-01 05:52:30,Idle,Idle,100,0,79.958,0,-0.1,395,25,-0.04
2026-01-01 05:52:40,Idle,Idle,100,0,79.958,0,-0.1,395,25,-0.04
2026-01-01 05:52:50,Idle,Idle,100,0,79.958,0,-0.1,395,25,-0.04
2026-01-01 05:53:00,Idle,Idle,100,0,79.958,0,-0.1,395,25,-0.04
2026-01-01 05:53:10,Idle,Idle,100,0,79.958,0,-0.1,395,25,-0.04
2026-01-01 05:53:20,Idle,Idle,100,0,79.958,0,-0.1,395,25,-0.04
2026-01-01 05:53:30,Idle,Idle,100,0,79.958,0,-0.1,395,25,-0.04
2026-01-01 05:53:40,Idle,Idle,100,0,79.958,0,-0.1,395,25,-0.04
2026-01-01 05:53:50,Idle,Idle,100,0,79.958,0,-0.1,395,25,-0.04
2026-01-01 05:54:00,Idle,Idle,100,0,79.958,0,-0.1,395,25,-0.04
2026-01-01 05:54:10,Idle,Idle,100,0,79.958,0,-0.1,395,25,-0.04
2026-01-01 05:54:20,Idle,Idle,100,0,79.958,0,-0.1,395,25,-0.04
2026-01-01 05:54:30,Idle,Idle,100,0,79.958,0,-0.1,395,25,-0.04
2026-01-01 05:54:40,Idle,Idle,100,0,79.958,0,-0.1,395,25,-0.04
2026-01-01 05:54:50,Idle,Idle,100,0,79.958,0,-0.1,395,25,-0.04
2026-01-01 05:55:00,Idle,Idle,100,0,79.958,0,-0.1,395,25,-0.04
2026-01-01 05:55:10,Idle,Idle,100,0,79.958,0,-0.1,395,25,-0.04
2026-01-01 05:55:20,Idle,Idle,100,0,79.958,0,-0.1,395,25,-0.04
2026-01-01 05:55:30,Idle,Idle,100,0,79.958,0,-0.1,395,25,-0.04
2026-01-01 05:55:40,Idle,Idle,100,0,79.958,0,-0.1,395,25,-0.04
2026-01-01 05:55:50,Idle,Idle,100,0,79.958,0,-0.1,395,25,-0.04
2026-01-01 05:56:00,Idle,Idle,100,0,79.958,0,-0.1,395,25,-0.04
2026-01-01 05:56:10,Idle,Idle,100,0,79.958,0,-0.1,395,25,-0.04
2026-01-01 05:56:20,Idle,Idle,100,0,79.958,0,-0.1,395,25,-0.04
2026-01-01 05:56:30,Idle,Idle,100,0,79.958,0,-0.1,395,25,-0.04
2026-01-01 05:56:40,Idle,Idle,100,0,79.958,0,-0.1,395,25,-0.04
2026-01-01 05:56:50,Idle,Idle,100,0,79.958,0,-0.1,395,25,-0.04
2026-01-01 05:57:00,Idle,Idle,100,0,79.957,0,-0.1,395,25,-0.04
2026-01-01 05:57:10,Idle,Idle,100,0,79.957,0,-0.1,395,25,-0.04
2026-01-01 05:57:20,Idle,Idle,100,0,79.957,0,-0.1,395,25,-0.04
2026-01-01 05:57:30,Idle,Idle,100,0,79.957,0,-0.1,395,25,-0.04
2026-01-01 05:57:40,Idle,Idle,100,0,79.957,0,-0.1,395,25,-0.04
2026-01-01 05:57:50,Idle,Idle,100,0,79.957,0,-0.1,395,25,-0.04
2026-01-01 05:58:00,Idle,Idle,100,0,79.957,0,-0.1,395,25,-0.04
2026-01-01 05:58:10,Idle,Idle,100,0,79.957,0,-0.1,395,25,-0.04
2026-01-01 05:58:20,Idle,Idle,100,0,79.957,0,-0.1,395,25,-0.04
2026-01-01 05:58:30,Idle,Idle,100,0,79.957,0,-0.1,395,25,-0.04
2026-01-01 05:58:40,Idle,Idle,100,0,79.957,0,-0.1,395,25,-0.04
2026-01-01 05:58:50,Idle,Idle,100,0,79.957,0,-0.1,395,25,-0.04
2026-01-01 05:59:00,Idle,Idle,100,0,79.957,0,-0.1,395,25,-0.04
2026-01-01 05:59:10,Idle,Idle,100,0,79.957,0,-0.1,395,25,-0.04
2026-01-01 05:59:20,Idle,Idle,100,0,79.957,0,-0.1,395,25,-0.04
2026-01-01 05:59:30,Idle,Idle,100,0,79.957,0,-0.1,395,25,-0.04
2026-01-01 05:59:40,Idle,Idle,100,0,79.957,0,-0.1,395,25,-0.04
2026-01-01 05:59:50,Idle,Idle,100,0,79.957,0,-0.1,395,25,-0.04
2026-01-01 06:00:00,Idle,Idle,100,0,79.957,0,-0.1,395,25,-0.04
2026-01-01 06:00:10,Idle,Idle,100,0,79.957,0,-0.1,395,25,-0.04
2026-01-01 06:00:20,Idle,Idle,100,0,79.957,0,-0.1,395,25,-0.04
2026-01-01 06:00:30,Idle,Idle,100,0,79.957,0,-0.1,395,25,-0.04
2026-01-01 06:00:40,Idle,Idle,100,0,79.957,0,-0.1,395,25,-0.04
2026-01-01 06:00:50,Idle,Idle,100,0,79.957,0,-0.1,395,25,-0.04
2026-01-01 06:01:00,Idle,Idle,100,0,79.957,0,-0.1,395,25,-0.04
2026-01-01 06:01:10,Idle,Idle,100,0,79.957,0,-0.1,395,25,-0.04
2026-01-01 06:01:20,Idle,Idle,100,0,79.957,0,-0.1,395,25,-0.04
2026-01-01 06:01:30,Idle,Idle,100,0,79.957,0,-0.1,395,25,-0.04
2026-01-01 06:01:40,Idle,Idle,100,0,79.957,0,-0.1,395,25,-0.04
2026-01-01 06:01:50,Idle,Idle,100,0,79.957,0,-0.1,395,25,-0.04
2026-01-01 06:02:00,Idle,Idle,100,0,79.957,0,-0.1,395,25,-0.04
2026-01-01 06:02:10,Idle,Idle,100,0,79.957,0,-0.1,395,25,-0.04
2026-01-01 06:02:20,Idle,Idle,100,0,79.957,0,-0.1,395,25,-0.04
2026-01-01 06:02:30,Idle,Idle,100,0,79.957,0,-0.1,395,25,-0.04
2026-01-01 06:02:40,Idle,Idle,100,0,79.957,0,-0.1,395,25,-0.04
2026-01-01 06:02:50,Idle,Idle,100,0,79.957,0,-0.1,395,25,-0.04
2026-01-01 06:03:00,Idle,Idle,100,0,79.957,0,-0.1,395,25,-0.04
2026-01-01 06:03:10,Idle,Idle,100,0,79.957,0,-0.1,395,25,-0.04
2026-01-01 06:03:20,Idle,Idle,100,0,79.957,0,-0.1,395,25,-0.04
2026-01-01 06:03:30,Idle,Idle,100,0,79.957,0,-0.1,395,25,-0.04
2026-01-01 06:03:40,Idle,Idle,100,0,79.957,0,-0.1,395,25,-0.04
2026-01-01 06:03:50,Idle,Idle,100,0,79.957,0,-0.1,395,25,-0.04
2026-01-01 06:04:00,Idle,Idle,100,0,79.957,0,-0.1,395,25,-0.04
2026-01-01 06:04:10,Idle,Idle,100,0,79.957,0,-0.1,395,25,-0.04
2026-01-01 06:04:20,Idle,Idle,100,0,79.957,0,-0.1,395,25,-0.04
2026-01-01 06:04:30,Idle,Idle,100,0,79.957,0,-0.1,395,25,-0.04
2026-01-01 06:04:40,Idle,Idle,100,0,79.957,0,-0.1,395,25,-0.04
2026-01-01 06:04:50,Idle,Idle,100,0,79.957,0,-0.1,395,25,-0.04
2026-01-01 06:05:00,Idle,Idle,100,0,79.957,0,-0.1,395,25,-0.04
2026-01-01 06:05:10,Idle,Idle,100,0,79.957,0,-0.1,395,25,-0.04
2026-01-01 06:05:20,Idle,Idle,100,0,79.956,0,-0.1,395,25,-0.04
2026-01-01 06:05:30,Idle,Idle,100,0,79.956,0,-0.1,395,25,-0.04
2026-01-01 06:05:40,Idle,Idle,100,0,79.956,0,-0.1,395,25,-0.04
2026-01-01 06:05:50,Idle,Idle,100,0,79.956,0,-0.1,395,25,-0.04
2026-01-01 06:06:00,Idle,Idle,100,0,79.956,0,-0.1,395,25,-0.04
2026-01-01 06:06:10,Idle,Idle,100,0,79.956,0,-0.1,395,25,-0.04
2026-01-01 06:06:20,Idle,Idle,100,0,79.956,0,-0.1,395,25,-0.04
2026-01-01 06:06:30,Idle,Idle,100,0,79.956,0,-0.1,395,25,-0.04
2026-01-01 06:06:40,Idle,Idle,100,0,79.956,0,-0.1,395,25,-0.04
2026-01-01 06:06:50,Idle,Idle,100,0,79.956,0,-0.1,395,25,-0.04
2026-01-01 06:07:00,Idle,Idle,100,0,79.956,0,-0.1,395,25,-0.04
2026-01-01 06:07:10,Idle,Idle,100,0,79.956,0,-0.1,395,25,-0.04
2026-01-01 06:07:20,Idle,Idle,100,0,79.956,0,-0.1,395,25,-0.04
2026-01-01 06:07:30,Idle,Idle,100,0,79.956,0,-0.1,395,25,-0.04
2026-01-01 06:07:40,Idle,Idle,100,0,79.956,0,-0.1,395,25,-0.04
2026-01-01 06:07:50,Idle,Idle,100,0,79.956,0,-0.1,395,25,-0.04
2026-01-01 06:08:00,Idle,Idle,100,0,79.956,0,-0.1,395,25,-0.04
2026-01-01 06:08:10,Idle,Idle,100,0,79.956,0,-0.1,395,25,-0.04
2026-01-01 06:08:20,Idle,Idle,100,0,79.956,0,-0.1,395,25,-0.04
2026-01-01 06:08:30,Idle,Idle,100,0,79.956,0,-0.1,395,25,-0.04
2026-01-01 06:08:40,Idle,Idle,100,0,79.956,0,-0.1,395,25,-0.04
2026-01-01 06:08:50,Idle,Idle,100,0,79.956,0,-0.1,395,25,-0.04
2026-01-01 06:09:00,Idle,Idle,100,0,79.956,0,-0.1,395,25,-0.04
2026-01-01 06:09:10,Idle,Idle,100,0,79.956,0,-0.1,395,25,-0.04
2026-01-01 06:09:20,Idle,Idle,100,0,79.956,0,-0.1,395,25,-0.04
2026-01-01 06:09:30,Idle,Idle,100,0,79.956,0,-0.1,395,25,-0.04
2026-01-01 06:09:40,Idle,Idle,100,0,79.956,0,-0.1,395,25,-0.04
2026-01-01 06:09:50,Idle,Idle,100,0,79.956,0,-0.1,395,25,-0.04
2026-01-01 06:10:00,Idle,Idle,100,0,79.956,0,-0.1,395,25,-0.04
2026-01-01 06:10:10,Idle,Idle,100,0,79.956,0,-0.1,395,25,-0.04
2026-01-01 06:10:20,Idle,Idle,100,0,79.956,0,-0.1,395,25,-0.04
2026-01-01 06:10:30,Idle,Idle,100,0,79.956,0,-0.1,395,25,-0.04
2026-01-01 06:10:40,Idle,Idle,100,0,79.956,0,-0.1,395,25,-0.04
2026-01-01 06:10:50,Idle,Idle,100,0,79.956,0,-0.1,395,25,-0.04
2026-01-01 06:11:00,Idle,Idle,100,0,79.956,0,-0.1,395,25,-0.04
2026-01-01 06:11:10,Idle,Idle,100,0,79.956,0,-0.1,395,25,-0.04
2026-01-01 06:11:20,Idle,Idle,100,0,79.956,0,-0.1,395,25,-0.04
2026-01-01 06:11:30,Idle,Idle,100,0,79.956,0,-0.1,395,25,-0.04
2026-01-01 06:11:40,Idle,Idle,100,0,79.956,0,-0.1,395,25,-0.04
2026-01-01 06:11:50,Idle,Idle,100,0,79.956,0,-0.1,395,25,-0.04
2026-01-01 06:12:00,Idle,Idle,100,0,79.956,0,-0.1,395,25,-0.04
2026-01-01 06:12:10,Idle,Idle,100,0,79.956,0,-0.1,395,25,-0.04
2026-01-01 06:12:20,Idle,Idle,100,0,79.956,0,-0.1,395,25,-0.04
2026-01-01 06:12:30,Idle,Idle,100,0,79.956,0,-0.1,395,25,-0.04
2026-01-01 06:12:40,Idle,Idle,100,0,79.956,0,-0.1,395,25,-0.04
2026-01-01 06:12:50,Idle,Idle,100,0,79.956,0,-0.1,395,25,-0.04
2026-01-01 06:13:00,Idle,Idle,100,0,79.956,0,-0.1,395,25,-0.04
2026-01-01 06:13:10,Idle,Idle,100,0,79.956,0,-0.1,395,25,-0.04
2026-01-01 06:13:20,Idle,Idle,100,0,79.956,0,-0.1,395,25,-0.04
2026-01-01 06:13:30,Idle,Idle,100,0,79.956,0,-0.1,395,25,-0.04
2026-01-01 06:13:40,Idle,Idle,100,0,79.955,0,-0.1,395,25,-0.04
2026-01-01 06:13:50,Idle,Idle,100,0,79.955,0,-0.1,395,25,-0.04
2026-01-01 06:14:00,Idle,Idle,100,0,79.955,0,-0.1,395,25,-0.04
2026-01-01 06:14:10,Idle,Idle,100,0,79.955,0,-0.1,395,25,-0.04
2026-01-01 06:14:20,Idle,Idle,100,0,79.955,0,-0.1,395,25,-0.04
2026-01-01 06:14:30,Idle,Idle,100,0,79.955,0,-0.1,395,25,-0.04
2026-01-01 06:14:40,Idle,Idle,100,0,79.955,0,-0.1,395,25,-0.04
2026-01-01 06:14:50,Idle,Idle,100,0,79.955,0,-0.1,395,25,-0.04
2026-01-01 06:15:00,Idle,Idle,100,0,79.955,0,-0.1,395,25,-0.04
2026-01-01 06:15:10,Idle,Idle,100,0,79.955,0,-0.1,395,25,-0.04
2026-01-01 06:15:20,Idle,Idle,100,0,79.955,0,-0.1,395,25,-0.04
2026-01-01 06:15:30,Idle,Idle,100,0,79.955,0,-0.1,395,25,-0.04
2026-01-01 06:15:40,Idle,Idle,100,0,79.955,0,-0.1,395,25,-0.04
2026-01-01 06:15:50,Idle,Idle,100,0,79.955,0,-0.1,395,25,-0.04
2026-01-01 06:16:00,Idle,Idle,100,0,79.955,0,-0.1,395,25,-0.04
2026-01-01 06:16:10,Idle,Idle,100,0,79.955,0,-0.1,395,25,-0.04
2026-01-01 06:16:20,Idle,Idle,100,0,79.955,0,-0.1,395,25,-0.04
2026-01-01 06:16:30,Idle,Idle,100,0,79.955,0,-0.1,395,25,-0.04
2026-01-01 06:16:40,Idle,Idle,100,0,79.955,0,-0.1,395,25,-0.04
2026-01-01 06:16:50,Idle,Idle,100,0,79.955,0,-0.1,395,25,-0.04
2026-01-01 06:17:00,Idle,Idle,100,0,79.955,0,-0.1,395,25,-0.04
2026-01-01 06:17:10,Idle,Idle,100,0,79.955,0,-0.1,395,25,-0.04
2026-01-01 06:17:20,Idle,Idle,100,0,79.955,0,-0.1,395,25,-0.04
2026-01-01 06:17:30,Idle,Idle,100,0,79.955,0,-0.1,395,25,-0.04
2026-01-01 06:17:40,Idle,Idle,100,0,79.955,0,-0.1,395,25,-0.04
2026-01-01 06:17:50,Idle,Idle,100,0,79.955,0,-0.1,395,25,-0.04
2026-01-01 06:18:00,Idle,Idle,100,0,79.955,0,-0.1,395,25,-0.04
2026-01-01 06:18:10,Idle,Idle,100,0,79.955,0,-0.1,395,25,-0.04
2026-01-01 06:18:20,Idle,Idle,100,0,79.955,0,-0.1,395,25,-0.04
2026-01-01 06:18:30,Idle,Idle,100,0,79.955,0,-0.1,395,25,-0.04
2026-01-01 06:18:40,Idle,Idle,100,0,79.955,0,-0.1,395,25,-0.04
2026-01-01 06:18:50,Idle,Idle,100,0,79.955,0,-0.1,395,25,-0.04
2026-01-01 06:19:00,Idle,Idle,100,0,79.955,0,-0.1,395,25,-0.04
2026-01-01 06:19:10,Idle,Idle,100,0,79.955,0,-0.1,395,25,-0.04
2026-01-01 06:19:20,Idle,Idle,100,0,79.955,0,-0.1,395,25,-0.04
2026-01-01 06:19:30,Idle,Idle,100,0,79.955,0,-0.1,395,25,-0.04
2026-01-01 06:19:40,Idle,Idle,100,0,79.955,0,-0.1,395,25,-0.04
2026-01-01 06:19:50,Idle,Idle,100,0,79.955,0,-0.1,395,25,-0.04
2026-01-01 06:20:00,Idle,Idle,100,0,79.955,0,-0.1,395,25,-0.04
2026-01-01 06:20:10,Idle,Idle,100,0,79.955,0,-0.1,395,25,-0.04
2026-01-01 06:20:20,Idle,Idle,100,0,79.955,0,-0.1,395,25,-0.04
2026-01-01 06:20:30,Idle,Idle,100,0,79.955,0,-0.1,395,25,-0.04
2026-01-01 06:20:40,Idle,Idle,100,0,79.955,0,-0.1,395,25,-0.04
2026-01-01 06:20:50,Idle,Idle,100,0,79.955,0,-0.1,395,25,-0.04
2026-01-01 06:21:00,Idle,Idle,100,0,79.955,0,-0.1,395,25,-0.04
2026-01-01 06:21:10,Idle,Idle,100,0,79.955,0,-0.1,395,25,-0.04
2026-01-01 06:21:20,Idle,Idle,100,0,79.955,0,-0.1,395,25,-0.04
2026-01-01 06:21:30,Idle,Idle,100,0,79.955,0,-0.1,395,25,-0.04
2026-01-01 06:21:40,Idle,Idle,100,0,79.955,0,-0.1,395,25,-0.04
2026-01-01 06:21:50,Idle,Idle,100,0,79.955,0,-0.1,395,25,-0.04
2026-01-01 06:22:00,Idle,Idle,100,0,79.955,0,-0.1,395,25,-0.04
2026-01-01 06:22:10,Idle,Idle,100,0,79.954,0,-0.1,395,25,-0.04
2026-01-01 06:22:20,Idle,Idle,100,0,79.954,0,-0.1,395,25,-0.04
2026-01-01 06:22:30,Idle,Idle,100,0,79.954,0,-0.1,395,25,-0.04
2026-01-01 06:22:40,Idle,Idle,100,0,79.954,0,-0.1,395,25,-0.04
2026-01-01 06:22:50,Idle,Idle,100,0,79.954,0,-0.1,395,25,-0.04
2026-01-01 06:23:00,Idle,Idle,100,0,79.954,0,-0.1,395,25,-0.04
2026-01-01 06:23:10,Idle,Idle,100,0,79.954,0,-0.1,395,25,-0.04
2026-01-01 06:23:20,Idle,Idle,100,0,79.954,0,-0.1,395,25,-0.04
2026-01-01 06:23:30,Idle,Idle,100,0,79.954,0,-0.1,395,25,-0.04
2026-01-01 06:23:40,Idle,Idle,100,0,79.954,0,-0.1,395,25,-0.04
2026-01-01 06:23:50,Idle,Idle,100,0,79.954,0,-0.1,395,25,-0.04
2026-01-01 06:24:00,Idle,Idle,100,0,79.954,0,-0.1,395,25,-0.04
2026-01-01 06:24:10,Idle,Idle,100,0,79.954,0,-0.1,395,25,-0.04
2026-01-01 06:24:20,Idle,Idle,100,0,79.954,0,-0.1,395,25,-0.04
2026-01-01 06:24:30,Idle,Idle,100,0,79.954,0,-0.1,395,25,-0.04
2026-01-01 06:24:40,Idle,Idle,100,0,79.954,0,-0.1,395,25,-0.04
2026-01-01 06:24:50,Idle,Idle,100,0,79.954,0,-0.1,395,25,-0.04
2026-01-01 06:25:00,Idle,Idle,100,0,79.954,0,-0.1,395,25,-0.04
2026-01-01 06:25:10,Idle,Idle,100,0,79.954,0,-0.1,395,25,-0.04
2026-01-01 06:25:20,Idle,Idle,100,0,79.954,0,-0.1,395,25,-0.04
2026-01-01 06:25:30,Idle,Idle,100,0,79.954,0,-0.1,395,25,-0.04
2026-01-01 06:25:40,Idle,Idle,100,0,79.954,0,-0.1,395,25,-0.04
2026-01-01 06:25:50,Idle,Idle,100,0,79.954,0,-0.1,395,25,-0.04
2026-01-01 06:26:00,Idle,Idle,100,0,79.954,0,-0.1,395,25,-0.04
2026-01-01 06:26:10,Idle,Idle,100,0,79.954,0,-0.1,395,25,-0.04
2026-01-01 06:26:20,Idle,Idle,100,0,79.954,0,-0.1,395,25,-0.04
2026-01-01 06:26:30,Idle,Idle,100,0,79.954,0,-0.1,395,25,-0.04
2026-01-01 06:26:40,Idle,Idle,100,0,79.954,0,-0.1,395,25,-0.04
2026-01-01 06:26:50,Idle,Idle,100,0,79.954,0,-0.1,395,25,-0.04
2026-01-01 06:27:00,Idle,Idle,100,0,79.954,0,-0.1,395,25,-0.04
2026-01-01 06:27:10,Idle,Idle,100,0,79.954,0,-0.1,395,25,-0.04
2026-01-01 06:27:20,Idle,Idle,100,0,79.954,0,-0.1,395,25,-0.04
2026-01-01 06:27:30,Idle,Idle,100,0,79.954,0,-0.1,395,25,-0.04
2026-01-01 06:27:40,Idle,Idle,100,0,79.954,0,-0.1,395,25,-0.04
2026-01-01 06:27:50,Idle,Idle,100,0,79.954,0,-0.1,395,25,-0.04
2026-01-01 06:28:00,Idle,Idle,100,0,79.954,0,-0.1,395,25,-0.04
2026-01-01 06:28:10,Idle,Idle,100,0,79.954,0,-0.1,395,25,-0.04
2026-01-01 06:28:20,Idle,Idle,100,0,79.954,0,-0.1,395,25,-0.04
2026-01-01 06:28:30,Idle,Idle,100,0,79.954,0,-0.1,395,25,-0.04
2026-01-01 06:28:40,Idle,Idle,100,0,79.954,0,-0.1,395,25,-0.04
2026-01-01 06:28:50,Idle,Idle,100,0,79.954,0,-0.1,395,25,-0.04
2026-01-01 06:29:00,Idle,Idle,100,0,79.954,0,-0.1,395,25,-0.04
2026-01-01 06:29:10,Idle,Idle,100,0,79.954,0,-0.1,395,25,-0.04
2026-01-01 06:29:20,Idle,Idle,100,0,79.954,0,-0.1,395,25,-0.04
2026-01-01 06:29:30,Idle,Idle,100,0,79.954,0,-0.1,395,25,-0.04
2026-01-01 06:29:40,Idle,Idle,100,0,79.954,0,-0.1,395,25,-0.04
2026-01-01 06:29:50,Idle,Idle,100,0,79.954,0,-0.1,395,25,-0.04
2026-01-01 06:30:00,Idle,Idle,100,0,79.954,0,-0.1,395,25,-0.04
2026-01-01 06:30:10,Idle,Idle,100,0,79.954,0,-0.1,395,25,-0.04
2026-01-01 06:30:20,Idle,Idle,100,0,79.954,0,-0.1,395,25,-0.04
2026-01-01 06:30:30,Idle,Idle,100,0,79.953,0,-0.1,395,25,-0.04
2026-01-01 06:30:40,Idle,Idle,100,0,79.953,0,-0.1,395,25,-0.04
2026-01-01 06:30:50,Idle,Idle,100,0,79.953,0,-0.1,395,25,-0.04
2026-01-01 06:31:00,Idle,Idle,100,0,79.953,0,-0.1,395,25,-0.04
2026-01-01 06:31:10,Idle,Idle,100,0,79.953,0,-0.1,395,25,-0.04
2026-01-01 06:31:20,Idle,Idle,100,0,79.953,0,-0.1,395,25,-0.04
2026-01-01 06:31:30,Idle,Idle,100,0,79.953,0,-0.1,395,25,-0.04
2026-01-01 06:31:40,Idle,Idle,100,0,79.953,0,-0.1,395,25,-0.04
2026-01-01 06:31:50,Idle,Idle,100,0,79.953,0,-0.1,395,25,-0.04
2026-01-01 06:32:00,Idle,Idle,100,0,79.953,0,-0.1,395,25,-0.04
2026-01-01 06:32:10,Idle,Idle,100,0,79.953,0,-0.1,395,25,-0.04
2026-01-01 06:32:20,Idle,Idle,100,0,79.953,0,-0.1,395,25,-0.04
2026-01-01 06:32:30,Idle,Idle,100,0,79.953,0,-0.1,395,25,-0.04
2026-01-01 06:32:40,Idle,Idle,100,0,79.953,0,-0.1,395,25,-0.04
2026-01-01 06:32:50,Idle,Idle,100,0,79.953,0,-0.1,395,25,-0.04
2026-01-01 06:33:00,Idle,Idle,100,0,79.953,0,-0.1,395,25,-0.04
2026-01-01 06:33:10,Idle,Idle,100,0,79.953,0,-0.1,395,25,-0.04
2026-01-01 06:33:20,Idle,Idle,100,0,79.953,0,-0.1,395,25,-0.04
2026-01-01 06:33:30,Idle,Idle,100,0,79.953,0,-0.1,395,25,-0.04
2026-01-01 06:33:40,Idle,Idle,100,0,79.953,0,-0.1,395,25,-0.04
2026-01-01 06:33:50,Idle,Idle,100,0,79.953,0,-0.1,395,25,-0.04
2026-01-01 06:34:00,Idle,Idle,100,0,79.953,0,-0.1,395,25,-0.04
2026-01-01 06:34:10,Idle,Idle,100,0,79.953,0,-0.1,395,25,-0.04
2026-01-01 06:34:20,Idle,Idle,100,0,79.953,0,-0.1,395,25,-0.04
2026-01-01 06:34:30,Idle,Idle,100,0,79.953,0,-0.1,395,25,-0.04
2026-01-01 06:34:40,Idle,Idle,100,0,79.953,0,-0.1,395,25,-0.04
2026-01-01 06:34:50,Idle,Idle,100,0,79.953,0,-0.1,395,25,-0.04
2026-01-01 06:35:00,Idle,Idle,100,0,79.953,0,-0.1,395,25,-0.04
2026-01-01 06:35:10,Idle,Idle,100,0,79.953,0,-0.1,395,25,-0.04
2026-01-01 06:35:20,Idle,Idle,100,0,79.953,0,-0.1,395,25,-0.04
2026-01-01 06:35:30,Idle,Idle,100,0,79.953,0,-0.1,395,25,-0.04
2026-01-01 06:35:40,Idle,Idle,100,0,79.953,0,-0.1,395,25,-0.04
2026-01-01 06:35:50,Idle,Idle,100,0,79.953,0,-0.1,395,25,-0.04
2026-01-01 06:36:00,Idle,Idle,100,0,79.953,0,-0.1,395,25,-0.04
2026-01-01 06:36:10,Idle,Idle,100,0,79.953,0,-0.1,395,25,-0.04
2026-01-01 06:36:20,Idle,Idle,100,0,79.953,0,-0.1,395,25,-0.04
2026-01-01 06:36:30,Idle,Idle,100,0,79.953,0,-0.1,395,25,-0.04
2026-01-01 06:36:40,Idle,Idle,100,0,79.953,0,-0.1,395,25,-0.04
2026-01-01 06:36:50,Idle,Idle,100,0,79.953,0,-0.1,395,25,-0.04
2026-01-01 06:37:00,Idle,Idle,100,0,79.953,0,-0.1,395,25,-0.04
2026-01-01 06:37:10,Idle,Idle,100,0,79.953,0,-0.1,395,25,-0.04
2026-01-01 06:37:20,Idle,Idle,100,0,79.953,0,-0.1,395,25,-0.04
2026-01-01 06:37:30,Idle,Idle,100,0,79.953,0,-0.1,395,25,-0.04
2026-01-01 06:37:40,Idle,Idle,100,0,79.953,0,-0.1,395,25,-0.04
2026-01-01 06:37:50,Idle,Idle,100,0,79.953,0,-0.1,395,25,-0.04
2026-01-01 06:38:00,Idle,Idle,100,0,79.953,0,-0.1,395,25,-0.04
2026-01-01 06:38:10,Idle,Idle,100,0,79.953,0,-0.1,395,25,-0.04
2026-01-01 06:38:20,Idle,Idle,100,0,79.953,0,-0.1,395,25,-0.04
2026-01-01 06:38:30,Idle,Idle,100,0,79.953,0,-0.1,395,25,-0.04
2026-01-01 06:38:40,Idle,Idle,100,0,79.953,0,-0.1,395,25,-0.04
2026-01-01 06:38:50,Idle,Idle,100,0,79.953,0,-0.1,395,25,-0.04
2026-01-01 06:39:00,Idle,Idle,100,0,79.952,0,-0.1,395,25,-0.04
2026-01-01 06:39:10,Idle,Idle,100,0,79.952,0,-0.1,395,25,-0.04
2026-01-01 06:39:20,Idle,Idle,100,0,79.952,0,-0.1,395,25,-0.04
2026-01-01 06:39:30,Idle,Idle,100,0,79.952,0,-0.1,395,25,-0.04
2026-01-01 06:39:40,Idle,Idle,100,0,79.952,0,-0.1,395,25,-0.04
2026-01-01 06:39:50,Idle,Idle,100,0,79.952,0,-0.1,395,25,-0.04
2026-01-01 06:40:00,Idle,Idle,100,0,79.952,0,-0.1,395,25,-0.04
2026-01-01 06:40:10,Idle,Idle,100,0,79.952,0,-0.1,395,25,-0.04
2026-01-01 06:40:20,Idle,Idle,100,0,79.952,0,-0.1,395,25,-0.04
2026-01-01 06:40:30,Idle,Idle,100,0,79.952,0,-0.1,395,25,-0.04
2026-01-01 06:40:40,Idle,Idle,100,0,79.952,0,-0.1,395,25,-0.04
2026-01-01 06:40:50,Idle,Idle,100,0,79.952,0,-0.1,395,25,-0.04
2026-01-01 06:41:00,Idle,Idle,100,0,79.952,0,-0.1,395,25,-0.04
2026-01-01 06:41:10,Idle,Idle,100,0,79.952,0,-0.1,395,25,-0.04
2026-01-01 06:41:20,Idle,Idle,100,0,79.952,0,-0.1,395,25,-0.04
2026-01-01 06:41:30,Idle,Idle,100,0,79.952,0,-0.1,395,25,-0.04
2026-01-01 06:41:40,Idle,Idle,100,0,79.952,0,-0.1,395,25,-0.04
2026-01-01 06:41:50,Idle,Idle,100,0,79.952,0,-0.1,395,25,-0.04
2026-01-01 06:42:00,Idle,Idle,100,0,79.952,0,-0.1,395,25,-0.04
2026-01-01 06:42:10,Idle,Idle,100,0,79.952,0,-0.1,395,25,-0.04
2026-01-01 06:42:20,Idle,Idle,100,0,79.952,0,-0.1,395,25,-0.04
2026-01-01 06:42:30,Idle,Idle,100,0,79.952,0,-0.1,395,25,-0.04
2026-01-01 06:42:40,Idle,Idle,100,0,79.952,0,-0.1,395,25,-0.04
2026-01-01 06:42:50,Idle,Idle,100,0,79.952,0,-0.1,395,25,-0.04
2026-01-01 06:43:00,Idle,Idle,100,0,79.952,0,-0.1,395,25,-0.04
2026-01-01 06:43:10,Idle,Idle,100,0,79.952,0,-0.1,395,25,-0.04
2026-01-01 06:43:20,Idle,Idle,100,0,79.952,0,-0.1,395,25,-0.04
2026-01-01 06:43:30,Idle,Idle,100,0,79.952,0,-0.1,395,25,-0.04
2026-01-01 06:43:40,Idle,Idle,100,0,79.952,0,-0.1,395,25,-0.04
2026-01-01 06:43:50,Idle,Idle,100,0,79.952,0,-0.1,395,25,-0.04
2026-01-01 06:44:00,Idle,Idle,100,0,79.952,0,-0.1,395,25,-0.04
2026-01-01 06:44:10,Idle,Idle,100,0,79.952,0,-0.1,395,25,-0.04
2026-01-01 06:44:20,Idle,Idle,100,0,79.952,0,-0.1,395,25,-0.04
2026-01-01 06:44:30,Idle,Idle,100,0,79.952,0,-0.1,395,25,-0.04
2026-01-01 06:44:40,Idle,Idle,100,0,79.952,0,-0.1,395,25,-0.04
2026-01-01 06:44:50,Idle,Idle,100,0,79.952,0,-0.1,395,25,-0.04
2026-01-01 06:45:00,Idle,Idle,100,0,79.952,0,-0.1,395,25,-0.04
2026-01-01 06:45:10,Idle,Idle,100,0,79.952,0,-0.1,395,25,-0.04
2026-01-01 06:45:20,Idle,Idle,100,0,79.952,0,-0.1,395,25,-0.04
2026-01-01 06:45:30,Idle,Idle,100,0,79.952,0,-0.1,395,25,-0.04
2026-01-01 06:45:40,Idle,Idle,100,0,79.952,0,-0.1,395,25,-0.04
2026-01-01 06:45:50,Idle,Idle,100,0,79.952,0,-0.1,395,25,-0.04
2026-01-01 06:46:00,Idle,Idle,100,0,79.952,0,-0.1,395,25,-0.04
2026-01-01 06:46:10,Idle,Idle,100,0,79.952,0,-0.1,395,25,-0.04
2026-01-01 06:46:20,Idle,Idle,100,0,79.952,0,-0.1,395,25,-0.04
2026-01-01 06:46:30,Idle,Idle,100,0,79.952,0,-0.1,395,25,-0.04
2026-01-01 06:46:40,Idle,Idle,100,0,79.952,0,-0.1,395,25,-0.04
2026-01-01 06:46:50,Idle,Idle,100,0,79.952,0,-0.1,395,25,-0.04
2026-01-01 06:47:00,Idle,Idle,100,0,79.952,0,-0.1,395,25,-0.04
2026-01-01 06:47:10,Idle,Idle,100,0,79.952,0,-0.1,395,25,-0.04
2026-01-01 06:47:20,Idle,Idle,100,0,79.951,0,-0.1,395,25,-0.04
2026-01-01 06:47:30,Idle,Idle,100,0,79.951,0,-0.1,395,25,-0.04
2026-01-01 06:47:40,Idle,Idle,100,0,79.951,0,-0.1,395,25,-0.04
2026-01-01 06:47:50,Idle,Idle,100,0,79.951,0,-0.1,395,25,-0.04
2026-01-01 06:48:00,Idle,Idle,100,0,79.951,0,-0.1,395,25,-0.04
2026-01-01 06:48:10,Idle,Idle,100,0,79.951,0,-0.1,395,25,-0.04
2026-01-01 06:48:20,Idle,Idle,100,0,79.951,0,-0.1,395,25,-0.04
2026-01-01 06:48:30,Idle,Idle,100,0,79.951,0,-0.1,395,25,-0.04
2026-01-01 06:48:40,Idle,Idle,100,0,79.951,0,-0.1,395,25,-0.04
2026-01-01 06:48:50,Idle,Idle,100,0,79.951,0,-0.1,395,25,-0.04
2026-01-01 06:49:00,Idle,Idle,100,0,79.951,0,-0.1,395,25,-0.04
2026-01-01 06:49:10,Idle,Idle,100,0,79.951,0,-0.1,395,25,-0.04
2026-01-01 06:49:20,Idle,Idle,100,0,79.951,0,-0.1,395,25,-0.04
2026-01-01 06:49:30,Idle,Idle,100,0,79.951,0,-0.1,395,25,-0.04
2026-01-01 06:49:40,Idle,Idle,100,0,79.951,0,-0.1,395,25,-0.04
2026-01-01 06:49:50,Idle,Idle,100,0,79.951,0,-0.1,395,25,-0.04
2026-01-01 06:50:00,Idle,Idle,100,0,79.951,0,-0.1,395,25,-0.04
2026-01-01 06:50:10,Idle,Idle,100,0,79.951,0,-0.1,395,25,-0.04
2026-01-01 06:50:20,Idle,Idle,100,0,79.951,0,-0.1,395,25,-0.04
2026-01-01 06:50:30,Idle,Idle,100,0,79.951,0,-0.1,395,25,-0.04
2026-01-01 06:50:40,Idle,Idle,100,0,79.951,0,-0.1,395,25,-0.04
2026-01-01 06:50:50,Idle,Idle,100,0,79.951,0,-0.1,395,25,-0.04
2026-01-01 06:51:00,Idle,Idle,100,0,79.951,0,-0.1,395,25,-0.04
2026-01-01 06:51:10,Idle,Idle,100,0,79.951,0,-0.1,395,25,-0.04
2026-01-01 06:51:20,Idle,Idle,100,0,79.951,0,-0.1,395,25,-0.04
2026-01-01 06:51:30,Idle,Idle,100,0,79.951,0,-0.1,395,25,-0.04
2026-01-01 06:51:40,Idle,Idle,100,0,79.951,0,-0.1,395,25,-0.04
2026-01-01 06:51:50,Idle,Idle,100,0,79.951,0,-0.1,395,25,-0.04
2026-01-01 06:52:00,Idle,Idle,100,0,79.951,0,-0.1,395,25,-0.04
2026-01-01 06:52:10,Idle,Idle,100,0,79.951,0,-0.1,395,25,-0.04
2026-01-01 06:52:20,Idle,Idle,100,0,79.951,0,-0.1,395,25,-0.04
2026-01-01 06:52:30,Idle,Idle,100,0,79.951,0,-0.1,395,25,-0.04
2026-01-01 06:52:40,Idle,Idle,100,0,79.951,0,-0.1,395,25,-0.04
2026-01-01 06:52:50,Idle,Idle,100,0,79.951,0,-0.1,395,25,-0.04
2026-01-01 06:53:00,Idle,Idle,100,0,79.951,0,-0.1,395,25,-0.04
2026-01-01 06:53:10,Idle,Idle,100,0,79.951,0,-0.1,395,25,-0.04
2026-01-01 06:53:20,Idle,Idle,100,0,79.951,0,-0.1,395,25,-0.04
2026-01-01 06:53:30,Idle,Idle,100,0,79.951,0,-0.1,395,25,-0.04
2026-01-01 06:53:40,Idle,Idle,100,0,79.951,0,-0.1,395,25,-0.04
2026-01-01 06:53:50,Idle,Idle,100,0,79.951,0,-0.1,395,25,-0.04
2026-01-01 06:54:00,Idle,Idle,100,0,79.951,0,-0.1,395,25,-0.04
2026-01-01 06:54:10,Idle,Idle,100,0,79.951,0,-0.1,395,25,-0.04
2026-01-01 06:54:20,Idle,Idle,100,0,79.951,0,-0.1,395,25,-0.04
2026-01-01 06:54:30,Idle,Idle,100,0,79.951,0,-0.1,395,25,-0.04
2026-01-01 06:54:40,Idle,Idle,100,0,79.951,0,-0.1,395,25,-0.04
2026-01-01 06:54:50,Idle,Idle,100,0,79.951,0,-0.1,395,25,-0.04
2026-01-01 06:55:00,Idle,Idle,100,0,79.951,0,-0.1,395,25,-0.04
2026-01-01 06:55:10,Idle,Idle,100,0,79.951,0,-0.1,395,25,-0.04
2026-01-01 06:55:20,Idle,Idle,100,0,79.951,0,-0.1,395,25,-0.04
2026-01-01 06:55:30,Idle,Idle,100,0,79.951,0,-0.1,395,25,-0.04
2026-01-01 06:55:40,Idle,Idle,100,0,79.95,0,-0.1,395,25,-0.04
2026-01-01 06:55:50,Idle,Idle,100,0,79.95,0,-0.1,395,25,-0.04
2026-01-01 06:56:00,Idle,Idle,100,0,79.95,0,-0.1,395,25,-0.04
2026-01-01 06:56:10,Idle,Idle,100,0,79.95,0,-0.1,395,25,-0.04
2026-01-01 06:56:20,Idle,Idle,100,0,79.95,0,-0.1,395,25,-0.04
2026-01-01 06:56:30,Idle,Idle,100,0,79.95,0,-0.1,395,25,-0.04
2026-01-01 06:56:40,Idle,Idle,100,0,79.95,0,-0.1,395,25,-0.04
2026-01-01 06:56:50,Idle,Idle,100,0,79.95,0,-0.1,395,25,-0.04
2026-01-01 06:57:00,Idle,Idle,100,0,79.95,0,-0.1,395,25,-0.04
2026-01-01 06:57:10,Idle,Idle,100,0,79.95,0,-0.1,395,25,-0.04
2026-01-01 06:57:20,Idle,Idle,100,0,79.95,0,-0.1,395,25,-0.04
2026-01-01 06:57:30,Idle,Idle,100,0,79.95,0,-0.1,395,25,-0.04
2026-01-01 06:57:40,Idle,Idle,100,0,79.95,0,-0.1,395,25,-0.04
2026-01-01 06:57:50,Idle,Idle,100,0,79.95,0,-0.1,395,25,-0.04
2026-01-01 06:58:00,Idle,Idle,100,0,79.95,0,-0.1,395,25,-0.04
2026-01-01 06:58:10,Idle,Idle,100,0,79.95,0,-0.1,395,25,-0.04
2026-01-01 06:58:20,Idle,Idle,100,0,79.95,0,-0.1,395,25,-0.04
2026-01-01 06:58:30,Idle,Idle,100,0,79.95,0,-0.1,395,25,-0.04
2026-01-01 06:58:40,Idle,Idle,100,0,79.95,0,-0.1,395,25,-0.04
2026-01-01 06:58:50,Idle,Idle,100,0,79.95,0,-0.1,395,25,-0.04
2026-01-01 06:59:00,Idle,Idle,100,0,79.95,0,-0.1,395,25,-0.04
2026-01-01 06:59:10,Idle,Idle,100,0,79.95,0,-0.1,395,25,-0.04
2026-01-01 06:59:20,Idle,Idle,100,0,79.95,0,-0.1,395,25,-0.04
2026-01-01 06:59:30,Idle,Idle,100,0,79.95,0,-0.1,395,25,-0.04
2026-01-01 06:59:40,Idle,Idle,100,0,79.95,0,-0.1,395,25,-0.04
2026-01-01 06:59:50,Idle,Idle,100,0,79.95,0,-0.1,395,25,-0.04
2026-01-01 07:00:00,Driving,Driving,100,0,79.95,35,-37.75,388.79,25,-14.677
2026-01-01 07:00:10,Driving,Driving,100,0,79.928,35.21,-37.84,388.76,25,-14.711
2026-01-01 07:00:20,Driving,Driving,100,0,79.906,35.42,-37.94,388.72,25,-14.748
2026-01-01 07:00:30,Driving,Driving,100,0,79.884,35.63,-38.03,388.69,25,-14.782
2026-01-01 07:00:40,Driving,Driving,100,0,79.861,35.84,-38.13,388.65,25,-14.819
2026-01-01 07:00:50,Driving,Driving,100,0,79.839,36.04,-38.22,388.62,25,-14.853
2026-01-01 07:01:00,Driving,Driving,100,0,79.817,36.25,-38.31,388.59,25,-14.887
2026-01-01 07:01:10,Driving,Driving,100,0,79.795,36.45,-38.4,388.56,25,-14.921
2026-01-01 07:01:20,Driving,Driving,100,0,79.773,36.65,-38.49,388.53,25,-14.955
2026-01-01 07:01:30,Driving,Driving,100,0,79.751,36.85,-38.58,388.5,25,-14.988
2026-01-01 07:01:40,Driving,Driving,100,0,79.729,37.04,-38.67,388.47,25,-15.022
2026-01-01 07:01:50,Driving,Driving,100,0,79.706,37.23,-38.75,388.44,25,-15.052
2026-01-01 07:02:00,Driving,Driving,100,0,79.684,37.42,-38.84,388.41,25,-15.086
2026-01-01 07:02:10,Driving,Driving,100,0,79.662,37.6,-38.92,388.38,25,-15.116
2026-01-01 07:02:20,Driving,Driving,100,0,79.64,37.78,-39,388.35,25,-15.146
2026-01-01 07:02:30,Driving,Driving,100,0,79.618,37.95,-39.08,388.32,25,-15.176
2026-01-01 07:02:40,Driving,Driving,100,0,79.596,38.11,-39.15,388.3,25,-15.202
2026-01-01 07:02:50,Driving,Driving,100,0,79.574,38.28,-39.23,388.27,25,-15.232
2026-01-01 07:03:00,Driving,Driving,100,0,79.551,38.43,-39.29,388.25,25,-15.254
2026-01-01 07:03:10,Driving,Driving,100,0,79.529,38.58,-39.36,388.22,25,-15.28
2026-01-01 07:03:20,Driving,Driving,100,0,79.507,38.73,-39.43,388.2,25,-15.307
2026-01-01 07:03:30,Driving,Driving,100,0,79.485,38.86,-39.49,388.18,25,-15.329
2026-01-01 07:03:40,Driving,Driving,100,0,79.463,38.99,-39.55,388.16,25,-15.352
2026-01-01 07:03:50,Driving,Driving,100,0,79.441,39.11,-39.6,388.14,25,-15.37
2026-01-01 07:04:00,Driving,Driving,100,0,79.419,39.23,-39.65,388.12,25,-15.389
2026-01-01 07:04:10,Driving,Driving,100,0,79.396,39.34,-39.7,388.1,25,-15.408
2026-01-01 07:04:20,Driving,Driving,100,0,79.374,39.44,-39.75,388.09,25,-15.427
2026-01-01 07:04:30,Driving,Driving,100,0,79.352,39.53,-39.79,388.07,25,-15.441
2026-01-01 07:04:40,Driving,Driving,100,0,79.33,39.62,-39.83,388.06,25,-15.456
2026-01-01 07:04:50,Driving,Driving,100,0,79.308,39.69,-39.86,388.05,25,-15.468
2026-01-01 07:05:00,Driving,Driving,100,0,79.286,39.76,-39.89,388.04,25,-15.479
2026-01-01 07:05:10,Driving,Driving,100,0,79.264,39.82,-39.92,388.03,25,-15.49
2026-01-01 07:05:20,Driving,Driving,100,0,79.241,39.87,-39.94,388.02,25,-15.498
2026-01-01 07:05:30,Driving,Driving,100,0,79.219,39.92,-39.96,388.01,25,-15.505
2026-01-01 07:05:40,Driving,Driving,100,0,79.197,39.95,-39.98,388.01,25,-15.513
2026-01-01 07:05:50,Driving,Driving,100,0,79.175,39.98,-39.99,388,25,-15.516
2026-01-01 07:06:00,Driving,Driving,100,0,79.153,39.99,-40,388,25,-15.52
2026-01-01 07:06:10,Driving,Driving,100,0,79.131,40,-40,388,25,-15.52
2026-01-01 07:06:20,Driving,Driving,100,0,79.108,40,-40,388,25,-15.52
2026-01-01 07:06:30,Driving,Driving,100,0,79.086,39.99,-40,388,25,-15.52
2026-01-01 07:06:40,Driving,Driving,100,0,79.064,39.97,-39.99,388,25,-15.516
2026-01-01 07:06:50,Driving,Driving,100,0,79.042,39.94,-39.97,388.01,25,-15.509
2026-01-01 07:07:00,Driving,Driving,100,0,79.02,39.91,-39.96,388.01,25,-15.505
2026-01-01 07:07:10,Driving,Driving,100,0,78.998,39.86,-39.94,388.02,25,-15.498
2026-01-01 07:07:20,Driving,Driving,100,0,78.976,39.81,-39.91,388.03,25,-15.486
2026-01-01 07:07:30,Driving,Driving,100,0,78.953,39.75,-39.89,388.04,25,-15.479
2026-01-01 07:07:40,Driving,Driving,100,0,78.931,39.68,-39.86,388.05,25,-15.468
2026-01-01 07:07:50,Driving,Driving,100,0,78.909,39.6,-39.82,388.06,25,-15.453
2026-01-01 07:08:00,Driving,Driving,100,0,78.887,39.51,-39.78,388.08,25,-15.438
2026-01-01 07:08:10,Driving,Driving,100,0,78.865,39.42,-39.74,388.09,25,-15.423
2026-01-01 07:08:20,Driving,Driving,100,0,78.843,39.31,-39.69,388.11,25,-15.404
2026-01-01 07:08:30,Driving,Driving,100,0,78.821,39.2,-39.64,388.13,25,-15.385
2026-01-01 07:08:40,Driving,Driving,100,0,78.798,39.08,-39.59,388.14,25,-15.366
2026-01-01 07:08:50,Driving,Driving,100,0,78.776,38.96,-39.53,388.16,25,-15.344
2026-01-01 07:09:00,Driving,Driving,100,0,78.754,38.83,-39.47,388.19,25,-15.322
2026-01-01 07:09:10,Driving,Driving,100,0,78.732,38.69,-39.41,388.21,25,-15.299
2026-01-01 07:09:20,Driving,Driving,100,0,78.71,38.54,-39.34,388.23,25,-15.273
2026-01-01 07:09:30,Driving,Driving,100,0,78.688,38.39,-39.28,388.25,25,-15.25
2026-01-01 07:09:40,Driving,Driving,100,0,78.666,38.24,-39.21,388.28,25,-15.224
2026-01-01 07:09:50,Driving,Driving,100,0,78.643,38.07,-39.13,388.3,25,-15.194
2026-01-01 07:10:00,Driving,Driving,100,0,78.621,37.9,-39.06,388.33,25,-15.168
2026-01-01 07:10:10,Driving,Driving,100,0,78.599,37.73,-38.98,388.36,25,-15.138
2026-01-01 07:10:20,Driving,Driving,100,0,78.577,37.55,-38.9,388.38,25,-15.108
2026-01-01 07:10:30,Driving,Driving,100,0,78.555,37.37,-38.82,388.41,25,-15.078
2026-01-01 07:10:40,Driving,Driving,100,0,78.533,37.18,-38.73,388.44,25,-15.044
2026-01-01 07:10:50,Driving,Driving,100,0,78.511,36.99,-38.65,388.47,25,-15.014
2026-01-01 07:11:00,Driving,Driving,100,0,78.488,36.8,-38.56,388.5,25,-14.981
2026-01-01 07:11:10,Driving,Driving,100,0,78.466,36.6,-38.47,388.54,25,-14.947
2026-01-01 07:11:20,Driving,Driving,100,0,78.444,36.4,-38.38,388.57,25,-14.913
2026-01-01 07:11:30,Driving,Driving,100,0,78.422,36.2,-38.29,388.6,25,-14.879
2026-01-01 07:11:40,Driving,Driving,100,0,78.4,35.99,-38.2,388.63,25,-14.846
2026-01-01 07:11:50,Driving,Driving,100,0,78.378,35.78,-38.1,388.66,25,-14.808
2026-01-01 07:12:00,Driving,Driving,100,0,78.356,35.58,-38.01,388.7,25,-14.774
2026-01-01 07:12:10,Driving,Driving,100,0,78.333,35.37,-37.92,388.73,25,-14.741
2026-01-01 07:12:20,Driving,Driving,100,0,78.311,35.16,-37.82,388.76,25,-14.703
2026-01-01 07:12:30,Driving,Driving,100,0,78.289,34.95,-37.73,388.79,25,-14.669
2026-01-01 07:12:40,Driving,Driving,100,0,78.267,34.74,-37.63,388.83,25,-14.632
2026-01-01 07:12:50,Driving,Driving,100,0,78.245,34.53,-37.54,388.86,25,-14.598
2026-01-01 07:13:00,Driving,Driving,100,0,78.223,34.32,-37.44,388.9,25,-14.56
2026-01-01 07:13:10,Driving,Driving,100,0,78.201,34.11,-37.35,388.93,25,-14.527
2026-01-01 07:13:20,Driving,Driving,100,0,78.178,33.91,-37.26,388.96,25,-14.493
2026-01-01 07:13:30,Driving,Driving,100,0,78.156,33.7,-37.16,388.99,25,-14.455
2026-01-01 07:13:40,Driving,Driving,100,0,78.134,33.5,-37.08,389.02,25,-14.425
2026-01-01 07:13:50,Driving,Driving,100,0,78.112,33.3,-36.98,389.06,25,-14.387
2026-01-01 07:14:00,Driving,Driving,100,0,78.09,33.1,-36.9,389.08,25,-14.357
2026-01-01 07:14:10,Driving,Driving,100,0,78.068,32.91,-36.81,389.12,25,-14.324
2026-01-01 07:14:20,Driving,Driving,100,0,78.046,32.72,-36.72,389.15,25,-14.29
2026-01-01 07:14:30,Driving,Driving,100,0,78.023,32.54,-36.64,389.18,25,-14.26
2026-01-01 07:14:40,Driving,Driving,100,0,78.001,32.36,-36.56,389.2,25,-14.229
2026-01-01 07:14:50,Driving,Driving,100,0,77.979,32.18,-36.48,389.23,25,-14.199
2026-01-01 07:15:00,Driving,Driving,100,0,77.957,32.01,-36.4,389.26,25,-14.169
2026-01-01 07:15:10,Driving,Driving,100,0,77.935,31.84,-36.33,389.28,25,-14.143
2026-01-01 07:15:20,Driving,Driving,100,0,77.913,31.68,-36.26,389.31,25,-14.116
2026-01-01 07:15:30,Driving,Driving,100,0,77.891,31.53,-36.19,389.33,25,-14.09
2026-01-01 07:15:40,Driving,Driving,100,0,77.868,31.38,-36.12,389.36,25,-14.064
2026-01-01 07:15:50,Driving,Driving,100,0,77.846,31.24,-36.06,389.38,25,-14.041
2026-01-01 07:16:00,Driving,Driving,100,0,77.824,31.1,-36,389.4,25,-14.018
2026-01-01 07:16:10,Driving,Driving,100,0,77.802,30.98,-35.94,389.42,25,-13.996
2026-01-01 07:16:20,Driving,Driving,100,0,77.78,30.86,-35.89,389.44,25,-13.977
2026-01-01 07:16:30,Driving,Driving,100,0,77.758,30.74,-35.83,389.46,25,-13.954
2026-01-01 07:16:40,Driving,Driving,100,0,77.736,30.64,-35.79,389.47,25,-13.939
2026-01-01 07:16:50,Driving,Driving,100,0,77.713,30.54,-35.74,389.49,25,-13.92
2026-01-01 07:17:00,Driving,Driving,100,0,77.691,30.45,-35.7,389.5,25,-13.905
2026-01-01 07:17:10,Driving,Driving,100,0,77.669,30.36,-35.66,389.52,25,-13.89
2026-01-01 07:17:20,Driving,Driving,100,0,77.647,30.29,-35.63,389.53,25,-13.879
2026-01-01 07:17:30,Driving,Driving,100,0,77.625,30.22,-35.6,389.54,25,-13.868
2026-01-01 07:17:40,Driving,Driving,100,0,77.603,30.16,-35.57,389.55,25,-13.856
2026-01-01 07:17:50,Driving,Driving,100,0,77.581,30.12,-35.55,389.56,25,-13.849
2026-01-01 07:18:00,Driving,Driving,100,0,77.558,30.07,-35.53,389.56,25,-13.841
2026-01-01 07:18:10,Driving,Driving,100,0,77.536,30.04,-35.52,389.57,25,-13.838
2026-01-01 07:18:20,Driving,Driving,100,0,77.514,30.02,-35.51,389.57,25,-13.834
2026-01-01 07:18:30,Driving,Driving,100,0,77.492,30.01,-35.5,389.58,25,-13.83
2026-01-01 07:18:40,Driving,Driving,100,0,77.47,30,-35.5,389.58,25,-13.83
2026-01-01 07:18:50,Driving,Driving,100,0,77.448,30,-35.5,389.58,25,-13.83
2026-01-01 07:19:00,Driving,Driving,100,0,77.425,30.02,-35.51,389.57,25,-13.834
2026-01-01 07:19:10,Driving,Driving,100,0,77.403,30.04,-35.52,389.57,25,-13.838
2026-01-01 07:19:20,Driving,Driving,100,0,77.381,30.07,-35.53,389.56,25,-13.841
2026-01-01 07:19:30,Driving,Driving,100,0,77.359,30.1,-35.54,389.56,25,-13.845
2026-01-01 07:19:40,Driving,Driving,100,0,77.337,30.15,-35.57,389.55,25,-13.856
2026-01-01 07:19:50,Driving,Driving,100,0,77.315,30.21,-35.59,389.54,25,-13.864
2026-01-01 07:20:00,Driving,Driving,100,0,77.293,30.27,-35.62,389.53,25,-13.875
2026-01-01 07:20:10,Driving,Driving,100,0,77.27,30.34,-35.65,389.52,25,-13.886
2026-01-01 07:20:20,Driving,Driving,100,0,77.248,30.42,-35.69,389.51,25,-13.902
2026-01-01 07:20:30,Driving,Driving,100,0,77.226,30.51,-35.73,389.49,25,-13.916
2026-01-01 07:20:40,Driving,Driving,100,0,77.204,30.61,-35.77,389.48,25,-13.932
2026-01-01 07:20:50,Driving,Driving,100,0,77.182,30.71,-35.82,389.46,25,-13.95
2026-01-01 07:21:00,Driving,Driving,100,0,77.16,30.83,-35.87,389.45,25,-13.97
2026-01-01 07:21:10,Driving,Driving,100,0,77.138,30.95,-35.93,389.42,25,-13.992
2026-01-01 07:21:20,Driving,Driving,100,0,77.115,31.07,-35.98,389.41,25,-14.011
2026-01-01 07:21:30,Driving,Driving,100,0,77.093,31.21,-36.04,389.39,25,-14.034
2026-01-01 07:21:40,Driving,Driving,100,0,77.071,31.35,-36.11,389.36,25,-14.06
2026-01-01 07:21:50,Driving,Driving,100,0,77.049,31.49,-36.17,389.34,25,-14.082
2026-01-01 07:22:00,Driving,Driving,100,0,77.027,31.65,-36.24,389.32,25,-14.109
2026-01-01 07:22:10,Driving,Driving,100,0,77.005,31.8,-36.31,389.29,25,-14.135
2026-01-01 07:22:20,Driving,Driving,100,0,76.983,31.97,-36.39,389.26,25,-14.165
2026-01-01 07:22:30,Driving,Driving,100,0,76.96,32.14,-36.46,389.24,25,-14.192
2026-01-01 07:22:40,Driving,Driving,100,0,76.938,32.31,-36.54,389.21,25,-14.222
2026-01-01 07:22:50,Driving,Driving,100,0,76.916,32.49,-36.62,389.18,25,-14.252
2026-01-01 07:23:00,Driving,Driving,100,0,76.894,32.68,-36.71,389.15,25,-14.286
2026-01-01 07:23:10,Driving,Driving,100,0,76.872,32.86,-36.79,389.12,25,-14.316
2026-01-01 07:23:20,Driving,Driving,100,0,76.85,33.06,-36.88,389.09,25,-14.35
2026-01-01 07:23:30,Driving,Driving,100,0,76.828,33.25,-36.96,389.06,25,-14.38
2026-01-01 07:23:40,Driving,Driving,100,0,76.805,33.45,-37.05,389.03,25,-14.414
2026-01-01 07:23:50,Driving,Driving,100,0,76.783,33.65,-37.14,389,25,-14.447
2026-01-01 07:24:00,Driving,Driving,100,0,76.761,33.85,-37.23,388.97,25,-14.481
2026-01-01 07:24:10,Driving,Driving,100,0,76.739,34.06,-37.33,388.93,25,-14.519
2026-01-01 07:24:20,Driving,Driving,100,0,76.717,34.27,-37.42,388.9,25,-14.553
2026-01-01 07:24:30,Driving,Driving,100,0,76.695,34.48,-37.52,388.87,25,-14.59
2026-01-01 07:24:40,Driving,Driving,100,0,76.673,34.68,-37.61,388.84,25,-14.624
2026-01-01 07:24:50,Driving,Driving,100,0,76.65,34.89,-37.7,388.8,25,-14.658
2026-01-01 07:25:00,Driving,Driving,100,0,76.628,35.11,-37.8,388.77,25,-14.696
2026-01-01 07:25:10,Driving,Driving,100,0,76.606,35.32,-37.89,388.74,25,-14.729
2026-01-01 07:25:20,Driving,Driving,100,0,76.584,35.52,-37.98,388.71,25,-14.763
2026-01-01 07:25:30,Driving,Driving,100,0,76.562,35.73,-38.08,388.67,25,-14.801
2026-01-01 07:25:40,Driving,Driving,100,0,76.54,35.94,-38.17,388.64,25,-14.834
2026-01-01 07:25:50,Driving,Driving,100,0,76.518,36.15,-38.27,388.61,25,-14.872
2026-01-01 07:26:00,Driving,Driving,100,0,76.495,36.35,-38.36,388.57,25,-14.906
2026-01-01 07:26:10,Driving,Driving,100,0,76.473,36.55,-38.45,388.54,25,-14.939
2026-01-01 07:26:20,Driving,Driving,100,0,76.451,36.75,-38.54,388.51,25,-14.973
2026-01-01 07:26:30,Driving,Driving,100,0,76.429,36.94,-38.62,388.48,25,-15.003
2026-01-01 07:26:40,Driving,Driving,100,0,76.407,37.14,-38.71,388.45,25,-15.037
2026-01-01 07:26:50,Driving,Driving,100,0,76.385,37.32,-38.79,388.42,25,-15.067
2026-01-01 07:27:00,Driving,Driving,100,0,76.363,37.51,-38.88,388.39,25,-15.101
2026-01-01 07:27:10,Driving,Driving,100,0,76.34,37.69,-38.96,388.36,25,-15.131
2026-01-01 07:27:20,Driving,Driving,100,0,76.318,37.86,-39.04,388.34,25,-15.161
2026-01-01 07:27:30,Driving,Driving,100,0,76.296,38.03,-39.11,388.31,25,-15.187
2026-01-01 07:27:40,Driving,Driving,100,0,76.274,38.2,-39.19,388.28,25,-15.217
2026-01-01 07:27:50,Driving,Driving,100,0,76.252,38.35,-39.26,388.26,25,-15.243
2026-01-01 07:28:00,Driving,Driving,100,0,76.23,38.51,-39.33,388.23,25,-15.269
2026-01-01 07:28:10,Driving,Driving,100,0,76.208,38.65,-39.39,388.21,25,-15.292
2026-01-01 07:28:20,Driving,Driving,100,0,76.185,38.79,-39.46,388.19,25,-15.318
2026-01-01 07:28:30,Driving,Driving,100,0,76.163,38.93,-39.52,388.17,25,-15.34
2026-01-01 07:28:40,Driving,Driving,100,0,76.141,39.05,-39.57,388.15,25,-15.359
2026-01-01 07:28:50,Driving,Driving,100,0,76.119,39.17,-39.63,388.13,25,-15.382
2026-01-01 07:29:00,Driving,Driving,100,0,76.097,39.29,-39.68,388.11,25,-15.4
2026-01-01 07:29:10,Driving,Driving,100,0,76.075,39.39,-39.73,388.09,25,-15.419
2026-01-01 07:29:20,Driving,Driving,100,0,76.053,39.49,-39.77,388.08,25,-15.434
2026-01-01 07:29:30,Driving,Driving,100,0,76.03,39.58,-39.81,388.07,25,-15.449
2026-01-01 07:29:40,Driving,Driving,100,0,76.008,39.66,-39.85,388.05,25,-15.464
2026-01-01 07:29:50,Driving,Driving,100,0,75.986,39.73,-39.88,388.04,25,-15.475
2026-01-01 07:30:00,Driving,Driving,100,0,75.964,39.79,-39.91,388.03,25,-15.486
2026-01-01 07:30:10,Driving,Driving,100,0,75.942,39.85,-39.93,388.02,25,-15.494
2026-01-01 07:30:20,Driving,Driving,100,0,75.92,39.9,-39.96,388.01,25,-15.505
2026-01-01 07:30:30,Driving,Driving,100,0,75.897,39.93,-39.97,388.01,25,-15.509
2026-01-01 07:30:40,Driving,Driving,100,0,75.875,39.96,-39.98,388.01,25,-15.513
2026-01-01 07:30:50,Driving,Driving,100,0,75.853,39.98,-39.99,388,25,-15.516
2026-01-01 07:31:00,Driving,Driving,100,0,75.831,40,-40,388,25,-15.52
2026-01-01 07:31:10,Driving,Driving,100,0,75.809,40,-40,388,25,-15.52
2026-01-01 07:31:20,Driving,Driving,100,0,75.787,39.99,-40,388,25,-15.52
2026-01-01 07:31:30,Driving,Driving,100,0,75.765,39.98,-39.99,388,25,-15.516
2026-01-01 07:31:40,Driving,Driving,100,0,75.742,39.96,-39.98,388.01,25,-15.513
2026-01-01 07:31:50,Driving,Driving,100,0,75.72,39.93,-39.97,388.01,25,-15.509
2026-01-01 07:32:00,Driving,Driving,100,0,75.698,39.88,-39.95,388.02,25,-15.501
2026-01-01 07:32:10,Driving,Driving,100,0,75.676,39.84,-39.93,388.02,25,-15.494
2026-01-01 07:32:20,Driving,Driving,100,0,75.654,39.78,-39.9,388.04,25,-15.483
2026-01-01 07:32:30,Driving,Driving,100,0,75.632,39.71,-39.87,388.05,25,-15.472
2026-01-01 07:32:40,Driving,Driving,100,0,75.61,39.64,-39.84,388.06,25,-15.46
2026-01-01 07:32:50,Driving,Driving,100,0,75.587,39.55,-39.8,388.07,25,-15.445
2026-01-01 07:33:00,Driving,Driving,100,0,75.565,39.46,-39.76,388.08,25,-15.43
2026-01-01 07:33:10,Driving,Driving,100,0,75.543,39.36,-39.71,388.1,25,-15.411
2026-01-01 07:33:20,Driving,Driving,100,0,75.521,39.26,-39.67,388.12,25,-15.397
2026-01-01 07:33:30,Driving,Driving,100,0,75.499,39.14,-39.61,388.14,25,-15.374
2026-01-01 07:33:40,Driving,Driving,100,0,75.477,39.02,-39.56,388.15,25,-15.355
2026-01-01 07:33:50,Driving,Driving,100,0,75.455,38.9,-39.5,388.18,25,-15.333
2026-01-01 07:34:00,Driving,Driving,100,0,75.432,38.76,-39.44,388.2,25,-15.311
2026-01-01 07:34:10,Driving,Driving,100,0,75.41,38.62,-39.38,388.22,25,-15.288
2026-01-01 07:34:20,Driving,Driving,100,0,75.388,38.47,-39.31,388.24,25,-15.262
2026-01-01 07:34:30,Driving,Driving,100,0,75.366,38.32,-39.24,388.27,25,-15.236
2026-01-01 07:34:40,Driving,Driving,100,0,75.344,38.16,-39.17,388.29,25,-15.209
2026-01-01 07:34:50,Driving,Driving,100,0,75.322,37.99,-39.1,388.32,25,-15.183
2026-01-01 07:35:00,Driving,Driving,100,0,75.3,37.82,-39.02,388.34,25,-15.153
2026-01-01 07:35:10,Driving,Driving,100,0,75.277,37.64,-38.94,388.37,25,-15.123
2026-01-01 07:35:20,Driving,Driving,100,0,75.255,37.46,-38.86,388.4,25,-15.093
2026-01-01 07:35:30,Driving,Driving,100,0,75.233,37.28,-38.78,388.43,25,-15.063
2026-01-01 07:35:40,Driving,Driving,100,0,75.211,37.09,-38.69,388.46,25,-15.03
2026-01-01 07:35:50,Driving,Driving,100,0,75.189,36.9,-38.61,388.49,25,-15
2026-01-01 07:36:00,Driving,Driving,100,0,75.167,36.7,-38.52,388.52,25,-14.966
2026-01-01 07:36:10,Driving,Driving,100,0,75.145,36.5,-38.42,388.55,25,-14.928
2026-01-01 07:36:20,Driving,Driving,100,0,75.122,36.3,-38.34,388.58,25,-14.898
2026-01-01 07:36:30,Driving,Driving,100,0,75.1,36.09,-38.24,388.62,25,-14.861
2026-01-01 07:36:40,Driving,Driving,100,0,75.078,35.89,-38.15,388.65,25,-14.827
2026-01-01 07:36:50,Driving,Driving,100,0,75.056,35.68,-38.06,388.68,25,-14.793
2026-01-01 07:37:00,Driving,Driving,100,0,75.034,35.47,-37.96,388.71,25,-14.755
2026-01-01 07:37:10,Driving,Driving,100,0,75.012,35.26,-37.87,388.75,25,-14.722
2026-01-01 07:37:20,Driving,Driving,100,0,74.99,35.05,-37.77,388.78,25,-14.684
2026-01-01 07:37:30,Driving,Driving,100,0,74.967,34.84,-37.68,388.81,25,-14.65
2026-01-01 07:37:40,Driving,Driving,100,0,74.945,34.63,-37.58,388.85,25,-14.613
2026-01-01 07:37:50,Driving,Driving,100,0,74.923,34.42,-37.49,388.88,25,-14.579
2026-01-01 07:38:00,Driving,Driving,100,0,74.901,34.22,-37.4,388.91,25,-14.545
2026-01-01 07:38:10,Driving,Driving,100,0,74.879,34.01,-37.3,388.94,25,-14.507
2026-01-01 07:38:20,Driving,Driving,100,0,74.857,33.8,-37.21,388.98,25,-14.474
2026-01-01 07:38:30,Driving,Driving,100,0,74.835,33.6,-37.12,389.01,25,-14.44
2026-01-01 07:38:40,Driving,Driving,100,0,74.812,33.4,-37.03,389.04,25,-14.406
2026-01-01 07:38:50,Driving,Driving,100,0,74.79,33.2,-36.94,389.07,25,-14.372
2026-01-01 07:39:00,Driving,Driving,100,0,74.768,33.01,-36.85,389.1,25,-14.338
2026-01-01 07:39:10,Driving,Driving,100,0,74.746,32.82,-36.77,389.13,25,-14.308
2026-01-01 07:39:20,Driving,Driving,100,0,74.724,32.63,-36.68,389.16,25,-14.274
2026-01-01 07:39:30,Driving,Driving,100,0,74.702,32.45,-36.6,389.19,25,-14.244
2026-01-01 07:39:40,Driving,Driving,100,0,74.68,32.27,-36.52,389.22,25,-14.214
2026-01-01 07:39:50,Driving,Driving,100,0,74.657,32.1,-36.44,389.25,25,-14.184
2026-01-01 07:40:00,Driving,Driving,100,0,74.635,31.93,-36.37,389.27,25,-14.158
2026-01-01 07:40:10,Driving,Driving,100,0,74.613,31.76,-36.29,389.3,25,-14.128
2026-01-01 07:40:20,Driving,Driving,100,0,74.591,31.61,-36.22,389.32,25,-14.101
2026-01-01 07:40:30,Driving,Driving,100,0,74.569,31.46,-36.16,389.34,25,-14.079
2026-01-01 07:40:40,Driving,Driving,100,0,74.547,31.31,-36.09,389.37,25,-14.052
2026-01-01 07:40:50,Driving,Driving,100,0,74.525,31.17,-36.03,389.39,25,-14.03
2026-01-01 07:41:00,Driving,Driving,100,0,74.502,31.04,-35.97,389.41,25,-14.007
2026-01-01 07:41:10,Driving,Driving,100,0,74.48,30.92,-35.91,389.43,25,-13.984
2026-01-01 07:41:20,Driving,Driving,100,0,74.458,30.8,-35.86,389.45,25,-13.966
2026-01-01 07:41:30,Driving,Driving,100,0,74.436,30.69,-35.81,389.47,25,-13.947
2026-01-01 07:41:40,Driving,Driving,100,0,74.414,30.58,-35.76,389.48,25,-13.928
2026-01-01 07:41:50,Driving,Driving,100,0,74.392,30.49,-35.72,389.5,25,-13.913
2026-01-01 07:42:00,Driving,Driving,100,0,74.369,30.4,-35.68,389.51,25,-13.898
2026-01-01 07:42:10,Driving,Driving,100,0,74.347,30.32,-35.64,389.53,25,-13.883
2026-01-01 07:42:20,Driving,Driving,100,0,74.325,30.25,-35.61,389.54,25,-13.872
2026-01-01 07:42:30,Driving,Driving,100,0,74.303,30.19,-35.59,389.54,25,-13.864
2026-01-01 07:42:40,Driving,Driving,100,0,74.281,30.14,-35.56,389.55,25,-13.852
2026-01-01 07:42:50,Driving,Driving,100,0,74.259,30.09,-35.54,389.56,25,-13.845
2026-01-01 07:43:00,Driving,Driving,100,0,74.237,30.06,-35.53,389.56,25,-13.841
2026-01-01 07:43:10,Driving,Driving,100,0,74.214,30.03,-35.51,389.57,25,-13.834
2026-01-01 07:43:20,Driving,Driving,100,0,74.192,30.01,-35.5,389.58,25,-13.83
2026-01-01 07:43:30,Driving,Driving,100,0,74.17,30,-35.5,389.58,25,-13.83
2026-01-01 07:43:40,Driving,Driving,100,0,74.148,30,-35.5,389.58,25,-13.83
2026-01-01 07:43:50,Driving,Driving,100,0,74.126,30.01,-35.5,389.58,25,-13.83
2026-01-01 07:44:00,Driving,Driving,100,0,74.104,30.02,-35.51,389.57,25,-13.834
2026-01-01 07:44:10,Driving,Driving,100,0,74.082,30.05,-35.52,389.57,25,-13.838
2026-01-01 07:44:20,Driving,Driving,100,0,74.059,30.08,-35.54,389.56,25,-13.845
2026-01-01 07:44:30,Driving,Driving,100,0,74.037,30.13,-35.56,389.55,25,-13.852
2026-01-01 07:44:40,Driving,Driving,100,0,74.015,30.18,-35.58,389.55,25,-13.86
2026-01-01 07:44:50,Driving,Driving,100,0,73.993,30.24,-35.61,389.54,25,-13.872
2026-01-01 07:45:00,Driving,Driving,100,0,73.971,30.31,-35.64,389.53,25,-13.883
2026-01-01 07:45:10,Driving,Driving,100,0,73.949,30.38,-35.67,389.52,25,-13.894
2026-01-01 07:45:20,Driving,Driving,100,0,73.927,30.47,-35.71,389.5,25,-13.909
2026-01-01 07:45:30,Driving,Driving,100,0,73.904,30.56,-35.75,389.49,25,-13.924
2026-01-01 07:45:40,Driving,Driving,100,0,73.882,30.66,-35.8,389.47,25,-13.943
2026-01-01 07:45:50,Driving,Driving,100,0,73.86,30.77,-35.85,389.45,25,-13.962
2026-01-01 07:46:00,Driving,Driving,100,0,73.838,30.89,-35.9,389.44,25,-13.981
2026-01-01 07:46:10,Driving,Driving,100,0,73.816,31.01,-35.95,389.42,25,-14
2026-01-01 07:46:20,Driving,Driving,100,0,73.794,31.14,-36.01,389.4,25,-14.022
2026-01-01 07:46:30,Driving,Driving,100,0,73.772,31.27,-36.07,389.38,25,-14.045
2026-01-01 07:46:40,Driving,Driving,100,0,73.749,31.42,-36.14,389.35,25,-14.071
2026-01-01 07:46:50,Driving,Driving,100,0,73.727,31.57,-36.21,389.33,25,-14.098
2026-01-01 07:47:00,Driving,Driving,100,0,73.705,31.72,-36.27,389.31,25,-14.12
2026-01-01 07:47:10,Driving,Driving,100,0,73.683,31.89,-36.35,389.28,25,-14.15
2026-01-01 07:47:20,Driving,Driving,100,0,73.661,32.05,-36.42,389.25,25,-14.176
2026-01-01 07:47:30,Driving,Driving,100,0,73.639,32.22,-36.5,389.22,25,-14.207
2026-01-01 07:47:40,Driving,Driving,100,0,73.617,32.4,-36.58,389.2,25,-14.237
2026-01-01 07:47:50,Driving,Driving,100,0,73.594,32.58,-36.66,389.17,25,-14.267
2026-01-01 07:48:00,Driving,Driving,100,0,73.572,32.77,-36.75,389.14,25,-14.301
2026-01-01 07:48:10,Driving,Driving,100,0,73.55,32.96,-36.83,389.11,25,-14.331
2026-01-01 07:48:20,Driving,Driving,100,0,73.528,33.15,-36.92,389.08,25,-14.365
2026-01-01 07:48:30,Driving,Driving,100,0,73.506,33.35,-37.01,389.05,25,-14.399
2026-01-01 07:48:40,Driving,Driving,100,0,73.484,33.55,-37.1,389.02,25,-14.433
2026-01-01 07:48:50,Driving,Driving,100,0,73.462,33.75,-37.19,388.98,25,-14.466
2026-01-01 07:49:00,Driving,Driving,100,0,73.439,33.96,-37.28,388.95,25,-14.5
2026-01-01 07:49:10,Driving,Driving,100,0,73.417,34.16,-37.37,388.92,25,-14.534
2026-01-01 07:49:20,Driving,Driving,100,0,73.395,34.37,-37.47,388.89,25,-14.572
2026-01-01 07:49:30,Driving,Driving,100,0,73.373,34.58,-37.56,388.85,25,-14.605
2026-01-01 07:49:40,Driving,Driving,100,0,73.351,34.79,-37.66,388.82,25,-14.643
2026-01-01 07:49:50,Driving,Driving,100,0,73.329,35,-37.75,388.79,25,-14.677
2026-01-01 07:50:00,Parking,Parking,100,0,73.307,20,-10,395,25,-3.95
2026-01-01 07:50:10,Parking,Parking,100,0,73.284,19.66,-9.92,395,25,-3.918
2026-01-01 07:50:20,Parking,Parking,100,0,73.262,19.32,-9.83,395,25,-3.883
2026-01-01 07:50:30,Parking,Parking,100,0,73.24,18.98,-9.75,395,25,-3.851
2026-01-01 07:50:40,Parking,Parking,100,0,73.218,18.64,-9.67,395,25,-3.82
2026-01-01 07:50:50,Parking,Parking,100,0,73.196,18.31,-9.58,395,25,-3.784
2026-01-01 07:51:00,Parking,Parking,100,0,73.174,17.97,-9.5,395,25,-3.752
2026-01-01 07:51:10,Parking,Parking,100,0,73.152,17.63,-9.42,395,25,-3.721
2026-01-01 07:51:20,Parking,Parking,100,0,73.129,17.29,-9.33,395,25,-3.685
2026-01-01 07:51:30,Parking,Parking,100,0,73.107,16.95,-9.25,395,25,-3.654
2026-01-01 07:51:40,Parking,Parking,100,0,73.085,16.61,-9.17,395,25,-3.622
2026-01-01 07:51:50,Parking,Parking,100,0,73.063,16.27,-9.08,395,25,-3.587
2026-01-01 07:52:00,Parking,Parking,100,0,73.041,15.93,-9,395,25,-3.555
2026-01-01 07:52:10,Parking,Parking,100,0,73.019,15.59,-8.92,395,25,-3.523
2026-01-01 07:52:20,Parking,Parking,100,0,72.997,15.25,-8.83,395,25,-3.488
2026-01-01 07:52:30,Parking,Parking,100,0,72.974,14.92,-8.75,395,25,-3.456
2026-01-01 07:52:40,Parking,Parking,100,0,72.952,14.58,-8.67,395,25,-3.425
2026-01-01 07:52:50,Parking,Parking,100,0,72.93,14.24,-8.58,395,25,-3.389
2026-01-01 07:53:00,Parking,Parking,100,0,72.908,13.9,-8.5,395,25,-3.358
2026-01-01 07:53:10,Parking,Parking,100,0,72.886,13.56,-8.42,395,25,-3.326
2026-01-01 07:53:20,Parking,Parking,100,0,72.864,13.22,-8.33,395,25,-3.29
2026-01-01 07:53:30,Parking,Parking,100,0,72.842,12.88,-8.25,395,25,-3.259
2026-01-01 07:53:40,Parking,Parking,100,0,72.819,12.54,-8.17,395,25,-3.227
2026-01-01 07:53:50,Parking,Parking,100,0,72.797,12.2,-8.08,395,25,-3.192
2026-01-01 07:54:00,Parking,Parking,100,0,72.775,11.86,-8,395,25,-3.16
2026-01-01 07:54:10,Parking,Parking,100,0,72.753,11.53,-7.92,395,25,-3.128
2026-01-01 07:54:20,Parking,Parking,100,0,72.731,11.19,-7.83,395,25,-3.093
2026-01-01 07:54:30,Parking,Parking,100,0,72.709,10.85,-7.75,395,25,-3.061
2026-01-01 07:54:40,Parking,Parking,100,0,72.686,10.51,-7.67,395,25,-3.03
2026-01-01 07:54:50,Parking,Parking,100,0,72.664,10.17,-7.58,395,25,-2.994
2026-01-01 07:55:00,Parking,Parking,100,0,72.642,9.83,-7.5,395,25,-2.962
2026-01-01 07:55:10,Parking,Parking,100,0,72.62,9.49,-7.42,395,25,-2.931
2026-01-01 07:55:20,Parking,Parking,100,0,72.598,9.15,-7.33,395,25,-2.895
2026-01-01 07:55:30,Parking,Parking,100,0,72.576,8.81,-7.25,395,25,-2.864
2026-01-01 07:55:40,Parking,Parking,100,0,72.554,8.47,-7.17,395,25,-2.832
2026-01-01 07:55:50,Parking,Parking,100,0,72.531,8.14,-7.08,395,25,-2.797
2026-01-01 07:56:00,Parking,Parking,100,0,72.509,7.8,-7,395,25,-2.765
2026-01-01 07:56:10,Parking,Parking,100,0,72.487,7.46,-6.92,395,25,-2.733
2026-01-01 07:56:20,Parking,Parking,100,0,72.465,7.12,-6.83,395,25,-2.698
2026-01-01 07:56:30,Parking,Parking,100,0,72.443,6.78,-6.75,395,25,-2.666
2026-01-01 07:56:40,Parking,Parking,100,0,72.421,6.44,-6.67,395,25,-2.635
2026-01-01 07:56:50,Parking,Parking,100,0,72.399,6.1,-6.58,395,25,-2.599
2026-01-01 07:57:00,Parking,Parking,100,0,72.376,5.76,-6.5,395,25,-2.568
2026-01-01 07:57:10,Parking,Parking,100,0,72.354,5.42,-6.42,395,25,-2.536
2026-01-01 07:57:20,Parking,Parking,100,0,72.332,5.08,-6.33,395,25,-2.5
2026-01-01 07:57:30,Parking,Parking,100,0,72.31,4.75,-6.25,395,25,-2.469
2026-01-01 07:57:40,Parking,Parking,100,0,72.288,4.41,-6.17,395,25,-2.437
2026-01-01 07:57:50,Parking,Parking,100,0,72.266,4.07,-6.08,395,25,-2.402
2026-01-01 07:58:00,Parking,Parking,100,0,72.244,3.73,-6,395,25,-2.37
2026-01-01 07:58:10,Parking,Parking,100,0,72.221,3.39,-5.92,395,25,-2.338
2026-01-01 07:58:20,Parking,Parking,100,0,72.199,3.05,-5.83,395,25,-2.303
2026-01-01 07:58:30,Parking,Parking,100,0,72.177,2.71,-5.75,395,25,-2.271
2026-01-01 07:58:40,Parking,Parking,100,0,72.155,2.37,-5.67,395,25,-2.24
2026-01-01 07:58:50,Parking,Parking,100,0,72.133,2.03,-5.58,395,25,-2.204
2026-01-01 07:59:00,Parking,Parking,100,0,72.111,1.69,-5.5,395,25,-2.172
2026-01-01 07:59:10,Parking,Parking,100,0,72.089,1.36,-5.42,395,25,-2.141
2026-01-01 07:59:20,Parking,Parking,100,0,72.066,1.02,-5.33,395,25,-2.105
2026-01-01 07:59:30,Parking,Parking,100,0,72.044,0.68,-5.25,395,25,-2.074
2026-01-01 07:59:40,Parking,Parking,100,0,72.022,0.34,-5.17,395,25,-2.042
2026-01-01 07:59:50,Parking,Parking,100,0,72,0,-5.08,395,25,-2.007
2026-01-01 08:00:00,Parked,Parked,100,0,72,0,-0.08,395,25,-0.032
2026-01-01 08:00:10,Parked,Parked,100,0,72,0,-0.08,395,25,-0.032
2026-01-01 08:00:20,Parked,Parked,100,0,72,0,-0.08,395,25,-0.032
2026-01-01 08:00:30,Parked,Parked,100,0,72,0,-0.08,395,25,-0.032
2026-01-01 08:00:40,Parked,Parked,100,0,72,0,-0.08,395,25,-0.032
2026-01-01 08:00:50,Parked,Parked,100,0,72,0,-0.08,395,25,-0.032
2026-01-01 08:01:00,Parked,Parked,100,0,72,0,-0.08,395,25,-0.032
2026-01-01 08:01:10,Parked,Parked,100,0,72,0,-0.08,395,25,-0.032
2026-01-01 08:01:20,Parked,Parked,100,0,72,0,-0.08,395,25,-0.032
2026-01-01 08:01:30,Parked,Parked,100,0,72,0,-0.08,395,25,-0.032
2026-01-01 08:01:40,Parked,Parked,100,0,72,0,-0.08,395,25,-0.032
2026-01-01 08:01:50,Parked,Parked,100,0,72,0,-0.08,395,25,-0.032
2026-01-01 08:02:00,Parked,Parked,100,0,71.999,0,-0.08,395,25,-0.032
2026-01-01 08:02:10,Parked,Parked,100,0,71.999,0,-0.08,395,25,-0.032
2026-01-01 08:02:20,Parked,Parked,100,0,71.999,0,-0.08,395,25,-0.032
2026-01-01 08:02:30,Parked,Parked,100,0,71.999,0,-0.08,395,25,-0.032
2026-01-01 08:02:40,Parked,Parked,100,0,71.999,0,-0.08,395,25,-0.032
2026-01-01 08:02:50,Parked,Parked,100,0,71.999,0,-0.08,395,25,-0.032
2026-01-01 08:03:00,Parked,Parked,100,0,71.999,0,-0.08,395,25,-0.032
2026-01-01 08:03:10,Parked,Parked,100,0,71.999,0,-0.08,395,25,-0.032
2026-01-01 08:03:20,Parked,Parked,100,0,71.999,0,-0.08,395,25,-0.032
2026-01-01 08:03:30,Parked,Parked,100,0,71.999,0,-0.08,395,25,-0.032
2026-01-01 08:03:40,Parked,Parked,100,0,71.999,0,-0.08,395,25,-0.032
2026-01-01 08:03:50,Parked,Parked,100,0,71.999,0,-0.08,395,25,-0.032
2026-01-01 08:04:00,Parked,Parked,100,0,71.999,0,-0.08,395,25,-0.032
2026-01-01 08:04:10,Parked,Parked,100,0,71.999,0,-0.08,395,25,-0.032
2026-01-01 08:04:20,Parked,Parked,100,0,71.999,0,-0.08,395,25,-0.032
2026-01-01 08:04:30,Parked,Parked,100,0,71.999,0,-0.08,395,25,-0.032
2026-01-01 08:04:40,Parked,Parked,100,0,71.999,0,-0.08,395,25,-0.032
2026-01-01 08:04:50,Parked,Parked,100,0,71.999,0,-0.08,395,25,-0.032
2026-01-01 08:05:00,Parked,Parked,100,0,71.999,0,-0.08,395,25,-0.032
2026-01-01 08:05:10,Parked,Parked,100,0,71.999,0,-0.08,395,25,-0.032
2026-01-01 08:05:20,Parked,Parked,100,0,71.999,0,-0.08,395,25,-0.032
2026-01-01 08:05:30,Parked,Parked,100,0,71.999,0,-0.08,395,25,-0.032
2026-01-01 08:05:40,Parked,Parked,100,0,71.999,0,-0.08,395,25,-0.032
2026-01-01 08:05:50,Parked,Parked,100,0,71.998,0,-0.08,395,25,-0.032
2026-01-01 08:06:00,Parked,Parked,100,0,71.998,0,-0.08,395,25,-0.032
2026-01-01 08:06:10,Parked,Parked,100,0,71.998,0,-0.08,395,25,-0.032
2026-01-01 08:06:20,Parked,Parked,100,0,71.998,0,-0.08,395,25,-0.032
2026-01-01 08:06:30,Parked,Parked,100,0,71.998,0,-0.08,395,25,-0.032
2026-01-01 08:06:40,Parked,Parked,100,0,71.998,0,-0.08,395,25,-0.032
2026-01-01 08:06:50,Parked,Parked,100,0,71.998,0,-0.08,395,25,-0.032
2026-01-01 08:07:00,Parked,Parked,100,0,71.998,0,-0.08,395,25,-0.032
2026-01-01 08:07:10,Parked,Parked,100,0,71.998,0,-0.08,395,25,-0.032
2026-01-01 08:07:20,Parked,Parked,100,0,71.998,0,-0.08,395,25,-0.032
2026-01-01 08:07:30,Parked,Parked,100,0,71.998,0,-0.08,395,25,-0.032
2026-01-01 08:07:40,Parked,Parked,100,0,71.998,0,-0.08,395,25,-0.032
2026-01-01 08:07:50,Parked,Parked,100,0,71.998,0,-0.08,395,25,-0.032
2026-01-01 08:08:00,Parked,Parked,100,0,71.998,0,-0.08,395,25,-0.032
2026-01-01 08:08:10,Parked,Parked,100,0,71.998,0,-0.08,395,25,-0.032
2026-01-01 08:08:20,Parked,Parked,100,0,71.998,0,-0.08,395,25,-0.032
2026-01-01 08:08:30,Parked,Parked,100,0,71.998,0,-0.08,395,25,-0.032
2026-01-01 08:08:40,Parked,Parked,100,0,71.998,0,-0.08,395,25,-0.032
2026-01-01 08:08:50,Parked,Parked,100,0,71.998,0,-0.08,395,25,-0.032
2026-01-01 08:09:00,Parked,Parked,100,0,71.998,0,-0.08,395,25,-0.032
2026-01-01 08:09:10,Parked,Parked,100,0,71.998,0,-0.08,395,25,-0.032
2026-01-01 08:09:20,Parked,Parked,100,0,71.998,0,-0.08,395,25,-0.032
2026-01-01 08:09:30,Parked,Parked,100,0,71.997,0,-0.08,395,25,-0.032
2026-01-01 08:09:40,Parked,Parked,100,0,71.997,0,-0.08,395,25,-0.032
2026-01-01 08:09:50,Parked,Parked,100,0,71.997,0,-0.08,395,25,-0.032
2026-01-01 08:10:00,Parked,Parked,100,0,71.997,0,-0.08,395,25,-0.032
2026-01-01 08:10:10,Parked,Parked,100,0,71.997,0,-0.08,395,25,-0.032
2026-01-01 08:10:20,Parked,Parked,100,0,71.997,0,-0.08,395,25,-0.032
2026-01-01 08:10:30,Parked,Parked,100,0,71.997,0,-0.08,395,25,-0.032
2026-01-01 08:10:40,Parked,Parked,100,0,71.997,0,-0.08,395,25,-0.032
2026-01-01 08:10:50,Parked,Parked,100,0,71.997,0,-0.08,395,25,-0.032
2026-01-01 08:11:00,Parked,Parked,100,0,71.997,0,-0.08,395,25,-0.032
2026-01-01 08:11:10,Parked,Parked,100,0,71.997,0,-0.08,395,25,-0.032
2026-01-01 08:11:20,Parked,Parked,100,0,71.997,0,-0.08,395,25,-0.032
2026-01-01 08:11:30,Parked,Parked,100,0,71.997,0,-0.08,395,25,-0.032
2026-01-01 08:11:40,Parked,Parked,100,0,71.997,0,-0.08,395,25,-0.032
2026-01-01 08:11:50,Parked,Parked,100,0,71.997,0,-0.08,395,25,-0.032
2026-01-01 08:12:00,Parked,Parked,100,0,71.997,0,-0.08,395,25,-0.032
2026-01-01 08:12:10,Parked,Parked,100,0,71.997,0,-0.08,395,25,-0.032
2026-01-01 08:12:20,Parked,Parked,100,0,71.997,0,-0.08,395,25,-0.032
2026-01-01 08:12:30,Parked,Parked,100,0,71.997,0,-0.08,395,25,-0.032
2026-01-01 08:12:40,Parked,Parked,100,0,71.997,0,-0.08,395,25,-0.032
2026-01-01 08:12:50,Parked,Parked,100,0,71.997,0,-0.08,395,25,-0.032
2026-01-01 08:13:00,Parked,Parked,100,0,71.997,0,-0.08,395,25,-0.032
2026-01-01 08:13:10,Parked,Parked,100,0,71.997,0,-0.08,395,25,-0.032
2026-01-01 08:13:20,Parked,Parked,100,0,71.996,0,-0.08,395,25,-0.032
2026-01-01 08:13:30,Parked,Parked,100,0,71.996,0,-0.08,395,25,-0.032
2026-01-01 08:13:40,Parked,Parked,100,0,71.996,0,-0.08,395,25,-0.032
2026-01-01 08:13:50,Parked,Parked,100,0,71.996,0,-0.08,395,25,-0.032
2026-01-01 08:14:00,Parked,Parked,100,0,71.996,0,-0.08,395,25,-0.032
2026-01-01 08:14:10,Parked,Parked,100,0,71.996,0,-0.08,395,25,-0.032
2026-01-01 08:14:20,Parked,Parked,100,0,71.996,0,-0.08,395,25,-0.032
2026-01-01 08:14:30,Parked,Parked,100,0,71.996,0,-0.08,395,25,-0.032
2026-01-01 08:14:40,Parked,Parked,100,0,71.996,0,-0.08,395,25,-0.032
2026-01-01 08:14:50,Parked,Parked,100,0,71.996,0,-0.08,395,25,-0.032
2026-01-01 08:15:00,Parked,Parked,100,0,71.996,0,-0.08,395,25,-0.032
2026-01-01 08:15:10,Parked,Parked,100,0,71.996,0,-0.08,395,25,-0.032
2026-01-01 08:15:20,Parked,Parked,100,0,71.996,0,-0.08,395,25,-0.032
2026-01-01 08:15:30,Parked,Parked,100,0,71.996,0,-0.08,395,25,-0.032
2026-01-01 08:15:40,Parked,Parked,100,0,71.996,0,-0.08,395,25,-0.032
2026-01-01 08:15:50,Parked,Parked,100,0,71.996,0,-0.08,395,25,-0.032
2026-01-01 08:16:00,Parked,Parked,100,0,71.996,0,-0.08,395,25,-0.032
2026-01-01 08:16:10,Parked,Parked,100,0,71.996,0,-0.08,395,25,-0.032
2026-01-01 08:16:20,Parked,Parked,100,0,71.996,0,-0.08,395,25,-0.032
2026-01-01 08:16:30,Parked,Parked,100,0,71.996,0,-0.08,395,25,-0.032
2026-01-01 08:16:40,Parked,Parked,100,0,71.996,0,-0.08,395,25,-0.032
2026-01-01 08:16:50,Parked,Parked,100,0,71.996,0,-0.08,395,25,-0.032
2026-01-01 08:17:00,Parked,Parked,100,0,71.996,0,-0.08,395,25,-0.032
2026-01-01 08:17:10,Parked,Parked,100,0,71.995,0,-0.08,395,25,-0.032
2026-01-01 08:17:20,Parked,Parked,100,0,71.995,0,-0.08,395,25,-0.032
2026-01-01 08:17:30,Parked,Parked,100,0,71.995,0,-0.08,395,25,-0.032
2026-01-01 08:17:40,Parked,Parked,100,0,71.995,0,-0.08,395,25,-0.032
2026-01-01 08:17:50,Parked,Parked,100,0,71.995,0,-0.08,395,25,-0.032
2026-01-01 08:18:00,Parked,Parked,100,0,71.995,0,-0.08,395,25,-0.032
2026-01-01 08:18:10,Parked,Parked,100,0,71.995,0,-0.08,395,25,-0.032
2026-01-01 08:18:20,Parked,Parked,100,0,71.995,0,-0.08,395,25,-0.032
2026-01-01 08:18:30,Parked,Parked,100,0,71.995,0,-0.08,395,25,-0.032
2026-01-01 08:18:40,Parked,Parked,100,0,71.995,0,-0.08,395,25,-0.032
2026-01-01 08:18:50,Parked,Parked,100,0,71.995,0,-0.08,395,25,-0.032
2026-01-01 08:19:00,Parked,Parked,100,0,71.995,0,-0.08,395,25,-0.032
2026-01-01 08:19:10,Parked,Parked,100,0,71.995,0,-0.08,395,25,-0.032
2026-01-01 08:19:20,Parked,Parked,100,0,71.995,0,-0.08,395,25,-0.032
2026-01-01 08:19:30,Parked,Parked,100,0,71.995,0,-0.08,395,25,-0.032
2026-01-01 08:19:40,Parked,Parked,100,0,71.995,0,-0.08,395,25,-0.032
2026-01-01 08:19:50,Parked,Parked,100,0,71.995,0,-0.08,395,25,-0.032
2026-01-01 08:20:00,Parked,Parked,100,0,71.995,0,-0.08,395,25,-0.032
2026-01-01 08:20:10,Parked,Parked,100,0,71.995,0,-0.08,395,25,-0.032
2026-01-01 08:20:20,Parked,Parked,100,0,71.995,0,-0.08,395,25,-0.032
2026-01-01 08:20:30,Parked,Parked,100,0,71.995,0,-0.08,395,25,-0.032
2026-01-01 08:20:40,Parked,Parked,100,0,71.995,0,-0.08,395,25,-0.032
2026-01-01 08:20:50,Parked,Parked,100,0,71.995,0,-0.08,395,25,-0.032
2026-01-01 08:21:00,Parked,Parked,100,0,71.994,0,-0.08,395,25,-0.032
2026-01-01 08:21:10,Parked,Parked,100,0,71.994,0,-0.08,395,25,-0.032
2026-01-01 08:21:20,Parked,Parked,100,0,71.994,0,-0.08,395,25,-0.032
2026-01-01 08:21:30,Parked,Parked,100,0,71.994,0,-0.08,395,25,-0.032
2026-01-01 08:21:40,Parked,Parked,100,0,71.994,0,-0.08,395,25,-0.032
2026-01-01 08:21:50,Parked,Parked,100,0,71.994,0,-0.08,395,25,-0.032
2026-01-01 08:22:00,Parked,Parked,100,0,71.994,0,-0.08,395,25,-0.032
2026-01-01 08:22:10,Parked,Parked,100,0,71.994,0,-0.08,395,25,-0.032
2026-01-01 08:22:20,Parked,Parked,100,0,71.994,0,-0.08,395,25,-0.032
2026-01-01 08:22:30,Parked,Parked,100,0,71.994,0,-0.08,395,25,-0.032
2026-01-01 08:22:40,Parked,Parked,100,0,71.994,0,-0.08,395,25,-0.032
2026-01-01 08:22:50,Parked,Parked,100,0,71.994,0,-0.08,395,25,-0.032
2026-01-01 08:23:00,Parked,Parked,100,0,71.994,0,-0.08,395,25,-0.032
2026-01-01 08:23:10,Parked,Parked,100,0,71.994,0,-0.08,395,25,-0.032
2026-01-01 08:23:20,Parked,Parked,100,0,71.994,0,-0.08,395,25,-0.032
2026-01-01 08:23:30,Parked,Parked,100,0,71.994,0,-0.08,395,25,-0.032
2026-01-01 08:23:40,Parked,Parked,100,0,71.994,0,-0.08,395,25,-0.032
2026-01-01 08:23:50,Parked,Parked,100,0,71.994,0,-0.08,395,25,-0.032
2026-01-01 08:24:00,Parked,Parked,100,0,71.994,0,-0.08,395,25,-0.032
2026-01-01 08:24:10,Parked,Parked,100,0,71.994,0,-0.08,395,25,-0.032
2026-01-01 08:24:20,Parked,Parked,100,0,71.994,0,-0.08,395,25,-0.032
2026-01-01 08:24:30,Parked,Parked,100,0,71.994,0,-0.08,395,25,-0.032
2026-01-01 08:24:40,Parked,Parked,100,0,71.994,0,-0.08,395,25,-0.032
2026-01-01 08:24:50,Parked,Parked,100,0,71.993,0,-0.08,395,25,-0.032
2026-01-01 08:25:00,Parked,Parked,100,0,71.993,0,-0.08,395,25,-0.032
2026-01-01 08:25:10,Parked,Parked,100,0,71.993,0,-0.08,395,25,-0.032
2026-01-01 08:25:20,Parked,Parked,100,0,71.993,0,-0.08,395,25,-0.032
2026-01-01 08:25:30,Parked,Parked,100,0,71.993,0,-0.08,395,25,-0.032
2026-01-01 08:25:40,Parked,Parked,100,0,71.993,0,-0.08,395,25,-0.032
2026-01-01 08:25:50,Parked,Parked,100,0,71.993,0,-0.08,395,25,-0.032
2026-01-01 08:26:00,Parked,Parked,100,0,71.993,0,-0.08,395,25,-0.032
2026-01-01 08:26:10,Parked,Parked,100,0,71.993,0,-0.08,395,25,-0.032
2026-01-01 08:26:20,Parked,Parked,100,0,71.993,0,-0.08,395,25,-0.032
2026-01-01 08:26:30,Parked,Parked,100,0,71.993,0,-0.08,395,25,-0.032
2026-01-01 08:26:40,Parked,Parked,100,0,71.993,0,-0.08,395,25,-0.032
2026-01-01 08:26:50,Parked,Parked,100,0,71.993,0,-0.08,395,25,-0.032
2026-01-01 08:27:00,Parked,Parked,100,0,71.993,0,-0.08,395,25,-0.032
2026-01-01 08:27:10,Parked,Parked,100,0,71.993,0,-0.08,395,25,-0.032
2026-01-01 08:27:20,Parked,Parked,100,0,71.993,0,-0.08,395,25,-0.032
2026-01-01 08:27:30,Parked,Parked,100,0,71.993,0,-0.08,395,25,-0.032
2026-01-01 08:27:40,Parked,Parked,100,0,71.993,0,-0.08,395,25,-0.032
2026-01-01 08:27:50,Parked,Parked,100,0,71.993,0,-0.08,395,25,-0.032
2026-01-01 08:28:00,Parked,Parked,100,0,71.993,0,-0.08,395,25,-0.032
2026-01-01 08:28:10,Parked,Parked,100,0,71.993,0,-0.08,395,25,-0.032
2026-01-01 08:28:20,Parked,Parked,100,0,71.993,0,-0.08,395,25,-0.032
2026-01-01 08:28:30,Parked,Parked,100,0,71.992,0,-0.08,395,25,-0.032
2026-01-01 08:28:40,Parked,Parked,100,0,71.992,0,-0.08,395,25,-0.032
2026-01-01 08:28:50,Parked,Parked,100,0,71.992,0,-0.08,395,25,-0.032
2026-01-01 08:29:00,Parked,Parked,100,0,71.992,0,-0.08,395,25,-0.032
2026-01-01 08:29:10,Parked,Parked,100,0,71.992,0,-0.08,395,25,-0.032
2026-01-01 08:29:20,Parked,Parked,100,0,71.992,0,-0.08,395,25,-0.032
2026-01-01 08:29:30,Parked,Parked,100,0,71.992,0,-0.08,395,25,-0.032
2026-01-01 08:29:40,Parked,Parked,100,0,71.992,0,-0.08,395,25,-0.032
2026-01-01 08:29:50,Parked,Parked,100,0,71.992,0,-0.08,395,25,-0.032
2026-01-01 08:30:00,Parked,Parked,100,0,71.992,0,-0.08,395,25,-0.032
2026-01-01 08:30:10,Parked,Parked,100,0,71.992,0,-0.08,395,25,-0.032
2026-01-01 08:30:20,Parked,Parked,100,0,71.992,0,-0.08,395,25,-0.032
2026-01-01 08:30:30,Parked,Parked,100,0,71.992,0,-0.08,395,25,-0.032
2026-01-01 08:30:40,Parked,Parked,100,0,71.992,0,-0.08,395,25,-0.032
2026-01-01 08:30:50,Parked,Parked,100,0,71.992,0,-0.08,395,25,-0.032
2026-01-01 08:31:00,Parked,Parked,100,0,71.992,0,-0.08,395,25,-0.032
2026-01-01 08:31:10,Parked,Parked,100,0,71.992,0,-0.08,395,25,-0.032
2026-01-01 08:31:20,Parked,Parked,100,0,71.992,0,-0.08,395,25,-0.032
2026-01-01 08:31:30,Parked,Parked,100,0,71.992,0,-0.08,395,25,-0.032
2026-01-01 08:31:40,Parked,Parked,100,0,71.992,0,-0.08,395,25,-0.032
2026-01-01 08:31:50,Parked,Parked,100,0,71.992,0,-0.08,395,25,-0.032
2026-01-01 08:32:00,Parked,Parked,100,0,71.992,0,-0.08,395,25,-0.032
2026-01-01 08:32:10,Parked,Parked,100,0,71.992,0,-0.08,395,25,-0.032
2026-01-01 08:32:20,Parked,Parked,100,0,71.991,0,-0.08,395,25,-0.032
2026-01-01 08:32:30,Parked,Parked,100,0,71.991,0,-0.08,395,25,-0.032
2026-01-01 08:32:40,Parked,Parked,100,0,71.991,0,-0.08,395,25,-0.032
2026-01-01 08:32:50,Parked,Parked,100,0,71.991,0,-0.08,395,25,-0.032
2026-01-01 08:33:00,Parked,Parked,100,0,71.991,0,-0.08,395,25,-0.032
2026-01-01 08:33:10,Parked,Parked,100,0,71.991,0,-0.08,395,25,-0.032
2026-01-01 08:33:20,Parked,Parked,100,0,71.991,0,-0.08,395,25,-0.032
2026-01-01 08:33:30,Parked,Parked,100,0,71.991,0,-0.08,395,25,-0.032
2026-01-01 08:33:40,Parked,Parked,100,0,71.991,0,-0.08,395,25,-0.032
2026-01-01 08:33:50,Parked,Parked,100,0,71.991,0,-0.08,395,25,-0.032
2026-01-01 08:34:00,Parked,Parked,100,0,71.991,0,-0.08,395,25,-0.032
2026-01-01 08:34:10,Parked,Parked,100,0,71.991,0,-0.08,395,25,-0.032
2026-01-01 08:34:20,Parked,Parked,100,0,71.991,0,-0.08,395,25,-0.032
2026-01-01 08:34:30,Parked,Parked,100,0,71.991,0,-0.08,395,25,-0.032
2026-01-01 08:34:40,Parked,Parked,100,0,71.991,0,-0.08,395,25,-0.032
2026-01-01 08:34:50,Parked,Parked,100,0,71.991,0,-0.08,395,25,-0.032
2026-01-01 08:35:00,Parked,Parked,100,0,71.991,0,-0.08,395,25,-0.032
2026-01-01 08:35:10,Parked,Parked,100,0,71.991,0,-0.08,395,25,-0.032
2026-01-01 08:35:20,Parked,Parked,100,0,71.991,0,-0.08,395,25,-0.032
2026-01-01 08:35:30,Parked,Parked,100,0,71.991,0,-0.08,395,25,-0.032
2026-01-01 08:35:40,Parked,Parked,100,0,71.991,0,-0.08,395,25,-0.032
2026-01-01 08:35:50,Parked,Parked,100,0,71.991,0,-0.08,395,25,-0.032
2026-01-01 08:36:00,Parked,Parked,100,0,71.991,0,-0.08,395,25,-0.032
2026-01-01 08:36:10,Parked,Parked,100,0,71.99,0,-0.08,395,25,-0.032
2026-01-01 08:36:20,Parked,Parked,100,0,71.99,0,-0.08,395,25,-0.032
2026-01-01 08:36:30,Parked,Parked,100,0,71.99,0,-0.08,395,25,-0.032
2026-01-01 08:36:40,Parked,Parked,100,0,71.99,0,-0.08,395,25,-0.032
2026-01-01 08:36:50,Parked,Parked,100,0,71.99,0,-0.08,395,25,-0.032
2026-01-01 08:37:00,Parked,Parked,100,0,71.99,0,-0.08,395,25,-0.032
2026-01-01 08:37:10,Parked,Parked,100,0,71.99,0,-0.08,395,25,-0.032
2026-01-01 08:37:20,Parked,Parked,100,0,71.99,0,-0.08,395,25,-0.032
2026-01-01 08:37:30,Parked,Parked,100,0,71.99,0,-0.08,395,25,-0.032
2026-01-01 08:37:40,Parked,Parked,100,0,71.99,0,-0.08,395,25,-0.032
2026-01-01 08:37:50,Parked,Parked,100,0,71.99,0,-0.08,395,25,-0.032
2026-01-01 08:38:00,Parked,Parked,100,0,71.99,0,-0.08,395,25,-0.032
2026-01-01 08:38:10,Parked,Parked,100,0,71.99,0,-0.08,395,25,-0.032
2026-01-01 08:38:20,Parked,Parked,100,0,71.99,0,-0.08,395,25,-0.032
2026-01-01 08:38:30,Parked,Parked,100,0,71.99,0,-0.08,395,25,-0.032
2026-01-01 08:38:40,Parked,Parked,100,0,71.99,0,-0.08,395,25,-0.032
2026-01-01 08:38:50,Parked,Parked,100,0,71.99,0,-0.08,395,25,-0.032
2026-01-01 08:39:00,Parked,Parked,100,0,71.99,0,-0.08,395,25,-0.032
2026-01-01 08:39:10,Parked,Parked,100,0,71.99,0,-0.08,395,25,-0.032
2026-01-01 08:39:20,Parked,Parked,100,0,71.99,0,-0.08,395,25,-0.032
2026-01-01 08:39:30,Parked,Parked,100,0,71.99,0,-0.08,395,25,-0.032
2026-01-01 08:39:40,Parked,Parked,100,0,71.99,0,-0.08,395,25,-0.032
2026-01-01 08:39:50,Parked,Parked,100,0,71.99,0,-0.08,395,25,-0.032
2026-01-01 08:40:00,Parked,Parked,100,0,71.989,0,-0.08,395,25,-0.032
2026-01-01 08:40:10,Parked,Parked,100,0,71.989,0,-0.08,395,25,-0.032
2026-01-01 08:40:20,Parked,Parked,100,0,71.989,0,-0.08,395,25,-0.032
2026-01-01 08:40:30,Parked,Parked,100,0,71.989,0,-0.08,395,25,-0.032
2026-01-01 08:40:40,Parked,Parked,100,0,71.989,0,-0.08,395,25,-0.032
2026-01-01 08:40:50,Parked,Parked,100,0,71.989,0,-0.08,395,25,-0.032
2026-01-01 08:41:00,Parked,Parked,100,0,71.989,0,-0.08,395,25,-0.032
2026-01-01 08:41:10,Parked,Parked,100,0,71.989,0,-0.08,395,25,-0.032
2026-01-01 08:41:20,Parked,Parked,100,0,71.989,0,-0.08,395,25,-0.032
2026-01-01 08:41:30,Parked,Parked,100,0,71.989,0,-0.08,395,25,-0.032
2026-01-01 08:41:40,Parked,Parked,100,0,71.989,0,-0.08,395,25,-0.032
2026-01-01 08:41:50,Parked,Parked,100,0,71.989,0,-0.08,395,25,-0.032
2026-01-01 08:42:00,Parked,Parked,100,0,71.989,0,-0.08,395,25,-0.032
2026-01-01 08:42:10,Parked,Parked,100,0,71.989,0,-0.08,395,25,-0.032
2026-01-01 08:42:20,Parked,Parked,100,0,71.989,0,-0.08,395,25,-0.032
2026-01-01 08:42:30,Parked,Parked,100,0,71.989,0,-0.08,395,25,-0.032
2026-01-01 08:42:40,Parked,Parked,100,0,71.989,0,-0.08,395,25,-0.032
2026-01-01 08:42:50,Parked,Parked,100,0,71.989,0,-0.08,395,25,-0.032
2026-01-01 08:43:00,Parked,Parked,100,0,71.989,0,-0.08,395,25,-0.032
2026-01-01 08:43:10,Parked,Parked,100,0,71.989,0,-0.08,395,25,-0.032
2026-01-01 08:43:20,Parked,Parked,100,0,71.989,0,-0.08,395,25,-0.032
2026-01-01 08:43:30,Parked,Parked,100,0,71.989,0,-0.08,395,25,-0.032
2026-01-01 08:43:40,Parked,Parked,100,0,71.989,0,-0.08,395,25,-0.032
2026-01-01 08:43:50,Parked,Parked,100,0,71.988,0,-0.08,395,25,-0.032
2026-01-01 08:44:00,Parked,Parked,100,0,71.988,0,-0.08,395,25,-0.032
2026-01-01 08:44:10,Parked,Parked,100,0,71.988,0,-0.08,395,25,-0.032
2026-01-01 08:44:20,Parked,Parked,100,0,71.988,0,-0.08,395,25,-0.032
2026-01-01 08:44:30,Parked,Parked,100,0,71.988,0,-0.08,395,25,-0.032
2026-01-01 08:44:40,Parked,Parked,100,0,71.988,0,-0.08,395,25,-0.032
2026-01-01 08:44:50,Parked,Parked,100,0,71.988,0,-0.08,395,25,-0.032
2026-01-01 08:45:00,Parked,Parked,100,0,71.988,0,-0.08,395,25,-0.032
2026-01-01 08:45:10,Parked,Parked,100,0,71.988,0,-0.08,395,25,-0.032
2026-01-01 08:45:20,Parked,Parked,100,0,71.988,0,-0.08,395,25,-0.032
2026-01-01 08:45:30,Parked,Parked,100,0,71.988,0,-0.08,395,25,-0.032
2026-01-01 08:45:40,Parked,Parked,100,0,71.988,0,-0.08,395,25,-0.032
2026-01-01 08:45:50,Parked,Parked,100,0,71.988,0,-0.08,395,25,-0.032
2026-01-01 08:46:00,Parked,Parked,100,0,71.988,0,-0.08,395,25,-0.032
2026-01-01 08:46:10,Parked,Parked,100,0,71.988,0,-0.08,395,25,-0.032
2026-01-01 08:46:20,Parked,Parked,100,0,71.988,0,-0.08,395,25,-0.032
2026-01-01 08:46:30,Parked,Parked,100,0,71.988,0,-0.08,395,25,-0.032
2026-01-01 08:46:40,Parked,Parked,100,0,71.988,0,-0.08,395,25,-0.032
2026-01-01 08:46:50,Parked,Parked,100,0,71.988,0,-0.08,395,25,-0.032
2026-01-01 08:47:00,Parked,Parked,100,0,71.988,0,-0.08,395,25,-0.032
2026-01-01 08:47:10,Parked,Parked,100,0,71.988,0,-0.08,395,25,-0.032
2026-01-01 08:47:20,Parked,Parked,100,0,71.988,0,-0.08,395,25,-0.032
2026-01-01 08:47:30,Parked,Parked,100,0,71.987,0,-0.08,395,25,-0.032
2026-01-01 08:47:40,Parked,Parked,100,0,71.987,0,-0.08,395,25,-0.032
2026-01-01 08:47:50,Parked,Parked,100,0,71.987,0,-0.08,395,25,-0.032
2026-01-01 08:48:00,Parked,Parked,100,0,71.987,0,-0.08,395,25,-0.032
2026-01-01 08:48:10,Parked,Parked,100,0,71.987,0,-0.08,395,25,-0.032
2026-01-01 08:48:20,Parked,Parked,100,0,71.987,0,-0.08,395,25,-0.032
2026-01-01 08:48:30,Parked,Parked,100,0,71.987,0,-0.08,395,25,-0.032
2026-01-01 08:48:40,Parked,Parked,100,0,71.987,0,-0.08,395,25,-0.032
2026-01-01 08:48:50,Parked,Parked,100,0,71.987,0,-0.08,395,25,-0.032
2026-01-01 08:49:00,Parked,Parked,100,0,71.987,0,-0.08,395,25,-0.032
2026-01-01 08:49:10,Parked,Parked,100,0,71.987,0,-0.08,395,25,-0.032
2026-01-01 08:49:20,Parked,Parked,100,0,71.987,0,-0.08,395,25,-0.032
2026-01-01 08:49:30,Parked,Parked,100,0,71.987,0,-0.08,395,25,-0.032
2026-01-01 08:49:40,Parked,Parked,100,0,71.987,0,-0.08,395,25,-0.032
2026-01-01 08:49:50,Parked,Parked,100,0,71.987,0,-0.08,395,25,-0.032
2026-01-01 08:50:00,Parked,Parked,100,0,71.987,0,-0.08,395,25,-0.032
2026-01-01 08:50:10,Parked,Parked,100,0,71.987,0,-0.08,395,25,-0.032
2026-01-01 08:50:20,Parked,Parked,100,0,71.987,0,-0.08,395,25,-0.032
2026-01-01 08:50:30,Parked,Parked,100,0,71.987,0,-0.08,395,25,-0.032
2026-01-01 08:50:40,Parked,Parked,100,0,71.987,0,-0.08,395,25,-0.032
2026-01-01 08:50:50,Parked,Parked,100,0,71.987,0,-0.08,395,25,-0.032
2026-01-01 08:51:00,Parked,Parked,100,0,71.987,0,-0.08,395,25,-0.032
2026-01-01 08:51:10,Parked,Parked,100,0,71.987,0,-0.08,395,25,-0.032
2026-01-01 08:51:20,Parked,Parked,100,0,71.986,0,-0.08,395,25,-0.032
2026-01-01 08:51:30,Parked,Parked,100,0,71.986,0,-0.08,395,25,-0.032
2026-01-01 08:51:40,Parked,Parked,100,0,71.986,0,-0.08,395,25,-0.032
2026-01-01 08:51:50,Parked,Parked,100,0,71.986,0,-0.08,395,25,-0.032
2026-01-01 08:52:00,Parked,Parked,100,0,71.986,0,-0.08,395,25,-0.032
2026-01-01 08:52:10,Parked,Parked,100,0,71.986,0,-0.08,395,25,-0.032
2026-01-01 08:52:20,Parked,Parked,100,0,71.986,0,-0.08,395,25,-0.032
2026-01-01 08:52:30,Parked,Parked,100,0,71.986,0,-0.08,395,25,-0.032
2026-01-01 08:52:40,Parked,Parked,100,0,71.986,0,-0.08,395,25,-0.032
2026-01-01 08:52:50,Parked,Parked,100,0,71.986,0,-0.08,395,25,-0.032
2026-01-01 08:53:00,Parked,Parked,100,0,71.986,0,-0.08,395,25,-0.032
2026-01-01 08:53:10,Parked,Parked,100,0,71.986,0,-0.08,395,25,-0.032
2026-01-01 08:53:20,Parked,Parked,100,0,71.986,0,-0.08,395,25,-0.032
2026-01-01 08:53:30,Parked,Parked,100,0,71.986,0,-0.08,395,25,-0.032
2026-01-01 08:53:40,Parked,Parked,100,0,71.986,0,-0.08,395,25,-0.032
2026-01-01 08:53:50,Parked,Parked,100,0,71.986,0,-0.08,395,25,-0.032
2026-01-01 08:54:00,Parked,Parked,100,0,71.986,0,-0.08,395,25,-0.032
2026-01-01 08:54:10,Parked,Parked,100,0,71.986,0,-0.08,395,25,-0.032
2026-01-01 08:54:20,Parked,Parked,100,0,71.986,0,-0.08,395,25,-0.032
2026-01-01 08:54:30,Parked,Parked,100,0,71.986,0,-0.08,395,25,-0.032
2026-01-01 08:54:40,Parked,Parked,100,0,71.986,0,-0.08,395,25,-0.032
2026-01-01 08:54:50,Parked,Parked,100,0,71.986,0,-0.08,395,25,-0.032
2026-01-01 08:55:00,Parked,Parked,100,0,71.986,0,-0.08,395,25,-0.032
2026-01-01 08:55:10,Parked,Parked,100,0,71.985,0,-0.08,395,25,-0.032
2026-01-01 08:55:20,Parked,Parked,100,0,71.985,0,-0.08,395,25,-0.032
2026-01-01 08:55:30,Parked,Parked,100,0,71.985,0,-0.08,395,25,-0.032
2026-01-01 08:55:40,Parked,Parked,100,0,71.985,0,-0.08,395,25,-0.032
2026-01-01 08:55:50,Parked,Parked,100,0,71.985,0,-0.08,395,25,-0.032
2026-01-01 08:56:00,Parked,Parked,100,0,71.985,0,-0.08,395,25,-0.032
2026-01-01 08:56:10,Parked,Parked,100,0,71.985,0,-0.08,395,25,-0.032
2026-01-01 08:56:20,Parked,Parked,100,0,71.985,0,-0.08,395,25,-0.032
2026-01-01 08:56:30,Parked,Parked,100,0,71.985,0,-0.08,395,25,-0.032
2026-01-01 08:56:40,Parked,Parked,100,0,71.985,0,-0.08,395,25,-0.032
2026-01-01 08:56:50,Parked,Parked,100,0,71.985,0,-0.08,395,25,-0.032
2026-01-01 08:57:00,Parked,Parked,100,0,71.985,0,-0.08,395,25,-0.032
2026-01-01 08:57:10,Parked,Parked,100,0,71.985,0,-0.08,395,25,-0.032
2026-01-01 08:57:20,Parked,Parked,100,0,71.985,0,-0.08,395,25,-0.032
2026-01-01 08:57:30,Parked,Parked,100,0,71.985,0,-0.08,395,25,-0.032
2026-01-01 08:57:40,Parked,Parked,100,0,71.985,0,-0.08,395,25,-0.032
2026-01-01 08:57:50,Parked,Parked,100,0,71.985,0,-0.08,395,25,-0.032
2026-01-01 08:58:00,Parked,Parked,100,0,71.985,0,-0.08,395,25,-0.032
2026-01-01 08:58:10,Parked,Parked,100,0,71.985,0,-0.08,395,25,-0.032
2026-01-01 08:58:20,Parked,Parked,100,0,71.985,0,-0.08,395,25,-0.032
2026-01-01 08:58:30,Parked,Parked,100,0,71.985,0,-0.08,395,25,-0.032
2026-01-01 08:58:40,Parked,Parked,100,0,71.985,0,-0.08,395,25,-0.032
2026-01-01 08:58:50,Parked,Parked,100,0,71.985,0,-0.08,395,25,-0.032
2026-01-01 08:59:00,Parked,Parked,100,0,71.984,0,-0.08,395,25,-0.032
2026-01-01 08:59:10,Parked,Parked,100,0,71.984,0,-0.08,395,25,-0.032
2026-01-01 08:59:20,Parked,Parked,100,0,71.984,0,-0.08,395,25,-0.032
2026-01-01 08:59:30,Parked,Parked,100,0,71.984,0,-0.08,395,25,-0.032
2026-01-01 08:59:40,Parked,Parked,100,0,71.984,0,-0.08,395,25,-0.032
2026-01-01 08:59:50,Parked,Parked,100,0,71.984,0,-0.08,395,25,-0.032
2026-01-01 09:00:00,Parked,Parked,100,0,71.984,0,-0.08,395,25,-0.032
2026-01-01 09:00:10,Parked,Parked,100,0,71.984,0,-0.08,395,25,-0.032
2026-01-01 09:00:20,Parked,Parked,100,0,71.984,0,-0.08,395,25,-0.032
2026-01-01 09:00:30,Parked,Parked,100,0,71.984,0,-0.08,395,25,-0.032
2026-01-01 09:00:40,Parked,Parked,100,0,71.984,0,-0.08,395,25,-0.032
2026-01-01 09:00:50,Parked,Parked,100,0,71.984,0,-0.08,395,25,-0.032
2026-01-01 09:01:00,Parked,Parked,100,0,71.984,0,-0.08,395,25,-0.032
2026-01-01 09:01:10,Parked,Parked,100,0,71.984,0,-0.08,395,25,-0.032
2026-01-01 09:01:20,Parked,Parked,100,0,71.984,0,-0.08,395,25,-0.032
2026-01-01 09:01:30,Parked,Parked,100,0,71.984,0,-0.08,395,25,-0.032
2026-01-01 09:01:40,Parked,Parked,100,0,71.984,0,-0.08,395,25,-0.032
2026-01-01 09:01:50,Parked,Parked,100,0,71.984,0,-0.08,395,25,-0.032
2026-01-01 09:02:00,Parked,Parked,100,0,71.984,0,-0.08,395,25,-0.032
2026-01-01 09:02:10,Parked,Parked,100,0,71.984,0,-0.08,395,25,-0.032
2026-01-01 09:02:20,Parked,Parked,100,0,71.984,0,-0.08,395,25,-0.032
2026-01-01 09:02:30,Parked,Parked,100,0,71.984,0,-0.08,395,25,-0.032
2026-01-01 09:02:40,Parked,Parked,100,0,71.984,0,-0.08,395,25,-0.032
2026-01-01 09:02:50,Parked,Parked,100,0,71.983,0,-0.08,395,25,-0.032
2026-01-01 09:03:00,Parked,Parked,100,0,71.983,0,-0.08,395,25,-0.032
2026-01-01 09:03:10,Parked,Parked,100,0,71.983,0,-0.08,395,25,-0.032
2026-01-01 09:03:20,Parked,Parked,100,0,71.983,0,-0.08,395,25,-0.032
2026-01-01 09:03:30,Parked,Parked,100,0,71.983,0,-0.08,395,25,-0.032
2026-01-01 09:03:40,Parked,Parked,100,0,71.983,0,-0.08,395,25,-0.032
2026-01-01 09:03:50,Parked,Parked,100,0,71.983,0,-0.08,395,25,-0.032
2026-01-01 09:04:00,Parked,Parked,100,0,71.983,0,-0.08,395,25,-0.032
2026-01-01 09:04:10,Parked,Parked,100,0,71.983,0,-0.08,395,25,-0.032
2026-01-01 09:04:20,Parked,Parked,100,0,71.983,0,-0.08,395,25,-0.032
2026-01-01 09:04:30,Parked,Parked,100,0,71.983,0,-0.08,395,25,-0.032
2026-01-01 09:04:40,Parked,Parked,100,0,71.983,0,-0.08,395,25,-0.032
2026-01-01 09:04:50,Parked,Parked,100,0,71.983,0,-0.08,395,25,-0.032
2026-01-01 09:05:00,Parked,Parked,100,0,71.983,0,-0.08,395,25,-0.032
2026-01-01 09:05:10,Parked,Parked,100,0,71.983,0,-0.08,395,25,-0.032
2026-01-01 09:05:20,Parked,Parked,100,0,71.983,0,-0.08,395,25,-0.032
2026-01-01 09:05:30,Parked,Parked,100,0,71.983,0,-0.08,395,25,-0.032
2026-01-01 09:05:40,Parked,Parked,100,0,71.983,0,-0.08,395,25,-0.032
2026-01-01 09:05:50,Parked,Parked,100,0,71.983,0,-0.08,395,25,-0.032
2026-01-01 09:06:00,Parked,Parked,100,0,71.983,0,-0.08,395,25,-0.032
2026-01-01 09:06:10,Parked,Parked,100,0,71.983,0,-0.08,395,25,-0.032
2026-01-01 09:06:20,Parked,Parked,100,0,71.983,0,-0.08,395,25,-0.032
2026-01-01 09:06:30,Parked,Parked,100,0,71.982,0,-0.08,395,25,-0.032
2026-01-01 09:06:40,Parked,Parked,100,0,71.982,0,-0.08,395,25,-0.032
2026-01-01 09:06:50,Parked,Parked,100,0,71.982,0,-0.08,395,25,-0.032
2026-01-01 09:07:00,Parked,Parked,100,0,71.982,0,-0.08,395,25,-0.032
2026-01-01 09:07:10,Parked,Parked,100,0,71.982,0,-0.08,395,25,-0.032
2026-01-01 09:07:20,Parked,Parked,100,0,71.982,0,-0.08,395,25,-0.032
2026-01-01 09:07:30,Parked,Parked,100,0,71.982,0,-0.08,395,25,-0.032
2026-01-01 09:07:40,Parked,Parked,100,0,71.982,0,-0.08,395,25,-0.032
2026-01-01 09:07:50,Parked,Parked,100,0,71.982,0,-0.08,395,25,-0.032
2026-01-01 09:08:00,Parked,Parked,100,0,71.982,0,-0.08,395,25,-0.032
2026-01-01 09:08:10,Parked,Parked,100,0,71.982,0,-0.08,395,25,-0.032
2026-01-01 09:08:20,Parked,Parked,100,0,71.982,0,-0.08,395,25,-0.032
2026-01-01 09:08:30,Parked,Parked,100,0,71.982,0,-0.08,395,25,-0.032
2026-01-01 09:08:40,Parked,Parked,100,0,71.982,0,-0.08,395,25,-0.032
2026-01-01 09:08:50,Parked,Parked,100,0,71.982,0,-0.08,395,25,-0.032
2026-01-01 09:09:00,Parked,Parked,100,0,71.982,0,-0.08,395,25,-0.032
2026-01-01 09:09:10,Parked,Parked,100,0,71.982,0,-0.08,395,25,-0.032
2026-01-01 09:09:20,Parked,Parked,100,0,71.982,0,-0.08,395,25,-0.032
2026-01-01 09:09:30,Parked,Parked,100,0,71.982,0,-0.08,395,25,-0.032
2026-01-01 09:09:40,Parked,Parked,100,0,71.982,0,-0.08,395,25,-0.032
2026-01-01 09:09:50,Parked,Parked,100,0,71.982,0,-0.08,395,25,-0.032
2026-01-01 09:10:00,Parked,Parked,100,0,71.982,0,-0.08,395,25,-0.032
2026-01-01 09:10:10,Parked,Parked,100,0,71.982,0,-0.08,395,25,-0.032
2026-01-01 09:10:20,Parked,Parked,100,0,71.981,0,-0.08,395,25,-0.032
2026-01-01 09:10:30,Parked,Parked,100,0,71.981,0,-0.08,395,25,-0.032
2026-01-01 09:10:40,Parked,Parked,100,0,71.981,0,-0.08,395,25,-0.032
2026-01-01 09:10:50,Parked,Parked,100,0,71.981,0,-0.08,395,25,-0.032
2026-01-01 09:11:00,Parked,Parked,100,0,71.981,0,-0.08,395,25,-0.032
2026-01-01 09:11:10,Parked,Parked,100,0,71.981,0,-0.08,395,25,-0.032
2026-01-01 09:11:20,Parked,Parked,100,0,71.981,0,-0.08,395,25,-0.032
2026-01-01 09:11:30,Parked,Parked,100,0,71.981,0,-0.08,395,25,-0.032
2026-01-01 09:11:40,Parked,Parked,100,0,71.981,0,-0.08,395,25,-0.032
2026-01-01 09:11:50,Parked,Parked,100,0,71.981,0,-0.08,395,25,-0.032
2026-01-01 09:12:00,Parked,Parked,100,0,71.981,0,-0.08,395,25,-0.032
2026-01-01 09:12:10,Parked,Parked,100,0,71.981,0,-0.08,395,25,-0.032
2026-01-01 09:12:20,Parked,Parked,100,0,71.981,0,-0.08,395,25,-0.032
2026-01-01 09:12:30,Parked,Parked,100,0,71.981,0,-0.08,395,25,-0.032
2026-01-01 09:12:40,Parked,Parked,100,0,71.981,0,-0.08,395,25,-0.032
2026-01-01 09:12:50,Parked,Parked,100,0,71.981,0,-0.08,395,25,-0.032
2026-01-01 09:13:00,Parked,Parked,100,0,71.981,0,-0.08,395,25,-0.032
2026-01-01 09:13:10,Parked,Parked,100,0,71.981,0,-0.08,395,25,-0.032
2026-01-01 09:13:20,Parked,Parked,100,0,71.981,0,-0.08,395,25,-0.032
2026-01-01 09:13:30,Parked,Parked,100,0,71.981,0,-0.08,395,25,-0.032
2026-01-01 09:13:40,Parked,Parked,100,0,71.981,0,-0.08,395,25,-0.032
2026-01-01 09:13:50,Parked,Parked,100,0,71.981,0,-0.08,395,25,-0.032
2026-01-01 09:14:00,Parked,Parked,100,0,71.981,0,-0.08,395,25,-0.032
2026-01-01 09:14:10,Parked,Parked,100,0,71.98,0,-0.08,395,25,-0.032
2026-01-01 09:14:20,Parked,Parked,100,0,71.98,0,-0.08,395,25,-0.032
2026-01-01 09:14:30,Parked,Parked,100,0,71.98,0,-0.08,395,25,-0.032
2026-01-01 09:14:40,Parked,Parked,100,0,71.98,0,-0.08,395,25,-0.032
2026-01-01 09:14:50,Parked,Parked,100,0,71.98,0,-0.08,395,25,-0.032
2026-01-01 09:15:00,Parked,Parked,100,0,71.98,0,-0.08,395,25,-0.032
2026-01-01 09:15:10,Parked,Parked,100,0,71.98,0,-0.08,395,25,-0.032
2026-01-01 09:15:20,Parked,Parked,100,0,71.98,0,-0.08,395,25,-0.032
2026-01-01 09:15:30,Parked,Parked,100,0,71.98,0,-0.08,395,25,-0.032
2026-01-01 09:15:40,Parked,Parked,100,0,71.98,0,-0.08,395,25,-0.032
2026-01-01 09:15:50,Parked,Parked,100,0,71.98,0,-0.08,395,25,-0.032
2026-01-01 09:16:00,Parked,Parked,100,0,71.98,0,-0.08,395,25,-0.032
2026-01-01 09:16:10,Parked,Parked,100,0,71.98,0,-0.08,395,25,-0.032
2026-01-01 09:16:20,Parked,Parked,100,0,71.98,0,-0.08,395,25,-0.032
2026-01-01 09:16:30,Parked,Parked,100,0,71.98,0,-0.08,395,25,-0.032
2026-01-01 09:16:40,Parked,Parked,100,0,71.98,0,-0.08,395,25,-0.032
2026-01-01 09:16:50,Parked,Parked,100,0,71.98,0,-0.08,395,25,-0.032
2026-01-01 09:17:00,Parked,Parked,100,0,71.98,0,-0.08,395,25,-0.032
2026-01-01 09:17:10,Parked,Parked,100,0,71.98,0,-0.08,395,25,-0.032
2026-01-01 09:17:20,Parked,Parked,100,0,71.98,0,-0.08,395,25,-0.032
2026-01-01 09:17:30,Parked,Parked,100,0,71.98,0,-0.08,395,25,-0.032
2026-01-01 09:17:40,Parked,Parked,100,0,71.98,0,-0.08,395,25,-0.032
2026-01-01 09:17:50,Parked,Parked,100,0,71.98,0,-0.08,395,25,-0.032
2026-01-01 09:18:00,Parked,Parked,100,0,71.979,0,-0.08,395,25,-0.032
2026-01-01 09:18:10,Parked,Parked,100,0,71.979,0,-0.08,395,25,-0.032
2026-01-01 09:18:20,Parked,Parked,100,0,71.979,0,-0.08,395,25,-0.032
2026-01-01 09:18:30,Parked,Parked,100,0,71.979,0,-0.08,395,25,-0.032
2026-01-01 09:18:40,Parked,Parked,100,0,71.979,0,-0.08,395,25,-0.032
2026-01-01 09:18:50,Parked,Parked,100,0,71.979,0,-0.08,395,25,-0.032
2026-01-01 09:19:00,Parked,Parked,100,0,71.979,0,-0.08,395,25,-0.032
2026-01-01 09:19:10,Parked,Parked,100,0,71.979,0,-0.08,395,25,-0.032
2026-01-01 09:19:20,Parked,Parked,100,0,71.979,0,-0.08,395,25,-0.032
2026-01-01 09:19:30,Parked,Parked,100,0,71.979,0,-0.08,395,25,-0.032
2026-01-01 09:19:40,Parked,Parked,100,0,71.979,0,-0.08,395,25,-0.032
2026-01-01 09:19:50,Parked,Parked,100,0,71.979,0,-0.08,395,25,-0.032
2026-01-01 09:20:00,Parked,Parked,100,0,71.979,0,-0.08,395,25,-0.032
2026-01-01 09:20:10,Parked,Parked,100,0,71.979,0,-0.08,395,25,-0.032
2026-01-01 09:20:20,Parked,Parked,100,0,71.979,0,-0.08,395,25,-0.032
2026-01-01 09:20:30,Parked,Parked,100,0,71.979,0,-0.08,395,25,-0.032
2026-01-01 09:20:40,Parked,Parked,100,0,71.979,0,-0.08,395,25,-0.032
2026-01-01 09:20:50,Parked,Parked,100,0,71.979,0,-0.08,395,25,-0.032
2026-01-01 09:21:00,Parked,Parked,100,0,71.979,0,-0.08,395,25,-0.032
2026-01-01 09:21:10,Parked,Parked,100,0,71.979,0,-0.08,395,25,-0.032
2026-01-01 09:21:20,Parked,Parked,100,0,71.979,0,-0.08,395,25,-0.032
2026-01-01 09:21:30,Parked,Parked,100,0,71.979,0,-0.08,395,25,-0.032
2026-01-01 09:21:40,Parked,Parked,100,0,71.979,0,-0.08,395,25,-0.032
2026-01-01 09:21:50,Parked,Parked,100,0,71.978,0,-0.08,395,25,-0.032
2026-01-01 09:22:00,Parked,Parked,100,0,71.978,0,-0.08,395,25,-0.032
2026-01-01 09:22:10,Parked,Parked,100,0,71.978,0,-0.08,395,25,-0.032
2026-01-01 09:22:20,Parked,Parked,100,0,71.978,0,-0.08,395,25,-0.032
2026-01-01 09:22:30,Parked,Parked,100,0,71.978,0,-0.08,395,25,-0.032
2026-01-01 09:22:40,Parked,Parked,100,0,71.978,0,-0.08,395,25,-0.032
2026-01-01 09:22:50,Parked,Parked,100,0,71.978,0,-0.08,395,25,-0.032
2026-01-01 09:23:00,Parked,Parked,100,0,71.978,0,-0.08,395,25,-0.032
2026-01-01 09:23:10,Parked,Parked,100,0,71.978,0,-0.08,395,25,-0.032
2026-01-01 09:23:20,Parked,Parked,100,0,71.978,0,-0.08,395,25,-0.032
2026-01-01 09:23:30,Parked,Parked,100,0,71.978,0,-0.08,395,25,-0.032
2026-01-01 09:23:40,Parked,Parked,100,0,71.978,0,-0.08,395,25,-0.032
2026-01-01 09:23:50,Parked,Parked,100,0,71.978,0,-0.08,395,25,-0.032
2026-01-01 09:24:00,Parked,Parked,100,0,71.978,0,-0.08,395,25,-0.032
2026-01-01 09:24:10,Parked,Parked,100,0,71.978,0,-0.08,395,25,-0.032
2026-01-01 09:24:20,Parked,Parked,100,0,71.978,0,-0.08,395,25,-0.032
2026-01-01 09:24:30,Parked,Parked,100,0,71.978,0,-0.08,395,25,-0.032
2026-01-01 09:24:40,Parked,Parked,100,0,71.978,0,-0.08,395,25,-0.032
2026-01-01 09:24:50,Parked,Parked,100,0,71.978,0,-0.08,395,25,-0.032
2026-01-01 09:25:00,Parked,Parked,100,0,71.978,0,-0.08,395,25,-0.032
2026-01-01 09:25:10,Parked,Parked,100,0,71.978,0,-0.08,395,25,-0.032
2026-01-01 09:25:20,Parked,Parked,100,0,71.978,0,-0.08,395,25,-0.032
2026-01-01 09:25:30,Parked,Parked,100,0,71.977,0,-0.08,395,25,-0.032
2026-01-01 09:25:40,Parked,Parked,100,0,71.977,0,-0.08,395,25,-0.032
2026-01-01 09:25:50,Parked,Parked,100,0,71.977,0,-0.08,395,25,-0.032
2026-01-01 09:26:00,Parked,Parked,100,0,71.977,0,-0.08,395,25,-0.032
2026-01-01 09:26:10,Parked,Parked,100,0,71.977,0,-0.08,395,25,-0.032
2026-01-01 09:26:20,Parked,Parked,100,0,71.977,0,-0.08,395,25,-0.032
2026-01-01 09:26:30,Parked,Parked,100,0,71.977,0,-0.08,395,25,-0.032
2026-01-01 09:26:40,Parked,Parked,100,0,71.977,0,-0.08,395,25,-0.032
2026-01-01 09:26:50,Parked,Parked,100,0,71.977,0,-0.08,395,25,-0.032
2026-01-01 09:27:00,Parked,Parked,100,0,71.977,0,-0.08,395,25,-0.032
2026-01-01 09:27:10,Parked,Parked,100,0,71.977,0,-0.08,395,25,-0.032
2026-01-01 09:27:20,Parked,Parked,100,0,71.977,0,-0.08,395,25,-0.032
2026-01-01 09:27:30,Parked,Parked,100,0,71.977,0,-0.08,395,25,-0.032
2026-01-01 09:27:40,Parked,Parked,100,0,71.977,0,-0.08,395,25,-0.032
2026-01-01 09:27:50,Parked,Parked,100,0,71.977,0,-0.08,395,25,-0.032
2026-01-01 09:28:00,Parked,Parked,100,0,71.977,0,-0.08,395,25,-0.032
2026-01-01 09:28:10,Parked,Parked,100,0,71.977,0,-0.08,395,25,-0.032
2026-01-01 09:28:20,Parked,Parked,100,0,71.977,0,-0.08,395,25,-0.032
2026-01-01 09:28:30,Parked,Parked,100,0,71.977,0,-0.08,395,25,-0.032
2026-01-01 09:28:40,Parked,Parked,100,0,71.977,0,-0.08,395,25,-0.032
2026-01-01 09:28:50,Parked,Parked,100,0,71.977,0,-0.08,395,25,-0.032
2026-01-01 09:29:00,Parked,Parked,100,0,71.977,0,-0.08,395,25,-0.032
2026-01-01 09:29:10,Parked,Parked,100,0,71.977,0,-0.08,395,25,-0.032
2026-01-01 09:29:20,Parked,Parked,100,0,71.976,0,-0.08,395,25,-0.032
2026-01-01 09:29:30,Parked,Parked,100,0,71.976,0,-0.08,395,25,-0.032
2026-01-01 09:29:40,Parked,Parked,100,0,71.976,0,-0.08,395,25,-0.032
2026-01-01 09:29:50,Parked,Parked,100,0,71.976,0,-0.08,395,25,-0.032
2026-01-01 09:30:00,Parked,Parked,100,0,71.976,0,-0.08,395,25,-0.032
2026-01-01 09:30:10,Parked,Parked,100,0,71.976,0,-0.08,395,25,-0.032
2026-01-01 09:30:20,Parked,Parked,100,0,71.976,0,-0.08,395,25,-0.032
2026-01-01 09:30:30,Parked,Parked,100,0,71.976,0,-0.08,395,25,-0.032
2026-01-01 09:30:40,Parked,Parked,100,0,71.976,0,-0.08,395,25,-0.032
2026-01-01 09:30:50,Parked,Parked,100,0,71.976,0,-0.08,395,25,-0.032
2026-01-01 09:31:00,Parked,Parked,100,0,71.976,0,-0.08,395,25,-0.032
2026-01-01 09:31:10,Parked,Parked,100,0,71.976,0,-0.08,395,25,-0.032
2026-01-01 09:31:20,Parked,Parked,100,0,71.976,0,-0.08,395,25,-0.032
2026-01-01 09:31:30,Parked,Parked,100,0,71.976,0,-0.08,395,25,-0.032
2026-01-01 09:31:40,Parked,Parked,100,0,71.976,0,-0.08,395,25,-0.032
2026-01-01 09:31:50,Parked,Parked,100,0,71.976,0,-0.08,395,25,-0.032
2026-01-01 09:32:00,Parked,Parked,100,0,71.976,0,-0.08,395,25,-0.032
2026-01-01 09:32:10,Parked,Parked,100,0,71.976,0,-0.08,395,25,-0.032
2026-01-01 09:32:20,Parked,Parked,100,0,71.976,0,-0.08,395,25,-0.032
2026-01-01 09:32:30,Parked,Parked,100,0,71.976,0,-0.08,395,25,-0.032
2026-01-01 09:32:40,Parked,Parked,100,0,71.976,0,-0.08,395,25,-0.032
2026-01-01 09:32:50,Parked,Parked,100,0,71.976,0,-0.08,395,25,-0.032
2026-01-01 09:33:00,Parked,Parked,100,0,71.976,0,-0.08,395,25,-0.032
2026-01-01 09:33:10,Parked,Parked,100,0,71.975,0,-0.08,395,25,-0.032
2026-01-01 09:33:20,Parked,Parked,100,0,71.975,0,-0.08,395,25,-0.032
2026-01-01 09:33:30,Parked,Parked,100,0,71.975,0,-0.08,395,25,-0.032
2026-01-01 09:33:40,Parked,Parked,100,0,71.975,0,-0.08,395,25,-0.032
2026-01-01 09:33:50,Parked,Parked,100,0,71.975,0,-0.08,395,25,-0.032
2026-01-01 09:34:00,Parked,Parked,100,0,71.975,0,-0.08,395,25,-0.032
2026-01-01 09:34:10,Parked,Parked,100,0,71.975,0,-0.08,395,25,-0.032
2026-01-01 09:34:20,Parked,Parked,100,0,71.975,0,-0.08,395,25,-0.032
2026-01-01 09:34:30,Parked,Parked,100,0,71.975,0,-0.08,395,25,-0.032
2026-01-01 09:34:40,Parked,Parked,100,0,71.975,0,-0.08,395,25,-0.032
2026-01-01 09:34:50,Parked,Parked,100,0,71.975,0,-0.08,395,25,-0.032
2026-01-01 09:35:00,Parked,Parked,100,0,71.975,0,-0.08,395,25,-0.032
2026-01-01 09:35:10,Parked,Parked,100,0,71.975,0,-0.08,395,25,-0.032
2026-01-01 09:35:20,Parked,Parked,100,0,71.975,0,-0.08,395,25,-0.032
2026-01-01 09:35:30,Parked,Parked,100,0,71.975,0,-0.08,395,25,-0.032
2026-01-01 09:35:40,Parked,Parked,100,0,71.975,0,-0.08,395,25,-0.032
2026-01-01 09:35:50,Parked,Parked,100,0,71.975,0,-0.08,395,25,-0.032
2026-01-01 09:36:00,Parked,Parked,100,0,71.975,0,-0.08,395,25,-0.032
2026-01-01 09:36:10,Parked,Parked,100,0,71.975,0,-0.08,395,25,-0.032
2026-01-01 09:36:20,Parked,Parked,100,0,71.975,0,-0.08,395,25,-0.032
2026-01-01 09:36:30,Parked,Parked,100,0,71.975,0,-0.08,395,25,-0.032
2026-01-01 09:36:40,Parked,Parked,100,0,71.975,0,-0.08,395,25,-0.032
2026-01-01 09:36:50,Parked,Parked,100,0,71.975,0,-0.08,395,25,-0.032
2026-01-01 09:37:00,Parked,Parked,100,0,71.974,0,-0.08,395,25,-0.032
2026-01-01 09:37:10,Parked,Parked,100,0,71.974,0,-0.08,395,25,-0.032
2026-01-01 09:37:20,Parked,Parked,100,0,71.974,0,-0.08,395,25,-0.032
2026-01-01 09:37:30,Parked,Parked,100,0,71.974,0,-0.08,395,25,-0.032
2026-01-01 09:37:40,Parked,Parked,100,0,71.974,0,-0.08,395,25,-0.032
2026-01-01 09:37:50,Parked,Parked,100,0,71.974,0,-0.08,395,25,-0.032
2026-01-01 09:38:00,Parked,Parked,100,0,71.974,0,-0.08,395,25,-0.032
2026-01-01 09:38:10,Parked,Parked,100,0,71.974,0,-0.08,395,25,-0.032
2026-01-01 09:38:20,Parked,Parked,100,0,71.974,0,-0.08,395,25,-0.032
2026-01-01 09:38:30,Parked,Parked,100,0,71.974,0,-0.08,395,25,-0.032
2026-01-01 09:38:40,Parked,Parked,100,0,71.974,0,-0.08,395,25,-0.032
2026-01-01 09:38:50,Parked,Parked,100,0,71.974,0,-0.08,395,25,-0.032
2026-01-01 09:39:00,Parked,Parked,100,0,71.974,0,-0.08,395,25,-0.032
2026-01-01 09:39:10,Parked,Parked,100,0,71.974,0,-0.08,395,25,-0.032
2026-01-01 09:39:20,Parked,Parked,100,0,71.974,0,-0.08,395,25,-0.032
2026-01-01 09:39:30,Parked,Parked,100,0,71.974,0,-0.08,395,25,-0.032
2026-01-01 09:39:40,Parked,Parked,100,0,71.974,0,-0.08,395,25,-0.032
2026-01-01 09:39:50,Parked,Parked,100,0,71.974,0,-0.08,395,25,-0.032
2026-01-01 09:40:00,Parked,Parked,100,0,71.974,0,-0.08,395,25,-0.032
2026-01-01 09:40:10,Parked,Parked,100,0,71.974,0,-0.08,395,25,-0.032
2026-01-01 09:40:20,Parked,Parked,100,0,71.974,0,-0.08,395,25,-0.032
2026-01-01 09:40:30,Parked,Parked,100,0,71.974,0,-0.08,395,25,-0.032
2026-01-01 09:40:40,Parked,Parked,100,0,71.974,0,-0.08,395,25,-0.032
2026-01-01 09:40:50,Parked,Parked,100,0,71.973,0,-0.08,395,25,-0.032
2026-01-01 09:41:00,Parked,Parked,100,0,71.973,0,-0.08,395,25,-0.032
2026-01-01 09:41:10,Parked,Parked,100,0,71.973,0,-0.08,395,25,-0.032
2026-01-01 09:41:20,Parked,Parked,100,0,71.973,0,-0.08,395,25,-0.032
2026-01-01 09:41:30,Parked,Parked,100,0,71.973,0,-0.08,395,25,-0.032
2026-01-01 09:41:40,Parked,Parked,100,0,71.973,0,-0.08,395,25,-0.032
2026-01-01 09:41:50,Parked,Parked,100,0,71.973,0,-0.08,395,25,-0.032
2026-01-01 09:42:00,Parked,Parked,100,0,71.973,0,-0.08,395,25,-0.032
2026-01-01 09:42:10,Parked,Parked,100,0,71.973,0,-0.08,395,25,-0.032
2026-01-01 09:42:20,Parked,Parked,100,0,71.973,0,-0.08,395,25,-0.032
2026-01-01 09:42:30,Parked,Parked,100,0,71.973,0,-0.08,395,25,-0.032
2026-01-01 09:42:40,Parked,Parked,100,0,71.973,0,-0.08,395,25,-0.032
2026-01-01 09:42:50,Parked,Parked,100,0,71.973,0,-0.08,395,25,-0.032
2026-01-01 09:43:00,Parked,Parked,100,0,71.973,0,-0.08,395,25,-0.032
2026-01-01 09:43:10,Parked,Parked,100,0,71.973,0,-0.08,395,25,-0.032
2026-01-01 09:43:20,Parked,Parked,100,0,71.973,0,-0.08,395,25,-0.032
2026-01-01 09:43:30,Parked,Parked,100,0,71.973,0,-0.08,395,25,-0.032
2026-01-01 09:43:40,Parked,Parked,100,0,71.973,0,-0.08,395,25,-0.032
2026-01-01 09:43:50,Parked,Parked,100,0,71.973,0,-0.08,395,25,-0.032
2026-01-01 09:44:00,Parked,Parked,100,0,71.973,0,-0.08,395,25,-0.032
2026-01-01 09:44:10,Parked,Parked,100,0,71.973,0,-0.08,395,25,-0.032
2026-01-01 09:44:20,Parked,Parked,100,0,71.973,0,-0.08,395,25,-0.032
2026-01-01 09:44:30,Parked,Parked,100,0,71.972,0,-0.08,395,25,-0.032
2026-01-01 09:44:40,Parked,Parked,100,0,71.972,0,-0.08,395,25,-0.032
2026-01-01 09:44:50,Parked,Parked,100,0,71.972,0,-0.08,395,25,-0.032
2026-01-01 09:45:00,Parked,Parked,100,0,71.972,0,-0.08,395,25,-0.032
2026-01-01 09:45:10,Parked,Parked,100,0,71.972,0,-0.08,395,25,-0.032
2026-01-01 09:45:20,Parked,Parked,100,0,71.972,0,-0.08,395,25,-0.032
2026-01-01 09:45:30,Parked,Parked,100,0,71.972,0,-0.08,395,25,-0.032
2026-01-01 09:45:40,Parked,Parked,100,0,71.972,0,-0.08,395,25,-0.032
2026-01-01 09:45:50,Parked,Parked,100,0,71.972,0,-0.08,395,25,-0.032
2026-01-01 09:46:00,Parked,Parked,100,0,71.972,0,-0.08,395,25,-0.032
2026-01-01 09:46:10,Parked,Parked,100,0,71.972,0,-0.08,395,25,-0.032
2026-01-01 09:46:20,Parked,Parked,100,0,71.972,0,-0.08,395,25,-0.032
2026-01-01 09:46:30,Parked,Parked,100,0,71.972,0,-0.08,395,25,-0.032
2026-01-01 09:46:40,Parked,Parked,100,0,71.972,0,-0.08,395,25,-0.032
2026-01-01 09:46:50,Parked,Parked,100,0,71.972,0,-0.08,395,25,-0.032
2026-01-01 09:47:00,Parked,Parked,100,0,71.972,0,-0.08,395,25,-0.032
2026-01-01 09:47:10,Parked,Parked,100,0,71.972,0,-0.08,395,25,-0.032
2026-01-01 09:47:20,Parked,Parked,100,0,71.972,0,-0.08,395,25,-0.032
2026-01-01 09:47:30,Parked,Parked,100,0,71.972,0,-0.08,395,25,-0.032
2026-01-01 09:47:40,Parked,Parked,100,0,71.972,0,-0.08,395,25,-0.032
2026-01-01 09:47:50,Parked,Parked,100,0,71.972,0,-0.08,395,25,-0.032
2026-01-01 09:48:00,Parked,Parked,100,0,71.972,0,-0.08,395,25,-0.032
2026-01-01 09:48:10,Parked,Parked,100,0,71.972,0,-0.08,395,25,-0.032
2026-01-01 09:48:20,Parked,Parked,100,0,71.971,0,-0.08,395,25,-0.032
2026-01-01 09:48:30,Parked,Parked,100,0,71.971,0,-0.08,395,25,-0.032
2026-01-01 09:48:40,Parked,Parked,100,0,71.971,0,-0.08,395,25,-0.032
2026-01-01 09:48:50,Parked,Parked,100,0,71.971,0,-0.08,395,25,-0.032
2026-01-01 09:49:00,Parked,Parked,100,0,71.971,0,-0.08,395,25,-0.032
2026-01-01 09:49:10,Parked,Parked,100,0,71.971,0,-0.08,395,25,-0.032
2026-01-01 09:49:20,Parked,Parked,100,0,71.971,0,-0.08,395,25,-0.032
2026-01-01 09:49:30,Parked,Parked,100,0,71.971,0,-0.08,395,25,-0.032
2026-01-01 09:49:40,Parked,Parked,100,0,71.971,0,-0.08,395,25,-0.032
2026-01-01 09:49:50,Parked,Parked,100,0,71.971,0,-0.08,395,25,-0.032
2026-01-01 09:50:00,Parked,Parked,100,0,71.971,0,-0.08,395,25,-0.032
2026-01-01 09:50:10,Parked,Parked,100,0,71.971,0,-0.08,395,25,-0.032
2026-01-01 09:50:20,Parked,Parked,100,0,71.971,0,-0.08,395,25,-0.032
2026-01-01 09:50:30,Parked,Parked,100,0,71.971,0,-0.08,395,25,-0.032
2026-01-01 09:50:40,Parked,Parked,100,0,71.971,0,-0.08,395,25,-0.032
2026-01-01 09:50:50,Parked,Parked,100,0,71.971,0,-0.08,395,25,-0.032
2026-01-01 09:51:00,Parked,Parked,100,0,71.971,0,-0.08,395,25,-0.032
2026-01-01 09:51:10,Parked,Parked,100,0,71.971,0,-0.08,395,25,-0.032
2026-01-01 09:51:20,Parked,Parked,100,0,71.971,0,-0.08,395,25,-0.032
2026-01-01 09:51:30,Parked,Parked,100,0,71.971,0,-0.08,395,25,-0.032
2026-01-01 09:51:40,Parked,Parked,100,0,71.971,0,-0.08,395,25,-0.032
2026-01-01 09:51:50,Parked,Parked,100,0,71.971,0,-0.08,395,25,-0.032
2026-01-01 09:52:00,Parked,Parked,100,0,71.971,0,-0.08,395,25,-0.032
2026-01-01 09:52:10,Parked,Parked,100,0,71.97,0,-0.08,395,25,-0.032
2026-01-01 09:52:20,Parked,Parked,100,0,71.97,0,-0.08,395,25,-0.032
2026-01-01 09:52:30,Parked,Parked,100,0,71.97,0,-0.08,395,25,-0.032
2026-01-01 09:52:40,Parked,Parked,100,0,71.97,0,-0.08,395,25,-0.032
2026-01-01 09:52:50,Parked,Parked,100,0,71.97,0,-0.08,395,25,-0.032
2026-01-01 09:53:00,Parked,Parked,100,0,71.97,0,-0.08,395,25,-0.032
2026-01-01 09:53:10,Parked,Parked,100,0,71.97,0,-0.08,395,25,-0.032
2026-01-01 09:53:20,Parked,Parked,100,0,71.97,0,-0.08,395,25,-0.032
2026-01-01 09:53:30,Parked,Parked,100,0,71.97,0,-0.08,395,25,-0.032
2026-01-01 09:53:40,Parked,Parked,100,0,71.97,0,-0.08,395,25,-0.032
2026-01-01 09:53:50,Parked,Parked,100,0,71.97,0,-0.08,395,25,-0.032
2026-01-01 09:54:00,Parked,Parked,100,0,71.97,0,-0.08,395,25,-0.032
2026-01-01 09:54:10,Parked,Parked,100,0,71.97,0,-0.08,395,25,-0.032
2026-01-01 09:54:20,Parked,Parked,100,0,71.97,0,-0.08,395,25,-0.032
2026-01-01 09:54:30,Parked,Parked,100,0,71.97,0,-0.08,395,25,-0.032
2026-01-01 09:54:40,Parked,Parked,100,0,71.97,0,-0.08,395,25,-0.032
2026-01-01 09:54:50,Parked,Parked,100,0,71.97,0,-0.08,395,25,-0.032
2026-01-01 09:55:00,Parked,Parked,100,0,71.97,0,-0.08,395,25,-0.032
2026-01-01 09:55:10,Parked,Parked,100,0,71.97,0,-0.08,395,25,-0.032
2026-01-01 09:55:20,Parked,Parked,100,0,71.97,0,-0.08,395,25,-0.032
2026-01-01 09:55:30,Parked,Parked,100,0,71.97,0,-0.08,395,25,-0.032
2026-01-01 09:55:40,Parked,Parked,100,0,71.97,0,-0.08,395,25,-0.032
2026-01-01 09:55:50,Parked,Parked,100,0,71.97,0,-0.08,395,25,-0.032
2026-01-01 09:56:00,Parked,Parked,100,0,71.969,0,-0.08,395,25,-0.032
2026-01-01 09:56:10,Parked,Parked,100,0,71.969,0,-0.08,395,25,-0.032
2026-01-01 09:56:20,Parked,Parked,100,0,71.969,0,-0.08,395,25,-0.032
2026-01-01 09:56:30,Parked,Parked,100,0,71.969,0,-0.08,395,25,-0.032
2026-01-01 09:56:40,Parked,Parked,100,0,71.969,0,-0.08,395,25,-0.032
2026-01-01 09:56:50,Parked,Parked,100,0,71.969,0,-0.08,395,25,-0.032
2026-01-01 09:57:00,Parked,Parked,100,0,71.969,0,-0.08,395,25,-0.032
2026-01-01 09:57:10,Parked,Parked,100,0,71.969,0,-0.08,395,25,-0.032
2026-01-01 09:57:20,Parked,Parked,100,0,71.969,0,-0.08,395,25,-0.032
2026-01-01 09:57:30,Parked,Parked,100,0,71.969,0,-0.08,395,25,-0.032
2026-01-01 09:57:40,Parked,Parked,100,0,71.969,0,-0.08,395,25,-0.032
2026-01-01 09:57:50,Parked,Parked,100,0,71.969,0,-0.08,395,25,-0.032
2026-01-01 09:58:00,Parked,Parked,100,0,71.969,0,-0.08,395,25,-0.032
2026-01-01 09:58:10,Parked,Parked,100,0,71.969,0,-0.08,395,25,-0.032
2026-01-01 09:58:20,Parked,Parked,100,0,71.969,0,-0.08,395,25,-0.032
2026-01-01 09:58:30,Parked,Parked,100,0,71.969,0,-0.08,395,25,-0.032
2026-01-01 09:58:40,Parked,Parked,100,0,71.969,0,-0.08,395,25,-0.032
2026-01-01 09:58:50,Parked,Parked,100,0,71.969,0,-0.08,395,25,-0.032
2026-01-01 09:59:00,Parked,Parked,100,0,71.969,0,-0.08,395,25,-0.032
2026-01-01 09:59:10,Parked,Parked,100,0,71.969,0,-0.08,395,25,-0.032
2026-01-01 09:59:20,Parked,Parked,100,0,71.969,0,-0.08,395,25,-0.032
2026-01-01 09:59:30,Parked,Parked,100,0,71.969,0,-0.08,395,25,-0.032
2026-01-01 09:59:40,Parked,Parked,100,0,71.968,0,-0.08,395,25,-0.032
2026-01-01 09:59:50,Parked,Parked,100,0,71.968,0,-0.08,395,25,-0.032
2026-01-01 10:00:00,Parked,Parked,100,0,71.968,0,-0.08,395,25,-0.032
2026-01-01 10:00:10,Parked,Parked,100,0,71.968,0,-0.08,395,25,-0.032
2026-01-01 10:00:20,Parked,Parked,100,0,71.968,0,-0.08,395,25,-0.032
2026-01-01 10:00:30,Parked,Parked,100,0,71.968,0,-0.08,395,25,-0.032
2026-01-01 10:00:40,Parked,Parked,100,0,71.968,0,-0.08,395,25,-0.032
2026-01-01 10:00:50,Parked,Parked,100,0,71.968,0,-0.08,395,25,-0.032
2026-01-01 10:01:00,Parked,Parked,100,0,71.968,0,-0.08,395,25,-0.032
2026-01-01 10:01:10,Parked,Parked,100,0,71.968,0,-0.08,395,25,-0.032
2026-01-01 10:01:20,Parked,Parked,100,0,71.968,0,-0.08,395,25,-0.032
2026-01-01 10:01:30,Parked,Parked,100,0,71.968,0,-0.08,395,25,-0.032
2026-01-01 10:01:40,Parked,Parked,100,0,71.968,0,-0.08,395,25,-0.032
2026-01-01 10:01:50,Parked,Parked,100,0,71.968,0,-0.08,395,25,-0.032
2026-01-01 10:02:00,Parked,Parked,100,0,71.968,0,-0.08,395,25,-0.032
2026-01-01 10:02:10,Parked,Parked,100,0,71.968,0,-0.08,395,25,-0.032
2026-01-01 10:02:20,Parked,Parked,100,0,71.968,0,-0.08,395,25,-0.032
2026-01-01 10:02:30,Parked,Parked,100,0,71.968,0,-0.08,395,25,-0.032
2026-01-01 10:02:40,Parked,Parked,100,0,71.968,0,-0.08,395,25,-0.032
2026-01-01 10:02:50,Parked,Parked,100,0,71.968,0,-0.08,395,25,-0.032
2026-01-01 10:03:00,Parked,Parked,100,0,71.968,0,-0.08,395,25,-0.032
2026-01-01 10:03:10,Parked,Parked,100,0,71.968,0,-0.08,395,25,-0.032
2026-01-01 10:03:20,Parked,Parked,100,0,71.968,0,-0.08,395,25,-0.032
2026-01-01 10:03:30,Parked,Parked,100,0,71.967,0,-0.08,395,25,-0.032
2026-01-01 10:03:40,Parked,Parked,100,0,71.967,0,-0.08,395,25,-0.032
2026-01-01 10:03:50,Parked,Parked,100,0,71.967,0,-0.08,395,25,-0.032
2026-01-01 10:04:00,Parked,Parked,100,0,71.967,0,-0.08,395,25,-0.032
2026-01-01 10:04:10,Parked,Parked,100,0,71.967,0,-0.08,395,25,-0.032
2026-01-01 10:04:20,Parked,Parked,100,0,71.967,0,-0.08,395,25,-0.032
2026-01-01 10:04:30,Parked,Parked,100,0,71.967,0,-0.08,395,25,-0.032
2026-01-01 10:04:40,Parked,Parked,100,0,71.967,0,-0.08,395,25,-0.032
2026-01-01 10:04:50,Parked,Parked,100,0,71.967,0,-0.08,395,25,-0.032
2026-01-01 10:05:00,Parked,Parked,100,0,71.967,0,-0.08,395,25,-0.032
2026-01-01 10:05:10,Parked,Parked,100,0,71.967,0,-0.08,395,25,-0.032
2026-01-01 10:05:20,Parked,Parked,100,0,71.967,0,-0.08,395,25,-0.032
2026-01-01 10:05:30,Parked,Parked,100,0,71.967,0,-0.08,395,25,-0.032
2026-01-01 10:05:40,Parked,Parked,100,0,71.967,0,-0.08,395,25,-0.032
2026-01-01 10:05:50,Parked,Parked,100,0,71.967,0,-0.08,395,25,-0.032
2026-01-01 10:06:00,Parked,Parked,100,0,71.967,0,-0.08,395,25,-0.032
2026-01-01 10:06:10,Parked,Parked,100,0,71.967,0,-0.08,395,25,-0.032
2026-01-01 10:06:20,Parked,Parked,100,0,71.967,0,-0.08,395,25,-0.032
2026-01-01 10:06:30,Parked,Parked,100,0,71.967,0,-0.08,395,25,-0.032
2026-01-01 10:06:40,Parked,Parked,100,0,71.967,0,-0.08,395,25,-0.032
2026-01-01 10:06:50,Parked,Parked,100,0,71.967,0,-0.08,395,25,-0.032
2026-01-01 10:07:00,Parked,Parked,100,0,71.967,0,-0.08,395,25,-0.032
2026-01-01 10:07:10,Parked,Parked,100,0,71.967,0,-0.08,395,25,-0.032
2026-01-01 10:07:20,Parked,Parked,100,0,71.966,0,-0.08,395,25,-0.032
2026-01-01 10:07:30,Parked,Parked,100,0,71.966,0,-0.08,395,25,-0.032
2026-01-01 10:07:40,Parked,Parked,100,0,71.966,0,-0.08,395,25,-0.032
2026-01-01 10:07:50,Parked,Parked,100,0,71.966,0,-0.08,395,25,-0.032
2026-01-01 10:08:00,Parked,Parked,100,0,71.966,0,-0.08,395,25,-0.032
2026-01-01 10:08:10,Parked,Parked,100,0,71.966,0,-0.08,395,25,-0.032
2026-01-01 10:08:20,Parked,Parked,100,0,71.966,0,-0.08,395,25,-0.032
2026-01-01 10:08:30,Parked,Parked,100,0,71.966,0,-0.08,395,25,-0.032
2026-01-01 10:08:40,Parked,Parked,100,0,71.966,0,-0.08,395,25,-0.032
2026-01-01 10:08:50,Parked,Parked,100,0,71.966,0,-0.08,395,25,-0.032
2026-01-01 10:09:00,Parked,Parked,100,0,71.966,0,-0.08,395,25,-0.032
2026-01-01 10:09:10,Parked,Parked,100,0,71.966,0,-0.08,395,25,-0.032
2026-01-01 10:09:20,Parked,Parked,100,0,71.966,0,-0.08,395,25,-0.032
2026-01-01 10:09:30,Parked,Parked,100,0,71.966,0,-0.08,395,25,-0.032
2026-01-01 10:09:40,Parked,Parked,100,0,71.966,0,-0.08,395,25,-0.032
2026-01-01 10:09:50,Parked,Parked,100,0,71.966,0,-0.08,395,25,-0.032
2026-01-01 10:10:00,Parked,Parked,100,0,71.966,0,-0.08,395,25,-0.032
2026-01-01 10:10:10,Parked,Parked,100,0,71.966,0,-0.08,395,25,-0.032
2026-01-01 10:10:20,Parked,Parked,100,0,71.966,0,-0.08,395,25,-0.032
2026-01-01 10:10:30,Parked,Parked,100,0,71.966,0,-0.08,395,25,-0.032
2026-01-01 10:10:40,Parked,Parked,100,0,71.966,0,-0.08,395,25,-0.032
2026-01-01 10:10:50,Parked,Parked,100,0,71.966,0,-0.08,395,25,-0.032
2026-01-01 10:11:00,Parked,Parked,100,0,71.966,0,-0.08,395,25,-0.032
2026-01-01 10:11:10,Parked,Parked,100,0,71.965,0,-0.08,395,25,-0.032
2026-01-01 10:11:20,Parked,Parked,100,0,71.965,0,-0.08,395,25,-0.032
2026-01-01 10:11:30,Parked,Parked,100,0,71.965,0,-0.08,395,25,-0.032
2026-01-01 10:11:40,Parked,Parked,100,0,71.965,0,-0.08,395,25,-0.032
2026-01-01 10:11:50,Parked,Parked,100,0,71.965,0,-0.08,395,25,-0.032
2026-01-01 10:12:00,Parked,Parked,100,0,71.965,0,-0.08,395,25,-0.032
2026-01-01 10:12:10,Parked,Parked,100,0,71.965,0,-0.08,395,25,-0.032
2026-01-01 10:12:20,Parked,Parked,100,0,71.965,0,-0.08,395,25,-0.032
2026-01-01 10:12:30,Parked,Parked,100,0,71.965,0,-0.08,395,25,-0.032
2026-01-01 10:12:40,Parked,Parked,100,0,71.965,0,-0.08,395,25,-0.032
2026-01-01 10:12:50,Parked,Parked,100,0,71.965,0,-0.08,395,25,-0.032
2026-01-01 10:13:00,Parked,Parked,100,0,71.965,0,-0.08,395,25,-0.032
2026-01-01 10:13:10,Parked,Parked,100,0,71.965,0,-0.08,395,25,-0.032
2026-01-01 10:13:20,Parked,Parked,100,0,71.965,0,-0.08,395,25,-0.032
2026-01-01 10:13:30,Parked,Parked,100,0,71.965,0,-0.08,395,25,-0.032
2026-01-01 10:13:40,Parked,Parked,100,0,71.965,0,-0.08,395,25,-0.032
2026-01-01 10:13:50,Parked,Parked,100,0,71.965,0,-0.08,395,25,-0.032
2026-01-01 10:14:00,Parked,Parked,100,0,71.965,0,-0.08,395,25,-0.032
2026-01-01 10:14:10,Parked,Parked,100,0,71.965,0,-0.08,395,25,-0.032
2026-01-01 10:14:20,Parked,Parked,100,0,71.965,0,-0.08,395,25,-0.032
2026-01-01 10:14:30,Parked,Parked,100,0,71.965,0,-0.08,395,25,-0.032
2026-01-01 10:14:40,Parked,Parked,100,0,71.965,0,-0.08,395,25,-0.032
2026-01-01 10:14:50,Parked,Parked,100,0,71.965,0,-0.08,395,25,-0.032
2026-01-01 10:15:00,Parked,Parked,100,0,71.964,0,-0.08,395,25,-0.032
2026-01-01 10:15:10,Parked,Parked,100,0,71.964,0,-0.08,395,25,-0.032
2026-01-01 10:15:20,Parked,Parked,100,0,71.964,0,-0.08,395,25,-0.032
2026-01-01 10:15:30,Parked,Parked,100,0,71.964,0,-0.08,395,25,-0.032
2026-01-01 10:15:40,Parked,Parked,100,0,71.964,0,-0.08,395,25,-0.032
2026-01-01 10:15:50,Parked,Parked,100,0,71.964,0,-0.08,395,25,-0.032
2026-01-01 10:16:00,Parked,Parked,100,0,71.964,0,-0.08,395,25,-0.032
2026-01-01 10:16:10,Parked,Parked,100,0,71.964,0,-0.08,395,25,-0.032
2026-01-01 10:16:20,Parked,Parked,100,0,71.964,0,-0.08,395,25,-0.032
2026-01-01 10:16:30,Parked,Parked,100,0,71.964,0,-0.08,395,25,-0.032
2026-01-01 10:16:40,Parked,Parked,100,0,71.964,0,-0.08,395,25,-0.032
2026-01-01 10:16:50,Parked,Parked,100,0,71.964,0,-0.08,395,25,-0.032
2026-01-01 10:17:00,Parked,Parked,100,0,71.964,0,-0.08,395,25,-0.032
2026-01-01 10:17:10,Parked,Parked,100,0,71.964,0,-0.08,395,25,-0.032
2026-01-01 10:17:20,Parked,Parked,100,0,71.964,0,-0.08,395,25,-0.032
2026-01-01 10:17:30,Parked,Parked,100,0,71.964,0,-0.08,395,25,-0.032
2026-01-01 10:17:40,Parked,Parked,100,0,71.964,0,-0.08,395,25,-0.032
2026-01-01 10:17:50,Parked,Parked,100,0,71.964,0,-0.08,395,25,-0.032
2026-01-01 10:18:00,Parked,Parked,100,0,71.964,0,-0.08,395,25,-0.032
2026-01-01 10:18:10,Parked,Parked,100,0,71.964,0,-0.08,395,25,-0.032
2026-01-01 10:18:20,Parked,Parked,100,0,71.964,0,-0.08,395,25,-0.032
2026-01-01 10:18:30,Parked,Parked,100,0,71.964,0,-0.08,395,25,-0.032
2026-01-01 10:18:40,Parked,Parked,100,0,71.963,0,-0.08,395,25,-0.032
2026-01-01 10:18:50,Parked,Parked,100,0,71.963,0,-0.08,395,25,-0.032
2026-01-01 10:19:00,Parked,Parked,100,0,71.963,0,-0.08,395,25,-0.032
2026-01-01 10:19:10,Parked,Parked,100,0,71.963,0,-0.08,395,25,-0.032
2026-01-01 10:19:20,Parked,Parked,100,0,71.963,0,-0.08,395,25,-0.032
2026-01-01 10:19:30,Parked,Parked,100,0,71.963,0,-0.08,395,25,-0.032
2026-01-01 10:19:40,Parked,Parked,100,0,71.963,0,-0.08,395,25,-0.032
2026-01-01 10:19:50,Parked,Parked,100,0,71.963,0,-0.08,395,25,-0.032
2026-01-01 10:20:00,Parked,Parked,100,0,71.963,0,-0.08,395,25,-0.032
2026-01-01 10:20:10,Parked,Parked,100,0,71.963,0,-0.08,395,25,-0.032
2026-01-01 10:20:20,Parked,Parked,100,0,71.963,0,-0.08,395,25,-0.032
2026-01-01 10:20:30,Parked,Parked,100,0,71.963,0,-0.08,395,25,-0.032
2026-01-01 10:20:40,Parked,Parked,100,0,71.963,0,-0.08,395,25,-0.032
2026-01-01 10:20:50,Parked,Parked,100,0,71.963,0,-0.08,395,25,-0.032
2026-01-01 10:21:00,Parked,Parked,100,0,71.963,0,-0.08,395,25,-0.032
2026-01-01 10:21:10,Parked,Parked,100,0,71.963,0,-0.08,395,25,-0.032
2026-01-01 10:21:20,Parked,Parked,100,0,71.963,0,-0.08,395,25,-0.032
2026-01-01 10:21:30,Parked,Parked,100,0,71.963,0,-0.08,395,25,-0.032
2026-01-01 10:21:40,Parked,Parked,100,0,71.963,0,-0.08,395,25,-0.032
2026-01-01 10:21:50,Parked,Parked,100,0,71.963,0,-0.08,395,25,-0.032
2026-01-01 10:22:00,Parked,Parked,100,0,71.963,0,-0.08,395,25,-0.032
2026-01-01 10:22:10,Parked,Parked,100,0,71.963,0,-0.08,395,25,-0.032
2026-01-01 10:22:20,Parked,Parked,100,0,71.963,0,-0.08,395,25,-0.032
2026-01-01 10:22:30,Parked,Parked,100,0,71.962,0,-0.08,395,25,-0.032
2026-01-01 10:22:40,Parked,Parked,100,0,71.962,0,-0.08,395,25,-0.032
2026-01-01 10:22:50,Parked,Parked,100,0,71.962,0,-0.08,395,25,-0.032
2026-01-01 10:23:00,Parked,Parked,100,0,71.962,0,-0.08,395,25,-0.032
2026-01-01 10:23:10,Parked,Parked,100,0,71.962,0,-0.08,395,25,-0.032
2026-01-01 10:23:20,Parked,Parked,100,0,71.962,0,-0.08,395,25,-0.032
2026-01-01 10:23:30,Parked,Parked,100,0,71.962,0,-0.08,395,25,-0.032
2026-01-01 10:23:40,Parked,Parked,100,0,71.962,0,-0.08,395,25,-0.032
2026-01-01 10:23:50,Parked,Parked,100,0,71.962,0,-0.08,395,25,-0.032
2026-01-01 10:24:00,Parked,Parked,100,0,71.962,0,-0.08,395,25,-0.032
2026-01-01 10:24:10,Parked,Parked,100,0,71.962,0,-0.08,395,25,-0.032
2026-01-01 10:24:20,Parked,Parked,100,0,71.962,0,-0.08,395,25,-0.032
2026-01-01 10:24:30,Parked,Parked,100,0,71.962,0,-0.08,395,25,-0.032
2026-01-01 10:24:40,Parked,Parked,100,0,71.962,0,-0.08,395,25,-0.032
2026-01-01 10:24:50,Parked,Parked,100,0,71.962,0,-0.08,395,25,-0.032
2026-01-01 10:25:00,Parked,Parked,100,0,71.962,0,-0.08,395,25,-0.032
2026-01-01 10:25:10,Parked,Parked,100,0,71.962,0,-0.08,395,25,-0.032
2026-01-01 10:25:20,Parked,Parked,100,0,71.962,0,-0.08,395,25,-0.032
2026-01-01 10:25:30,Parked,Parked,100,0,71.962,0,-0.08,395,25,-0.032
2026-01-01 10:25:40,Parked,Parked,100,0,71.962,0,-0.08,395,25,-0.032
2026-01-01 10:25:50,Parked,Parked,100,0,71.962,0,-0.08,395,25,-0.032
2026-01-01 10:26:00,Parked,Parked,100,0,71.962,0,-0.08,395,25,-0.032
2026-01-01 10:26:10,Parked,Parked,100,0,71.962,0,-0.08,395,25,-0.032
2026-01-01 10:26:20,Parked,Parked,100,0,71.961,0,-0.08,395,25,-0.032
2026-01-01 10:26:30,Parked,Parked,100,0,71.961,0,-0.08,395,25,-0.032
2026-01-01 10:26:40,Parked,Parked,100,0,71.961,0,-0.08,395,25,-0.032
2026-01-01 10:26:50,Parked,Parked,100,0,71.961,0,-0.08,395,25,-0.032
2026-01-01 10:27:00,Parked,Parked,100,0,71.961,0,-0.08,395,25,-0.032
2026-01-01 10:27:10,Parked,Parked,100,0,71.961,0,-0.08,395,25,-0.032
2026-01-01 10:27:20,Parked,Parked,100,0,71.961,0,-0.08,395,25,-0.032
2026-01-01 10:27:30,Parked,Parked,100,0,71.961,0,-0.08,395,25,-0.032
2026-01-01 10:27:40,Parked,Parked,100,0,71.961,0,-0.08,395,25,-0.032
2026-01-01 10:27:50,Parked,Parked,100,0,71.961,0,-0.08,395,25,-0.032
2026-01-01 10:28:00,Parked,Parked,100,0,71.961,0,-0.08,395,25,-0.032
2026-01-01 10:28:10,Parked,Parked,100,0,71.961,0,-0.08,395,25,-0.032
2026-01-01 10:28:20,Parked,Parked,100,0,71.961,0,-0.08,395,25,-0.032
2026-01-01 10:28:30,Parked,Parked,100,0,71.961,0,-0.08,395,25,-0.032
2026-01-01 10:28:40,Parked,Parked,100,0,71.961,0,-0.08,395,25,-0.032
2026-01-01 10:28:50,Parked,Parked,100,0,71.961,0,-0.08,395,25,-0.032
2026-01-01 10:29:00,Parked,Parked,100,0,71.961,0,-0.08,395,25,-0.032
2026-01-01 10:29:10,Parked,Parked,100,0,71.961,0,-0.08,395,25,-0.032
2026-01-01 10:29:20,Parked,Parked,100,0,71.961,0,-0.08,395,25,-0.032
2026-01-01 10:29:30,Parked,Parked,100,0,71.961,0,-0.08,395,25,-0.032
2026-01-01 10:29:40,Parked,Parked,100,0,71.961,0,-0.08,395,25,-0.032
2026-01-01 10:29:50,Parked,Parked,100,0,71.961,0,-0.08,395,25,-0.032
2026-01-01 10:30:00,Parked,Parked,100,0,71.961,0,-0.08,395,25,-0.032
2026-01-01 10:30:10,Parked,Parked,100,0,71.96,0,-0.08,395,25,-0.032
2026-01-01 10:30:20,Parked,Parked,100,0,71.96,0,-0.08,395,25,-0.032
2026-01-01 10:30:30,Parked,Parked,100,0,71.96,0,-0.08,395,25,-0.032
2026-01-01 10:30:40,Parked,Parked,100,0,71.96,0,-0.08,395,25,-0.032
2026-01-01 10:30:50,Parked,Parked,100,0,71.96,0,-0.08,395,25,-0.032
2026-01-01 10:31:00,Parked,Parked,100,0,71.96,0,-0.08,395,25,-0.032
2026-01-01 10:31:10,Parked,Parked,100,0,71.96,0,-0.08,395,25,-0.032
2026-01-01 10:31:20,Parked,Parked,100,0,71.96,0,-0.08,395,25,-0.032
2026-01-01 10:31:30,Parked,Parked,100,0,71.96,0,-0.08,395,25,-0.032
2026-01-01 10:31:40,Parked,Parked,100,0,71.96,0,-0.08,395,25,-0.032
2026-01-01 10:31:50,Parked,Parked,100,0,71.96,0,-0.08,395,25,-0.032
2026-01-01 10:32:00,Parked,Parked,100,0,71.96,0,-0.08,395,25,-0.032
2026-01-01 10:32:10,Parked,Parked,100,0,71.96,0,-0.08,395,25,-0.032
2026-01-01 10:32:20,Parked,Parked,100,0,71.96,0,-0.08,395,25,-0.032
2026-01-01 10:32:30,Parked,Parked,100,0,71.96,0,-0.08,395,25,-0.032
2026-01-01 10:32:40,Parked,Parked,100,0,71.96,0,-0.08,395,25,-0.032
2026-01-01 10:32:50,Parked,Parked,100,0,71.96,0,-0.08,395,25,-0.032
2026-01-01 10:33:00,Parked,Parked,100,0,71.96,0,-0.08,395,25,-0.032
2026-01-01 10:33:10,Parked,Parked,100,0,71.96,0,-0.08,395,25,-0.032
2026-01-01 10:33:20,Parked,Parked,100,0,71.96,0,-0.08,395,25,-0.032
2026-01-01 10:33:30,Parked,Parked,100,0,71.96,0,-0.08,395,25,-0.032
2026-01-01 10:33:40,Parked,Parked,100,0,71.96,0,-0.08,395,25,-0.032
2026-01-01 10:33:50,Parked,Parked,100,0,71.96,0,-0.08,395,25,-0.032
2026-01-01 10:34:00,Parked,Parked,100,0,71.959,0,-0.08,395,25,-0.032
2026-01-01 10:34:10,Parked,Parked,100,0,71.959,0,-0.08,395,25,-0.032
2026-01-01 10:34:20,Parked,Parked,100,0,71.959,0,-0.08,395,25,-0.032
2026-01-01 10:34:30,Parked,Parked,100,0,71.959,0,-0.08,395,25,-0.032
2026-01-01 10:34:40,Parked,Parked,100,0,71.959,0,-0.08,395,25,-0.032
2026-01-01 10:34:50,Parked,Parked,100,0,71.959,0,-0.08,395,25,-0.032
2026-01-01 10:35:00,Parked,Parked,100,0,71.959,0,-0.08,395,25,-0.032
2026-01-01 10:35:10,Parked,Parked,100,0,71.959,0,-0.08,395,25,-0.032
2026-01-01 10:35:20,Parked,Parked,100,0,71.959,0,-0.08,395,25,-0.032
2026-01-01 10:35:30,Parked,Parked,100,0,71.959,0,-0.08,395,25,-0.032
2026-01-01 10:35:40,Parked,Parked,100,0,71.959,0,-0.08,395,25,-0.032
2026-01-01 10:35:50,Parked,Parked,100,0,71.959,0,-0.08,395,25,-0.032
2026-01-01 10:36:00,Parked,Parked,100,0,71.959,0,-0.08,395,25,-0.032
2026-01-01 10:36:10,Parked,Parked,100,0,71.959,0,-0.08,395,25,-0.032
2026-01-01 10:36:20,Parked,Parked,100,0,71.959,0,-0.08,395,25,-0.032
2026-01-01 10:36:30,Parked,Parked,100,0,71.959,0,-0.08,395,25,-0.032
2026-01-01 10:36:40,Parked,Parked,100,0,71.959,0,-0.08,395,25,-0.032
2026-01-01 10:36:50,Parked,Parked,100,0,71.959,0,-0.08,395,25,-0.032
2026-01-01 10:37:00,Parked,Parked,100,0,71.959,0,-0.08,395,25,-0.032
2026-01-01 10:37:10,Parked,Parked,100,0,71.959,0,-0.08,395,25,-0.032
2026-01-01 10:37:20,Parked,Parked,100,0,71.959,0,-0.08,395,25,-0.032
2026-01-01 10:37:30,Parked,Parked,100,0,71.959,0,-0.08,395,25,-0.032
2026-01-01 10:37:40,Parked,Parked,100,0,71.958,0,-0.08,395,25,-0.032
2026-01-01 10:37:50,Parked,Parked,100,0,71.958,0,-0.08,395,25,-0.032
2026-01-01 10:38:00,Parked,Parked,100,0,71.958,0,-0.08,395,25,-0.032
2026-01-01 10:38:10,Parked,Parked,100,0,71.958,0,-0.08,395,25,-0.032
2026-01-01 10:38:20,Parked,Parked,100,0,71.958,0,-0.08,395,25,-0.032
2026-01-01 10:38:30,Parked,Parked,100,0,71.958,0,-0.08,395,25,-0.032
2026-01-01 10:38:40,Parked,Parked,100,0,71.958,0,-0.08,395,25,-0.032
2026-01-01 10:38:50,Parked,Parked,100,0,71.958,0,-0.08,395,25,-0.032
2026-01-01 10:39:00,Parked,Parked,100,0,71.958,0,-0.08,395,25,-0.032
2026-01-01 10:39:10,Parked,Parked,100,0,71.958,0,-0.08,395,25,-0.032
2026-01-01 10:39:20,Parked,Parked,100,0,71.958,0,-0.08,395,25,-0.032
2026-01-01 10:39:30,Parked,Parked,100,0,71.958,0,-0.08,395,25,-0.032
2026-01-01 10:39:40,Parked,Parked,100,0,71.958,0,-0.08,395,25,-0.032
2026-01-01 10:39:50,Parked,Parked,100,0,71.958,0,-0.08,395,25,-0.032
2026-01-01 10:40:00,Parked,Parked,100,0,71.958,0,-0.08,395,25,-0.032
2026-01-01 10:40:10,Parked,Parked,100,0,71.958,0,-0.08,395,25,-0.032
2026-01-01 10:40:20,Parked,Parked,100,0,71.958,0,-0.08,395,25,-0.032
2026-01-01 10:40:30,Parked,Parked,100,0,71.958,0,-0.08,395,25,-0.032
2026-01-01 10:40:40,Parked,Parked,100,0,71.958,0,-0.08,395,25,-0.032
2026-01-01 10:40:50,Parked,Parked,100,0,71.958,0,-0.08,395,25,-0.032
2026-01-01 10:41:00,Parked,Parked,100,0,71.958,0,-0.08,395,25,-0.032
2026-01-01 10:41:10,Parked,Parked,100,0,71.958,0,-0.08,395,25,-0.032
2026-01-01 10:41:20,Parked,Parked,100,0,71.958,0,-0.08,395,25,-0.032
2026-01-01 10:41:30,Parked,Parked,100,0,71.957,0,-0.08,395,25,-0.032
2026-01-01 10:41:40,Parked,Parked,100,0,71.957,0,-0.08,395,25,-0.032
2026-01-01 10:41:50,Parked,Parked,100,0,71.957,0,-0.08,395,25,-0.032
2026-01-01 10:42:00,Parked,Parked,100,0,71.957,0,-0.08,395,25,-0.032
2026-01-01 10:42:10,Parked,Parked,100,0,71.957,0,-0.08,395,25,-0.032
2026-01-01 10:42:20,Parked,Parked,100,0,71.957,0,-0.08,395,25,-0.032
2026-01-01 10:42:30,Parked,Parked,100,0,71.957,0,-0.08,395,25,-0.032
2026-01-01 10:42:40,Parked,Parked,100,0,71.957,0,-0.08,395,25,-0.032
2026-01-01 10:42:50,Parked,Parked,100,0,71.957,0,-0.08,395,25,-0.032
2026-01-01 10:43:00,Parked,Parked,100,0,71.957,0,-0.08,395,25,-0.032
2026-01-01 10:43:10,Parked,Parked,100,0,71.957,0,-0.08,395,25,-0.032
2026-01-01 10:43:20,Parked,Parked,100,0,71.957,0,-0.08,395,25,-0.032
2026-01-01 10:43:30,Parked,Parked,100,0,71.957,0,-0.08,395,25,-0.032
2026-01-01 10:43:40,Parked,Parked,100,0,71.957,0,-0.08,395,25,-0.032
2026-01-01 10:43:50,Parked,Parked,100,0,71.957,0,-0.08,395,25,-0.032
2026-01-01 10:44:00,Parked,Parked,100,0,71.957,0,-0.08,395,25,-0.032
2026-01-01 10:44:10,Parked,Parked,100,0,71.957,0,-0.08,395,25,-0.032
2026-01-01 10:44:20,Parked,Parked,100,0,71.957,0,-0.08,395,25,-0.032
2026-01-01 10:44:30,Parked,Parked,100,0,71.957,0,-0.08,395,25,-0.032
2026-01-01 10:44:40,Parked,Parked,100,0,71.957,0,-0.08,395,25,-0.032
2026-01-01 10:44:50,Parked,Parked,100,0,71.957,0,-0.08,395,25,-0.032
2026-01-01 10:45:00,Parked,Parked,100,0,71.957,0,-0.08,395,25,-0.032
2026-01-01 10:45:10,Parked,Parked,100,0,71.957,0,-0.08,395,25,-0.032
2026-01-01 10:45:20,Parked,Parked,100,0,71.956,0,-0.08,395,25,-0.032
2026-01-01 10:45:30,Parked,Parked,100,0,71.956,0,-0.08,395,25,-0.032
2026-01-01 10:45:40,Parked,Parked,100,0,71.956,0,-0.08,395,25,-0.032
2026-01-01 10:45:50,Parked,Parked,100,0,71.956,0,-0.08,395,25,-0.032
2026-01-01 10:46:00,Parked,Parked,100,0,71.956,0,-0.08,395,25,-0.032
2026-01-01 10:46:10,Parked,Parked,100,0,71.956,0,-0.08,395,25,-0.032
2026-01-01 10:46:20,Parked,Parked,100,0,71.956,0,-0.08,395,25,-0.032
2026-01-01 10:46:30,Parked,Parked,100,0,71.956,0,-0.08,395,25,-0.032
2026-01-01 10:46:40,Parked,Parked,100,0,71.956,0,-0.08,395,25,-0.032
2026-01-01 10:46:50,Parked,Parked,100,0,71.956,0,-0.08,395,25,-0.032
2026-01-01 10:47:00,Parked,Parked,100,0,71.956,0,-0.08,395,25,-0.032
2026-01-01 10:47:10,Parked,Parked,100,0,71.956,0,-0.08,395,25,-0.032
2026-01-01 10:47:20,Parked,Parked,100,0,71.956,0,-0.08,395,25,-0.032
2026-01-01 10:47:30,Parked,Parked,100,0,71.956,0,-0.08,395,25,-0.032
2026-01-01 10:47:40,Parked,Parked,100,0,71.956,0,-0.08,395,25,-0.032
2026-01-01 10:47:50,Parked,Parked,100,0,71.956,0,-0.08,395,25,-0.032
2026-01-01 10:48:00,Parked,Parked,100,0,71.956,0,-0.08,395,25,-0.032
2026-01-01 10:48:10,Parked,Parked,100,0,71.956,0,-0.08,395,25,-0.032
2026-01-01 10:48:20,Parked,Parked,100,0,71.956,0,-0.08,395,25,-0.032
2026-01-01 10:48:30,Parked,Parked,100,0,71.956,0,-0.08,395,25,-0.032
2026-01-01 10:48:40,Parked,Parked,100,0,71.956,0,-0.08,395,25,-0.032
2026-01-01 10:48:50,Parked,Parked,100,0,71.956,0,-0.08,395,25,-0.032
2026-01-01 10:49:00,Parked,Parked,100,0,71.956,0,-0.08,395,25,-0.032
2026-01-01 10:49:10,Parked,Parked,100,0,71.955,0,-0.08,395,25,-0.032
2026-01-01 10:49:20,Parked,Parked,100,0,71.955,0,-0.08,395,25,-0.032
2026-01-01 10:49:30,Parked,Parked,100,0,71.955,0,-0.08,395,25,-0.032
2026-01-01 10:49:40,Parked,Parked,100,0,71.955,0,-0.08,395,25,-0.032
2026-01-01 10:49:50,Parked,Parked,100,0,71.955,0,-0.08,395,25,-0.032
2026-01-01 10:50:00,Parked,Parked,100,0,71.955,0,-0.08,395,25,-0.032
2026-01-01 10:50:10,Parked,Parked,100,0,71.955,0,-0.08,395,25,-0.032
2026-01-01 10:50:20,Parked,Parked,100,0,71.955,0,-0.08,395,25,-0.032
2026-01-01 10:50:30,Parked,Parked,100,0,71.955,0,-0.08,395,25,-0.032
2026-01-01 10:50:40,Parked,Parked,100,0,71.955,0,-0.08,395,25,-0.032
2026-01-01 10:50:50,Parked,Parked,100,0,71.955,0,-0.08,395,25,-0.032
2026-01-01 10:51:00,Parked,Parked,100,0,71.955,0,-0.08,395,25,-0.032
2026-01-01 10:51:10,Parked,Parked,100,0,71.955,0,-0.08,395,25,-0.032
2026-01-01 10:51:20,Parked,Parked,100,0,71.955,0,-0.08,395,25,-0.032
2026-01-01 10:51:30,Parked,Parked,100,0,71.955,0,-0.08,395,25,-0.032
2026-01-01 10:51:40,Parked,Parked,100,0,71.955,0,-0.08,395,25,-0.032
2026-01-01 10:51:50,Parked,Parked,100,0,71.955,0,-0.08,395,25,-0.032
2026-01-01 10:52:00,Parked,Parked,100,0,71.955,0,-0.08,395,25,-0.032
2026-01-01 10:52:10,Parked,Parked,100,0,71.955,0,-0.08,395,25,-0.032
2026-01-01 10:52:20,Parked,Parked,100,0,71.955,0,-0.08,395,25,-0.032
2026-01-01 10:52:30,Parked,Parked,100,0,71.955,0,-0.08,395,25,-0.032
2026-01-01 10:52:40,Parked,Parked,100,0,71.955,0,-0.08,395,25,-0.032
2026-01-01 10:52:50,Parked,Parked,100,0,71.955,0,-0.08,395,25,-0.032
2026-01-01 10:53:00,Parked,Parked,100,0,71.954,0,-0.08,395,25,-0.032
2026-01-01 10:53:10,Parked,Parked,100,0,71.954,0,-0.08,395,25,-0.032
2026-01-01 10:53:20,Parked,Parked,100,0,71.954,0,-0.08,395,25,-0.032
2026-01-01 10:53:30,Parked,Parked,100,0,71.954,0,-0.08,395,25,-0.032
2026-01-01 10:53:40,Parked,Parked,100,0,71.954,0,-0.08,395,25,-0.032
2026-01-01 10:53:50,Parked,Parked,100,0,71.954,0,-0.08,395,25,-0.032
2026-01-01 10:54:00,Parked,Parked,100,0,71.954,0,-0.08,395,25,-0.032
2026-01-01 10:54:10,Parked,Parked,100,0,71.954,0,-0.08,395,25,-0.032
2026-01-01 10:54:20,Parked,Parked,100,0,71.954,0,-0.08,395,25,-0.032
2026-01-01 10:54:30,Parked,Parked,100,0,71.954,0,-0.08,395,25,-0.032
2026-01-01 10:54:40,Parked,Parked,100,0,71.954,0,-0.08,395,25,-0.032
2026-01-01 10:54:50,Parked,Parked,100,0,71.954,0,-0.08,395,25,-0.032
2026-01-01 10:55:00,Parked,Parked,100,0,71.954,0,-0.08,395,25,-0.032
2026-01-01 10:55:10,Parked,Parked,100,0,71.954,0,-0.08,395,25,-0.032
2026-01-01 10:55:20,Parked,Parked,100,0,71.954,0,-0.08,395,25,-0.032
2026-01-01 10:55:30,Parked,Parked,100,0,71.954,0,-0.08,395,25,-0.032
2026-01-01 10:55:40,Parked,Parked,100,0,71.954,0,-0.08,395,25,-0.032
2026-01-01 10:55:50,Parked,Parked,100,0,71.954,0,-0.08,395,25,-0.032
2026-01-01 10:56:00,Parked,Parked,100,0,71.954,0,-0.08,395,25,-0.032
2026-01-01 10:56:10,Parked,Parked,100,0,71.954,0,-0.08,395,25,-0.032
2026-01-01 10:56:20,Parked,Parked,100,0,71.954,0,-0.08,395,25,-0.032
2026-01-01 10:56:30,Parked,Parked,100,0,71.954,0,-0.08,395,25,-0.032
2026-01-01 10:56:40,Parked,Parked,100,0,71.953,0,-0.08,395,25,-0.032
2026-01-01 10:56:50,Parked,Parked,100,0,71.953,0,-0.08,395,25,-0.032
2026-01-01 10:57:00,Parked,Parked,100,0,71.953,0,-0.08,395,25,-0.032
2026-01-01 10:57:10,Parked,Parked,100,0,71.953,0,-0.08,395,25,-0.032
2026-01-01 10:57:20,Parked,Parked,100,0,71.953,0,-0.08,395,25,-0.032
2026-01-01 10:57:30,Parked,Parked,100,0,71.953,0,-0.08,395,25,-0.032
2026-01-01 10:57:40,Parked,Parked,100,0,71.953,0,-0.08,395,25,-0.032
2026-01-01 10:57:50,Parked,Parked,100,0,71.953,0,-0.08,395,25,-0.032
2026-01-01 10:58:00,Parked,Parked,100,0,71.953,0,-0.08,395,25,-0.032
2026-01-01 10:58:10,Parked,Parked,100,0,71.953,0,-0.08,395,25,-0.032
2026-01-01 10:58:20,Parked,Parked,100,0,71.953,0,-0.08,395,25,-0.032
2026-01-01 10:58:30,Parked,Parked,100,0,71.953,0,-0.08,395,25,-0.032
2026-01-01 10:58:40,Parked,Parked,100,0,71.953,0,-0.08,395,25,-0.032
2026-01-01 10:58:50,Parked,Parked,100,0,71.953,0,-0.08,395,25,-0.032
2026-01-01 10:59:00,Parked,Parked,100,0,71.953,0,-0.08,395,25,-0.032
2026-01-01 10:59:10,Parked,Parked,100,0,71.953,0,-0.08,395,25,-0.032
2026-01-01 10:59:20,Parked,Parked,100,0,71.953,0,-0.08,395,25,-0.032
2026-01-01 10:59:30,Parked,Parked,100,0,71.953,0,-0.08,395,25,-0.032
2026-01-01 10:59:40,Parked,Parked,100,0,71.953,0,-0.08,395,25,-0.032
2026-01-01 10:59:50,Parked,Parked,100,0,71.953,0,-0.08,395,25,-0.032
2026-01-01 11:00:00,Parked,Parked,100,0,71.953,0,-0.08,395,25,-0.032
2026-01-01 11:00:10,Parked,Parked,100,0,71.953,0,-0.08,395,25,-0.032
2026-01-01 11:00:20,Parked,Parked,100,0,71.953,0,-0.08,395,25,-0.032
2026-01-01 11:00:30,Parked,Parked,100,0,71.952,0,-0.08,395,25,-0.032
2026-01-01 11:00:40,Parked,Parked,100,0,71.952,0,-0.08,395,25,-0.032
2026-01-01 11:00:50,Parked,Parked,100,0,71.952,0,-0.08,395,25,-0.032
2026-01-01 11:01:00,Parked,Parked,100,0,71.952,0,-0.08,395,25,-0.032
2026-01-01 11:01:10,Parked,Parked,100,0,71.952,0,-0.08,395,25,-0.032
2026-01-01 11:01:20,Parked,Parked,100,0,71.952,0,-0.08,395,25,-0.032
2026-01-01 11:01:30,Parked,Parked,100,0,71.952,0,-0.08,395,25,-0.032
2026-01-01 11:01:40,Parked,Parked,100,0,71.952,0,-0.08,395,25,-0.032
2026-01-01 11:01:50,Parked,Parked,100,0,71.952,0,-0.08,395,25,-0.032
2026-01-01 11:02:00,Parked,Parked,100,0,71.952,0,-0.08,395,25,-0.032
2026-01-01 11:02:10,Parked,Parked,100,0,71.952,0,-0.08,395,25,-0.032
2026-01-01 11:02:20,Parked,Parked,100,0,71.952,0,-0.08,395,25,-0.032
2026-01-01 11:02:30,Parked,Parked,100,0,71.952,0,-0.08,395,25,-0.032
2026-01-01 11:02:40,Parked,Parked,100,0,71.952,0,-0.08,395,25,-0.032
2026-01-01 11:02:50,Parked,Parked,100,0,71.952,0,-0.08,395,25,-0.032
2026-01-01 11:03:00,Parked,Parked,100,0,71.952,0,-0.08,395,25,-0.032
2026-01-01 11:03:10,Parked,Parked,100,0,71.952,0,-0.08,395,25,-0.032
2026-01-01 11:03:20,Parked,Parked,100,0,71.952,0,-0.08,395,25,-0.032
2026-01-01 11:03:30,Parked,Parked,100,0,71.952,0,-0.08,395,25,-0.032
2026-01-01 11:03:40,Parked,Parked,100,0,71.952,0,-0.08,395,25,-0.032
2026-01-01 11:03:50,Parked,Parked,100,0,71.952,0,-0.08,395,25,-0.032
2026-01-01 11:04:00,Parked,Parked,100,0,71.952,0,-0.08,395,25,-0.032
2026-01-01 11:04:10,Parked,Parked,100,0,71.952,0,-0.08,395,25,-0.032
2026-01-01 11:04:20,Parked,Parked,100,0,71.951,0,-0.08,395,25,-0.032
2026-01-01 11:04:30,Parked,Parked,100,0,71.951,0,-0.08,395,25,-0.032
2026-01-01 11:04:40,Parked,Parked,100,0,71.951,0,-0.08,395,25,-0.032
2026-01-01 11:04:50,Parked,Parked,100,0,71.951,0,-0.08,395,25,-0.032
2026-01-01 11:05:00,Parked,Parked,100,0,71.951,0,-0.08,395,25,-0.032
2026-01-01 11:05:10,Parked,Parked,100,0,71.951,0,-0.08,395,25,-0.032
2026-01-01 11:05:20,Parked,Parked,100,0,71.951,0,-0.08,395,25,-0.032
2026-01-01 11:05:30,Parked,Parked,100,0,71.951,0,-0.08,395,25,-0.032
2026-01-01 11:05:40,Parked,Parked,100,0,71.951,0,-0.08,395,25,-0.032
2026-01-01 11:05:50,Parked,Parked,100,0,71.951,0,-0.08,395,25,-0.032
2026-01-01 11:06:00,Parked,Parked,100,0,71.951,0,-0.08,395,25,-0.032
2026-01-01 11:06:10,Parked,Parked,100,0,71.951,0,-0.08,395,25,-0.032
2026-01-01 11:06:20,Parked,Parked,100,0,71.951,0,-0.08,395,25,-0.032
2026-01-01 11:06:30,Parked,Parked,100,0,71.951,0,-0.08,395,25,-0.032
2026-01-01 11:06:40,Parked,Parked,100,0,71.951,0,-0.08,395,25,-0.032
2026-01-01 11:06:50,Parked,Parked,100,0,71.951,0,-0.08,395,25,-0.032
2026-01-01 11:07:00,Parked,Parked,100,0,71.951,0,-0.08,395,25,-0.032
2026-01-01 11:07:10,Parked,Parked,100,0,71.951,0,-0.08,395,25,-0.032
2026-01-01 11:07:20,Parked,Parked,100,0,71.951,0,-0.08,395,25,-0.032
2026-01-01 11:07:30,Parked,Parked,100,0,71.951,0,-0.08,395,25,-0.032
2026-01-01 11:07:40,Parked,Parked,100,0,71.951,0,-0.08,395,25,-0.032
2026-01-01 11:07:50,Parked,Parked,100,0,71.951,0,-0.08,395,25,-0.032
2026-01-01 11:08:00,Parked,Parked,100,0,71.951,0,-0.08,395,25,-0.032
2026-01-01 11:08:10,Parked,Parked,100,0,71.95,0,-0.08,395,25,-0.032
2026-01-01 11:08:20,Parked,Parked,100,0,71.95,0,-0.08,395,25,-0.032
2026-01-01 11:08:30,Parked,Parked,100,0,71.95,0,-0.08,395,25,-0.032
2026-01-01 11:08:40,Parked,Parked,100,0,71.95,0,-0.08,395,25,-0.032
2026-01-01 11:08:50,Parked,Parked,100,0,71.95,0,-0.08,395,25,-0.032
2026-01-01 11:09:00,Parked,Parked,100,0,71.95,0,-0.08,395,25,-0.032
2026-01-01 11:09:10,Parked,Parked,100,0,71.95,0,-0.08,395,25,-0.032
2026-01-01 11:09:20,Parked,Parked,100,0,71.95,0,-0.08,395,25,-0.032
2026-01-01 11:09:30,Parked,Parked,100,0,71.95,0,-0.08,395,25,-0.032
2026-01-01 11:09:40,Parked,Parked,100,0,71.95,0,-0.08,395,25,-0.032
2026-01-01 11:09:50,Parked,Parked,100,0,71.95,0,-0.08,395,25,-0.032
2026-01-01 11:10:00,Parked,Parked,100,0,71.95,0,-0.08,395,25,-0.032
2026-01-01 11:10:10,Parked,Parked,100,0,71.95,0,-0.08,395,25,-0.032
2026-01-01 11:10:20,Parked,Parked,100,0,71.95,0,-0.08,395,25,-0.032
2026-01-01 11:10:30,Parked,Parked,100,0,71.95,0,-0.08,395,25,-0.032
2026-01-01 11:10:40,Parked,Parked,100,0,71.95,0,-0.08,395,25,-0.032
2026-01-01 11:10:50,Parked,Parked,100,0,71.95,0,-0.08,395,25,-0.032
2026-01-01 11:11:00,Parked,Parked,100,0,71.95,0,-0.08,395,25,-0.032
2026-01-01 11:11:10,Parked,Parked,100,0,71.95,0,-0.08,395,25,-0.032
2026-01-01 11:11:20,Parked,Parked,100,0,71.95,0,-0.08,395,25,-0.032
2026-01-01 11:11:30,Parked,Parked,100,0,71.95,0,-0.08,395,25,-0.032
2026-01-01 11:11:40,Parked,Parked,100,0,71.95,0,-0.08,395,25,-0.032
2026-01-01 11:11:50,Parked,Parked,100,0,71.95,0,-0.08,395,25,-0.032
2026-01-01 11:12:00,Parked,Parked,100,0,71.949,0,-0.08,395,25,-0.032
2026-01-01 11:12:10,Parked,Parked,100,0,71.949,0,-0.08,395,25,-0.032
2026-01-01 11:12:20,Parked,Parked,100,0,71.949,0,-0.08,395,25,-0.032
2026-01-01 11:12:30,Parked,Parked,100,0,71.949,0,-0.08,395,25,-0.032
2026-01-01 11:12:40,Parked,Parked,100,0,71.949,0,-0.08,395,25,-0.032
2026-01-01 11:12:50,Parked,Parked,100,0,71.949,0,-0.08,395,25,-0.032
2026-01-01 11:13:00,Parked,Parked,100,0,71.949,0,-0.08,395,25,-0.032
2026-01-01 11:13:10,Parked,Parked,100,0,71.949,0,-0.08,395,25,-0.032
2026-01-01 11:13:20,Parked,Parked,100,0,71.949,0,-0.08,395,25,-0.032
2026-01-01 11:13:30,Parked,Parked,100,0,71.949,0,-0.08,395,25,-0.032
2026-01-01 11:13:40,Parked,Parked,100,0,71.949,0,-0.08,395,25,-0.032
2026-01-01 11:13:50,Parked,Parked,100,0,71.949,0,-0.08,395,25,-0.032
2026-01-01 11:14:00,Parked,Parked,100,0,71.949,0,-0.08,395,25,-0.032
2026-01-01 11:14:10,Parked,Parked,100,0,71.949,0,-0.08,395,25,-0.032
2026-01-01 11:14:20,Parked,Parked,100,0,71.949,0,-0.08,395,25,-0.032
2026-01-01 11:14:30,Parked,Parked,100,0,71.949,0,-0.08,395,25,-0.032
2026-01-01 11:14:40,Parked,Parked,100,0,71.949,0,-0.08,395,25,-0.032
2026-01-01 11:14:50,Parked,Parked,100,0,71.949,0,-0.08,395,25,-0.032
2026-01-01 11:15:00,Parked,Parked,100,0,71.949,0,-0.08,395,25,-0.032
2026-01-01 11:15:10,Parked,Parked,100,0,71.949,0,-0.08,395,25,-0.032
2026-01-01 11:15:20,Parked,Parked,100,0,71.949,0,-0.08,395,25,-0.032
2026-01-01 11:15:30,Parked,Parked,100,0,71.949,0,-0.08,395,25,-0.032
2026-01-01 11:15:40,Parked,Parked,100,0,71.948,0,-0.08,395,25,-0.032
2026-01-01 11:15:50,Parked,Parked,100,0,71.948,0,-0.08,395,25,-0.032
2026-01-01 11:16:00,Parked,Parked,100,0,71.948,0,-0.08,395,25,-0.032
2026-01-01 11:16:10,Parked,Parked,100,0,71.948,0,-0.08,395,25,-0.032
2026-01-01 11:16:20,Parked,Parked,100,0,71.948,0,-0.08,395,25,-0.032
2026-01-01 11:16:30,Parked,Parked,100,0,71.948,0,-0.08,395,25,-0.032
2026-01-01 11:16:40,Parked,Parked,100,0,71.948,0,-0.08,395,25,-0.032
2026-01-01 11:16:50,Parked,Parked,100,0,71.948,0,-0.08,395,25,-0.032
2026-01-01 11:17:00,Parked,Parked,100,0,71.948,0,-0.08,395,25,-0.032
2026-01-01 11:17:10,Parked,Parked,100,0,71.948,0,-0.08,395,25,-0.032
2026-01-01 11:17:20,Parked,Parked,100,0,71.948,0,-0.08,395,25,-0.032
2026-01-01 11:17:30,Parked,Parked,100,0,71.948,0,-0.08,395,25,-0.032
2026-01-01 11:17:40,Parked,Parked,100,0,71.948,0,-0.08,395,25,-0.032
2026-01-01 11:17:50,Parked,Parked,100,0,71.948,0,-0.08,395,25,-0.032
2026-01-01 11:18:00,Parked,Parked,100,0,71.948,0,-0.08,395,25,-0.032
2026-01-01 11:18:10,Parked,Parked,100,0,71.948,0,-0.08,395,25,-0.032
2026-01-01 11:18:20,Parked,Parked,100,0,71.948,0,-0.08,395,25,-0.032
2026-01-01 11:18:30,Parked,Parked,100,0,71.948,0,-0.08,395,25,-0.032
2026-01-01 11:18:40,Parked,Parked,100,0,71.948,0,-0.08,395,25,-0.032
2026-01-01 11:18:50,Parked,Parked,100,0,71.948,0,-0.08,395,25,-0.032
2026-01-01 11:19:00,Parked,Parked,100,0,71.948,0,-0.08,395,25,-0.032
2026-01-01 11:19:10,Parked,Parked,100,0,71.948,0,-0.08,395,25,-0.032
2026-01-01 11:19:20,Parked,Parked,100,0,71.948,0,-0.08,395,25,-0.032
2026-01-01 11:19:30,Parked,Parked,100,0,71.947,0,-0.08,395,25,-0.032
2026-01-01 11:19:40,Parked,Parked,100,0,71.947,0,-0.08,395,25,-0.032
2026-01-01 11:19:50,Parked,Parked,100,0,71.947,0,-0.08,395,25,-0.032
2026-01-01 11:20:00,Parked,Parked,100,0,71.947,0,-0.08,395,25,-0.032
2026-01-01 11:20:10,Parked,Parked,100,0,71.947,0,-0.08,395,25,-0.032
2026-01-01 11:20:20,Parked,Parked,100,0,71.947,0,-0.08,395,25,-0.032
2026-01-01 11:20:30,Parked,Parked,100,0,71.947,0,-0.08,395,25,-0.032
2026-01-01 11:20:40,Parked,Parked,100,0,71.947,0,-0.08,395,25,-0.032
2026-01-01 11:20:50,Parked,Parked,100,0,71.947,0,-0.08,395,25,-0.032
2026-01-01 11:21:00,Parked,Parked,100,0,71.947,0,-0.08,395,25,-0.032
2026-01-01 11:21:10,Parked,Parked,100,0,71.947,0,-0.08,395,25,-0.032
2026-01-01 11:21:20,Parked,Parked,100,0,71.947,0,-0.08,395,25,-0.032
2026-01-01 11:21:30,Parked,Parked,100,0,71.947,0,-0.08,395,25,-0.032
2026-01-01 11:21:40,Parked,Parked,100,0,71.947,0,-0.08,395,25,-0.032
2026-01-01 11:21:50,Parked,Parked,100,0,71.947,0,-0.08,395,25,-0.032
2026-01-01 11:22:00,Parked,Parked,100,0,71.947,0,-0.08,395,25,-0.032
2026-01-01 11:22:10,Parked,Parked,100,0,71.947,0,-0.08,395,25,-0.032
2026-01-01 11:22:20,Parked,Parked,100,0,71.947,0,-0.08,395,25,-0.032
2026-01-01 11:22:30,Parked,Parked,100,0,71.947,0,-0.08,395,25,-0.032
2026-01-01 11:22:40,Parked,Parked,100,0,71.947,0,-0.08,395,25,-0.032
2026-01-01 11:22:50,Parked,Parked,100,0,71.947,0,-0.08,395,25,-0.032
2026-01-01 11:23:00,Parked,Parked,100,0,71.947,0,-0.08,395,25,-0.032
2026-01-01 11:23:10,Parked,Parked,100,0,71.947,0,-0.08,395,25,-0.032
2026-01-01 11:23:20,Parked,Parked,100,0,71.946,0,-0.08,395,25,-0.032
2026-01-01 11:23:30,Parked,Parked,100,0,71.946,0,-0.08,395,25,-0.032
2026-01-01 11:23:40,Parked,Parked,100,0,71.946,0,-0.08,395,25,-0.032
2026-01-01 11:23:50,Parked,Parked,100,0,71.946,0,-0.08,395,25,-0.032
2026-01-01 11:24:00,Parked,Parked,100,0,71.946,0,-0.08,395,25,-0.032
2026-01-01 11:24:10,Parked,Parked,100,0,71.946,0,-0.08,395,25,-0.032
2026-01-01 11:24:20,Parked,Parked,100,0,71.946,0,-0.08,395,25,-0.032
2026-01-01 11:24:30,Parked,Parked,100,0,71.946,0,-0.08,395,25,-0.032
2026-01-01 11:24:40,Parked,Parked,100,0,71.946,0,-0.08,395,25,-0.032
2026-01-01 11:24:50,Parked,Parked,100,0,71.946,0,-0.08,395,25,-0.032
2026-01-01 11:25:00,Parked,Parked,100,0,71.946,0,-0.08,395,25,-0.032
2026-01-01 11:25:10,Parked,Parked,100,0,71.946,0,-0.08,395,25,-0.032
2026-01-01 11:25:20,Parked,Parked,100,0,71.946,0,-0.08,395,25,-0.032
2026-01-01 11:25:30,Parked,Parked,100,0,71.946,0,-0.08,395,25,-0.032
2026-01-01 11:25:40,Parked,Parked,100,0,71.946,0,-0.08,395,25,-0.032
2026-01-01 11:25:50,Parked,Parked,100,0,71.946,0,-0.08,395,25,-0.032
2026-01-01 11:26:00,Parked,Parked,100,0,71.946,0,-0.08,395,25,-0.032
2026-01-01 11:26:10,Parked,Parked,100,0,71.946,0,-0.08,395,25,-0.032
2026-01-01 11:26:20,Parked,Parked,100,0,71.946,0,-0.08,395,25,-0.032
2026-01-01 11:26:30,Parked,Parked,100,0,71.946,0,-0.08,395,25,-0.032
2026-01-01 11:26:40,Parked,Parked,100,0,71.946,0,-0.08,395,25,-0.032
2026-01-01 11:26:50,Parked,Parked,100,0,71.946,0,-0.08,395,25,-0.032
2026-01-01 11:27:00,Parked,Parked,100,0,71.946,0,-0.08,395,25,-0.032
2026-01-01 11:27:10,Parked,Parked,100,0,71.945,0,-0.08,395,25,-0.032
2026-01-01 11:27:20,Parked,Parked,100,0,71.945,0,-0.08,395,25,-0.032
2026-01-01 11:27:30,Parked,Parked,100,0,71.945,0,-0.08,395,25,-0.032
2026-01-01 11:27:40,Parked,Parked,100,0,71.945,0,-0.08,395,25,-0.032
2026-01-01 11:27:50,Parked,Parked,100,0,71.945,0,-0.08,395,25,-0.032
2026-01-01 11:28:00,Parked,Parked,100,0,71.945,0,-0.08,395,25,-0.032
2026-01-01 11:28:10,Parked,Parked,100,0,71.945,0,-0.08,395,25,-0.032
2026-01-01 11:28:20,Parked,Parked,100,0,71.945,0,-0.08,395,25,-0.032
2026-01-01 11:28:30,Parked,Parked,100,0,71.945,0,-0.08,395,25,-0.032
2026-01-01 11:28:40,Parked,Parked,100,0,71.945,0,-0.08,395,25,-0.032
2026-01-01 11:28:50,Parked,Parked,100,0,71.945,0,-0.08,395,25,-0.032
2026-01-01 11:29:00,Parked,Parked,100,0,71.945,0,-0.08,395,25,-0.032
2026-01-01 11:29:10,Parked,Parked,100,0,71.945,0,-0.08,395,25,-0.032
2026-01-01 11:29:20,Parked,Parked,100,0,71.945,0,-0.08,395,25,-0.032
2026-01-01 11:29:30,Parked,Parked,100,0,71.945,0,-0.08,395,25,-0.032
2026-01-01 11:29:40,Parked,Parked,100,0,71.945,0,-0.08,395,25,-0.032
2026-01-01 11:29:50,Parked,Parked,100,0,71.945,0,-0.08,395,25,-0.032
2026-01-01 11:30:00,Parked,Parked,100,0,71.945,0,-0.08,395,25,-0.032
2026-01-01 11:30:10,Parked,Parked,100,0,71.945,0,-0.08,395,25,-0.032
2026-01-01 11:30:20,Parked,Parked,100,0,71.945,0,-0.08,395,25,-0.032
2026-01-01 11:30:30,Parked,Parked,100,0,71.945,0,-0.08,395,25,-0.032
2026-01-01 11:30:40,Parked,Parked,100,0,71.945,0,-0.08,395,25,-0.032
2026-01-01 11:30:50,Parked,Parked,100,0,71.945,0,-0.08,395,25,-0.032
2026-01-01 11:31:00,Parked,Parked,100,0,71.944,0,-0.08,395,25,-0.032
2026-01-01 11:31:10,Parked,Parked,100,0,71.944,0,-0.08,395,25,-0.032
2026-01-01 11:31:20,Parked,Parked,100,0,71.944,0,-0.08,395,25,-0.032
2026-01-01 11:31:30,Parked,Parked,100,0,71.944,0,-0.08,395,25,-0.032
2026-01-01 11:31:40,Parked,Parked,100,0,71.944,0,-0.08,395,25,-0.032
2026-01-01 11:31:50,Parked,Parked,100,0,71.944,0,-0.08,395,25,-0.032
2026-01-01 11:32:00,Parked,Parked,100,0,71.944,0,-0.08,395,25,-0.032
2026-01-01 11:32:10,Parked,Parked,100,0,71.944,0,-0.08,395,25,-0.032
2026-01-01 11:32:20,Parked,Parked,100,0,71.944,0,-0.08,395,25,-0.032
2026-01-01 11:32:30,Parked,Parked,100,0,71.944,0,-0.08,395,25,-0.032
2026-01-01 11:32:40,Parked,Parked,100,0,71.944,0,-0.08,395,25,-0.032
2026-01-01 11:32:50,Parked,Parked,100,0,71.944,0,-0.08,395,25,-0.032
2026-01-01 11:33:00,Parked,Parked,100,0,71.944,0,-0.08,395,25,-0.032
2026-01-01 11:33:10,Parked,Parked,100,0,71.944,0,-0.08,395,25,-0.032
2026-01-01 11:33:20,Parked,Parked,100,0,71.944,0,-0.08,395,25,-0.032
2026-01-01 11:33:30,Parked,Parked,100,0,71.944,0,-0.08,395,25,-0.032
2026-01-01 11:33:40,Parked,Parked,100,0,71.944,0,-0.08,395,25,-0.032
2026-01-01 11:33:50,Parked,Parked,100,0,71.944,0,-0.08,395,25,-0.032
2026-01-01 11:34:00,Parked,Parked,100,0,71.944,0,-0.08,395,25,-0.032
2026-01-01 11:34:10,Parked,Parked,100,0,71.944,0,-0.08,395,25,-0.032
2026-01-01 11:34:20,Parked,Parked,100,0,71.944,0,-0.08,395,25,-0.032
2026-01-01 11:34:30,Parked,Parked,100,0,71.944,0,-0.08,395,25,-0.032
2026-01-01 11:34:40,Parked,Parked,100,0,71.943,0,-0.08,395,25,-0.032
2026-01-01 11:34:50,Parked,Parked,100,0,71.943,0,-0.08,395,25,-0.032
2026-01-01 11:35:00,Parked,Parked,100,0,71.943,0,-0.08,395,25,-0.032
2026-01-01 11:35:10,Parked,Parked,100,0,71.943,0,-0.08,395,25,-0.032
2026-01-01 11:35:20,Parked,Parked,100,0,71.943,0,-0.08,395,25,-0.032
2026-01-01 11:35:30,Parked,Parked,100,0,71.943,0,-0.08,395,25,-0.032
2026-01-01 11:35:40,Parked,Parked,100,0,71.943,0,-0.08,395,25,-0.032
2026-01-01 11:35:50,Parked,Parked,100,0,71.943,0,-0.08,395,25,-0.032
2026-01-01 11:36:00,Parked,Parked,100,0,71.943,0,-0.08,395,25,-0.032
2026-01-01 11:36:10,Parked,Parked,100,0,71.943,0,-0.08,395,25,-0.032
2026-01-01 11:36:20,Parked,Parked,100,0,71.943,0,-0.08,395,25,-0.032
2026-01-01 11:36:30,Parked,Parked,100,0,71.943,0,-0.08,395,25,-0.032
2026-01-01 11:36:40,Parked,Parked,100,0,71.943,0,-0.08,395,25,-0.032
2026-01-01 11:36:50,Parked,Parked,100,0,71.943,0,-0.08,395,25,-0.032
2026-01-01 11:37:00,Parked,Parked,100,0,71.943,0,-0.08,395,25,-0.032
2026-01-01 11:37:10,Parked,Parked,100,0,71.943,0,-0.08,395,25,-0.032
2026-01-01 11:37:20,Parked,Parked,100,0,71.943,0,-0.08,395,25,-0.032
2026-01-01 11:37:30,Parked,Parked,100,0,71.943,0,-0.08,395,25,-0.032
2026-01-01 11:37:40,Parked,Parked,100,0,71.943,0,-0.08,395,25,-0.032
2026-01-01 11:37:50,Parked,Parked,100,0,71.943,0,-0.08,395,25,-0.032
2026-01-01 11:38:00,Parked,Parked,100,0,71.943,0,-0.08,395,25,-0.032
2026-01-01 11:38:10,Parked,Parked,100,0,71.943,0,-0.08,395,25,-0.032
2026-01-01 11:38:20,Parked,Parked,100,0,71.943,0,-0.08,395,25,-0.032
2026-01-01 11:38:30,Parked,Parked,100,0,71.942,0,-0.08,395,25,-0.032
2026-01-01 11:38:40,Parked,Parked,100,0,71.942,0,-0.08,395,25,-0.032
2026-01-01 11:38:50,Parked,Parked,100,0,71.942,0,-0.08,395,25,-0.032
2026-01-01 11:39:00,Parked,Parked,100,0,71.942,0,-0.08,395,25,-0.032
2026-01-01 11:39:10,Parked,Parked,100,0,71.942,0,-0.08,395,25,-0.032
2026-01-01 11:39:20,Parked,Parked,100,0,71.942,0,-0.08,395,25,-0.032
2026-01-01 11:39:30,Parked,Parked,100,0,71.942,0,-0.08,395,25,-0.032
2026-01-01 11:39:40,Parked,Parked,100,0,71.942,0,-0.08,395,25,-0.032
2026-01-01 11:39:50,Parked,Parked,100,0,71.942,0,-0.08,395,25,-0.032
2026-01-01 11:40:00,Parked,Parked,100,0,71.942,0,-0.08,395,25,-0.032
2026-01-01 11:40:10,Parked,Parked,100,0,71.942,0,-0.08,395,25,-0.032
2026-01-01 11:40:20,Parked,Parked,100,0,71.942,0,-0.08,395,25,-0.032
2026-01-01 11:40:30,Parked,Parked,100,0,71.942,0,-0.08,395,25,-0.032
2026-01-01 11:40:40,Parked,Parked,100,0,71.942,0,-0.08,395,25,-0.032
2026-01-01 11:40:50,Parked,Parked,100,0,71.942,0,-0.08,395,25,-0.032
2026-01-01 11:41:00,Parked,Parked,100,0,71.942,0,-0.08,395,25,-0.032
2026-01-01 11:41:10,Parked,Parked,100,0,71.942,0,-0.08,395,25,-0.032
2026-01-01 11:41:20,Parked,Parked,100,0,71.942,0,-0.08,395,25,-0.032
2026-01-01 11:41:30,Parked,Parked,100,0,71.942,0,-0.08,395,25,-0.032
2026-01-01 11:41:40,Parked,Parked,100,0,71.942,0,-0.08,395,25,-0.032
2026-01-01 11:41:50,Parked,Parked,100,0,71.942,0,-0.08,395,25,-0.032
2026-01-01 11:42:00,Parked,Parked,100,0,71.942,0,-0.08,395,25,-0.032
2026-01-01 11:42:10,Parked,Parked,100,0,71.942,0,-0.08,395,25,-0.032
2026-01-01 11:42:20,Parked,Parked,100,0,71.941,0,-0.08,395,25,-0.032
2026-01-01 11:42:30,Parked,Parked,100,0,71.941,0,-0.08,395,25,-0.032
2026-01-01 11:42:40,Parked,Parked,100,0,71.941,0,-0.08,395,25,-0.032
2026-01-01 11:42:50,Parked,Parked,100,0,71.941,0,-0.08,395,25,-0.032
2026-01-01 11:43:00,Parked,Parked,100,0,71.941,0,-0.08,395,25,-0.032
2026-01-01 11:43:10,Parked,Parked,100,0,71.941,0,-0.08,395,25,-0.032
2026-01-01 11:43:20,Parked,Parked,100,0,71.941,0,-0.08,395,25,-0.032
2026-01-01 11:43:30,Parked,Parked,100,0,71.941,0,-0.08,395,25,-0.032
2026-01-01 11:43:40,Parked,Parked,100,0,71.941,0,-0.08,395,25,-0.032
2026-01-01 11:43:50,Parked,Parked,100,0,71.941,0,-0.08,395,25,-0.032
2026-01-01 11:44:00,Parked,Parked,100,0,71.941,0,-0.08,395,25,-0.032
2026-01-01 11:44:10,Parked,Parked,100,0,71.941,0,-0.08,395,25,-0.032
2026-01-01 11:44:20,Parked,Parked,100,0,71.941,0,-0.08,395,25,-0.032
2026-01-01 11:44:30,Parked,Parked,100,0,71.941,0,-0.08,395,25,-0.032
2026-01-01 11:44:40,Parked,Parked,100,0,71.941,0,-0.08,395,25,-0.032
2026-01-01 11:44:50,Parked,Parked,100,0,71.941,0,-0.08,395,25,-0.032
2026-01-01 11:45:00,Parked,Parked,100,0,71.941,0,-0.08,395,25,-0.032
2026-01-01 11:45:10,Parked,Parked,100,0,71.941,0,-0.08,395,25,-0.032
2026-01-01 11:45:20,Parked,Parked,100,0,71.941,0,-0.08,395,25,-0.032
2026-01-01 11:45:30,Parked,Parked,100,0,71.941,0,-0.08,395,25,-0.032
2026-01-01 11:45:40,Parked,Parked,100,0,71.941,0,-0.08,395,25,-0.032
2026-01-01 11:45:50,Parked,Parked,100,0,71.941,0,-0.08,395,25,-0.032
2026-01-01 11:46:00,Parked,Parked,100,0,71.941,0,-0.08,395,25,-0.032
2026-01-01 11:46:10,Parked,Parked,100,0,71.94,0,-0.08,395,25,-0.032
2026-01-01 11:46:20,Parked,Parked,100,0,71.94,0,-0.08,395,25,-0.032
2026-01-01 11:46:30,Parked,Parked,100,0,71.94,0,-0.08,395,25,-0.032
2026-01-01 11:46:40,Parked,Parked,100,0,71.94,0,-0.08,395,25,-0.032
2026-01-01 11:46:50,Parked,Parked,100,0,71.94,0,-0.08,395,25,-0.032
2026-01-01 11:47:00,Parked,Parked,100,0,71.94,0,-0.08,395,25,-0.032
2026-01-01 11:47:10,Parked,Parked,100,0,71.94,0,-0.08,395,25,-0.032
2026-01-01 11:47:20,Parked,Parked,100,0,71.94,0,-0.08,395,25,-0.032
2026-01-01 11:47:30,Parked,Parked,100,0,71.94,0,-0.08,395,25,-0.032
2026-01-01 11:47:40,Parked,Parked,100,0,71.94,0,-0.08,395,25,-0.032
2026-01-01 11:47:50,Parked,Parked,100,0,71.94,0,-0.08,395,25,-0.032
2026-01-01 11:48:00,Parked,Parked,100,0,71.94,0,-0.08,395,25,-0.032
2026-01-01 11:48:10,Parked,Parked,100,0,71.94,0,-0.08,395,25,-0.032
2026-01-01 11:48:20,Parked,Parked,100,0,71.94,0,-0.08,395,25,-0.032
2026-01-01 11:48:30,Parked,Parked,100,0,71.94,0,-0.08,395,25,-0.032
2026-01-01 11:48:40,Parked,Parked,100,0,71.94,0,-0.08,395,25,-0.032
2026-01-01 11:48:50,Parked,Parked,100,0,71.94,0,-0.08,395,25,-0.032
2026-01-01 11:49:00,Parked,Parked,100,0,71.94,0,-0.08,395,25,-0.032
2026-01-01 11:49:10,Parked,Parked,100,0,71.94,0,-0.08,395,25,-0.032
2026-01-01 11:49:20,Parked,Parked,100,0,71.94,0,-0.08,395,25,-0.032
2026-01-01 11:49:30,Parked,Parked,100,0,71.94,0,-0.08,395,25,-0.032
2026-01-01 11:49:40,Parked,Parked,100,0,71.94,0,-0.08,395,25,-0.032
2026-01-01 11:49:50,Parked,Parked,100,0,71.939,0,-0.08,395,25,-0.032
2026-01-01 11:50:00,Parked,Parked,100,0,71.939,0,-0.08,395,25,-0.032
2026-01-01 11:50:10,Parked,Parked,100,0,71.939,0,-0.08,395,25,-0.032
2026-01-01 11:50:20,Parked,Parked,100,0,71.939,0,-0.08,395,25,-0.032
2026-01-01 11:50:30,Parked,Parked,100,0,71.939,0,-0.08,395,25,-0.032
2026-01-01 11:50:40,Parked,Parked,100,0,71.939,0,-0.08,395,25,-0.032
2026-01-01 11:50:50,Parked,Parked,100,0,71.939,0,-0.08,395,25,-0.032
2026-01-01 11:51:00,Parked,Parked,100,0,71.939,0,-0.08,395,25,-0.032
2026-01-01 11:51:10,Parked,Parked,100,0,71.939,0,-0.08,395,25,-0.032
2026-01-01 11:51:20,Parked,Parked,100,0,71.939,0,-0.08,395,25,-0.032
2026-01-01 11:51:30,Parked,Parked,100,0,71.939,0,-0.08,395,25,-0.032
2026-01-01 11:51:40,Parked,Parked,100,0,71.939,0,-0.08,395,25,-0.032
2026-01-01 11:51:50,Parked,Parked,100,0,71.939,0,-0.08,395,25,-0.032
2026-01-01 11:52:00,Parked,Parked,100,0,71.939,0,-0.08,395,25,-0.032
2026-01-01 11:52:10,Parked,Parked,100,0,71.939,0,-0.08,395,25,-0.032
2026-01-01 11:52:20,Parked,Parked,100,0,71.939,0,-0.08,395,25,-0.032
2026-01-01 11:52:30,Parked,Parked,100,0,71.939,0,-0.08,395,25,-0.032
2026-01-01 11:52:40,Parked,Parked,100,0,71.939,0,-0.08,395,25,-0.032
2026-01-01 11:52:50,Parked,Parked,100,0,71.939,0,-0.08,395,25,-0.032
2026-01-01 11:53:00,Parked,Parked,100,0,71.939,0,-0.08,395,25,-0.032
2026-01-01 11:53:10,Parked,Parked,100,0,71.939,0,-0.08,395,25,-0.032
2026-01-01 11:53:20,Parked,Parked,100,0,71.939,0,-0.08,395,25,-0.032
2026-01-01 11:53:30,Parked,Parked,100,0,71.939,0,-0.08,395,25,-0.032
2026-01-01 11:53:40,Parked,Parked,100,0,71.938,0,-0.08,395,25,-0.032
2026-01-01 11:53:50,Parked,Parked,100,0,71.938,0,-0.08,395,25,-0.032
2026-01-01 11:54:00,Parked,Parked,100,0,71.938,0,-0.08,395,25,-0.032
2026-01-01 11:54:10,Parked,Parked,100,0,71.938,0,-0.08,395,25,-0.032
2026-01-01 11:54:20,Parked,Parked,100,0,71.938,0,-0.08,395,25,-0.032
2026-01-01 11:54:30,Parked,Parked,100,0,71.938,0,-0.08,395,25,-0.032
2026-01-01 11:54:40,Parked,Parked,100,0,71.938,0,-0.08,395,25,-0.032
2026-01-01 11:54:50,Parked,Parked,100,0,71.938,0,-0.08,395,25,-0.032
2026-01-01 11:55:00,Parked,Parked,100,0,71.938,0,-0.08,395,25,-0.032
2026-01-01 11:55:10,Parked,Parked,100,0,71.938,0,-0.08,395,25,-0.032
2026-01-01 11:55:20,Parked,Parked,100,0,71.938,0,-0.08,395,25,-0.032
2026-01-01 11:55:30,Parked,Parked,100,0,71.938,0,-0.08,395,25,-0.032
2026-01-01 11:55:40,Parked,Parked,100,0,71.938,0,-0.08,395,25,-0.032
2026-01-01 11:55:50,Parked,Parked,100,0,71.938,0,-0.08,395,25,-0.032
2026-01-01 11:56:00,Parked,Parked,100,0,71.938,0,-0.08,395,25,-0.032
2026-01-01 11:56:10,Parked,Parked,100,0,71.938,0,-0.08,395,25,-0.032
2026-01-01 11:56:20,Parked,Parked,100,0,71.938,0,-0.08,395,25,-0.032
2026-01-01 11:56:30,Parked,Parked,100,0,71.938,0,-0.08,395,25,-0.032
2026-01-01 11:56:40,Parked,Parked,100,0,71.938,0,-0.08,395,25,-0.032
2026-01-01 11:56:50,Parked,Parked,100,0,71.938,0,-0.08,395,25,-0.032
2026-01-01 11:57:00,Parked,Parked,100,0,71.938,0,-0.08,395,25,-0.032
2026-01-01 11:57:10,Parked,Parked,100,0,71.938,0,-0.08,395,25,-0.032
2026-01-01 11:57:20,Parked,Parked,100,0,71.938,0,-0.08,395,25,-0.032
2026-01-01 11:57:30,Parked,Parked,100,0,71.937,0,-0.08,395,25,-0.032
2026-01-01 11:57:40,Parked,Parked,100,0,71.937,0,-0.08,395,25,-0.032
2026-01-01 11:57:50,Parked,Parked,100,0,71.937,0,-0.08,395,25,-0.032
2026-01-01 11:58:00,Parked,Parked,100,0,71.937,0,-0.08,395,25,-0.032
2026-01-01 11:58:10,Parked,Parked,100,0,71.937,0,-0.08,395,25,-0.032
2026-01-01 11:58:20,Parked,Parked,100,0,71.937,0,-0.08,395,25,-0.032
2026-01-01 11:58:30,Parked,Parked,100,0,71.937,0,-0.08,395,25,-0.032
2026-01-01 11:58:40,Parked,Parked,100,0,71.937,0,-0.08,395,25,-0.032
2026-01-01 11:58:50,Parked,Parked,100,0,71.937,0,-0.08,395,25,-0.032
2026-01-01 11:59:00,Parked,Parked,100,0,71.937,0,-0.08,395,25,-0.032
2026-01-01 11:59:10,Parked,Parked,100,0,71.937,0,-0.08,395,25,-0.032
2026-01-01 11:59:20,Parked,Parked,100,0,71.937,0,-0.08,395,25,-0.032
2026-01-01 11:59:30,Parked,Parked,100,0,71.937,0,-0.08,395,25,-0.032
2026-01-01 11:59:40,Parked,Parked,100,0,71.937,0,-0.08,395,25,-0.032
2026-01-01 11:59:50,Parked,Parked,100,0,71.937,0,-0.08,395,25,-0.032
2026-01-01 12:00:00,Parked,Parked,100,0,71.937,0,-0.08,395,25,-0.032
2026-01-01 12:00:10,Parked,Parked,100,0,71.937,0,-0.08,395,25,-0.032
2026-01-01 12:00:20,Parked,Parked,100,0,71.937,0,-0.08,395,25,-0.032
2026-01-01 12:00:30,Parked,Parked,100,0,71.937,0,-0.08,395,25,-0.032
2026-01-01 12:00:40,Parked,Parked,100,0,71.937,0,-0.08,395,25,-0.032
2026-01-01 12:00:50,Parked,Parked,100,0,71.937,0,-0.08,395,25,-0.032
2026-01-01 12:01:00,Parked,Parked,100,0,71.937,0,-0.08,395,25,-0.032
2026-01-01 12:01:10,Parked,Parked,100,0,71.937,0,-0.08,395,25,-0.032
2026-01-01 12:01:20,Parked,Parked,100,0,71.936,0,-0.08,395,25,-0.032
2026-01-01 12:01:30,Parked,Parked,100,0,71.936,0,-0.08,395,25,-0.032
2026-01-01 12:01:40,Parked,Parked,100,0,71.936,0,-0.08,395,25,-0.032
2026-01-01 12:01:50,Parked,Parked,100,0,71.936,0,-0.08,395,25,-0.032
2026-01-01 12:02:00,Parked,Parked,100,0,71.936,0,-0.08,395,25,-0.032
2026-01-01 12:02:10,Parked,Parked,100,0,71.936,0,-0.08,395,25,-0.032
2026-01-01 12:02:20,Parked,Parked,100,0,71.936,0,-0.08,395,25,-0.032
2026-01-01 12:02:30,Parked,Parked,100,0,71.936,0,-0.08,395,25,-0.032
2026-01-01 12:02:40,Parked,Parked,100,0,71.936,0,-0.08,395,25,-0.032
2026-01-01 12:02:50,Parked,Parked,100,0,71.936,0,-0.08,395,25,-0.032
2026-01-01 12:03:00,Parked,Parked,100,0,71.936,0,-0.08,395,25,-0.032
2026-01-01 12:03:10,Parked,Parked,100,0,71.936,0,-0.08,395,25,-0.032
2026-01-01 12:03:20,Parked,Parked,100,0,71.936,0,-0.08,395,25,-0.032
2026-01-01 12:03:30,Parked,Parked,100,0,71.936,0,-0.08,395,25,-0.032
2026-01-01 12:03:40,Parked,Parked,100,0,71.936,0,-0.08,395,25,-0.032
2026-01-01 12:03:50,Parked,Parked,100,0,71.936,0,-0.08,395,25,-0.032
2026-01-01 12:04:00,Parked,Parked,100,0,71.936,0,-0.08,395,25,-0.032
2026-01-01 12:04:10,Parked,Parked,100,0,71.936,0,-0.08,395,25,-0.032
2026-01-01 12:04:20,Parked,Parked,100,0,71.936,0,-0.08,395,25,-0.032
2026-01-01 12:04:30,Parked,Parked,100,0,71.936,0,-0.08,395,25,-0.032
2026-01-01 12:04:40,Parked,Parked,100,0,71.936,0,-0.08,395,25,-0.032
2026-01-01 12:04:50,Parked,Parked,100,0,71.936,0,-0.08,395,25,-0.032
2026-01-01 12:05:00,Parked,Parked,100,0,71.936,0,-0.08,395,25,-0.032
2026-01-01 12:05:10,Parked,Parked,100,0,71.935,0,-0.08,395,25,-0.032
2026-01-01 12:05:20,Parked,Parked,100,0,71.935,0,-0.08,395,25,-0.032
2026-01-01 12:05:30,Parked,Parked,100,0,71.935,0,-0.08,395,25,-0.032
2026-01-01 12:05:40,Parked,Parked,100,0,71.935,0,-0.08,395,25,-0.032
2026-01-01 12:05:50,Parked,Parked,100,0,71.935,0,-0.08,395,25,-0.032
2026-01-01 12:06:00,Parked,Parked,100,0,71.935,0,-0.08,395,25,-0.032
2026-01-01 12:06:10,Parked,Parked,100,0,71.935,0,-0.08,395,25,-0.032
2026-01-01 12:06:20,Parked,Parked,100,0,71.935,0,-0.08,395,25,-0.032
2026-01-01 12:06:30,Parked,Parked,100,0,71.935,0,-0.08,395,25,-0.032
2026-01-01 12:06:40,Parked,Parked,100,0,71.935,0,-0.08,395,25,-0.032
2026-01-01 12:06:50,Parked,Parked,100,0,71.935,0,-0.08,395,25,-0.032
2026-01-01 12:07:00,Parked,Parked,100,0,71.935,0,-0.08,395,25,-0.032
2026-01-01 12:07:10,Parked,Parked,100,0,71.935,0,-0.08,395,25,-0.032
2026-01-01 12:07:20,Parked,Parked,100,0,71.935,0,-0.08,395,25,-0.032
2026-01-01 12:07:30,Parked,Parked,100,0,71.935,0,-0.08,395,25,-0.032
2026-01-01 12:07:40,Parked,Parked,100,0,71.935,0,-0.08,395,25,-0.032
2026-01-01 12:07:50,Parked,Parked,100,0,71.935,0,-0.08,395,25,-0.032
2026-01-01 12:08:00,Parked,Parked,100,0,71.935,0,-0.08,395,25,-0.032
2026-01-01 12:08:10,Parked,Parked,100,0,71.935,0,-0.08,395,25,-0.032
2026-01-01 12:08:20,Parked,Parked,100,0,71.935,0,-0.08,395,25,-0.032
2026-01-01 12:08:30,Parked,Parked,100,0,71.935,0,-0.08,395,25,-0.032
2026-01-01 12:08:40,Parked,Parked,100,0,71.935,0,-0.08,395,25,-0.032
2026-01-01 12:08:50,Parked,Parked,100,0,71.934,0,-0.08,395,25,-0.032
2026-01-01 12:09:00,Parked,Parked,100,0,71.934,0,-0.08,395,25,-0.032
2026-01-01 12:09:10,Parked,Parked,100,0,71.934,0,-0.08,395,25,-0.032
2026-01-01 12:09:20,Parked,Parked,100,0,71.934,0,-0.08,395,25,-0.032
2026-01-01 12:09:30,Parked,Parked,100,0,71.934,0,-0.08,395,25,-0.032
2026-01-01 12:09:40,Parked,Parked,100,0,71.934,0,-0.08,395,25,-0.032
2026-01-01 12:09:50,Parked,Parked,100,0,71.934,0,-0.08,395,25,-0.032
2026-01-01 12:10:00,Parked,Parked,100,0,71.934,0,-0.08,395,25,-0.032
2026-01-01 12:10:10,Parked,Parked,100,0,71.934,0,-0.08,395,25,-0.032
2026-01-01 12:10:20,Parked,Parked,100,0,71.934,0,-0.08,395,25,-0.032
2026-01-01 12:10:30,Parked,Parked,100,0,71.934,0,-0.08,395,25,-0.032
2026-01-01 12:10:40,Parked,Parked,100,0,71.934,0,-0.08,395,25,-0.032
2026-01-01 12:10:50,Parked,Parked,100,0,71.934,0,-0.08,395,25,-0.032
2026-01-01 12:11:00,Parked,Parked,100,0,71.934,0,-0.08,395,25,-0.032
2026-01-01 12:11:10,Parked,Parked,100,0,71.934,0,-0.08,395,25,-0.032
2026-01-01 12:11:20,Parked,Parked,100,0,71.934,0,-0.08,395,25,-0.032
2026-01-01 12:11:30,Parked,Parked,100,0,71.934,0,-0.08,395,25,-0.032
2026-01-01 12:11:40,Parked,Parked,100,0,71.934,0,-0.08,395,25,-0.032
2026-01-01 12:11:50,Parked,Parked,100,0,71.934,0,-0.08,395,25,-0.032
2026-01-01 12:12:00,Parked,Parked,100,0,71.934,0,-0.08,395,25,-0.032
2026-01-01 12:12:10,Parked,Parked,100,0,71.934,0,-0.08,395,25,-0.032
2026-01-01 12:12:20,Parked,Parked,100,0,71.934,0,-0.08,395,25,-0.032
2026-01-01 12:12:30,Parked,Parked,100,0,71.934,0,-0.08,395,25,-0.032
2026-01-01 12:12:40,Parked,Parked,100,0,71.933,0,-0.08,395,25,-0.032
2026-01-01 12:12:50,Parked,Parked,100,0,71.933,0,-0.08,395,25,-0.032
2026-01-01 12:13:00,Parked,Parked,100,0,71.933,0,-0.08,395,25,-0.032
2026-01-01 12:13:10,Parked,Parked,100,0,71.933,0,-0.08,395,25,-0.032
2026-01-01 12:13:20,Parked,Parked,100,0,71.933,0,-0.08,395,25,-0.032
2026-01-01 12:13:30,Parked,Parked,100,0,71.933,0,-0.08,395,25,-0.032
2026-01-01 12:13:40,Parked,Parked,100,0,71.933,0,-0.08,395,25,-0.032
2026-01-01 12:13:50,Parked,Parked,100,0,71.933,0,-0.08,395,25,-0.032
2026-01-01 12:14:00,Parked,Parked,100,0,71.933,0,-0.08,395,25,-0.032
2026-01-01 12:14:10,Parked,Parked,100,0,71.933,0,-0.08,395,25,-0.032
2026-01-01 12:14:20,Parked,Parked,100,0,71.933,0,-0.08,395,25,-0.032
2026-01-01 12:14:30,Parked,Parked,100,0,71.933,0,-0.08,395,25,-0.032
2026-01-01 12:14:40,Parked,Parked,100,0,71.933,0,-0.08,395,25,-0.032
2026-01-01 12:14:50,Parked,Parked,100,0,71.933,0,-0.08,395,25,-0.032
2026-01-01 12:15:00,Parked,Parked,100,0,71.933,0,-0.08,395,25,-0.032
2026-01-01 12:15:10,Parked,Parked,100,0,71.933,0,-0.08,395,25,-0.032
2026-01-01 12:15:20,Parked,Parked,100,0,71.933,0,-0.08,395,25,-0.032
2026-01-01 12:15:30,Parked,Parked,100,0,71.933,0,-0.08,395,25,-0.032
2026-01-01 12:15:40,Parked,Parked,100,0,71.933,0,-0.08,395,25,-0.032
2026-01-01 12:15:50,Parked,Parked,100,0,71.933,0,-0.08,395,25,-0.032
2026-01-01 12:16:00,Parked,Parked,100,0,71.933,0,-0.08,395,25,-0.032
2026-01-01 12:16:10,Parked,Parked,100,0,71.933,0,-0.08,395,25,-0.032
2026-01-01 12:16:20,Parked,Parked,100,0,71.933,0,-0.08,395,25,-0.032
2026-01-01 12:16:30,Parked,Parked,100,0,71.932,0,-0.08,395,25,-0.032
2026-01-01 12:16:40,Parked,Parked,100,0,71.932,0,-0.08,395,25,-0.032
2026-01-01 12:16:50,Parked,Parked,100,0,71.932,0,-0.08,395,25,-0.032
2026-01-01 12:17:00,Parked,Parked,100,0,71.932,0,-0.08,395,25,-0.032
2026-01-01 12:17:10,Parked,Parked,100,0,71.932,0,-0.08,395,25,-0.032
2026-01-01 12:17:20,Parked,Parked,100,0,71.932,0,-0.08,395,25,-0.032
2026-01-01 12:17:30,Parked,Parked,100,0,71.932,0,-0.08,395,25,-0.032
2026-01-01 12:17:40,Parked,Parked,100,0,71.932,0,-0.08,395,25,-0.032
2026-01-01 12:17:50,Parked,Parked,100,0,71.932,0,-0.08,395,25,-0.032
2026-01-01 12:18:00,Parked,Parked,100,0,71.932,0,-0.08,395,25,-0.032
2026-01-01 12:18:10,Parked,Parked,100,0,71.932,0,-0.08,395,25,-0.032
2026-01-01 12:18:20,Parked,Parked,100,0,71.932,0,-0.08,395,25,-0.032
2026-01-01 12:18:30,Parked,Parked,100,0,71.932,0,-0.08,395,25,-0.032
2026-01-01 12:18:40,Parked,Parked,100,0,71.932,0,-0.08,395,25,-0.032
2026-01-01 12:18:50,Parked,Parked,100,0,71.932,0,-0.08,395,25,-0.032
2026-01-01 12:19:00,Parked,Parked,100,0,71.932,0,-0.08,395,25,-0.032
2026-01-01 12:19:10,Parked,Parked,100,0,71.932,0,-0.08,395,25,-0.032
2026-01-01 12:19:20,Parked,Parked,100,0,71.932,0,-0.08,395,25,-0.032
2026-01-01 12:19:30,Parked,Parked,100,0,71.932,0,-0.08,395,25,-0.032
2026-01-01 12:19:40,Parked,Parked,100,0,71.932,0,-0.08,395,25,-0.032
2026-01-01 12:19:50,Parked,Parked,100,0,71.932,0,-0.08,395,25,-0.032
2026-01-01 12:20:00,Parked,Parked,100,0,71.932,0,-0.08,395,25,-0.032
2026-01-01 12:20:10,Parked,Parked,100,0,71.932,0,-0.08,395,25,-0.032
2026-01-01 12:20:20,Parked,Parked,100,0,71.931,0,-0.08,395,25,-0.032
2026-01-01 12:20:30,Parked,Parked,100,0,71.931,0,-0.08,395,25,-0.032
2026-01-01 12:20:40,Parked,Parked,100,0,71.931,0,-0.08,395,25,-0.032
2026-01-01 12:20:50,Parked,Parked,100,0,71.931,0,-0.08,395,25,-0.032
2026-01-01 12:21:00,Parked,Parked,100,0,71.931,0,-0.08,395,25,-0.032
2026-01-01 12:21:10,Parked,Parked,100,0,71.931,0,-0.08,395,25,-0.032
2026-01-01 12:21:20,Parked,Parked,100,0,71.931,0,-0.08,395,25,-0.032
2026-01-01 12:21:30,Parked,Parked,100,0,71.931,0,-0.08,395,25,-0.032
2026-01-01 12:21:40,Parked,Parked,100,0,71.931,0,-0.08,395,25,-0.032
2026-01-01 12:21:50,Parked,Parked,100,0,71.931,0,-0.08,395,25,-0.032
2026-01-01 12:22:00,Parked,Parked,100,0,71.931,0,-0.08,395,25,-0.032
2026-01-01 12:22:10,Parked,Parked,100,0,71.931,0,-0.08,395,25,-0.032
2026-01-01 12:22:20,Parked,Parked,100,0,71.931,0,-0.08,395,25,-0.032
2026-01-01 12:22:30,Parked,Parked,100,0,71.931,0,-0.08,395,25,-0.032
2026-01-01 12:22:40,Parked,Parked,100,0,71.931,0,-0.08,395,25,-0.032
2026-01-01 12:22:50,Parked,Parked,100,0,71.931,0,-0.08,395,25,-0.032
2026-01-01 12:23:00,Parked,Parked,100,0,71.931,0,-0.08,395,25,-0.032
2026-01-01 12:23:10,Parked,Parked,100,0,71.931,0,-0.08,395,25,-0.032
2026-01-01 12:23:20,Parked,Parked,100,0,71.931,0,-0.08,395,25,-0.032
2026-01-01 12:23:30,Parked,Parked,100,0,71.931,0,-0.08,395,25,-0.032
2026-01-01 12:23:40,Parked,Parked,100,0,71.931,0,-0.08,395,25,-0.032
2026-01-01 12:23:50,Parked,Parked,100,0,71.931,0,-0.08,395,25,-0.032
2026-01-01 12:24:00,Parked,Parked,100,0,71.931,0,-0.08,395,25,-0.032
2026-01-01 12:24:10,Parked,Parked,100,0,71.93,0,-0.08,395,25,-0.032
2026-01-01 12:24:20,Parked,Parked,100,0,71.93,0,-0.08,395,25,-0.032
2026-01-01 12:24:30,Parked,Parked,100,0,71.93,0,-0.08,395,25,-0.032
2026-01-01 12:24:40,Parked,Parked,100,0,71.93,0,-0.08,395,25,-0.032
2026-01-01 12:24:50,Parked,Parked,100,0,71.93,0,-0.08,395,25,-0.032
2026-01-01 12:25:00,Parked,Parked,100,0,71.93,0,-0.08,395,25,-0.032
2026-01-01 12:25:10,Parked,Parked,100,0,71.93,0,-0.08,395,25,-0.032
2026-01-01 12:25:20,Parked,Parked,100,0,71.93,0,-0.08,395,25,-0.032
2026-01-01 12:25:30,Parked,Parked,100,0,71.93,0,-0.08,395,25,-0.032
2026-01-01 12:25:40,Parked,Parked,100,0,71.93,0,-0.08,395,25,-0.032
2026-01-01 12:25:50,Parked,Parked,100,0,71.93,0,-0.08,395,25,-0.032
2026-01-01 12:26:00,Parked,Parked,100,0,71.93,0,-0.08,395,25,-0.032
2026-01-01 12:26:10,Parked,Parked,100,0,71.93,0,-0.08,395,25,-0.032
2026-01-01 12:26:20,Parked,Parked,100,0,71.93,0,-0.08,395,25,-0.032
2026-01-01 12:26:30,Parked,Parked,100,0,71.93,0,-0.08,395,25,-0.032
2026-01-01 12:26:40,Parked,Parked,100,0,71.93,0,-0.08,395,25,-0.032
2026-01-01 12:26:50,Parked,Parked,100,0,71.93,0,-0.08,395,25,-0.032
2026-01-01 12:27:00,Parked,Parked,100,0,71.93,0,-0.08,395,25,-0.032
2026-01-01 12:27:10,Parked,Parked,100,0,71.93,0,-0.08,395,25,-0.032
2026-01-01 12:27:20,Parked,Parked,100,0,71.93,0,-0.08,395,25,-0.032
2026-01-01 12:27:30,Parked,Parked,100,0,71.93,0,-0.08,395,25,-0.032
2026-01-01 12:27:40,Parked,Parked,100,0,71.93,0,-0.08,395,25,-0.032
2026-01-01 12:27:50,Parked,Parked,100,0,71.929,0,-0.08,395,25,-0.032
2026-01-01 12:28:00,Parked,Parked,100,0,71.929,0,-0.08,395,25,-0.032
2026-01-01 12:28:10,Parked,Parked,100,0,71.929,0,-0.08,395,25,-0.032
2026-01-01 12:28:20,Parked,Parked,100,0,71.929,0,-0.08,395,25,-0.032
2026-01-01 12:28:30,Parked,Parked,100,0,71.929,0,-0.08,395,25,-0.032
2026-01-01 12:28:40,Parked,Parked,100,0,71.929,0,-0.08,395,25,-0.032
2026-01-01 12:28:50,Parked,Parked,100,0,71.929,0,-0.08,395,25,-0.032
2026-01-01 12:29:00,Parked,Parked,100,0,71.929,0,-0.08,395,25,-0.032
2026-01-01 12:29:10,Parked,Parked,100,0,71.929,0,-0.08,395,25,-0.032
2026-01-01 12:29:20,Parked,Parked,100,0,71.929,0,-0.08,395,25,-0.032
2026-01-01 12:29:30,Parked,Parked,100,0,71.929,0,-0.08,395,25,-0.032
2026-01-01 12:29:40,Parked,Parked,100,0,71.929,0,-0.08,395,25,-0.032
2026-01-01 12:29:50,Parked,Parked,100,0,71.929,0,-0.08,395,25,-0.032
2026-01-01 12:30:00,Parked,Parked,100,0,71.929,0,-0.08,395,25,-0.032
2026-01-01 12:30:10,Parked,Parked,100,0,71.929,0,-0.08,395,25,-0.032
2026-01-01 12:30:20,Parked,Parked,100,0,71.929,0,-0.08,395,25,-0.032
2026-01-01 12:30:30,Parked,Parked,100,0,71.929,0,-0.08,395,25,-0.032
2026-01-01 12:30:40,Parked,Parked,100,0,71.929,0,-0.08,395,25,-0.032
2026-01-01 12:30:50,Parked,Parked,100,0,71.929,0,-0.08,395,25,-0.032
2026-01-01 12:31:00,Parked,Parked,100,0,71.929,0,-0.08,395,25,-0.032
2026-01-01 12:31:10,Parked,Parked,100,0,71.929,0,-0.08,395,25,-0.032
2026-01-01 12:31:20,Parked,Parked,100,0,71.929,0,-0.08,395,25,-0.032
2026-01-01 12:31:30,Parked,Parked,100,0,71.929,0,-0.08,395,25,-0.032
2026-01-01 12:31:40,Parked,Parked,100,0,71.928,0,-0.08,395,25,-0.032
2026-01-01 12:31:50,Parked,Parked,100,0,71.928,0,-0.08,395,25,-0.032
2026-01-01 12:32:00,Parked,Parked,100,0,71.928,0,-0.08,395,25,-0.032
2026-01-01 12:32:10,Parked,Parked,100,0,71.928,0,-0.08,395,25,-0.032
2026-01-01 12:32:20,Parked,Parked,100,0,71.928,0,-0.08,395,25,-0.032
2026-01-01 12:32:30,Parked,Parked,100,0,71.928,0,-0.08,395,25,-0.032
2026-01-01 12:32:40,Parked,Parked,100,0,71.928,0,-0.08,395,25,-0.032
2026-01-01 12:32:50,Parked,Parked,100,0,71.928,0,-0.08,395,25,-0.032
2026-01-01 12:33:00,Parked,Parked,100,0,71.928,0,-0.08,395,25,-0.032
2026-01-01 12:33:10,Parked,Parked,100,0,71.928,0,-0.08,395,25,-0.032
2026-01-01 12:33:20,Parked,Parked,100,0,71.928,0,-0.08,395,25,-0.032
2026-01-01 12:33:30,Parked,Parked,100,0,71.928,0,-0.08,395,25,-0.032
2026-01-01 12:33:40,Parked,Parked,100,0,71.928,0,-0.08,395,25,-0.032
2026-01-01 12:33:50,Parked,Parked,100,0,71.928,0,-0.08,395,25,-0.032
2026-01-01 12:34:00,Parked,Parked,100,0,71.928,0,-0.08,395,25,-0.032
2026-01-01 12:34:10,Parked,Parked,100,0,71.928,0,-0.08,395,25,-0.032
2026-01-01 12:34:20,Parked,Parked,100,0,71.928,0,-0.08,395,25,-0.032
2026-01-01 12:34:30,Parked,Parked,100,0,71.928,0,-0.08,395,25,-0.032
2026-01-01 12:34:40,Parked,Parked,100,0,71.928,0,-0.08,395,25,-0.032
2026-01-01 12:34:50,Parked,Parked,100,0,71.928,0,-0.08,395,25,-0.032
2026-01-01 12:35:00,Parked,Parked,100,0,71.928,0,-0.08,395,25,-0.032
2026-01-01 12:35:10,Parked,Parked,100,0,71.928,0,-0.08,395,25,-0.032
2026-01-01 12:35:20,Parked,Parked,100,0,71.928,0,-0.08,395,25,-0.032
2026-01-01 12:35:30,Parked,Parked,100,0,71.927,0,-0.08,395,25,-0.032
2026-01-01 12:35:40,Parked,Parked,100,0,71.927,0,-0.08,395,25,-0.032
2026-01-01 12:35:50,Parked,Parked,100,0,71.927,0,-0.08,395,25,-0.032
2026-01-01 12:36:00,Parked,Parked,100,0,71.927,0,-0.08,395,25,-0.032
2026-01-01 12:36:10,Parked,Parked,100,0,71.927,0,-0.08,395,25,-0.032
2026-01-01 12:36:20,Parked,Parked,100,0,71.927,0,-0.08,395,25,-0.032
2026-01-01 12:36:30,Parked,Parked,100,0,71.927,0,-0.08,395,25,-0.032
2026-01-01 12:36:40,Parked,Parked,100,0,71.927,0,-0.08,395,25,-0.032
2026-01-01 12:36:50,Parked,Parked,100,0,71.927,0,-0.08,395,25,-0.032
2026-01-01 12:37:00,Parked,Parked,100,0,71.927,0,-0.08,395,25,-0.032
2026-01-01 12:37:10,Parked,Parked,100,0,71.927,0,-0.08,395,25,-0.032
2026-01-01 12:37:20,Parked,Parked,100,0,71.927,0,-0.08,395,25,-0.032
2026-01-01 12:37:30,Parked,Parked,100,0,71.927,0,-0.08,395,25,-0.032
2026-01-01 12:37:40,Parked,Parked,100,0,71.927,0,-0.08,395,25,-0.032
2026-01-01 12:37:50,Parked,Parked,100,0,71.927,0,-0.08,395,25,-0.032
2026-01-01 12:38:00,Parked,Parked,100,0,71.927,0,-0.08,395,25,-0.032
2026-01-01 12:38:10,Parked,Parked,100,0,71.927,0,-0.08,395,25,-0.032
2026-01-01 12:38:20,Parked,Parked,100,0,71.927,0,-0.08,395,25,-0.032
2026-01-01 12:38:30,Parked,Parked,100,0,71.927,0,-0.08,395,25,-0.032
2026-01-01 12:38:40,Parked,Parked,100,0,71.927,0,-0.08,395,25,-0.032
2026-01-01 12:38:50,Parked,Parked,100,0,71.927,0,-0.08,395,25,-0.032
2026-01-01 12:39:00,Parked,Parked,100,0,71.927,0,-0.08,395,25,-0.032
2026-01-01 12:39:10,Parked,Parked,100,0,71.927,0,-0.08,395,25,-0.032
2026-01-01 12:39:20,Parked,Parked,100,0,71.926,0,-0.08,395,25,-0.032
2026-01-01 12:39:30,Parked,Parked,100,0,71.926,0,-0.08,395,25,-0.032
2026-01-01 12:39:40,Parked,Parked,100,0,71.926,0,-0.08,395,25,-0.032
2026-01-01 12:39:50,Parked,Parked,100,0,71.926,0,-0.08,395,25,-0.032
2026-01-01 12:40:00,Parked,Parked,100,0,71.926,0,-0.08,395,25,-0.032
2026-01-01 12:40:10,Parked,Parked,100,0,71.926,0,-0.08,395,25,-0.032
2026-01-01 12:40:20,Parked,Parked,100,0,71.926,0,-0.08,395,25,-0.032
2026-01-01 12:40:30,Parked,Parked,100,0,71.926,0,-0.08,395,25,-0.032
2026-01-01 12:40:40,Parked,Parked,100,0,71.926,0,-0.08,395,25,-0.032
2026-01-01 12:40:50,Parked,Parked,100,0,71.926,0,-0.08,395,25,-0.032
2026-01-01 12:41:00,Parked,Parked,100,0,71.926,0,-0.08,395,25,-0.032
2026-01-01 12:41:10,Parked,Parked,100,0,71.926,0,-0.08,395,25,-0.032
2026-01-01 12:41:20,Parked,Parked,100,0,71.926,0,-0.08,395,25,-0.032
2026-01-01 12:41:30,Parked,Parked,100,0,71.926,0,-0.08,395,25,-0.032
2026-01-01 12:41:40,Parked,Parked,100,0,71.926,0,-0.08,395,25,-0.032
2026-01-01 12:41:50,Parked,Parked,100,0,71.926,0,-0.08,395,25,-0.032
2026-01-01 12:42:00,Parked,Parked,100,0,71.926,0,-0.08,395,25,-0.032
2026-01-01 12:42:10,Parked,Parked,100,0,71.926,0,-0.08,395,25,-0.032
2026-01-01 12:42:20,Parked,Parked,100,0,71.926,0,-0.08,395,25,-0.032
2026-01-01 12:42:30,Parked,Parked,100,0,71.926,0,-0.08,395,25,-0.032
2026-01-01 12:42:40,Parked,Parked,100,0,71.926,0,-0.08,395,25,-0.032
2026-01-01 12:42:50,Parked,Parked,100,0,71.926,0,-0.08,395,25,-0.032
2026-01-01 12:43:00,Parked,Parked,100,0,71.926,0,-0.08,395,25,-0.032
2026-01-01 12:43:10,Parked,Parked,100,0,71.925,0,-0.08,395,25,-0.032
2026-01-01 12:43:20,Parked,Parked,100,0,71.925,0,-0.08,395,25,-0.032
2026-01-01 12:43:30,Parked,Parked,100,0,71.925,0,-0.08,395,25,-0.032
2026-01-01 12:43:40,Parked,Parked,100,0,71.925,0,-0.08,395,25,-0.032
2026-01-01 12:43:50,Parked,Parked,100,0,71.925,0,-0.08,395,25,-0.032
2026-01-01 12:44:00,Parked,Parked,100,0,71.925,0,-0.08,395,25,-0.032
2026-01-01 12:44:10,Parked,Parked,100,0,71.925,0,-0.08,395,25,-0.032
2026-01-01 12:44:20,Parked,Parked,100,0,71.925,0,-0.08,395,25,-0.032
2026-01-01 12:44:30,Parked,Parked,100,0,71.925,0,-0.08,395,25,-0.032
2026-01-01 12:44:40,Parked,Parked,100,0,71.925,0,-0.08,395,25,-0.032
2026-01-01 12:44:50,Parked,Parked,100,0,71.925,0,-0.08,395,25,-0.032
2026-01-01 12:45:00,Parked,Parked,100,0,71.925,0,-0.08,395,25,-0.032
2026-01-01 12:45:10,Parked,Parked,100,0,71.925,0,-0.08,395,25,-0.032
2026-01-01 12:45:20,Parked,Parked,100,0,71.925,0,-0.08,395,25,-0.032
2026-01-01 12:45:30,Parked,Parked,100,0,71.925,0,-0.08,395,25,-0.032
2026-01-01 12:45:40,Parked,Parked,100,0,71.925,0,-0.08,395,25,-0.032
2026-01-01 12:45:50,Parked,Parked,100,0,71.925,0,-0.08,395,25,-0.032
2026-01-01 12:46:00,Parked,Parked,100,0,71.925,0,-0.08,395,25,-0.032
2026-01-01 12:46:10,Parked,Parked,100,0,71.925,0,-0.08,395,25,-0.032
2026-01-01 12:46:20,Parked,Parked,100,0,71.925,0,-0.08,395,25,-0.032
2026-01-01 12:46:30,Parked,Parked,100,0,71.925,0,-0.08,395,25,-0.032
2026-01-01 12:46:40,Parked,Parked,100,0,71.925,0,-0.08,395,25,-0.032
2026-01-01 12:46:50,Parked,Parked,100,0,71.924,0,-0.08,395,25,-0.032
2026-01-01 12:47:00,Parked,Parked,100,0,71.924,0,-0.08,395,25,-0.032
2026-01-01 12:47:10,Parked,Parked,100,0,71.924,0,-0.08,395,25,-0.032
2026-01-01 12:47:20,Parked,Parked,100,0,71.924,0,-0.08,395,25,-0.032
2026-01-01 12:47:30,Parked,Parked,100,0,71.924,0,-0.08,395,25,-0.032
2026-01-01 12:47:40,Parked,Parked,100,0,71.924,0,-0.08,395,25,-0.032
2026-01-01 12:47:50,Parked,Parked,100,0,71.924,0,-0.08,395,25,-0.032
2026-01-01 12:48:00,Parked,Parked,100,0,71.924,0,-0.08,395,25,-0.032
2026-01-01 12:48:10,Parked,Parked,100,0,71.924,0,-0.08,395,25,-0.032
2026-01-01 12:48:20,Parked,Parked,100,0,71.924,0,-0.08,395,25,-0.032
2026-01-01 12:48:30,Parked,Parked,100,0,71.924,0,-0.08,395,25,-0.032
2026-01-01 12:48:40,Parked,Parked,100,0,71.924,0,-0.08,395,25,-0.032
2026-01-01 12:48:50,Parked,Parked,100,0,71.924,0,-0.08,395,25,-0.032
2026-01-01 12:49:00,Parked,Parked,100,0,71.924,0,-0.08,395,25,-0.032
2026-01-01 12:49:10,Parked,Parked,100,0,71.924,0,-0.08,395,25,-0.032
2026-01-01 12:49:20,Parked,Parked,100,0,71.924,0,-0.08,395,25,-0.032
2026-01-01 12:49:30,Parked,Parked,100,0,71.924,0,-0.08,395,25,-0.032
2026-01-01 12:49:40,Parked,Parked,100,0,71.924,0,-0.08,395,25,-0.032
2026-01-01 12:49:50,Parked,Parked,100,0,71.924,0,-0.08,395,25,-0.032
2026-01-01 12:50:00,Parked,Parked,100,0,71.924,0,-0.08,395,25,-0.032
2026-01-01 12:50:10,Parked,Parked,100,0,71.924,0,-0.08,395,25,-0.032
2026-01-01 12:50:20,Parked,Parked,100,0,71.924,0,-0.08,395,25,-0.032
2026-01-01 12:50:30,Parked,Parked,100,0,71.924,0,-0.08,395,25,-0.032
2026-01-01 12:50:40,Parked,Parked,100,0,71.923,0,-0.08,395,25,-0.032
2026-01-01 12:50:50,Parked,Parked,100,0,71.923,0,-0.08,395,25,-0.032
2026-01-01 12:51:00,Parked,Parked,100,0,71.923,0,-0.08,395,25,-0.032
2026-01-01 12:51:10,Parked,Parked,100,0,71.923,0,-0.08,395,25,-0.032
2026-01-01 12:51:20,Parked,Parked,100,0,71.923,0,-0.08,395,25,-0.032
2026-01-01 12:51:30,Parked,Parked,100,0,71.923,0,-0.08,395,25,-0.032
2026-01-01 12:51:40,Parked,Parked,100,0,71.923,0,-0.08,395,25,-0.032
2026-01-01 12:51:50,Parked,Parked,100,0,71.923,0,-0.08,395,25,-0.032
2026-01-01 12:52:00,Parked,Parked,100,0,71.923,0,-0.08,395,25,-0.032
2026-01-01 12:52:10,Parked,Parked,100,0,71.923,0,-0.08,395,25,-0.032
2026-01-01 12:52:20,Parked,Parked,100,0,71.923,0,-0.08,395,25,-0.032
2026-01-01 12:52:30,Parked,Parked,100,0,71.923,0,-0.08,395,25,-0.032
2026-01-01 12:52:40,Parked,Parked,100,0,71.923,0,-0.08,395,25,-0.032
2026-01-01 12:52:50,Parked,Parked,100,0,71.923,0,-0.08,395,25,-0.032
2026-01-01 12:53:00,Parked,Parked,100,0,71.923,0,-0.08,395,25,-0.032
2026-01-01 12:53:10,Parked,Parked,100,0,71.923,0,-0.08,395,25,-0.032
2026-01-01 12:53:20,Parked,Parked,100,0,71.923,0,-0.08,395,25,-0.032
2026-01-01 12:53:30,Parked,Parked,100,0,71.923,0,-0.08,395,25,-0.032
2026-01-01 12:53:40,Parked,Parked,100,0,71.923,0,-0.08,395,25,-0.032
2026-01-01 12:53:50,Parked,Parked,100,0,71.923,0,-0.08,395,25,-0.032
2026-01-01 12:54:00,Parked,Parked,100,0,71.923,0,-0.08,395,25,-0.032
2026-01-01 12:54:10,Parked,Parked,100,0,71.923,0,-0.08,395,25,-0.032
2026-01-01 12:54:20,Parked,Parked,100,0,71.923,0,-0.08,395,25,-0.032
2026-01-01 12:54:30,Parked,Parked,100,0,71.922,0,-0.08,395,25,-0.032
2026-01-01 12:54:40,Parked,Parked,100,0,71.922,0,-0.08,395,25,-0.032
2026-01-01 12:54:50,Parked,Parked,100,0,71.922,0,-0.08,395,25,-0.032
2026-01-01 12:55:00,Parked,Parked,100,0,71.922,0,-0.08,395,25,-0.032
2026-01-01 12:55:10,Parked,Parked,100,0,71.922,0,-0.08,395,25,-0.032
2026-01-01 12:55:20,Parked,Parked,100,0,71.922,0,-0.08,395,25,-0.032
2026-01-01 12:55:30,Parked,Parked,100,0,71.922,0,-0.08,395,25,-0.032
2026-01-01 12:55:40,Parked,Parked,100,0,71.922,0,-0.08,395,25,-0.032
2026-01-01 12:55:50,Parked,Parked,100,0,71.922,0,-0.08,395,25,-0.032
2026-01-01 12:56:00,Parked,Parked,100,0,71.922,0,-0.08,395,25,-0.032
2026-01-01 12:56:10,Parked,Parked,100,0,71.922,0,-0.08,395,25,-0.032
2026-01-01 12:56:20,Parked,Parked,100,0,71.922,0,-0.08,395,25,-0.032
2026-01-01 12:56:30,Parked,Parked,100,0,71.922,0,-0.08,395,25,-0.032
2026-01-01 12:56:40,Parked,Parked,100,0,71.922,0,-0.08,395,25,-0.032
2026-01-01 12:56:50,Parked,Parked,100,0,71.922,0,-0.08,395,25,-0.032
2026-01-01 12:57:00,Parked,Parked,100,0,71.922,0,-0.08,395,25,-0.032
2026-01-01 12:57:10,Parked,Parked,100,0,71.922,0,-0.08,395,25,-0.032
2026-01-01 12:57:20,Parked,Parked,100,0,71.922,0,-0.08,395,25,-0.032
2026-01-01 12:57:30,Parked,Parked,100,0,71.922,0,-0.08,395,25,-0.032
2026-01-01 12:57:40,Parked,Parked,100,0,71.922,0,-0.08,395,25,-0.032
2026-01-01 12:57:50,Parked,Parked,100,0,71.922,0,-0.08,395,25,-0.032
2026-01-01 12:58:00,Parked,Parked,100,0,71.922,0,-0.08,395,25,-0.032
2026-01-01 12:58:10,Parked,Parked,100,0,71.922,0,-0.08,395,25,-0.032
2026-01-01 12:58:20,Parked,Parked,100,0,71.921,0,-0.08,395,25,-0.032
2026-01-01 12:58:30,Parked,Parked,100,0,71.921,0,-0.08,395,25,-0.032
2026-01-01 12:58:40,Parked,Parked,100,0,71.921,0,-0.08,395,25,-0.032
2026-01-01 12:58:50,Parked,Parked,100,0,71.921,0,-0.08,395,25,-0.032
2026-01-01 12:59:00,Parked,Parked,100,0,71.921,0,-0.08,395,25,-0.032
2026-01-01 12:59:10,Parked,Parked,100,0,71.921,0,-0.08,395,25,-0.032
2026-01-01 12:59:20,Parked,Parked,100,0,71.921,0,-0.08,395,25,-0.032
2026-01-01 12:59:30,Parked,Parked,100,0,71.921,0,-0.08,395,25,-0.032
2026-01-01 12:59:40,Parked,Parked,100,0,71.921,0,-0.08,395,25,-0.032
2026-01-01 12:59:50,Parked,Parked,100,0,71.921,0,-0.08,395,25,-0.032
2026-01-01 13:00:00,Parked,Parked,100,0,71.921,0,-0.08,395,25,-0.032
2026-01-01 13:00:10,Parked,Parked,100,0,71.921,0,-0.08,395,25,-0.032
2026-01-01 13:00:20,Parked,Parked,100,0,71.921,0,-0.08,395,25,-0.032
2026-01-01 13:00:30,Parked,Parked,100,0,71.921,0,-0.08,395,25,-0.032
2026-01-01 13:00:40,Parked,Parked,100,0,71.921,0,-0.08,395,25,-0.032
2026-01-01 13:00:50,Parked,Parked,100,0,71.921,0,-0.08,395,25,-0.032
2026-01-01 13:01:00,Parked,Parked,100,0,71.921,0,-0.08,395,25,-0.032
2026-01-01 13:01:10,Parked,Parked,100,0,71.921,0,-0.08,395,25,-0.032
2026-01-01 13:01:20,Parked,Parked,100,0,71.921,0,-0.08,395,25,-0.032
2026-01-01 13:01:30,Parked,Parked,100,0,71.921,0,-0.08,395,25,-0.032
2026-01-01 13:01:40,Parked,Parked,100,0,71.921,0,-0.08,395,25,-0.032
2026-01-01 13:01:50,Parked,Parked,100,0,71.921,0,-0.08,395,25,-0.032
2026-01-01 13:02:00,Parked,Parked,100,0,71.921,0,-0.08,395,25,-0.032
2026-01-01 13:02:10,Parked,Parked,100,0,71.92,0,-0.08,395,25,-0.032
2026-01-01 13:02:20,Parked,Parked,100,0,71.92,0,-0.08,395,25,-0.032
2026-01-01 13:02:30,Parked,Parked,100,0,71.92,0,-0.08,395,25,-0.032
2026-01-01 13:02:40,Parked,Parked,100,0,71.92,0,-0.08,395,25,-0.032
2026-01-01 13:02:50,Parked,Parked,100,0,71.92,0,-0.08,395,25,-0.032
2026-01-01 13:03:00,Parked,Parked,100,0,71.92,0,-0.08,395,25,-0.032
2026-01-01 13:03:10,Parked,Parked,100,0,71.92,0,-0.08,395,25,-0.032
2026-01-01 13:03:20,Parked,Parked,100,0,71.92,0,-0.08,395,25,-0.032
2026-01-01 13:03:30,Parked,Parked,100,0,71.92,0,-0.08,395,25,-0.032
2026-01-01 13:03:40,Parked,Parked,100,0,71.92,0,-0.08,395,25,-0.032
2026-01-01 13:03:50,Parked,Parked,100,0,71.92,0,-0.08,395,25,-0.032
2026-01-01 13:04:00,Parked,Parked,100,0,71.92,0,-0.08,395,25,-0.032
2026-01-01 13:04:10,Parked,Parked,100,0,71.92,0,-0.08,395,25,-0.032
2026-01-01 13:04:20,Parked,Parked,100,0,71.92,0,-0.08,395,25,-0.032
2026-01-01 13:04:30,Parked,Parked,100,0,71.92,0,-0.08,395,25,-0.032
2026-01-01 13:04:40,Parked,Parked,100,0,71.92,0,-0.08,395,25,-0.032
2026-01-01 13:04:50,Parked,Parked,100,0,71.92,0,-0.08,395,25,-0.032
2026-01-01 13:05:00,Parked,Parked,100,0,71.92,0,-0.08,395,25,-0.032
2026-01-01 13:05:10,Parked,Parked,100,0,71.92,0,-0.08,395,25,-0.032
2026-01-01 13:05:20,Parked,Parked,100,0,71.92,0,-0.08,395,25,-0.032
2026-01-01 13:05:30,Parked,Parked,100,0,71.92,0,-0.08,395,25,-0.032
2026-01-01 13:05:40,Parked,Parked,100,0,71.92,0,-0.08,395,25,-0.032
2026-01-01 13:05:50,Parked,Parked,100,0,71.919,0,-0.08,395,25,-0.032
2026-01-01 13:06:00,Parked,Parked,100,0,71.919,0,-0.08,395,25,-0.032
2026-01-01 13:06:10,Parked,Parked,100,0,71.919,0,-0.08,395,25,-0.032
2026-01-01 13:06:20,Parked,Parked,100,0,71.919,0,-0.08,395,25,-0.032
2026-01-01 13:06:30,Parked,Parked,100,0,71.919,0,-0.08,395,25,-0.032
2026-01-01 13:06:40,Parked,Parked,100,0,71.919,0,-0.08,395,25,-0.032
2026-01-01 13:06:50,Parked,Parked,100,0,71.919,0,-0.08,395,25,-0.032
2026-01-01 13:07:00,Parked,Parked,100,0,71.919,0,-0.08,395,25,-0.032
2026-01-01 13:07:10,Parked,Parked,100,0,71.919,0,-0.08,395,25,-0.032
2026-01-01 13:07:20,Parked,Parked,100,0,71.919,0,-0.08,395,25,-0.032
2026-01-01 13:07:30,Parked,Parked,100,0,71.919,0,-0.08,395,25,-0.032
2026-01-01 13:07:40,Parked,Parked,100,0,71.919,0,-0.08,395,25,-0.032
2026-01-01 13:07:50,Parked,Parked,100,0,71.919,0,-0.08,395,25,-0.032
2026-01-01 13:08:00,Parked,Parked,100,0,71.919,0,-0.08,395,25,-0.032
2026-01-01 13:08:10,Parked,Parked,100,0,71.919,0,-0.08,395,25,-0.032
2026-01-01 13:08:20,Parked,Parked,100,0,71.919,0,-0.08,395,25,-0.032
2026-01-01 13:08:30,Parked,Parked,100,0,71.919,0,-0.08,395,25,-0.032
2026-01-01 13:08:40,Parked,Parked,100,0,71.919,0,-0.08,395,25,-0.032
2026-01-01 13:08:50,Parked,Parked,100,0,71.919,0,-0.08,395,25,-0.032
2026-01-01 13:09:00,Parked,Parked,100,0,71.919,0,-0.08,395,25,-0.032
2026-01-01 13:09:10,Parked,Parked,100,0,71.919,0,-0.08,395,25,-0.032
2026-01-01 13:09:20,Parked,Parked,100,0,71.919,0,-0.08,395,25,-0.032
2026-01-01 13:09:30,Parked,Parked,100,0,71.919,0,-0.08,395,25,-0.032
2026-01-01 13:09:40,Parked,Parked,100,0,71.918,0,-0.08,395,25,-0.032
2026-01-01 13:09:50,Parked,Parked,100,0,71.918,0,-0.08,395,25,-0.032
2026-01-01 13:10:00,Parked,Parked,100,0,71.918,0,-0.08,395,25,-0.032
2026-01-01 13:10:10,Parked,Parked,100,0,71.918,0,-0.08,395,25,-0.032
2026-01-01 13:10:20,Parked,Parked,100,0,71.918,0,-0.08,395,25,-0.032
2026-01-01 13:10:30,Parked,Parked,100,0,71.918,0,-0.08,395,25,-0.032
2026-01-01 13:10:40,Parked,Parked,100,0,71.918,0,-0.08,395,25,-0.032
2026-01-01 13:10:50,Parked,Parked,100,0,71.918,0,-0.08,395,25,-0.032
2026-01-01 13:11:00,Parked,Parked,100,0,71.918,0,-0.08,395,25,-0.032
2026-01-01 13:11:10,Parked,Parked,100,0,71.918,0,-0.08,395,25,-0.032
2026-01-01 13:11:20,Parked,Parked,100,0,71.918,0,-0.08,395,25,-0.032
2026-01-01 13:11:30,Parked,Parked,100,0,71.918,0,-0.08,395,25,-0.032
2026-01-01 13:11:40,Parked,Parked,100,0,71.918,0,-0.08,395,25,-0.032
2026-01-01 13:11:50,Parked,Parked,100,0,71.918,0,-0.08,395,25,-0.032
2026-01-01 13:12:00,Parked,Parked,100,0,71.918,0,-0.08,395,25,-0.032
2026-01-01 13:12:10,Parked,Parked,100,0,71.918,0,-0.08,395,25,-0.032
2026-01-01 13:12:20,Parked,Parked,100,0,71.918,0,-0.08,395,25,-0.032
2026-01-01 13:12:30,Parked,Parked,100,0,71.918,0,-0.08,395,25,-0.032
2026-01-01 13:12:40,Parked,Parked,100,0,71.918,0,-0.08,395,25,-0.032
2026-01-01 13:12:50,Parked,Parked,100,0,71.918,0,-0.08,395,25,-0.032
2026-01-01 13:13:00,Parked,Parked,100,0,71.918,0,-0.08,395,25,-0.032
2026-01-01 13:13:10,Parked,Parked,100,0,71.918,0,-0.08,395,25,-0.032
2026-01-01 13:13:20,Parked,Parked,100,0,71.918,0,-0.08,395,25,-0.032
2026-01-01 13:13:30,Parked,Parked,100,0,71.917,0,-0.08,395,25,-0.032
2026-01-01 13:13:40,Parked,Parked,100,0,71.917,0,-0.08,395,25,-0.032
2026-01-01 13:13:50,Parked,Parked,100,0,71.917,0,-0.08,395,25,-0.032
2026-01-01 13:14:00,Parked,Parked,100,0,71.917,0,-0.08,395,25,-0.032
2026-01-01 13:14:10,Parked,Parked,100,0,71.917,0,-0.08,395,25,-0.032
2026-01-01 13:14:20,Parked,Parked,100,0,71.917,0,-0.08,395,25,-0.032
2026-01-01 13:14:30,Parked,Parked,100,0,71.917,0,-0.08,395,25,-0.032
2026-01-01 13:14:40,Parked,Parked,100,0,71.917,0,-0.08,395,25,-0.032
2026-01-01 13:14:50,Parked,Parked,100,0,71.917,0,-0.08,395,25,-0.032
2026-01-01 13:15:00,Parked,Parked,100,0,71.917,0,-0.08,395,25,-0.032
2026-01-01 13:15:10,Parked,Parked,100,0,71.917,0,-0.08,395,25,-0.032
2026-01-01 13:15:20,Parked,Parked,100,0,71.917,0,-0.08,395,25,-0.032
2026-01-01 13:15:30,Parked,Parked,100,0,71.917,0,-0.08,395,25,-0.032
2026-01-01 13:15:40,Parked,Parked,100,0,71.917,0,-0.08,395,25,-0.032
2026-01-01 13:15:50,Parked,Parked,100,0,71.917,0,-0.08,395,25,-0.032
2026-01-01 13:16:00,Parked,Parked,100,0,71.917,0,-0.08,395,25,-0.032
2026-01-01 13:16:10,Parked,Parked,100,0,71.917,0,-0.08,395,25,-0.032
2026-01-01 13:16:20,Parked,Parked,100,0,71.917,0,-0.08,395,25,-0.032
2026-01-01 13:16:30,Parked,Parked,100,0,71.917,0,-0.08,395,25,-0.032
2026-01-01 13:16:40,Parked,Parked,100,0,71.917,0,-0.08,395,25,-0.032
2026-01-01 13:16:50,Parked,Parked,100,0,71.917,0,-0.08,395,25,-0.032
2026-01-01 13:17:00,Parked,Parked,100,0,71.917,0,-0.08,395,25,-0.032
2026-01-01 13:17:10,Parked,Parked,100,0,71.917,0,-0.08,395,25,-0.032
2026-01-01 13:17:20,Parked,Parked,100,0,71.916,0,-0.08,395,25,-0.032
2026-01-01 13:17:30,Parked,Parked,100,0,71.916,0,-0.08,395,25,-0.032
2026-01-01 13:17:40,Parked,Parked,100,0,71.916,0,-0.08,395,25,-0.032
2026-01-01 13:17:50,Parked,Parked,100,0,71.916,0,-0.08,395,25,-0.032
2026-01-01 13:18:00,Parked,Parked,100,0,71.916,0,-0.08,395,25,-0.032
2026-01-01 13:18:10,Parked,Parked,100,0,71.916,0,-0.08,395,25,-0.032
2026-01-01 13:18:20,Parked,Parked,100,0,71.916,0,-0.08,395,25,-0.032
2026-01-01 13:18:30,Parked,Parked,100,0,71.916,0,-0.08,395,25,-0.032
2026-01-01 13:18:40,Parked,Parked,100,0,71.916,0,-0.08,395,25,-0.032
2026-01-01 13:18:50,Parked,Parked,100,0,71.916,0,-0.08,395,25,-0.032
2026-01-01 13:19:00,Parked,Parked,100,0,71.916,0,-0.08,395,25,-0.032
2026-01-01 13:19:10,Parked,Parked,100,0,71.916,0,-0.08,395,25,-0.032
2026-01-01 13:19:20,Parked,Parked,100,0,71.916,0,-0.08,395,25,-0.032
2026-01-01 13:19:30,Parked,Parked,100,0,71.916,0,-0.08,395,25,-0.032
2026-01-01 13:19:40,Parked,Parked,100,0,71.916,0,-0.08,395,25,-0.032
2026-01-01 13:19:50,Parked,Parked,100,0,71.916,0,-0.08,395,25,-0.032
2026-01-01 13:20:00,Parked,Parked,100,0,71.916,0,-0.08,395,25,-0.032
2026-01-01 13:20:10,Parked,Parked,100,0,71.916,0,-0.08,395,25,-0.032
2026-01-01 13:20:20,Parked,Parked,100,0,71.916,0,-0.08,395,25,-0.032
2026-01-01 13:20:30,Parked,Parked,100,0,71.916,0,-0.08,395,25,-0.032
2026-01-01 13:20:40,Parked,Parked,100,0,71.916,0,-0.08,395,25,-0.032
2026-01-01 13:20:50,Parked,Parked,100,0,71.916,0,-0.08,395,25,-0.032
2026-01-01 13:21:00,Parked,Parked,100,0,71.916,0,-0.08,395,25,-0.032
2026-01-01 13:21:10,Parked,Parked,100,0,71.915,0,-0.08,395,25,-0.032
2026-01-01 13:21:20,Parked,Parked,100,0,71.915,0,-0.08,395,25,-0.032
2026-01-01 13:21:30,Parked,Parked,100,0,71.915,0,-0.08,395,25,-0.032
2026-01-01 13:21:40,Parked,Parked,100,0,71.915,0,-0.08,395,25,-0.032
2026-01-01 13:21:50,Parked,Parked,100,0,71.915,0,-0.08,395,25,-0.032
2026-01-01 13:22:00,Parked,Parked,100,0,71.915,0,-0.08,395,25,-0.032
2026-01-01 13:22:10,Parked,Parked,100,0,71.915,0,-0.08,395,25,-0.032
2026-01-01 13:22:20,Parked,Parked,100,0,71.915,0,-0.08,395,25,-0.032
2026-01-01 13:22:30,Parked,Parked,100,0,71.915,0,-0.08,395,25,-0.032
2026-01-01 13:22:40,Parked,Parked,100,0,71.915,0,-0.08,395,25,-0.032
2026-01-01 13:22:50,Parked,Parked,100,0,71.915,0,-0.08,395,25,-0.032
2026-01-01 13:23:00,Parked,Parked,100,0,71.915,0,-0.08,395,25,-0.032
2026-01-01 13:23:10,Parked,Parked,100,0,71.915,0,-0.08,395,25,-0.032
2026-01-01 13:23:20,Parked,Parked,100,0,71.915,0,-0.08,395,25,-0.032
2026-01-01 13:23:30,Parked,Parked,100,0,71.915,0,-0.08,395,25,-0.032
2026-01-01 13:23:40,Parked,Parked,100,0,71.915,0,-0.08,395,25,-0.032
2026-01-01 13:23:50,Parked,Parked,100,0,71.915,0,-0.08,395,25,-0.032
2026-01-01 13:24:00,Parked,Parked,100,0,71.915,0,-0.08,395,25,-0.032
2026-01-01 13:24:10,Parked,Parked,100,0,71.915,0,-0.08,395,25,-0.032
2026-01-01 13:24:20,Parked,Parked,100,0,71.915,0,-0.08,395,25,-0.032
2026-01-01 13:24:30,Parked,Parked,100,0,71.915,0,-0.08,395,25,-0.032
2026-01-01 13:24:40,Parked,Parked,100,0,71.915,0,-0.08,395,25,-0.032
2026-01-01 13:24:50,Parked,Parked,100,0,71.914,0,-0.08,395,25,-0.032
2026-01-01 13:25:00,Parked,Parked,100,0,71.914,0,-0.08,395,25,-0.032
2026-01-01 13:25:10,Parked,Parked,100,0,71.914,0,-0.08,395,25,-0.032
2026-01-01 13:25:20,Parked,Parked,100,0,71.914,0,-0.08,395,25,-0.032
2026-01-01 13:25:30,Parked,Parked,100,0,71.914,0,-0.08,395,25,-0.032
2026-01-01 13:25:40,Parked,Parked,100,0,71.914,0,-0.08,395,25,-0.032
2026-01-01 13:25:50,Parked,Parked,100,0,71.914,0,-0.08,395,25,-0.032
2026-01-01 13:26:00,Parked,Parked,100,0,71.914,0,-0.08,395,25,-0.032
2026-01-01 13:26:10,Parked,Parked,100,0,71.914,0,-0.08,395,25,-0.032
2026-01-01 13:26:20,Parked,Parked,100,0,71.914,0,-0.08,395,25,-0.032
2026-01-01 13:26:30,Parked,Parked,100,0,71.914,0,-0.08,395,25,-0.032
2026-01-01 13:26:40,Parked,Parked,100,0,71.914,0,-0.08,395,25,-0.032
2026-01-01 13:26:50,Parked,Parked,100,0,71.914,0,-0.08,395,25,-0.032
2026-01-01 13:27:00,Parked,Parked,100,0,71.914,0,-0.08,395,25,-0.032
2026-01-01 13:27:10,Parked,Parked,100,0,71.914,0,-0.08,395,25,-0.032
2026-01-01 13:27:20,Parked,Parked,100,0,71.914,0,-0.08,395,25,-0.032
2026-01-01 13:27:30,Parked,Parked,100,0,71.914,0,-0.08,395,25,-0.032
2026-01-01 13:27:40,Parked,Parked,100,0,71.914,0,-0.08,395,25,-0.032
2026-01-01 13:27:50,Parked,Parked,100,0,71.914,0,-0.08,395,25,-0.032
2026-01-01 13:28:00,Parked,Parked,100,0,71.914,0,-0.08,395,25,-0.032
2026-01-01 13:28:10,Parked,Parked,100,0,71.914,0,-0.08,395,25,-0.032
2026-01-01 13:28:20,Parked,Parked,100,0,71.914,0,-0.08,395,25,-0.032
2026-01-01 13:28:30,Parked,Parked,100,0,71.914,0,-0.08,395,25,-0.032
2026-01-01 13:28:40,Parked,Parked,100,0,71.913,0,-0.08,395,25,-0.032
2026-01-01 13:28:50,Parked,Parked,100,0,71.913,0,-0.08,395,25,-0.032
2026-01-01 13:29:00,Parked,Parked,100,0,71.913,0,-0.08,395,25,-0.032
2026-01-01 13:29:10,Parked,Parked,100,0,71.913,0,-0.08,395,25,-0.032
2026-01-01 13:29:20,Parked,Parked,100,0,71.913,0,-0.08,395,25,-0.032
2026-01-01 13:29:30,Parked,Parked,100,0,71.913,0,-0.08,395,25,-0.032
2026-01-01 13:29:40,Parked,Parked,100,0,71.913,0,-0.08,395,25,-0.032
2026-01-01 13:29:50,Parked,Parked,100,0,71.913,0,-0.08,395,25,-0.032
2026-01-01 13:30:00,Parked,Parked,100,0,71.913,0,-0.08,395,25,-0.032
2026-01-01 13:30:10,Parked,Parked,100,0,71.913,0,-0.08,395,25,-0.032
2026-01-01 13:30:20,Parked,Parked,100,0,71.913,0,-0.08,395,25,-0.032
2026-01-01 13:30:30,Parked,Parked,100,0,71.913,0,-0.08,395,25,-0.032
2026-01-01 13:30:40,Parked,Parked,100,0,71.913,0,-0.08,395,25,-0.032
2026-01-01 13:30:50,Parked,Parked,100,0,71.913,0,-0.08,395,25,-0.032
2026-01-01 13:31:00,Parked,Parked,100,0,71.913,0,-0.08,395,25,-0.032
2026-01-01 13:31:10,Parked,Parked,100,0,71.913,0,-0.08,395,25,-0.032
2026-01-01 13:31:20,Parked,Parked,100,0,71.913,0,-0.08,395,25,-0.032
2026-01-01 13:31:30,Parked,Parked,100,0,71.913,0,-0.08,395,25,-0.032
2026-01-01 13:31:40,Parked,Parked,100,0,71.913,0,-0.08,395,25,-0.032
2026-01-01 13:31:50,Parked,Parked,100,0,71.913,0,-0.08,395,25,-0.032
2026-01-01 13:32:00,Parked,Parked,100,0,71.913,0,-0.08,395,25,-0.032
2026-01-01 13:32:10,Parked,Parked,100,0,71.913,0,-0.08,395,25,-0.032
2026-01-01 13:32:20,Parked,Parked,100,0,71.913,0,-0.08,395,25,-0.032
2026-01-01 13:32:30,Parked,Parked,100,0,71.912,0,-0.08,395,25,-0.032
2026-01-01 13:32:40,Parked,Parked,100,0,71.912,0,-0.08,395,25,-0.032
2026-01-01 13:32:50,Parked,Parked,100,0,71.912,0,-0.08,395,25,-0.032
2026-01-01 13:33:00,Parked,Parked,100,0,71.912,0,-0.08,395,25,-0.032
2026-01-01 13:33:10,Parked,Parked,100,0,71.912,0,-0.08,395,25,-0.032
2026-01-01 13:33:20,Parked,Parked,100,0,71.912,0,-0.08,395,25,-0.032
2026-01-01 13:33:30,Parked,Parked,100,0,71.912,0,-0.08,395,25,-0.032
2026-01-01 13:33:40,Parked,Parked,100,0,71.912,0,-0.08,395,25,-0.032
2026-01-01 13:33:50,Parked,Parked,100,0,71.912,0,-0.08,395,25,-0.032
2026-01-01 13:34:00,Parked,Parked,100,0,71.912,0,-0.08,395,25,-0.032
2026-01-01 13:34:10,Parked,Parked,100,0,71.912,0,-0.08,395,25,-0.032
2026-01-01 13:34:20,Parked,Parked,100,0,71.912,0,-0.08,395,25,-0.032
2026-01-01 13:34:30,Parked,Parked,100,0,71.912,0,-0.08,395,25,-0.032
2026-01-01 13:34:40,Parked,Parked,100,0,71.912,0,-0.08,395,25,-0.032
2026-01-01 13:34:50,Parked,Parked,100,0,71.912,0,-0.08,395,25,-0.032
2026-01-01 13:35:00,Parked,Parked,100,0,71.912,0,-0.08,395,25,-0.032
2026-01-01 13:35:10,Parked,Parked,100,0,71.912,0,-0.08,395,25,-0.032
2026-01-01 13:35:20,Parked,Parked,100,0,71.912,0,-0.08,395,25,-0.032
2026-01-01 13:35:30,Parked,Parked,100,0,71.912,0,-0.08,395,25,-0.032
2026-01-01 13:35:40,Parked,Parked,100,0,71.912,0,-0.08,395,25,-0.032
2026-01-01 13:35:50,Parked,Parked,100,0,71.912,0,-0.08,395,25,-0.032
2026-01-01 13:36:00,Parked,Parked,100,0,71.912,0,-0.08,395,25,-0.032
2026-01-01 13:36:10,Parked,Parked,100,0,71.912,0,-0.08,395,25,-0.032
2026-01-01 13:36:20,Parked,Parked,100,0,71.911,0,-0.08,395,25,-0.032
2026-01-01 13:36:30,Parked,Parked,100,0,71.911,0,-0.08,395,25,-0.032
2026-01-01 13:36:40,Parked,Parked,100,0,71.911,0,-0.08,395,25,-0.032
2026-01-01 13:36:50,Parked,Parked,100,0,71.911,0,-0.08,395,25,-0.032
2026-01-01 13:37:00,Parked,Parked,100,0,71.911,0,-0.08,395,25,-0.032
2026-01-01 13:37:10,Parked,Parked,100,0,71.911,0,-0.08,395,25,-0.032
2026-01-01 13:37:20,Parked,Parked,100,0,71.911,0,-0.08,395,25,-0.032
2026-01-01 13:37:30,Parked,Parked,100,0,71.911,0,-0.08,395,25,-0.032
2026-01-01 13:37:40,Parked,Parked,100,0,71.911,0,-0.08,395,25,-0.032
2026-01-01 13:37:50,Parked,Parked,100,0,71.911,0,-0.08,395,25,-0.032
2026-01-01 13:38:00,Parked,Parked,100,0,71.911,0,-0.08,395,25,-0.032
2026-01-01 13:38:10,Parked,Parked,100,0,71.911,0,-0.08,395,25,-0.032
2026-01-01 13:38:20,Parked,Parked,100,0,71.911,0,-0.08,395,25,-0.032
2026-01-01 13:38:30,Parked,Parked,100,0,71.911,0,-0.08,395,25,-0.032
2026-01-01 13:38:40,Parked,Parked,100,0,71.911,0,-0.08,395,25,-0.032
2026-01-01 13:38:50,Parked,Parked,100,0,71.911,0,-0.08,395,25,-0.032
2026-01-01 13:39:00,Parked,Parked,100,0,71.911,0,-0.08,395,25,-0.032
2026-01-01 13:39:10,Parked,Parked,100,0,71.911,0,-0.08,395,25,-0.032
2026-01-01 13:39:20,Parked,Parked,100,0,71.911,0,-0.08,395,25,-0.032
2026-01-01 13:39:30,Parked,Parked,100,0,71.911,0,-0.08,395,25,-0.032
2026-01-01 13:39:40,Parked,Parked,100,0,71.911,0,-0.08,395,25,-0.032
2026-01-01 13:39:50,Parked,Parked,100,0,71.911,0,-0.08,395,25,-0.032
2026-01-01 13:40:00,Parked,Parked,100,0,71.911,0,-0.08,395,25,-0.032
2026-01-01 13:40:10,Parked,Parked,100,0,71.91,0,-0.08,395,25,-0.032
2026-01-01 13:40:20,Parked,Parked,100,0,71.91,0,-0.08,395,25,-0.032
2026-01-01 13:40:30,Parked,Parked,100,0,71.91,0,-0.08,395,25,-0.032
2026-01-01 13:40:40,Parked,Parked,100,0,71.91,0,-0.08,395,25,-0.032
2026-01-01 13:40:50,Parked,Parked,100,0,71.91,0,-0.08,395,25,-0.032
2026-01-01 13:41:00,Parked,Parked,100,0,71.91,0,-0.08,395,25,-0.032
2026-01-01 13:41:10,Parked,Parked,100,0,71.91,0,-0.08,395,25,-0.032
2026-01-01 13:41:20,Parked,Parked,100,0,71.91,0,-0.08,395,25,-0.032
2026-01-01 13:41:30,Parked,Parked,100,0,71.91,0,-0.08,395,25,-0.032
2026-01-01 13:41:40,Parked,Parked,100,0,71.91,0,-0.08,395,25,-0.032
2026-01-01 13:41:50,Parked,Parked,100,0,71.91,0,-0.08,395,25,-0.032
2026-01-01 13:42:00,Parked,Parked,100,0,71.91,0,-0.08,395,25,-0.032
2026-01-01 13:42:10,Parked,Parked,100,0,71.91,0,-0.08,395,25,-0.032
2026-01-01 13:42:20,Parked,Parked,100,0,71.91,0,-0.08,395,25,-0.032
2026-01-01 13:42:30,Parked,Parked,100,0,71.91,0,-0.08,395,25,-0.032
2026-01-01 13:42:40,Parked,Parked,100,0,71.91,0,-0.08,395,25,-0.032
2026-01-01 13:42:50,Parked,Parked,100,0,71.91,0,-0.08,395,25,-0.032
2026-01-01 13:43:00,Parked,Parked,100,0,71.91,0,-0.08,395,25,-0.032
2026-01-01 13:43:10,Parked,Parked,100,0,71.91,0,-0.08,395,25,-0.032
2026-01-01 13:43:20,Parked,Parked,100,0,71.91,0,-0.08,395,25,-0.032
2026-01-01 13:43:30,Parked,Parked,100,0,71.91,0,-0.08,395,25,-0.032
2026-01-01 13:43:40,Parked,Parked,100,0,71.91,0,-0.08,395,25,-0.032
2026-01-01 13:43:50,Parked,Parked,100,0,71.909,0,-0.08,395,25,-0.032
2026-01-01 13:44:00,Parked,Parked,100,0,71.909,0,-0.08,395,25,-0.032
2026-01-01 13:44:10,Parked,Parked,100,0,71.909,0,-0.08,395,25,-0.032
2026-01-01 13:44:20,Parked,Parked,100,0,71.909,0,-0.08,395,25,-0.032
2026-01-01 13:44:30,Parked,Parked,100,0,71.909,0,-0.08,395,25,-0.032
2026-01-01 13:44:40,Parked,Parked,100,0,71.909,0,-0.08,395,25,-0.032
2026-01-01 13:44:50,Parked,Parked,100,0,71.909,0,-0.08,395,25,-0.032
2026-01-01 13:45:00,Parked,Parked,100,0,71.909,0,-0.08,395,25,-0.032
2026-01-01 13:45:10,Parked,Parked,100,0,71.909,0,-0.08,395,25,-0.032
2026-01-01 13:45:20,Parked,Parked,100,0,71.909,0,-0.08,395,25,-0.032
2026-01-01 13:45:30,Parked,Parked,100,0,71.909,0,-0.08,395,25,-0.032
2026-01-01 13:45:40,Parked,Parked,100,0,71.909,0,-0.08,395,25,-0.032
2026-01-01 13:45:50,Parked,Parked,100,0,71.909,0,-0.08,395,25,-0.032
2026-01-01 13:46:00,Parked,Parked,100,0,71.909,0,-0.08,395,25,-0.032
2026-01-01 13:46:10,Parked,Parked,100,0,71.909,0,-0.08,395,25,-0.032
2026-01-01 13:46:20,Parked,Parked,100,0,71.909,0,-0.08,395,25,-0.032
2026-01-01 13:46:30,Parked,Parked,100,0,71.909,0,-0.08,395,25,-0.032
2026-01-01 13:46:40,Parked,Parked,100,0,71.909,0,-0.08,395,25,-0.032
2026-01-01 13:46:50,Parked,Parked,100,0,71.909,0,-0.08,395,25,-0.032
2026-01-01 13:47:00,Parked,Parked,100,0,71.909,0,-0.08,395,25,-0.032
2026-01-01 13:47:10,Parked,Parked,100,0,71.909,0,-0.08,395,25,-0.032
2026-01-01 13:47:20,Parked,Parked,100,0,71.909,0,-0.08,395,25,-0.032
2026-01-01 13:47:30,Parked,Parked,100,0,71.909,0,-0.08,395,25,-0.032
2026-01-01 13:47:40,Parked,Parked,100,0,71.908,0,-0.08,395,25,-0.032
2026-01-01 13:47:50,Parked,Parked,100,0,71.908,0,-0.08,395,25,-0.032
2026-01-01 13:48:00,Parked,Parked,100,0,71.908,0,-0.08,395,25,-0.032
2026-01-01 13:48:10,Parked,Parked,100,0,71.908,0,-0.08,395,25,-0.032
2026-01-01 13:48:20,Parked,Parked,100,0,71.908,0,-0.08,395,25,-0.032
2026-01-01 13:48:30,Parked,Parked,100,0,71.908,0,-0.08,395,25,-0.032
2026-01-01 13:48:40,Parked,Parked,100,0,71.908,0,-0.08,395,25,-0.032
2026-01-01 13:48:50,Parked,Parked,100,0,71.908,0,-0.08,395,25,-0.032
2026-01-01 13:49:00,Parked,Parked,100,0,71.908,0,-0.08,395,25,-0.032
2026-01-01 13:49:10,Parked,Parked,100,0,71.908,0,-0.08,395,25,-0.032
2026-01-01 13:49:20,Parked,Parked,100,0,71.908,0,-0.08,395,25,-0.032
2026-01-01 13:49:30,Parked,Parked,100,0,71.908,0,-0.08,395,25,-0.032
2026-01-01 13:49:40,Parked,Parked,100,0,71.908,0,-0.08,395,25,-0.032
2026-01-01 13:49:50,Parked,Parked,100,0,71.908,0,-0.08,395,25,-0.032
2026-01-01 13:50:00,Parked,Parked,100,0,71.908,0,-0.08,395,25,-0.032
2026-01-01 13:50:10,Parked,Parked,100,0,71.908,0,-0.08,395,25,-0.032
2026-01-01 13:50:20,Parked,Parked,100,0,71.908,0,-0.08,395,25,-0.032
2026-01-01 13:50:30,Parked,Parked,100,0,71.908,0,-0.08,395,25,-0.032
2026-01-01 13:50:40,Parked,Parked,100,0,71.908,0,-0.08,395,25,-0.032
2026-01-01 13:50:50,Parked,Parked,100,0,71.908,0,-0.08,395,25,-0.032
2026-01-01 13:51:00,Parked,Parked,100,0,71.908,0,-0.08,395,25,-0.032
2026-01-01 13:51:10,Parked,Parked,100,0,71.908,0,-0.08,395,25,-0.032
2026-01-01 13:51:20,Parked,Parked,100,0,71.908,0,-0.08,395,25,-0.032
2026-01-01 13:51:30,Parked,Parked,100,0,71.907,0,-0.08,395,25,-0.032
2026-01-01 13:51:40,Parked,Parked,100,0,71.907,0,-0.08,395,25,-0.032
2026-01-01 13:51:50,Parked,Parked,100,0,71.907,0,-0.08,395,25,-0.032
2026-01-01 13:52:00,Parked,Parked,100,0,71.907,0,-0.08,395,25,-0.032
2026-01-01 13:52:10,Parked,Parked,100,0,71.907,0,-0.08,395,25,-0.032
2026-01-01 13:52:20,Parked,Parked,100,0,71.907,0,-0.08,395,25,-0.032
2026-01-01 13:52:30,Parked,Parked,100,0,71.907,0,-0.08,395,25,-0.032
2026-01-01 13:52:40,Parked,Parked,100,0,71.907,0,-0.08,395,25,-0.032
2026-01-01 13:52:50,Parked,Parked,100,0,71.907,0,-0.08,395,25,-0.032
2026-01-01 13:53:00,Parked,Parked,100,0,71.907,0,-0.08,395,25,-0.032
2026-01-01 13:53:10,Parked,Parked,100,0,71.907,0,-0.08,395,25,-0.032
2026-01-01 13:53:20,Parked,Parked,100,0,71.907,0,-0.08,395,25,-0.032
2026-01-01 13:53:30,Parked,Parked,100,0,71.907,0,-0.08,395,25,-0.032
2026-01-01 13:53:40,Parked,Parked,100,0,71.907,0,-0.08,395,25,-0.032
2026-01-01 13:53:50,Parked,Parked,100,0,71.907,0,-0.08,395,25,-0.032
2026-01-01 13:54:00,Parked,Parked,100,0,71.907,0,-0.08,395,25,-0.032
2026-01-01 13:54:10,Parked,Parked,100,0,71.907,0,-0.08,395,25,-0.032
2026-01-01 13:54:20,Parked,Parked,100,0,71.907,0,-0.08,395,25,-0.032
2026-01-01 13:54:30,Parked,Parked,100,0,71.907,0,-0.08,395,25,-0.032
2026-01-01 13:54:40,Parked,Parked,100,0,71.907,0,-0.08,395,25,-0.032
2026-01-01 13:54:50,Parked,Parked,100,0,71.907,0,-0.08,395,25,-0.032
2026-01-01 13:55:00,Parked,Parked,100,0,71.907,0,-0.08,395,25,-0.032
2026-01-01 13:55:10,Parked,Parked,100,0,71.907,0,-0.08,395,25,-0.032
2026-01-01 13:55:20,Parked,Parked,100,0,71.906,0,-0.08,395,25,-0.032
2026-01-01 13:55:30,Parked,Parked,100,0,71.906,0,-0.08,395,25,-0.032
2026-01-01 13:55:40,Parked,Parked,100,0,71.906,0,-0.08,395,25,-0.032
2026-01-01 13:55:50,Parked,Parked,100,0,71.906,0,-0.08,395,25,-0.032
2026-01-01 13:56:00,Parked,Parked,100,0,71.906,0,-0.08,395,25,-0.032
2026-01-01 13:56:10,Parked,Parked,100,0,71.906,0,-0.08,395,25,-0.032
2026-01-01 13:56:20,Parked,Parked,100,0,71.906,0,-0.08,395,25,-0.032
2026-01-01 13:56:30,Parked,Parked,100,0,71.906,0,-0.08,395,25,-0.032
2026-01-01 13:56:40,Parked,Parked,100,0,71.906,0,-0.08,395,25,-0.032
2026-01-01 13:56:50,Parked,Parked,100,0,71.906,0,-0.08,395,25,-0.032
2026-01-01 13:57:00,Parked,Parked,100,0,71.906,0,-0.08,395,25,-0.032
2026-01-01 13:57:10,Parked,Parked,100,0,71.906,0,-0.08,395,25,-0.032
2026-01-01 13:57:20,Parked,Parked,100,0,71.906,0,-0.08,395,25,-0.032
2026-01-01 13:57:30,Parked,Parked,100,0,71.906,0,-0.08,395,25,-0.032
2026-01-01 13:57:40,Parked,Parked,100,0,71.906,0,-0.08,395,25,-0.032
2026-01-01 13:57:50,Parked,Parked,100,0,71.906,0,-0.08,395,25,-0.032
2026-01-01 13:58:00,Parked,Parked,100,0,71.906,0,-0.08,395,25,-0.032
2026-01-01 13:58:10,Parked,Parked,100,0,71.906,0,-0.08,395,25,-0.032
2026-01-01 13:58:20,Parked,Parked,100,0,71.906,0,-0.08,395,25,-0.032
2026-01-01 13:58:30,Parked,Parked,100,0,71.906,0,-0.08,395,25,-0.032
2026-01-01 13:58:40,Parked,Parked,100,0,71.906,0,-0.08,395,25,-0.032
2026-01-01 13:58:50,Parked,Parked,100,0,71.906,0,-0.08,395,25,-0.032
2026-01-01 13:59:00,Parked,Parked,100,0,71.905,0,-0.08,395,25,-0.032
2026-01-01 13:59:10,Parked,Parked,100,0,71.905,0,-0.08,395,25,-0.032
2026-01-01 13:59:20,Parked,Parked,100,0,71.905,0,-0.08,395,25,-0.032
2026-01-01 13:59:30,Parked,Parked,100,0,71.905,0,-0.08,395,25,-0.032
2026-01-01 13:59:40,Parked,Parked,100,0,71.905,0,-0.08,395,25,-0.032
2026-01-01 13:59:50,Parked,Parked,100,0,71.905,0,-0.08,395,25,-0.032
2026-01-01 14:00:00,Parked,Parked,100,0,71.905,0,-0.08,395,25,-0.032
2026-01-01 14:00:10,Parked,Parked,100,0,71.905,0,-0.08,395,25,-0.032
2026-01-01 14:00:20,Parked,Parked,100,0,71.905,0,-0.08,395,25,-0.032
2026-01-01 14:00:30,Parked,Parked,100,0,71.905,0,-0.08,395,25,-0.032
2026-01-01 14:00:40,Parked,Parked,100,0,71.905,0,-0.08,395,25,-0.032
2026-01-01 14:00:50,Parked,Parked,100,0,71.905,0,-0.08,395,25,-0.032
2026-01-01 14:01:00,Parked,Parked,100,0,71.905,0,-0.08,395,25,-0.032
2026-01-01 14:01:10,Parked,Parked,100,0,71.905,0,-0.08,395,25,-0.032
2026-01-01 14:01:20,Parked,Parked,100,0,71.905,0,-0.08,395,25,-0.032
2026-01-01 14:01:30,Parked,Parked,100,0,71.905,0,-0.08,395,25,-0.032
2026-01-01 14:01:40,Parked,Parked,100,0,71.905,0,-0.08,395,25,-0.032
2026-01-01 14:01:50,Parked,Parked,100,0,71.905,0,-0.08,395,25,-0.032
2026-01-01 14:02:00,Parked,Parked,100,0,71.905,0,-0.08,395,25,-0.032
2026-01-01 14:02:10,Parked,Parked,100,0,71.905,0,-0.08,395,25,-0.032
2026-01-01 14:02:20,Parked,Parked,100,0,71.905,0,-0.08,395,25,-0.032
2026-01-01 14:02:30,Parked,Parked,100,0,71.905,0,-0.08,395,25,-0.032
2026-01-01 14:02:40,Parked,Parked,100,0,71.905,0,-0.08,395,25,-0.032
2026-01-01 14:02:50,Parked,Parked,100,0,71.904,0,-0.08,395,25,-0.032
2026-01-01 14:03:00,Parked,Parked,100,0,71.904,0,-0.08,395,25,-0.032
2026-01-01 14:03:10,Parked,Parked,100,0,71.904,0,-0.08,395,25,-0.032
2026-01-01 14:03:20,Parked,Parked,100,0,71.904,0,-0.08,395,25,-0.032
2026-01-01 14:03:30,Parked,Parked,100,0,71.904,0,-0.08,395,25,-0.032
2026-01-01 14:03:40,Parked,Parked,100,0,71.904,0,-0.08,395,25,-0.032
2026-01-01 14:03:50,Parked,Parked,100,0,71.904,0,-0.08,395,25,-0.032
2026-01-01 14:04:00,Parked,Parked,100,0,71.904,0,-0.08,395,25,-0.032
2026-01-01 14:04:10,Parked,Parked,100,0,71.904,0,-0.08,395,25,-0.032
2026-01-01 14:04:20,Parked,Parked,100,0,71.904,0,-0.08,395,25,-0.032
2026-01-01 14:04:30,Parked,Parked,100,0,71.904,0,-0.08,395,25,-0.032
2026-01-01 14:04:40,Parked,Parked,100,0,71.904,0,-0.08,395,25,-0.032
2026-01-01 14:04:50,Parked,Parked,100,0,71.904,0,-0.08,395,25,-0.032
2026-01-01 14:05:00,Parked,Parked,100,0,71.904,0,-0.08,395,25,-0.032
2026-01-01 14:05:10,Parked,Parked,100,0,71.904,0,-0.08,395,25,-0.032
2026-01-01 14:05:20,Parked,Parked,100,0,71.904,0,-0.08,395,25,-0.032
2026-01-01 14:05:30,Parked,Parked,100,0,71.904,0,-0.08,395,25,-0.032
2026-01-01 14:05:40,Parked,Parked,100,0,71.904,0,-0.08,395,25,-0.032
2026-01-01 14:05:50,Parked,Parked,100,0,71.904,0,-0.08,395,25,-0.032
2026-01-01 14:06:00,Parked,Parked,100,0,71.904,0,-0.08,395,25,-0.032
2026-01-01 14:06:10,Parked,Parked,100,0,71.904,0,-0.08,395,25,-0.032
2026-01-01 14:06:20,Parked,Parked,100,0,71.904,0,-0.08,395,25,-0.032
2026-01-01 14:06:30,Parked,Parked,100,0,71.904,0,-0.08,395,25,-0.032
2026-01-01 14:06:40,Parked,Parked,100,0,71.903,0,-0.08,395,25,-0.032
2026-01-01 14:06:50,Parked,Parked,100,0,71.903,0,-0.08,395,25,-0.032
2026-01-01 14:07:00,Parked,Parked,100,0,71.903,0,-0.08,395,25,-0.032
2026-01-01 14:07:10,Parked,Parked,100,0,71.903,0,-0.08,395,25,-0.032
2026-01-01 14:07:20,Parked,Parked,100,0,71.903,0,-0.08,395,25,-0.032
2026-01-01 14:07:30,Parked,Parked,100,0,71.903,0,-0.08,395,25,-0.032
2026-01-01 14:07:40,Parked,Parked,100,0,71.903,0,-0.08,395,25,-0.032
2026-01-01 14:07:50,Parked,Parked,100,0,71.903,0,-0.08,395,25,-0.032
2026-01-01 14:08:00,Parked,Parked,100,0,71.903,0,-0.08,395,25,-0.032
2026-01-01 14:08:10,Parked,Parked,100,0,71.903,0,-0.08,395,25,-0.032
2026-01-01 14:08:20,Parked,Parked,100,0,71.903,0,-0.08,395,25,-0.032
2026-01-01 14:08:30,Parked,Parked,100,0,71.903,0,-0.08,395,25,-0.032
2026-01-01 14:08:40,Parked,Parked,100,0,71.903,0,-0.08,395,25,-0.032
2026-01-01 14:08:50,Parked,Parked,100,0,71.903,0,-0.08,395,25,-0.032
2026-01-01 14:09:00,Parked,Parked,100,0,71.903,0,-0.08,395,25,-0.032
2026-01-01 14:09:10,Parked,Parked,100,0,71.903,0,-0.08,395,25,-0.032
2026-01-01 14:09:20,Parked,Parked,100,0,71.903,0,-0.08,395,25,-0.032
2026-01-01 14:09:30,Parked,Parked,100,0,71.903,0,-0.08,395,25,-0.032
2026-01-01 14:09:40,Parked,Parked,100,0,71.903,0,-0.08,395,25,-0.032
2026-01-01 14:09:50,Parked,Parked,100,0,71.903,0,-0.08,395,25,-0.032
2026-01-01 14:10:00,Parked,Parked,100,0,71.903,0,-0.08,395,25,-0.032
2026-01-01 14:10:10,Parked,Parked,100,0,71.903,0,-0.08,395,25,-0.032
2026-01-01 14:10:20,Parked,Parked,100,0,71.903,0,-0.08,395,25,-0.032
2026-01-01 14:10:30,Parked,Parked,100,0,71.902,0,-0.08,395,25,-0.032
2026-01-01 14:10:40,Parked,Parked,100,0,71.902,0,-0.08,395,25,-0.032
2026-01-01 14:10:50,Parked,Parked,100,0,71.902,0,-0.08,395,25,-0.032
2026-01-01 14:11:00,Parked,Parked,100,0,71.902,0,-0.08,395,25,-0.032
2026-01-01 14:11:10,Parked,Parked,100,0,71.902,0,-0.08,395,25,-0.032
2026-01-01 14:11:20,Parked,Parked,100,0,71.902,0,-0.08,395,25,-0.032
2026-01-01 14:11:30,Parked,Parked,100,0,71.902,0,-0.08,395,25,-0.032
2026-01-01 14:11:40,Parked,Parked,100,0,71.902,0,-0.08,395,25,-0.032
2026-01-01 14:11:50,Parked,Parked,100,0,71.902,0,-0.08,395,25,-0.032
2026-01-01 14:12:00,Parked,Parked,100,0,71.902,0,-0.08,395,25,-0.032
2026-01-01 14:12:10,Parked,Parked,100,0,71.902,0,-0.08,395,25,-0.032
2026-01-01 14:12:20,Parked,Parked,100,0,71.902,0,-0.08,395,25,-0.032
2026-01-01 14:12:30,Parked,Parked,100,0,71.902,0,-0.08,395,25,-0.032
2026-01-01 14:12:40,Parked,Parked,100,0,71.902,0,-0.08,395,25,-0.032
2026-01-01 14:12:50,Parked,Parked,100,0,71.902,0,-0.08,395,25,-0.032
2026-01-01 14:13:00,Parked,Parked,100,0,71.902,0,-0.08,395,25,-0.032
2026-01-01 14:13:10,Parked,Parked,100,0,71.902,0,-0.08,395,25,-0.032
2026-01-01 14:13:20,Parked,Parked,100,0,71.902,0,-0.08,395,25,-0.032
2026-01-01 14:13:30,Parked,Parked,100,0,71.902,0,-0.08,395,25,-0.032
2026-01-01 14:13:40,Parked,Parked,100,0,71.902,0,-0.08,395,25,-0.032
2026-01-01 14:13:50,Parked,Parked,100,0,71.902,0,-0.08,395,25,-0.032
2026-01-01 14:14:00,Parked,Parked,100,0,71.902,0,-0.08,395,25,-0.032
2026-01-01 14:14:10,Parked,Parked,100,0,71.902,0,-0.08,395,25,-0.032
2026-01-01 14:14:20,Parked,Parked,100,0,71.901,0,-0.08,395,25,-0.032
2026-01-01 14:14:30,Parked,Parked,100,0,71.901,0,-0.08,395,25,-0.032
2026-01-01 14:14:40,Parked,Parked,100,0,71.901,0,-0.08,395,25,-0.032
2026-01-01 14:14:50,Parked,Parked,100,0,71.901,0,-0.08,395,25,-0.032
2026-01-01 14:15:00,Parked,Parked,100,0,71.901,0,-0.08,395,25,-0.032
2026-01-01 14:15:10,Parked,Parked,100,0,71.901,0,-0.08,395,25,-0.032
2026-01-01 14:15:20,Parked,Parked,100,0,71.901,0,-0.08,395,25,-0.032
2026-01-01 14:15:30,Parked,Parked,100,0,71.901,0,-0.08,395,25,-0.032
2026-01-01 14:15:40,Parked,Parked,100,0,71.901,0,-0.08,395,25,-0.032
2026-01-01 14:15:50,Parked,Parked,100,0,71.901,0,-0.08,395,25,-0.032
2026-01-01 14:16:00,Parked,Parked,100,0,71.901,0,-0.08,395,25,-0.032
2026-01-01 14:16:10,Parked,Parked,100,0,71.901,0,-0.08,395,25,-0.032
2026-01-01 14:16:20,Parked,Parked,100,0,71.901,0,-0.08,395,25,-0.032
2026-01-01 14:16:30,Parked,Parked,100,0,71.901,0,-0.08,395,25,-0.032
2026-01-01 14:16:40,Parked,Parked,100,0,71.901,0,-0.08,395,25,-0.032
2026-01-01 14:16:50,Parked,Parked,100,0,71.901,0,-0.08,395,25,-0.032
2026-01-01 14:17:00,Parked,Parked,100,0,71.901,0,-0.08,395,25,-0.032
2026-01-01 14:17:10,Parked,Parked,100,0,71.901,0,-0.08,395,25,-0.032
2026-01-01 14:17:20,Parked,Parked,100,0,71.901,0,-0.08,395,25,-0.032
2026-01-01 14:17:30,Parked,Parked,100,0,71.901,0,-0.08,395,25,-0.032
2026-01-01 14:17:40,Parked,Parked,100,0,71.901,0,-0.08,395,25,-0.032
2026-01-01 14:17:50,Parked,Parked,100,0,71.901,0,-0.08,395,25,-0.032
2026-01-01 14:18:00,Parked,Parked,100,0,71.9,0,-0.08,395,25,-0.032
2026-01-01 14:18:10,Parked,Parked,100,0,71.9,0,-0.08,395,25,-0.032
2026-01-01 14:18:20,Parked,Parked,100,0,71.9,0,-0.08,395,25,-0.032
2026-01-01 14:18:30,Parked,Parked,100,0,71.9,0,-0.08,395,25,-0.032
2026-01-01 14:18:40,Parked,Parked,100,0,71.9,0,-0.08,395,25,-0.032
2026-01-01 14:18:50,Parked,Parked,100,0,71.9,0,-0.08,395,25,-0.032
2026-01-01 14:19:00,Parked,Parked,100,0,71.9,0,-0.08,395,25,-0.032
2026-01-01 14:19:10,Parked,Parked,100,0,71.9,0,-0.08,395,25,-0.032
2026-01-01 14:19:20,Parked,Parked,100,0,71.9,0,-0.08,395,25,-0.032
2026-01-01 14:19:30,Parked,Parked,100,0,71.9,0,-0.08,395,25,-0.032
2026-01-01 14:19:40,Parked,Parked,100,0,71.9,0,-0.08,395,25,-0.032
2026-01-01 14:19:50,Parked,Parked,100,0,71.9,0,-0.08,395,25,-0.032
2026-01-01 14:20:00,Parked,Parked,100,0,71.9,0,-0.08,395,25,-0.032
2026-01-01 14:20:10,Parked,Parked,100,0,71.9,0,-0.08,395,25,-0.032
2026-01-01 14:20:20,Parked,Parked,100,0,71.9,0,-0.08,395,25,-0.032
2026-01-01 14:20:30,Parked,Parked,100,0,71.9,0,-0.08,395,25,-0.032
2026-01-01 14:20:40,Parked,Parked,100,0,71.9,0,-0.08,395,25,-0.032
2026-01-01 14:20:50,Parked,Parked,100,0,71.9,0,-0.08,395,25,-0.032
2026-01-01 14:21:00,Parked,Parked,100,0,71.9,0,-0.08,395,25,-0.032
2026-01-01 14:21:10,Parked,Parked,100,0,71.9,0,-0.08,395,25,-0.032
2026-01-01 14:21:20,Parked,Parked,100,0,71.9,0,-0.08,395,25,-0.032
2026-01-01 14:21:30,Parked,Parked,100,0,71.9,0,-0.08,395,25,-0.032
2026-01-01 14:21:40,Parked,Parked,100,0,71.9,0,-0.08,395,25,-0.032
2026-01-01 14:21:50,Parked,Parked,100,0,71.899,0,-0.08,395,25,-0.032
2026-01-01 14:22:00,Parked,Parked,100,0,71.899,0,-0.08,395,25,-0.032
2026-01-01 14:22:10,Parked,Parked,100,0,71.899,0,-0.08,395,25,-0.032
2026-01-01 14:22:20,Parked,Parked,100,0,71.899,0,-0.08,395,25,-0.032
2026-01-01 14:22:30,Parked,Parked,100,0,71.899,0,-0.08,395,25,-0.032
2026-01-01 14:22:40,Parked,Parked,100,0,71.899,0,-0.08,395,25,-0.032
2026-01-01 14:22:50,Parked,Parked,100,0,71.899,0,-0.08,395,25,-0.032
2026-01-01 14:23:00,Parked,Parked,100,0,71.899,0,-0.08,395,25,-0.032
2026-01-01 14:23:10,Parked,Parked,100,0,71.899,0,-0.08,395,25,-0.032
2026-01-01 14:23:20,Parked,Parked,100,0,71.899,0,-0.08,395,25,-0.032
2026-01-01 14:23:30,Parked,Parked,100,0,71.899,0,-0.08,395,25,-0.032
2026-01-01 14:23:40,Parked,Parked,100,0,71.899,0,-0.08,395,25,-0.032
2026-01-01 14:23:50,Parked,Parked,100,0,71.899,0,-0.08,395,25,-0.032
2026-01-01 14:24:00,Parked,Parked,100,0,71.899,0,-0.08,395,25,-0.032
2026-01-01 14:24:10,Parked,Parked,100,0,71.899,0,-0.08,395,25,-0.032
2026-01-01 14:24:20,Parked,Parked,100,0,71.899,0,-0.08,395,25,-0.032
2026-01-01 14:24:30,Parked,Parked,100,0,71.899,0,-0.08,395,25,-0.032
2026-01-01 14:24:40,Parked,Parked,100,0,71.899,0,-0.08,395,25,-0.032
2026-01-01 14:24:50,Parked,Parked,100,0,71.899,0,-0.08,395,25,-0.032
2026-01-01 14:25:00,Parked,Parked,100,0,71.899,0,-0.08,395,25,-0.032
2026-01-01 14:25:10,Parked,Parked,100,0,71.899,0,-0.08,395,25,-0.032
2026-01-01 14:25:20,Parked,Parked,100,0,71.899,0,-0.08,395,25,-0.032
2026-01-01 14:25:30,Parked,Parked,100,0,71.899,0,-0.08,395,25,-0.032
2026-01-01 14:25:40,Parked,Parked,100,0,71.898,0,-0.08,395,25,-0.032
2026-01-01 14:25:50,Parked,Parked,100,0,71.898,0,-0.08,395,25,-0.032
2026-01-01 14:26:00,Parked,Parked,100,0,71.898,0,-0.08,395,25,-0.032
2026-01-01 14:26:10,Parked,Parked,100,0,71.898,0,-0.08,395,25,-0.032
2026-01-01 14:26:20,Parked,Parked,100,0,71.898,0,-0.08,395,25,-0.032
2026-01-01 14:26:30,Parked,Parked,100,0,71.898,0,-0.08,395,25,-0.032
2026-01-01 14:26:40,Parked,Parked,100,0,71.898,0,-0.08,395,25,-0.032
2026-01-01 14:26:50,Parked,Parked,100,0,71.898,0,-0.08,395,25,-0.032
2026-01-01 14:27:00,Parked,Parked,100,0,71.898,0,-0.08,395,25,-0.032
2026-01-01 14:27:10,Parked,Parked,100,0,71.898,0,-0.08,395,25,-0.032
2026-01-01 14:27:20,Parked,Parked,100,0,71.898,0,-0.08,395,25,-0.032
2026-01-01 14:27:30,Parked,Parked,100,0,71.898,0,-0.08,395,25,-0.032
2026-01-01 14:27:40,Parked,Parked,100,0,71.898,0,-0.08,395,25,-0.032
2026-01-01 14:27:50,Parked,Parked,100,0,71.898,0,-0.08,395,25,-0.032
2026-01-01 14:28:00,Parked,Parked,100,0,71.898,0,-0.08,395,25,-0.032
2026-01-01 14:28:10,Parked,Parked,100,0,71.898,0,-0.08,395,25,-0.032
2026-01-01 14:28:20,Parked,Parked,100,0,71.898,0,-0.08,395,25,-0.032
2026-01-01 14:28:30,Parked,Parked,100,0,71.898,0,-0.08,395,25,-0.032
2026-01-01 14:28:40,Parked,Parked,100,0,71.898,0,-0.08,395,25,-0.032
2026-01-01 14:28:50,Parked,Parked,100,0,71.898,0,-0.08,395,25,-0.032
2026-01-01 14:29:00,Parked,Parked,100,0,71.898,0,-0.08,395,25,-0.032
2026-01-01 14:29:10,Parked,Parked,100,0,71.898,0,-0.08,395,25,-0.032
2026-01-01 14:29:20,Parked,Parked,100,0,71.898,0,-0.08,395,25,-0.032
2026-01-01 14:29:30,Parked,Parked,100,0,71.897,0,-0.08,395,25,-0.032
2026-01-01 14:29:40,Parked,Parked,100,0,71.897,0,-0.08,395,25,-0.032
2026-01-01 14:29:50,Parked,Parked,100,0,71.897,0,-0.08,395,25,-0.032
2026-01-01 14:30:00,Parked,Parked,100,0,71.897,0,-0.08,395,25,-0.032
2026-01-01 14:30:10,Parked,Parked,100,0,71.897,0,-0.08,395,25,-0.032
2026-01-01 14:30:20,Parked,Parked,100,0,71.897,0,-0.08,395,25,-0.032
2026-01-01 14:30:30,Parked,Parked,100,0,71.897,0,-0.08,395,25,-0.032
2026-01-01 14:30:40,Parked,Parked,100,0,71.897,0,-0.08,395,25,-0.032
2026-01-01 14:30:50,Parked,Parked,100,0,71.897,0,-0.08,395,25,-0.032
2026-01-01 14:31:00,Parked,Parked,100,0,71.897,0,-0.08,395,25,-0.032
2026-01-01 14:31:10,Parked,Parked,100,0,71.897,0,-0.08,395,25,-0.032
2026-01-01 14:31:20,Parked,Parked,100,0,71.897,0,-0.08,395,25,-0.032
2026-01-01 14:31:30,Parked,Parked,100,0,71.897,0,-0.08,395,25,-0.032
2026-01-01 14:31:40,Parked,Parked,100,0,71.897,0,-0.08,395,25,-0.032
2026-01-01 14:31:50,Parked,Parked,100,0,71.897,0,-0.08,395,25,-0.032
2026-01-01 14:32:00,Parked,Parked,100,0,71.897,0,-0.08,395,25,-0.032
2026-01-01 14:32:10,Parked,Parked,100,0,71.897,0,-0.08,395,25,-0.032
2026-01-01 14:32:20,Parked,Parked,100,0,71.897,0,-0.08,395,25,-0.032
2026-01-01 14:32:30,Parked,Parked,100,0,71.897,0,-0.08,395,25,-0.032
2026-01-01 14:32:40,Parked,Parked,100,0,71.897,0,-0.08,395,25,-0.032
2026-01-01 14:32:50,Parked,Parked,100,0,71.897,0,-0.08,395,25,-0.032
2026-01-01 14:33:00,Parked,Parked,100,0,71.897,0,-0.08,395,25,-0.032
2026-01-01 14:33:10,Parked,Parked,100,0,71.897,0,-0.08,395,25,-0.032
2026-01-01 14:33:20,Parked,Parked,100,0,71.896,0,-0.08,395,25,-0.032
2026-01-01 14:33:30,Parked,Parked,100,0,71.896,0,-0.08,395,25,-0.032
2026-01-01 14:33:40,Parked,Parked,100,0,71.896,0,-0.08,395,25,-0.032
2026-01-01 14:33:50,Parked,Parked,100,0,71.896,0,-0.08,395,25,-0.032
2026-01-01 14:34:00,Parked,Parked,100,0,71.896,0,-0.08,395,25,-0.032
2026-01-01 14:34:10,Parked,Parked,100,0,71.896,0,-0.08,395,25,-0.032
2026-01-01 14:34:20,Parked,Parked,100,0,71.896,0,-0.08,395,25,-0.032
2026-01-01 14:34:30,Parked,Parked,100,0,71.896,0,-0.08,395,25,-0.032
2026-01-01 14:34:40,Parked,Parked,100,0,71.896,0,-0.08,395,25,-0.032
2026-01-01 14:34:50,Parked,Parked,100,0,71.896,0,-0.08,395,25,-0.032
2026-01-01 14:35:00,Parked,Parked,100,0,71.896,0,-0.08,395,25,-0.032
2026-01-01 14:35:10,Parked,Parked,100,0,71.896,0,-0.08,395,25,-0.032
2026-01-01 14:35:20,Parked,Parked,100,0,71.896,0,-0.08,395,25,-0.032
2026-01-01 14:35:30,Parked,Parked,100,0,71.896,0,-0.08,395,25,-0.032
2026-01-01 14:35:40,Parked,Parked,100,0,71.896,0,-0.08,395,25,-0.032
2026-01-01 14:35:50,Parked,Parked,100,0,71.896,0,-0.08,395,25,-0.032
2026-01-01 14:36:00,Parked,Parked,100,0,71.896,0,-0.08,395,25,-0.032
2026-01-01 14:36:10,Parked,Parked,100,0,71.896,0,-0.08,395,25,-0.032
2026-01-01 14:36:20,Parked,Parked,100,0,71.896,0,-0.08,395,25,-0.032
2026-01-01 14:36:30,Parked,Parked,100,0,71.896,0,-0.08,395,25,-0.032
2026-01-01 14:36:40,Parked,Parked,100,0,71.896,0,-0.08,395,25,-0.032
2026-01-01 14:36:50,Parked,Parked,100,0,71.896,0,-0.08,395,25,-0.032
2026-01-01 14:37:00,Parked,Parked,100,0,71.895,0,-0.08,395,25,-0.032
2026-01-01 14:37:10,Parked,Parked,100,0,71.895,0,-0.08,395,25,-0.032
2026-01-01 14:37:20,Parked,Parked,100,0,71.895,0,-0.08,395,25,-0.032
2026-01-01 14:37:30,Parked,Parked,100,0,71.895,0,-0.08,395,25,-0.032
2026-01-01 14:37:40,Parked,Parked,100,0,71.895,0,-0.08,395,25,-0.032
2026-01-01 14:37:50,Parked,Parked,100,0,71.895,0,-0.08,395,25,-0.032
2026-01-01 14:38:00,Parked,Parked,100,0,71.895,0,-0.08,395,25,-0.032
2026-01-01 14:38:10,Parked,Parked,100,0,71.895,0,-0.08,395,25,-0.032
2026-01-01 14:38:20,Parked,Parked,100,0,71.895,0,-0.08,395,25,-0.032
2026-01-01 14:38:30,Parked,Parked,100,0,71.895,0,-0.08,395,25,-0.032
2026-01-01 14:38:40,Parked,Parked,100,0,71.895,0,-0.08,395,25,-0.032
2026-01-01 14:38:50,Parked,Parked,100,0,71.895,0,-0.08,395,25,-0.032
2026-01-01 14:39:00,Parked,Parked,100,0,71.895,0,-0.08,395,25,-0.032
2026-01-01 14:39:10,Parked,Parked,100,0,71.895,0,-0.08,395,25,-0.032
2026-01-01 14:39:20,Parked,Parked,100,0,71.895,0,-0.08,395,25,-0.032
2026-01-01 14:39:30,Parked,Parked,100,0,71.895,0,-0.08,395,25,-0.032
2026-01-01 14:39:40,Parked,Parked,100,0,71.895,0,-0.08,395,25,-0.032
2026-01-01 14:39:50,Parked,Parked,100,0,71.895,0,-0.08,395,25,-0.032
2026-01-01 14:40:00,Parked,Parked,100,0,71.895,0,-0.08,395,25,-0.032
2026-01-01 14:40:10,Parked,Parked,100,0,71.895,0,-0.08,395,25,-0.032
2026-01-01 14:40:20,Parked,Parked,100,0,71.895,0,-0.08,395,25,-0.032
2026-01-01 14:40:30,Parked,Parked,100,0,71.895,0,-0.08,395,25,-0.032
2026-01-01 14:40:40,Parked,Parked,100,0,71.895,0,-0.08,395,25,-0.032
2026-01-01 14:40:50,Parked,Parked,100,0,71.894,0,-0.08,395,25,-0.032
2026-01-01 14:41:00,Parked,Parked,100,0,71.894,0,-0.08,395,25,-0.032
2026-01-01 14:41:10,Parked,Parked,100,0,71.894,0,-0.08,395,25,-0.032
2026-01-01 14:41:20,Parked,Parked,100,0,71.894,0,-0.08,395,25,-0.032
2026-01-01 14:41:30,Parked,Parked,100,0,71.894,0,-0.08,395,25,-0.032
2026-01-01 14:41:40,Parked,Parked,100,0,71.894,0,-0.08,395,25,-0.032
2026-01-01 14:41:50,Parked,Parked,100,0,71.894,0,-0.08,395,25,-0.032
2026-01-01 14:42:00,Parked,Parked,100,0,71.894,0,-0.08,395,25,-0.032
2026-01-01 14:42:10,Parked,Parked,100,0,71.894,0,-0.08,395,25,-0.032
2026-01-01 14:42:20,Parked,Parked,100,0,71.894,0,-0.08,395,25,-0.032
2026-01-01 14:42:30,Parked,Parked,100,0,71.894,0,-0.08,395,25,-0.032
2026-01-01 14:42:40,Parked,Parked,100,0,71.894,0,-0.08,395,25,-0.032
2026-01-01 14:42:50,Parked,Parked,100,0,71.894,0,-0.08,395,25,-0.032
2026-01-01 14:43:00,Parked,Parked,100,0,71.894,0,-0.08,395,25,-0.032
2026-01-01 14:43:10,Parked,Parked,100,0,71.894,0,-0.08,395,25,-0.032
2026-01-01 14:43:20,Parked,Parked,100,0,71.894,0,-0.08,395,25,-0.032
2026-01-01 14:43:30,Parked,Parked,100,0,71.894,0,-0.08,395,25,-0.032
2026-01-01 14:43:40,Parked,Parked,100,0,71.894,0,-0.08,395,25,-0.032
2026-01-01 14:43:50,Parked,Parked,100,0,71.894,0,-0.08,395,25,-0.032
2026-01-01 14:44:00,Parked,Parked,100,0,71.894,0,-0.08,395,25,-0.032
2026-01-01 14:44:10,Parked,Parked,100,0,71.894,0,-0.08,395,25,-0.032
2026-01-01 14:44:20,Parked,Parked,100,0,71.894,0,-0.08,395,25,-0.032
2026-01-01 14:44:30,Parked,Parked,100,0,71.894,0,-0.08,395,25,-0.032
2026-01-01 14:44:40,Parked,Parked,100,0,71.893,0,-0.08,395,25,-0.032
2026-01-01 14:44:50,Parked,Parked,100,0,71.893,0,-0.08,395,25,-0.032
2026-01-01 14:45:00,Parked,Parked,100,0,71.893,0,-0.08,395,25,-0.032
2026-01-01 14:45:10,Parked,Parked,100,0,71.893,0,-0.08,395,25,-0.032
2026-01-01 14:45:20,Parked,Parked,100,0,71.893,0,-0.08,395,25,-0.032
2026-01-01 14:45:30,Parked,Parked,100,0,71.893,0,-0.08,395,25,-0.032
2026-01-01 14:45:40,Parked,Parked,100,0,71.893,0,-0.08,395,25,-0.032
2026-01-01 14:45:50,Parked,Parked,100,0,71.893,0,-0.08,395,25,-0.032
2026-01-01 14:46:00,Parked,Parked,100,0,71.893,0,-0.08,395,25,-0.032
2026-01-01 14:46:10,Parked,Parked,100,0,71.893,0,-0.08,395,25,-0.032
2026-01-01 14:46:20,Parked,Parked,100,0,71.893,0,-0.08,395,25,-0.032
2026-01-01 14:46:30,Parked,Parked,100,0,71.893,0,-0.08,395,25,-0.032
2026-01-01 14:46:40,Parked,Parked,100,0,71.893,0,-0.08,395,25,-0.032
2026-01-01 14:46:50,Parked,Parked,100,0,71.893,0,-0.08,395,25,-0.032
2026-01-01 14:47:00,Parked,Parked,100,0,71.893,0,-0.08,395,25,-0.032
2026-01-01 14:47:10,Parked,Parked,100,0,71.893,0,-0.08,395,25,-0.032
2026-01-01 14:47:20,Parked,Parked,100,0,71.893,0,-0.08,395,25,-0.032
2026-01-01 14:47:30,Parked,Parked,100,0,71.893,0,-0.08,395,25,-0.032
2026-01-01 14:47:40,Parked,Parked,100,0,71.893,0,-0.08,395,25,-0.032
2026-01-01 14:47:50,Parked,Parked,100,0,71.893,0,-0.08,395,25,-0.032
2026-01-01 14:48:00,Parked,Parked,100,0,71.893,0,-0.08,395,25,-0.032
2026-01-01 14:48:10,Parked,Parked,100,0,71.893,0,-0.08,395,25,-0.032
2026-01-01 14:48:20,Parked,Parked,100,0,71.893,0,-0.08,395,25,-0.032
2026-01-01 14:48:30,Parked,Parked,100,0,71.892,0,-0.08,395,25,-0.032
2026-01-01 14:48:40,Parked,Parked,100,0,71.892,0,-0.08,395,25,-0.032
2026-01-01 14:48:50,Parked,Parked,100,0,71.892,0,-0.08,395,25,-0.032
2026-01-01 14:49:00,Parked,Parked,100,0,71.892,0,-0.08,395,25,-0.032
2026-01-01 14:49:10,Parked,Parked,100,0,71.892,0,-0.08,395,25,-0.032
2026-01-01 14:49:20,Parked,Parked,100,0,71.892,0,-0.08,395,25,-0.032
2026-01-01 14:49:30,Parked,Parked,100,0,71.892,0,-0.08,395,25,-0.032
2026-01-01 14:49:40,Parked,Parked,100,0,71.892,0,-0.08,395,25,-0.032
2026-01-01 14:49:50,Parked,Parked,100,0,71.892,0,-0.08,395,25,-0.032
2026-01-01 14:50:00,Parked,Parked,100,0,71.892,0,-0.08,395,25,-0.032
2026-01-01 14:50:10,Parked,Parked,100,0,71.892,0,-0.08,395,25,-0.032
2026-01-01 14:50:20,Parked,Parked,100,0,71.892,0,-0.08,395,25,-0.032
2026-01-01 14:50:30,Parked,Parked,100,0,71.892,0,-0.08,395,25,-0.032
2026-01-01 14:50:40,Parked,Parked,100,0,71.892,0,-0.08,395,25,-0.032
2026-01-01 14:50:50,Parked,Parked,100,0,71.892,0,-0.08,395,25,-0.032
2026-01-01 14:51:00,Parked,Parked,100,0,71.892,0,-0.08,395,25,-0.032
2026-01-01 14:51:10,Parked,Parked,100,0,71.892,0,-0.08,395,25,-0.032
2026-01-01 14:51:20,Parked,Parked,100,0,71.892,0,-0.08,395,25,-0.032
2026-01-01 14:51:30,Parked,Parked,100,0,71.892,0,-0.08,395,25,-0.032
2026-01-01 14:51:40,Parked,Parked,100,0,71.892,0,-0.08,395,25,-0.032
2026-01-01 14:51:50,Parked,Parked,100,0,71.892,0,-0.08,395,25,-0.032
2026-01-01 14:52:00,Parked,Parked,100,0,71.892,0,-0.08,395,25,-0.032
2026-01-01 14:52:10,Parked,Parked,100,0,71.892,0,-0.08,395,25,-0.032
2026-01-01 14:52:20,Parked,Parked,100,0,71.891,0,-0.08,395,25,-0.032
2026-01-01 14:52:30,Parked,Parked,100,0,71.891,0,-0.08,395,25,-0.032
2026-01-01 14:52:40,Parked,Parked,100,0,71.891,0,-0.08,395,25,-0.032
2026-01-01 14:52:50,Parked,Parked,100,0,71.891,0,-0.08,395,25,-0.032
2026-01-01 14:53:00,Parked,Parked,100,0,71.891,0,-0.08,395,25,-0.032
2026-01-01 14:53:10,Parked,Parked,100,0,71.891,0,-0.08,395,25,-0.032
2026-01-01 14:53:20,Parked,Parked,100,0,71.891,0,-0.08,395,25,-0.032
2026-01-01 14:53:30,Parked,Parked,100,0,71.891,0,-0.08,395,25,-0.032
2026-01-01 14:53:40,Parked,Parked,100,0,71.891,0,-0.08,395,25,-0.032
2026-01-01 14:53:50,Parked,Parked,100,0,71.891,0,-0.08,395,25,-0.032
2026-01-01 14:54:00,Parked,Parked,100,0,71.891,0,-0.08,395,25,-0.032
2026-01-01 14:54:10,Parked,Parked,100,0,71.891,0,-0.08,395,25,-0.032
2026-01-01 14:54:20,Parked,Parked,100,0,71.891,0,-0.08,395,25,-0.032
2026-01-01 14:54:30,Parked,Parked,100,0,71.891,0,-0.08,395,25,-0.032
2026-01-01 14:54:40,Parked,Parked,100,0,71.891,0,-0.08,395,25,-0.032
2026-01-01 14:54:50,Parked,Parked,100,0,71.891,0,-0.08,395,25,-0.032
2026-01-01 14:55:00,Parked,Parked,100,0,71.891,0,-0.08,395,25,-0.032
2026-01-01 14:55:10,Parked,Parked,100,0,71.891,0,-0.08,395,25,-0.032
2026-01-01 14:55:20,Parked,Parked,100,0,71.891,0,-0.08,395,25,-0.032
2026-01-01 14:55:30,Parked,Parked,100,0,71.891,0,-0.08,395,25,-0.032
2026-01-01 14:55:40,Parked,Parked,100,0,71.891,0,-0.08,395,25,-0.032
2026-01-01 14:55:50,Parked,Parked,100,0,71.891,0,-0.08,395,25,-0.032
2026-01-01 14:56:00,Parked,Parked,100,0,71.89,0,-0.08,395,25,-0.032
2026-01-01 14:56:10,Parked,Parked,100,0,71.89,0,-0.08,395,25,-0.032
2026-01-01 14:56:20,Parked,Parked,100,0,71.89,0,-0.08,395,25,-0.032
2026-01-01 14:56:30,Parked,Parked,100,0,71.89,0,-0.08,395,25,-0.032
2026-01-01 14:56:40,Parked,Parked,100,0,71.89,0,-0.08,395,25,-0.032
2026-01-01 14:56:50,Parked,Parked,100,0,71.89,0,-0.08,395,25,-0.032
2026-01-01 14:57:00,Parked,Parked,100,0,71.89,0,-0.08,395,25,-0.032
2026-01-01 14:57:10,Parked,Parked,100,0,71.89,0,-0.08,395,25,-0.032
2026-01-01 14:57:20,Parked,Parked,100,0,71.89,0,-0.08,395,25,-0.032
2026-01-01 14:57:30,Parked,Parked,100,0,71.89,0,-0.08,395,25,-0.032
2026-01-01 14:57:40,Parked,Parked,100,0,71.89,0,-0.08,395,25,-0.032
2026-01-01 14:57:50,Parked,Parked,100,0,71.89,0,-0.08,395,25,-0.032
2026-01-01 14:58:00,Parked,Parked,100,0,71.89,0,-0.08,395,25,-0.032
2026-01-01 14:58:10,Parked,Parked,100,0,71.89,0,-0.08,395,25,-0.032
2026-01-01 14:58:20,Parked,Parked,100,0,71.89,0,-0.08,395,25,-0.032
2026-01-01 14:58:30,Parked,Parked,100,0,71.89,0,-0.08,395,25,-0.032
2026-01-01 14:58:40,Parked,Parked,100,0,71.89,0,-0.08,395,25,-0.032
2026-01-01 14:58:50,Parked,Parked,100,0,71.89,0,-0.08,395,25,-0.032
2026-01-01 14:59:00,Parked,Parked,100,0,71.89,0,-0.08,395,25,-0.032
2026-01-01 14:59:10,Parked,Parked,100,0,71.89,0,-0.08,395,25,-0.032
2026-01-01 14:59:20,Parked,Parked,100,0,71.89,0,-0.08,395,25,-0.032
2026-01-01 14:59:30,Parked,Parked,100,0,71.89,0,-0.08,395,25,-0.032
2026-01-01 14:59:40,Parked,Parked,100,0,71.89,0,-0.08,395,25,-0.032
2026-01-01 14:59:50,Parked,Parked,100,0,71.889,0,-0.08,395,25,-0.032
2026-01-01 15:00:00,Parked,Parked,100,0,71.889,0,-0.08,395,25,-0.032
2026-01-01 15:00:10,Parked,Parked,100,0,71.889,0,-0.08,395,25,-0.032
2026-01-01 15:00:20,Parked,Parked,100,0,71.889,0,-0.08,395,25,-0.032
2026-01-01 15:00:30,Parked,Parked,100,0,71.889,0,-0.08,395,25,-0.032
2026-01-01 15:00:40,Parked,Parked,100,0,71.889,0,-0.08,395,25,-0.032
2026-01-01 15:00:50,Parked,Parked,100,0,71.889,0,-0.08,395,25,-0.032
2026-01-01 15:01:00,Parked,Parked,100,0,71.889,0,-0.08,395,25,-0.032
2026-01-01 15:01:10,Parked,Parked,100,0,71.889,0,-0.08,395,25,-0.032
2026-01-01 15:01:20,Parked,Parked,100,0,71.889,0,-0.08,395,25,-0.032
2026-01-01 15:01:30,Parked,Parked,100,0,71.889,0,-0.08,395,25,-0.032
2026-01-01 15:01:40,Parked,Parked,100,0,71.889,0,-0.08,395,25,-0.032
2026-01-01 15:01:50,Parked,Parked,100,0,71.889,0,-0.08,395,25,-0.032
2026-01-01 15:02:00,Parked,Parked,100,0,71.889,0,-0.08,395,25,-0.032
2026-01-01 15:02:10,Parked,Parked,100,0,71.889,0,-0.08,395,25,-0.032
2026-01-01 15:02:20,Parked,Parked,100,0,71.889,0,-0.08,395,25,-0.032
2026-01-01 15:02:30,Parked,Parked,100,0,71.889,0,-0.08,395,25,-0.032
2026-01-01 15:02:40,Parked,Parked,100,0,71.889,0,-0.08,395,25,-0.032
2026-01-01 15:02:50,Parked,Parked,100,0,71.889,0,-0.08,395,25,-0.032
2026-01-01 15:03:00,Parked,Parked,100,0,71.889,0,-0.08,395,25,-0.032
2026-01-01 15:03:10,Parked,Parked,100,0,71.889,0,-0.08,395,25,-0.032
2026-01-01 15:03:20,Parked,Parked,100,0,71.889,0,-0.08,395,25,-0.032
2026-01-01 15:03:30,Parked,Parked,100,0,71.889,0,-0.08,395,25,-0.032
2026-01-01 15:03:40,Parked,Parked,100,0,71.888,0,-0.08,395,25,-0.032
2026-01-01 15:03:50,Parked,Parked,100,0,71.888,0,-0.08,395,25,-0.032
2026-01-01 15:04:00,Parked,Parked,100,0,71.888,0,-0.08,395,25,-0.032
2026-01-01 15:04:10,Parked,Parked,100,0,71.888,0,-0.08,395,25,-0.032
2026-01-01 15:04:20,Parked,Parked,100,0,71.888,0,-0.08,395,25,-0.032
2026-01-01 15:04:30,Parked,Parked,100,0,71.888,0,-0.08,395,25,-0.032
2026-01-01 15:04:40,Parked,Parked,100,0,71.888,0,-0.08,395,25,-0.032
2026-01-01 15:04:50,Parked,Parked,100,0,71.888,0,-0.08,395,25,-0.032
2026-01-01 15:05:00,Parked,Parked,100,0,71.888,0,-0.08,395,25,-0.032
2026-01-01 15:05:10,Parked,Parked,100,0,71.888,0,-0.08,395,25,-0.032
2026-01-01 15:05:20,Parked,Parked,100,0,71.888,0,-0.08,395,25,-0.032
2026-01-01 15:05:30,Parked,Parked,100,0,71.888,0,-0.08,395,25,-0.032
2026-01-01 15:05:40,Parked,Parked,100,0,71.888,0,-0.08,395,25,-0.032
2026-01-01 15:05:50,Parked,Parked,100,0,71.888,0,-0.08,395,25,-0.032
2026-01-01 15:06:00,Parked,Parked,100,0,71.888,0,-0.08,395,25,-0.032
2026-01-01 15:06:10,Parked,Parked,100,0,71.888,0,-0.08,395,25,-0.032
2026-01-01 15:06:20,Parked,Parked,100,0,71.888,0,-0.08,395,25,-0.032
2026-01-01 15:06:30,Parked,Parked,100,0,71.888,0,-0.08,395,25,-0.032
2026-01-01 15:06:40,Parked,Parked,100,0,71.888,0,-0.08,395,25,-0.032
2026-01-01 15:06:50,Parked,Parked,100,0,71.888,0,-0.08,395,25,-0.032
2026-01-01 15:07:00,Parked,Parked,100,0,71.888,0,-0.08,395,25,-0.032
2026-01-01 15:07:10,Parked,Parked,100,0,71.888,0,-0.08,395,25,-0.032
2026-01-01 15:07:20,Parked,Parked,100,0,71.888,0,-0.08,395,25,-0.032
2026-01-01 15:07:30,Parked,Parked,100,0,71.887,0,-0.08,395,25,-0.032
2026-01-01 15:07:40,Parked,Parked,100,0,71.887,0,-0.08,395,25,-0.032
2026-01-01 15:07:50,Parked,Parked,100,0,71.887,0,-0.08,395,25,-0.032
2026-01-01 15:08:00,Parked,Parked,100,0,71.887,0,-0.08,395,25,-0.032
2026-01-01 15:08:10,Parked,Parked,100,0,71.887,0,-0.08,395,25,-0.032
2026-01-01 15:08:20,Parked,Parked,100,0,71.887,0,-0.08,395,25,-0.032
2026-01-01 15:08:30,Parked,Parked,100,0,71.887,0,-0.08,395,25,-0.032
2026-01-01 15:08:40,Parked,Parked,100,0,71.887,0,-0.08,395,25,-0.032
2026-01-01 15:08:50,Parked,Parked,100,0,71.887,0,-0.08,395,25,-0.032
2026-01-01 15:09:00,Parked,Parked,100,0,71.887,0,-0.08,395,25,-0.032
2026-01-01 15:09:10,Parked,Parked,100,0,71.887,0,-0.08,395,25,-0.032
2026-01-01 15:09:20,Parked,Parked,100,0,71.887,0,-0.08,395,25,-0.032
2026-01-01 15:09:30,Parked,Parked,100,0,71.887,0,-0.08,395,25,-0.032
2026-01-01 15:09:40,Parked,Parked,100,0,71.887,0,-0.08,395,25,-0.032
2026-01-01 15:09:50,Parked,Parked,100,0,71.887,0,-0.08,395,25,-0.032
2026-01-01 15:10:00,Parked,Parked,100,0,71.887,0,-0.08,395,25,-0.032
2026-01-01 15:10:10,Parked,Parked,100,0,71.887,0,-0.08,395,25,-0.032
2026-01-01 15:10:20,Parked,Parked,100,0,71.887,0,-0.08,395,25,-0.032
2026-01-01 15:10:30,Parked,Parked,100,0,71.887,0,-0.08,395,25,-0.032
2026-01-01 15:10:40,Parked,Parked,100,0,71.887,0,-0.08,395,25,-0.032
2026-01-01 15:10:50,Parked,Parked,100,0,71.887,0,-0.08,395,25,-0.032
2026-01-01 15:11:00,Parked,Parked,100,0,71.887,0,-0.08,395,25,-0.032
2026-01-01 15:11:10,Parked,Parked,100,0,71.887,0,-0.08,395,25,-0.032
2026-01-01 15:11:20,Parked,Parked,100,0,71.886,0,-0.08,395,25,-0.032
2026-01-01 15:11:30,Parked,Parked,100,0,71.886,0,-0.08,395,25,-0.032
2026-01-01 15:11:40,Parked,Parked,100,0,71.886,0,-0.08,395,25,-0.032
2026-01-01 15:11:50,Parked,Parked,100,0,71.886,0,-0.08,395,25,-0.032
2026-01-01 15:12:00,Parked,Parked,100,0,71.886,0,-0.08,395,25,-0.032
2026-01-01 15:12:10,Parked,Parked,100,0,71.886,0,-0.08,395,25,-0.032
2026-01-01 15:12:20,Parked,Parked,100,0,71.886,0,-0.08,395,25,-0.032
2026-01-01 15:12:30,Parked,Parked,100,0,71.886,0,-0.08,395,25,-0.032
2026-01-01 15:12:40,Parked,Parked,100,0,71.886,0,-0.08,395,25,-0.032
2026-01-01 15:12:50,Parked,Parked,100,0,71.886,0,-0.08,395,25,-0.032
2026-01-01 15:13:00,Parked,Parked,100,0,71.886,0,-0.08,395,25,-0.032
2026-01-01 15:13:10,Parked,Parked,100,0,71.886,0,-0.08,395,25,-0.032
2026-01-01 15:13:20,Parked,Parked,100,0,71.886,0,-0.08,395,25,-0.032
2026-01-01 15:13:30,Parked,Parked,100,0,71.886,0,-0.08,395,25,-0.032
2026-01-01 15:13:40,Parked,Parked,100,0,71.886,0,-0.08,395,25,-0.032
2026-01-01 15:13:50,Parked,Parked,100,0,71.886,0,-0.08,395,25,-0.032
2026-01-01 15:14:00,Parked,Parked,100,0,71.886,0,-0.08,395,25,-0.032
2026-01-01 15:14:10,Parked,Parked,100,0,71.886,0,-0.08,395,25,-0.032
2026-01-01 15:14:20,Parked,Parked,100,0,71.886,0,-0.08,395,25,-0.032
2026-01-01 15:14:30,Parked,Parked,100,0,71.886,0,-0.08,395,25,-0.032
2026-01-01 15:14:40,Parked,Parked,100,0,71.886,0,-0.08,395,25,-0.032
2026-01-01 15:14:50,Parked,Parked,100,0,71.886,0,-0.08,395,25,-0.032
2026-01-01 15:15:00,Parked,Parked,100,0,71.885,0,-0.08,395,25,-0.032
2026-01-01 15:15:10,Parked,Parked,100,0,71.885,0,-0.08,395,25,-0.032
2026-01-01 15:15:20,Parked,Parked,100,0,71.885,0,-0.08,395,25,-0.032
2026-01-01 15:15:30,Parked,Parked,100,0,71.885,0,-0.08,395,25,-0.032
2026-01-01 15:15:40,Parked,Parked,100,0,71.885,0,-0.08,395,25,-0.032
2026-01-01 15:15:50,Parked,Parked,100,0,71.885,0,-0.08,395,25,-0.032
2026-01-01 15:16:00,Parked,Parked,100,0,71.885,0,-0.08,395,25,-0.032
2026-01-01 15:16:10,Parked,Parked,100,0,71.885,0,-0.08,395,25,-0.032
2026-01-01 15:16:20,Parked,Parked,100,0,71.885,0,-0.08,395,25,-0.032
2026-01-01 15:16:30,Parked,Parked,100,0,71.885,0,-0.08,395,25,-0.032
2026-01-01 15:16:40,Parked,Parked,100,0,71.885,0,-0.08,395,25,-0.032
2026-01-01 15:16:50,Parked,Parked,100,0,71.885,0,-0.08,395,25,-0.032
2026-01-01 15:17:00,Parked,Parked,100,0,71.885,0,-0.08,395,25,-0.032
2026-01-01 15:17:10,Parked,Parked,100,0,71.885,0,-0.08,395,25,-0.032
2026-01-01 15:17:20,Parked,Parked,100,0,71.885,0,-0.08,395,25,-0.032
2026-01-01 15:17:30,Parked,Parked,100,0,71.885,0,-0.08,395,25,-0.032
2026-01-01 15:17:40,Parked,Parked,100,0,71.885,0,-0.08,395,25,-0.032
2026-01-01 15:17:50,Parked,Parked,100,0,71.885,0,-0.08,395,25,-0.032
2026-01-01 15:18:00,Parked,Parked,100,0,71.885,0,-0.08,395,25,-0.032
2026-01-01 15:18:10,Parked,Parked,100,0,71.885,0,-0.08,395,25,-0.032
2026-01-01 15:18:20,Parked,Parked,100,0,71.885,0,-0.08,395,25,-0.032
2026-01-01 15:18:30,Parked,Parked,100,0,71.885,0,-0.08,395,25,-0.032
2026-01-01 15:18:40,Parked,Parked,100,0,71.885,0,-0.08,395,25,-0.032
2026-01-01 15:18:50,Parked,Parked,100,0,71.884,0,-0.08,395,25,-0.032
2026-01-01 15:19:00,Parked,Parked,100,0,71.884,0,-0.08,395,25,-0.032
2026-01-01 15:19:10,Parked,Parked,100,0,71.884,0,-0.08,395,25,-0.032
2026-01-01 15:19:20,Parked,Parked,100,0,71.884,0,-0.08,395,25,-0.032
2026-01-01 15:19:30,Parked,Parked,100,0,71.884,0,-0.08,395,25,-0.032
2026-01-01 15:19:40,Parked,Parked,100,0,71.884,0,-0.08,395,25,-0.032
2026-01-01 15:19:50,Parked,Parked,100,0,71.884,0,-0.08,395,25,-0.032
2026-01-01 15:20:00,Parked,Parked,100,0,71.884,0,-0.08,395,25,-0.032
2026-01-01 15:20:10,Parked,Parked,100,0,71.884,0,-0.08,395,25,-0.032
2026-01-01 15:20:20,Parked,Parked,100,0,71.884,0,-0.08,395,25,-0.032
2026-01-01 15:20:30,Parked,Parked,100,0,71.884,0,-0.08,395,25,-0.032
2026-01-01 15:20:40,Parked,Parked,100,0,71.884,0,-0.08,395,25,-0.032
2026-01-01 15:20:50,Parked,Parked,100,0,71.884,0,-0.08,395,25,-0.032
2026-01-01 15:21:00,Parked,Parked,100,0,71.884,0,-0.08,395,25,-0.032
2026-01-01 15:21:10,Parked,Parked,100,0,71.884,0,-0.08,395,25,-0.032
2026-01-01 15:21:20,Parked,Parked,100,0,71.884,0,-0.08,395,25,-0.032
2026-01-01 15:21:30,Parked,Parked,100,0,71.884,0,-0.08,395,25,-0.032
2026-01-01 15:21:40,Parked,Parked,100,0,71.884,0,-0.08,395,25,-0.032
2026-01-01 15:21:50,Parked,Parked,100,0,71.884,0,-0.08,395,25,-0.032
2026-01-01 15:22:00,Parked,Parked,100,0,71.884,0,-0.08,395,25,-0.032
2026-01-01 15:22:10,Parked,Parked,100,0,71.884,0,-0.08,395,25,-0.032
2026-01-01 15:22:20,Parked,Parked,100,0,71.884,0,-0.08,395,25,-0.032
2026-01-01 15:22:30,Parked,Parked,100,0,71.884,0,-0.08,395,25,-0.032
2026-01-01 15:22:40,Parked,Parked,100,0,71.883,0,-0.08,395,25,-0.032
2026-01-01 15:22:50,Parked,Parked,100,0,71.883,0,-0.08,395,25,-0.032
2026-01-01 15:23:00,Parked,Parked,100,0,71.883,0,-0.08,395,25,-0.032
2026-01-01 15:23:10,Parked,Parked,100,0,71.883,0,-0.08,395,25,-0.032
2026-01-01 15:23:20,Parked,Parked,100,0,71.883,0,-0.08,395,25,-0.032
2026-01-01 15:23:30,Parked,Parked,100,0,71.883,0,-0.08,395,25,-0.032
2026-01-01 15:23:40,Parked,Parked,100,0,71.883,0,-0.08,395,25,-0.032
2026-01-01 15:23:50,Parked,Parked,100,0,71.883,0,-0.08,395,25,-0.032
2026-01-01 15:24:00,Parked,Parked,100,0,71.883,0,-0.08,395,25,-0.032
2026-01-01 15:24:10,Parked,Parked,100,0,71.883,0,-0.08,395,25,-0.032
2026-01-01 15:24:20,Parked,Parked,100,0,71.883,0,-0.08,395,25,-0.032
2026-01-01 15:24:30,Parked,Parked,100,0,71.883,0,-0.08,395,25,-0.032
2026-01-01 15:24:40,Parked,Parked,100,0,71.883,0,-0.08,395,25,-0.032
2026-01-01 15:24:50,Parked,Parked,100,0,71.883,0,-0.08,395,25,-0.032
2026-01-01 15:25:00,Parked,Parked,100,0,71.883,0,-0.08,395,25,-0.032
2026-01-01 15:25:10,Parked,Parked,100,0,71.883,0,-0.08,395,25,-0.032
2026-01-01 15:25:20,Parked,Parked,100,0,71.883,0,-0.08,395,25,-0.032
2026-01-01 15:25:30,Parked,Parked,100,0,71.883,0,-0.08,395,25,-0.032
2026-01-01 15:25:40,Parked,Parked,100,0,71.883,0,-0.08,395,25,-0.032
2026-01-01 15:25:50,Parked,Parked,100,0,71.883,0,-0.08,395,25,-0.032
2026-01-01 15:26:00,Parked,Parked,100,0,71.883,0,-0.08,395,25,-0.032
2026-01-01 15:26:10,Parked,Parked,100,0,71.883,0,-0.08,395,25,-0.032
2026-01-01 15:26:20,Parked,Parked,100,0,71.883,0,-0.08,395,25,-0.032
2026-01-01 15:26:30,Parked,Parked,100,0,71.882,0,-0.08,395,25,-0.032
2026-01-01 15:26:40,Parked,Parked,100,0,71.882,0,-0.08,395,25,-0.032
2026-01-01 15:26:50,Parked,Parked,100,0,71.882,0,-0.08,395,25,-0.032
2026-01-01 15:27:00,Parked,Parked,100,0,71.882,0,-0.08,395,25,-0.032
2026-01-01 15:27:10,Parked,Parked,100,0,71.882,0,-0.08,395,25,-0.032
2026-01-01 15:27:20,Parked,Parked,100,0,71.882,0,-0.08,395,25,-0.032
2026-01-01 15:27:30,Parked,Parked,100,0,71.882,0,-0.08,395,25,-0.032
2026-01-01 15:27:40,Parked,Parked,100,0,71.882,0,-0.08,395,25,-0.032
2026-01-01 15:27:50,Parked,Parked,100,0,71.882,0,-0.08,395,25,-0.032
2026-01-01 15:28:00,Parked,Parked,100,0,71.882,0,-0.08,395,25,-0.032
2026-01-01 15:28:10,Parked,Parked,100,0,71.882,0,-0.08,395,25,-0.032
2026-01-01 15:28:20,Parked,Parked,100,0,71.882,0,-0.08,395,25,-0.032
2026-01-01 15:28:30,Parked,Parked,100,0,71.882,0,-0.08,395,25,-0.032
2026-01-01 15:28:40,Parked,Parked,100,0,71.882,0,-0.08,395,25,-0.032
2026-01-01 15:28:50,Parked,Parked,100,0,71.882,0,-0.08,395,25,-0.032
2026-01-01 15:29:00,Parked,Parked,100,0,71.882,0,-0.08,395,25,-0.032
2026-01-01 15:29:10,Parked,Parked,100,0,71.882,0,-0.08,395,25,-0.032
2026-01-01 15:29:20,Parked,Parked,100,0,71.882,0,-0.08,395,25,-0.032
2026-01-01 15:29:30,Parked,Parked,100,0,71.882,0,-0.08,395,25,-0.032
2026-01-01 15:29:40,Parked,Parked,100,0,71.882,0,-0.08,395,25,-0.032
2026-01-01 15:29:50,Parked,Parked,100,0,71.882,0,-0.08,395,25,-0.032
2026-01-01 15:30:00,Parked,Parked,100,0,71.882,0,-0.08,395,25,-0.032
2026-01-01 15:30:10,Parked,Parked,100,0,71.882,0,-0.08,395,25,-0.032
2026-01-01 15:30:20,Parked,Parked,100,0,71.881,0,-0.08,395,25,-0.032
2026-01-01 15:30:30,Parked,Parked,100,0,71.881,0,-0.08,395,25,-0.032
2026-01-01 15:30:40,Parked,Parked,100,0,71.881,0,-0.08,395,25,-0.032
2026-01-01 15:30:50,Parked,Parked,100,0,71.881,0,-0.08,395,25,-0.032
2026-01-01 15:31:00,Parked,Parked,100,0,71.881,0,-0.08,395,25,-0.032
2026-01-01 15:31:10,Parked,Parked,100,0,71.881,0,-0.08,395,25,-0.032
2026-01-01 15:31:20,Parked,Parked,100,0,71.881,0,-0.08,395,25,-0.032
2026-01-01 15:31:30,Parked,Parked,100,0,71.881,0,-0.08,395,25,-0.032
2026-01-01 15:31:40,Parked,Parked,100,0,71.881,0,-0.08,395,25,-0.032
2026-01-01 15:31:50,Parked,Parked,100,0,71.881,0,-0.08,395,25,-0.032
2026-01-01 15:32:00,Parked,Parked,100,0,71.881,0,-0.08,395,25,-0.032
2026-01-01 15:32:10,Parked,Parked,100,0,71.881,0,-0.08,395,25,-0.032
2026-01-01 15:32:20,Parked,Parked,100,0,71.881,0,-0.08,395,25,-0.032
2026-01-01 15:32:30,Parked,Parked,100,0,71.881,0,-0.08,395,25,-0.032
2026-01-01 15:32:40,Parked,Parked,100,0,71.881,0,-0.08,395,25,-0.032
2026-01-01 15:32:50,Parked,Parked,100,0,71.881,0,-0.08,395,25,-0.032
2026-01-01 15:33:00,Parked,Parked,100,0,71.881,0,-0.08,395,25,-0.032
2026-01-01 15:33:10,Parked,Parked,100,0,71.881,0,-0.08,395,25,-0.032
2026-01-01 15:33:20,Parked,Parked,100,0,71.881,0,-0.08,395,25,-0.032
2026-01-01 15:33:30,Parked,Parked,100,0,71.881,0,-0.08,395,25,-0.032
2026-01-01 15:33:40,Parked,Parked,100,0,71.881,0,-0.08,395,25,-0.032
2026-01-01 15:33:50,Parked,Parked,100,0,71.881,0,-0.08,395,25,-0.032
2026-01-01 15:34:00,Parked,Parked,100,0,71.88,0,-0.08,395,25,-0.032
2026-01-01 15:34:10,Parked,Parked,100,0,71.88,0,-0.08,395,25,-0.032
2026-01-01 15:34:20,Parked,Parked,100,0,71.88,0,-0.08,395,25,-0.032
2026-01-01 15:34:30,Parked,Parked,100,0,71.88,0,-0.08,395,25,-0.032
2026-01-01 15:34:40,Parked,Parked,100,0,71.88,0,-0.08,395,25,-0.032
2026-01-01 15:34:50,Parked,Parked,100,0,71.88,0,-0.08,395,25,-0.032
2026-01-01 15:35:00,Parked,Parked,100,0,71.88,0,-0.08,395,25,-0.032
2026-01-01 15:35:10,Parked,Parked,100,0,71.88,0,-0.08,395,25,-0.032
2026-01-01 15:35:20,Parked,Parked,100,0,71.88,0,-0.08,395,25,-0.032
2026-01-01 15:35:30,Parked,Parked,100,0,71.88,0,-0.08,395,25,-0.032
2026-01-01 15:35:40,Parked,Parked,100,0,71.88,0,-0.08,395,25,-0.032
2026-01-01 15:35:50,Parked,Parked,100,0,71.88,0,-0.08,395,25,-0.032
2026-01-01 15:36:00,Parked,Parked,100,0,71.88,0,-0.08,395,25,-0.032
2026-01-01 15:36:10,Parked,Parked,100,0,71.88,0,-0.08,395,25,-0.032
2026-01-01 15:36:20,Parked,Parked,100,0,71.88,0,-0.08,395,25,-0.032
2026-01-01 15:36:30,Parked,Parked,100,0,71.88,0,-0.08,395,25,-0.032
2026-01-01 15:36:40,Parked,Parked,100,0,71.88,0,-0.08,395,25,-0.032
2026-01-01 15:36:50,Parked,Parked,100,0,71.88,0,-0.08,395,25,-0.032
2026-01-01 15:37:00,Parked,Parked,100,0,71.88,0,-0.08,395,25,-0.032
2026-01-01 15:37:10,Parked,Parked,100,0,71.88,0,-0.08,395,25,-0.032
2026-01-01 15:37:20,Parked,Parked,100,0,71.88,0,-0.08,395,25,-0.032
2026-01-01 15:37:30,Parked,Parked,100,0,71.88,0,-0.08,395,25,-0.032
2026-01-01 15:37:40,Parked,Parked,100,0,71.88,0,-0.08,395,25,-0.032
2026-01-01 15:37:50,Parked,Parked,100,0,71.879,0,-0.08,395,25,-0.032
2026-01-01 15:38:00,Parked,Parked,100,0,71.879,0,-0.08,395,25,-0.032
2026-01-01 15:38:10,Parked,Parked,100,0,71.879,0,-0.08,395,25,-0.032
2026-01-01 15:38:20,Parked,Parked,100,0,71.879,0,-0.08,395,25,-0.032
2026-01-01 15:38:30,Parked,Parked,100,0,71.879,0,-0.08,395,25,-0.032
2026-01-01 15:38:40,Parked,Parked,100,0,71.879,0,-0.08,395,25,-0.032
2026-01-01 15:38:50,Parked,Parked,100,0,71.879,0,-0.08,395,25,-0.032
2026-01-01 15:39:00,Parked,Parked,100,0,71.879,0,-0.08,395,25,-0.032
2026-01-01 15:39:10,Parked,Parked,100,0,71.879,0,-0.08,395,25,-0.032
2026-01-01 15:39:20,Parked,Parked,100,0,71.879,0,-0.08,395,25,-0.032
2026-01-01 15:39:30,Parked,Parked,100,0,71.879,0,-0.08,395,25,-0.032
2026-01-01 15:39:40,Parked,Parked,100,0,71.879,0,-0.08,395,25,-0.032
2026-01-01 15:39:50,Parked,Parked,100,0,71.879,0,-0.08,395,25,-0.032
2026-01-01 15:40:00,Parked,Parked,100,0,71.879,0,-0.08,395,25,-0.032
2026-01-01 15:40:10,Parked,Parked,100,0,71.879,0,-0.08,395,25,-0.032
2026-01-01 15:40:20,Parked,Parked,100,0,71.879,0,-0.08,395,25,-0.032
2026-01-01 15:40:30,Parked,Parked,100,0,71.879,0,-0.08,395,25,-0.032
2026-01-01 15:40:40,Parked,Parked,100,0,71.879,0,-0.08,395,25,-0.032
2026-01-01 15:40:50,Parked,Parked,100,0,71.879,0,-0.08,395,25,-0.032
2026-01-01 15:41:00,Parked,Parked,100,0,71.879,0,-0.08,395,25,-0.032
2026-01-01 15:41:10,Parked,Parked,100,0,71.879,0,-0.08,395,25,-0.032
2026-01-01 15:41:20,Parked,Parked,100,0,71.879,0,-0.08,395,25,-0.032
2026-01-01 15:41:30,Parked,Parked,100,0,71.879,0,-0.08,395,25,-0.032
2026-01-01 15:41:40,Parked,Parked,100,0,71.878,0,-0.08,395,25,-0.032
2026-01-01 15:41:50,Parked,Parked,100,0,71.878,0,-0.08,395,25,-0.032
2026-01-01 15:42:00,Parked,Parked,100,0,71.878,0,-0.08,395,25,-0.032
2026-01-01 15:42:10,Parked,Parked,100,0,71.878,0,-0.08,395,25,-0.032
2026-01-01 15:42:20,Parked,Parked,100,0,71.878,0,-0.08,395,25,-0.032
2026-01-01 15:42:30,Parked,Parked,100,0,71.878,0,-0.08,395,25,-0.032
2026-01-01 15:42:40,Parked,Parked,100,0,71.878,0,-0.08,395,25,-0.032
2026-01-01 15:42:50,Parked,Parked,100,0,71.878,0,-0.08,395,25,-0.032
2026-01-01 15:43:00,Parked,Parked,100,0,71.878,0,-0.08,395,25,-0.032
2026-01-01 15:43:10,Parked,Parked,100,0,71.878,0,-0.08,395,25,-0.032
2026-01-01 15:43:20,Parked,Parked,100,0,71.878,0,-0.08,395,25,-0.032
2026-01-01 15:43:30,Parked,Parked,100,0,71.878,0,-0.08,395,25,-0.032
2026-01-01 15:43:40,Parked,Parked,100,0,71.878,0,-0.08,395,25,-0.032
2026-01-01 15:43:50,Parked,Parked,100,0,71.878,0,-0.08,395,25,-0.032
2026-01-01 15:44:00,Parked,Parked,100,0,71.878,0,-0.08,395,25,-0.032
2026-01-01 15:44:10,Parked,Parked,100,0,71.878,0,-0.08,395,25,-0.032
2026-01-01 15:44:20,Parked,Parked,100,0,71.878,0,-0.08,395,25,-0.032
2026-01-01 15:44:30,Parked,Parked,100,0,71.878,0,-0.08,395,25,-0.032
2026-01-01 15:44:40,Parked,Parked,100,0,71.878,0,-0.08,395,25,-0.032
2026-01-01 15:44:50,Parked,Parked,100,0,71.878,0,-0.08,395,25,-0.032
2026-01-01 15:45:00,Parked,Parked,100,0,71.878,0,-0.08,395,25,-0.032
2026-01-01 15:45:10,Parked,Parked,100,0,71.878,0,-0.08,395,25,-0.032
2026-01-01 15:45:20,Parked,Parked,100,0,71.878,0,-0.08,395,25,-0.032
2026-01-01 15:45:30,Parked,Parked,100,0,71.877,0,-0.08,395,25,-0.032
2026-01-01 15:45:40,Parked,Parked,100,0,71.877,0,-0.08,395,25,-0.032
2026-01-01 15:45:50,Parked,Parked,100,0,71.877,0,-0.08,395,25,-0.032
2026-01-01 15:46:00,Parked,Parked,100,0,71.877,0,-0.08,395,25,-0.032
2026-01-01 15:46:10,Parked,Parked,100,0,71.877,0,-0.08,395,25,-0.032
2026-01-01 15:46:20,Parked,Parked,100,0,71.877,0,-0.08,395,25,-0.032
2026-01-01 15:46:30,Parked,Parked,100,0,71.877,0,-0.08,395,25,-0.032
2026-01-01 15:46:40,Parked,Parked,100,0,71.877,0,-0.08,395,25,-0.032
2026-01-01 15:46:50,Parked,Parked,100,0,71.877,0,-0.08,395,25,-0.032
2026-01-01 15:47:00,Parked,Parked,100,0,71.877,0,-0.08,395,25,-0.032
2026-01-01 15:47:10,Parked,Parked,100,0,71.877,0,-0.08,395,25,-0.032
2026-01-01 15:47:20,Parked,Parked,100,0,71.877,0,-0.08,395,25,-0.032
2026-01-01 15:47:30,Parked,Parked,100,0,71.877,0,-0.08,395,25,-0.032
2026-01-01 15:47:40,Parked,Parked,100,0,71.877,0,-0.08,395,25,-0.032
2026-01-01 15:47:50,Parked,Parked,100,0,71.877,0,-0.08,395,25,-0.032
2026-01-01 15:48:00,Parked,Parked,100,0,71.877,0,-0.08,395,25,-0.032
2026-01-01 15:48:10,Parked,Parked,100,0,71.877,0,-0.08,395,25,-0.032
2026-01-01 15:48:20,Parked,Parked,100,0,71.877,0,-0.08,395,25,-0.032
2026-01-01 15:48:30,Parked,Parked,100,0,71.877,0,-0.08,395,25,-0.032
2026-01-01 15:48:40,Parked,Parked,100,0,71.877,0,-0.08,395,25,-0.032
2026-01-01 15:48:50,Parked,Parked,100,0,71.877,0,-0.08,395,25,-0.032
2026-01-01 15:49:00,Parked,Parked,100,0,71.877,0,-0.08,395,25,-0.032
2026-01-01 15:49:10,Parked,Parked,100,0,71.876,0,-0.08,395,25,-0.032
2026-01-01 15:49:20,Parked,Parked,100,0,71.876,0,-0.08,395,25,-0.032
2026-01-01 15:49:30,Parked,Parked,100,0,71.876,0,-0.08,395,25,-0.032
2026-01-01 15:49:40,Parked,Parked,100,0,71.876,0,-0.08,395,25,-0.032
2026-01-01 15:49:50,Parked,Parked,100,0,71.876,0,-0.08,395,25,-0.032
2026-01-01 15:50:00,Parked,Parked,100,0,71.876,0,-0.08,395,25,-0.032
2026-01-01 15:50:10,Parked,Parked,100,0,71.876,0,-0.08,395,25,-0.032
2026-01-01 15:50:20,Parked,Parked,100,0,71.876,0,-0.08,395,25,-0.032
2026-01-01 15:50:30,Parked,Parked,100,0,71.876,0,-0.08,395,25,-0.032
2026-01-01 15:50:40,Parked,Parked,100,0,71.876,0,-0.08,395,25,-0.032
2026-01-01 15:50:50,Parked,Parked,100,0,71.876,0,-0.08,395,25,-0.032
2026-01-01 15:51:00,Parked,Parked,100,0,71.876,0,-0.08,395,25,-0.032
2026-01-01 15:51:10,Parked,Parked,100,0,71.876,0,-0.08,395,25,-0.032
2026-01-01 15:51:20,Parked,Parked,100,0,71.876,0,-0.08,395,25,-0.032
2026-01-01 15:51:30,Parked,Parked,100,0,71.876,0,-0.08,395,25,-0.032
2026-01-01 15:51:40,Parked,Parked,100,0,71.876,0,-0.08,395,25,-0.032
2026-01-01 15:51:50,Parked,Parked,100,0,71.876,0,-0.08,395,25,-0.032
2026-01-01 15:52:00,Parked,Parked,100,0,71.876,0,-0.08,395,25,-0.032
2026-01-01 15:52:10,Parked,Parked,100,0,71.876,0,-0.08,395,25,-0.032
2026-01-01 15:52:20,Parked,Parked,100,0,71.876,0,-0.08,395,25,-0.032
2026-01-01 15:52:30,Parked,Parked,100,0,71.876,0,-0.08,395,25,-0.032
2026-01-01 15:52:40,Parked,Parked,100,0,71.876,0,-0.08,395,25,-0.032
2026-01-01 15:52:50,Parked,Parked,100,0,71.876,0,-0.08,395,25,-0.032
2026-01-01 15:53:00,Parked,Parked,100,0,71.875,0,-0.08,395,25,-0.032
2026-01-01 15:53:10,Parked,Parked,100,0,71.875,0,-0.08,395,25,-0.032
2026-01-01 15:53:20,Parked,Parked,100,0,71.875,0,-0.08,395,25,-0.032
2026-01-01 15:53:30,Parked,Parked,100,0,71.875,0,-0.08,395,25,-0.032
2026-01-01 15:53:40,Parked,Parked,100,0,71.875,0,-0.08,395,25,-0.032
2026-01-01 15:53:50,Parked,Parked,100,0,71.875,0,-0.08,395,25,-0.032
2026-01-01 15:54:00,Parked,Parked,100,0,71.875,0,-0.08,395,25,-0.032
2026-01-01 15:54:10,Parked,Parked,100,0,71.875,0,-0.08,395,25,-0.032
2026-01-01 15:54:20,Parked,Parked,100,0,71.875,0,-0.08,395,25,-0.032
2026-01-01 15:54:30,Parked,Parked,100,0,71.875,0,-0.08,395,25,-0.032
2026-01-01 15:54:40,Parked,Parked,100,0,71.875,0,-0.08,395,25,-0.032
2026-01-01 15:54:50,Parked,Parked,100,0,71.875,0,-0.08,395,25,-0.032
2026-01-01 15:55:00,Parked,Parked,100,0,71.875,0,-0.08,395,25,-0.032
2026-01-01 15:55:10,Parked,Parked,100,0,71.875,0,-0.08,395,25,-0.032
2026-01-01 15:55:20,Parked,Parked,100,0,71.875,0,-0.08,395,25,-0.032
2026-01-01 15:55:30,Parked,Parked,100,0,71.875,0,-0.08,395,25,-0.032
2026-01-01 15:55:40,Parked,Parked,100,0,71.875,0,-0.08,395,25,-0.032
2026-01-01 15:55:50,Parked,Parked,100,0,71.875,0,-0.08,395,25,-0.032
2026-01-01 15:56:00,Parked,Parked,100,0,71.875,0,-0.08,395,25,-0.032
2026-01-01 15:56:10,Parked,Parked,100,0,71.875,0,-0.08,395,25,-0.032
2026-01-01 15:56:20,Parked,Parked,100,0,71.875,0,-0.08,395,25,-0.032
2026-01-01 15:56:30,Parked,Parked,100,0,71.875,0,-0.08,395,25,-0.032
2026-01-01 15:56:40,Parked,Parked,100,0,71.875,0,-0.08,395,25,-0.032
2026-01-01 15:56:50,Parked,Parked,100,0,71.874,0,-0.08,395,25,-0.032
2026-01-01 15:57:00,Parked,Parked,100,0,71.874,0,-0.08,395,25,-0.032
2026-01-01 15:57:10,Parked,Parked,100,0,71.874,0,-0.08,395,25,-0.032
2026-01-01 15:57:20,Parked,Parked,100,0,71.874,0,-0.08,395,25,-0.032
2026-01-01 15:57:30,Parked,Parked,100,0,71.874,0,-0.08,395,25,-0.032
2026-01-01 15:57:40,Parked,Parked,100,0,71.874,0,-0.08,395,25,-0.032
2026-01-01 15:57:50,Parked,Parked,100,0,71.874,0,-0.08,395,25,-0.032
2026-01-01 15:58:00,Parked,Parked,100,0,71.874,0,-0.08,395,25,-0.032
2026-01-01 15:58:10,Parked,Parked,100,0,71.874,0,-0.08,395,25,-0.032
2026-01-01 15:58:20,Parked,Parked,100,0,71.874,0,-0.08,395,25,-0.032
2026-01-01 15:58:30,Parked,Parked,100,0,71.874,0,-0.08,395,25,-0.032
2026-01-01 15:58:40,Parked,Parked,100,0,71.874,0,-0.08,395,25,-0.032
2026-01-01 15:58:50,Parked,Parked,100,0,71.874,0,-0.08,395,25,-0.032
2026-01-01 15:59:00,Parked,Parked,100,0,71.874,0,-0.08,395,25,-0.032
2026-01-01 15:59:10,Parked,Parked,100,0,71.874,0,-0.08,395,25,-0.032
2026-01-01 15:59:20,Parked,Parked,100,0,71.874,0,-0.08,395,25,-0.032
2026-01-01 15:59:30,Parked,Parked,100,0,71.874,0,-0.08,395,25,-0.032
2026-01-01 15:59:40,Parked,Parked,100,0,71.874,0,-0.08,395,25,-0.032
2026-01-01 15:59:50,Parked,Parked,100,0,71.874,0,-0.08,395,25,-0.032
2026-01-01 16:00:00,Parked,Parked,100,0,71.874,0,-0.08,395,25,-0.032
2026-01-01 16:00:10,Parked,Parked,100,0,71.874,0,-0.08,395,25,-0.032
2026-01-01 16:00:20,Parked,Parked,100,0,71.874,0,-0.08,395,25,-0.032
2026-01-01 16:00:30,Parked,Parked,100,0,71.874,0,-0.08,395,25,-0.032
2026-01-01 16:00:40,Parked,Parked,100,0,71.873,0,-0.08,395,25,-0.032
2026-01-01 16:00:50,Parked,Parked,100,0,71.873,0,-0.08,395,25,-0.032
2026-01-01 16:01:00,Parked,Parked,100,0,71.873,0,-0.08,395,25,-0.032
2026-01-01 16:01:10,Parked,Parked,100,0,71.873,0,-0.08,395,25,-0.032
2026-01-01 16:01:20,Parked,Parked,100,0,71.873,0,-0.08,395,25,-0.032
2026-01-01 16:01:30,Parked,Parked,100,0,71.873,0,-0.08,395,25,-0.032
2026-01-01 16:01:40,Parked,Parked,100,0,71.873,0,-0.08,395,25,-0.032
2026-01-01 16:01:50,Parked,Parked,100,0,71.873,0,-0.08,395,25,-0.032
2026-01-01 16:02:00,Parked,Parked,100,0,71.873,0,-0.08,395,25,-0.032
2026-01-01 16:02:10,Parked,Parked,100,0,71.873,0,-0.08,395,25,-0.032
2026-01-01 16:02:20,Parked,Parked,100,0,71.873,0,-0.08,395,25,-0.032
2026-01-01 16:02:30,Parked,Parked,100,0,71.873,0,-0.08,395,25,-0.032
2026-01-01 16:02:40,Parked,Parked,100,0,71.873,0,-0.08,395,25,-0.032
2026-01-01 16:02:50,Parked,Parked,100,0,71.873,0,-0.08,395,25,-0.032
2026-01-01 16:03:00,Parked,Parked,100,0,71.873,0,-0.08,395,25,-0.032
2026-01-01 16:03:10,Parked,Parked,100,0,71.873,0,-0.08,395,25,-0.032
2026-01-01 16:03:20,Parked,Parked,100,0,71.873,0,-0.08,395,25,-0.032
2026-01-01 16:03:30,Parked,Parked,100,0,71.873,0,-0.08,395,25,-0.032
2026-01-01 16:03:40,Parked,Parked,100,0,71.873,0,-0.08,395,25,-0.032
2026-01-01 16:03:50,Parked,Parked,100,0,71.873,0,-0.08,395,25,-0.032
2026-01-01 16:04:00,Parked,Parked,100,0,71.873,0,-0.08,395,25,-0.032
2026-01-01 16:04:10,Parked,Parked,100,0,71.873,0,-0.08,395,25,-0.032
2026-01-01 16:04:20,Parked,Parked,100,0,71.873,0,-0.08,395,25,-0.032
2026-01-01 16:04:30,Parked,Parked,100,0,71.872,0,-0.08,395,25,-0.032
2026-01-01 16:04:40,Parked,Parked,100,0,71.872,0,-0.08,395,25,-0.032
2026-01-01 16:04:50,Parked,Parked,100,0,71.872,0,-0.08,395,25,-0.032
2026-01-01 16:05:00,Parked,Parked,100,0,71.872,0,-0.08,395,25,-0.032
2026-01-01 16:05:10,Parked,Parked,100,0,71.872,0,-0.08,395,25,-0.032
2026-01-01 16:05:20,Parked,Parked,100,0,71.872,0,-0.08,395,25,-0.032
2026-01-01 16:05:30,Parked,Parked,100,0,71.872,0,-0.08,395,25,-0.032
2026-01-01 16:05:40,Parked,Parked,100,0,71.872,0,-0.08,395,25,-0.032
2026-01-01 16:05:50,Parked,Parked,100,0,71.872,0,-0.08,395,25,-0.032
2026-01-01 16:06:00,Parked,Parked,100,0,71.872,0,-0.08,395,25,-0.032
2026-01-01 16:06:10,Parked,Parked,100,0,71.872,0,-0.08,395,25,-0.032
2026-01-01 16:06:20,Parked,Parked,100,0,71.872,0,-0.08,395,25,-0.032
2026-01-01 16:06:30,Parked,Parked,100,0,71.872,0,-0.08,395,25,-0.032
2026-01-01 16:06:40,Parked,Parked,100,0,71.872,0,-0.08,395,25,-0.032
2026-01-01 16:06:50,Parked,Parked,100,0,71.872,0,-0.08,395,25,-0.032
2026-01-01 16:07:00,Parked,Parked,100,0,71.872,0,-0.08,395,25,-0.032
2026-01-01 16:07:10,Parked,Parked,100,0,71.872,0,-0.08,395,25,-0.032
2026-01-01 16:07:20,Parked,Parked,100,0,71.872,0,-0.08,395,25,-0.032
2026-01-01 16:07:30,Parked,Parked,100,0,71.872,0,-0.08,395,25,-0.032
2026-01-01 16:07:40,Parked,Parked,100,0,71.872,0,-0.08,395,25,-0.032
2026-01-01 16:07:50,Parked,Parked,100,0,71.872,0,-0.08,395,25,-0.032
2026-01-01 16:08:00,Parked,Parked,100,0,71.872,0,-0.08,395,25,-0.032
2026-01-01 16:08:10,Parked,Parked,100,0,71.871,0,-0.08,395,25,-0.032
2026-01-01 16:08:20,Parked,Parked,100,0,71.871,0,-0.08,395,25,-0.032
2026-01-01 16:08:30,Parked,Parked,100,0,71.871,0,-0.08,395,25,-0.032
2026-01-01 16:08:40,Parked,Parked,100,0,71.871,0,-0.08,395,25,-0.032
2026-01-01 16:08:50,Parked,Parked,100,0,71.871,0,-0.08,395,25,-0.032
2026-01-01 16:09:00,Parked,Parked,100,0,71.871,0,-0.08,395,25,-0.032
2026-01-01 16:09:10,Parked,Parked,100,0,71.871,0,-0.08,395,25,-0.032
2026-01-01 16:09:20,Parked,Parked,100,0,71.871,0,-0.08,395,25,-0.032
2026-01-01 16:09:30,Parked,Parked,100,0,71.871,0,-0.08,395,25,-0.032
2026-01-01 16:09:40,Parked,Parked,100,0,71.871,0,-0.08,395,25,-0.032
2026-01-01 16:09:50,Parked,Parked,100,0,71.871,0,-0.08,395,25,-0.032
2026-01-01 16:10:00,Parked,Parked,100,0,71.871,0,-0.08,395,25,-0.032
2026-01-01 16:10:10,Parked,Parked,100,0,71.871,0,-0.08,395,25,-0.032
2026-01-01 16:10:20,Parked,Parked,100,0,71.871,0,-0.08,395,25,-0.032
2026-01-01 16:10:30,Parked,Parked,100,0,71.871,0,-0.08,395,25,-0.032
2026-01-01 16:10:40,Parked,Parked,100,0,71.871,0,-0.08,395,25,-0.032
2026-01-01 16:10:50,Parked,Parked,100,0,71.871,0,-0.08,395,25,-0.032
2026-01-01 16:11:00,Parked,Parked,100,0,71.871,0,-0.08,395,25,-0.032
2026-01-01 16:11:10,Parked,Parked,100,0,71.871,0,-0.08,395,25,-0.032
2026-01-01 16:11:20,Parked,Parked,100,0,71.871,0,-0.08,395,25,-0.032
2026-01-01 16:11:30,Parked,Parked,100,0,71.871,0,-0.08,395,25,-0.032
2026-01-01 16:11:40,Parked,Parked,100,0,71.871,0,-0.08,395,25,-0.032
2026-01-01 16:11:50,Parked,Parked,100,0,71.871,0,-0.08,395,25,-0.032
2026-01-01 16:12:00,Parked,Parked,100,0,71.87,0,-0.08,395,25,-0.032
2026-01-01 16:12:10,Parked,Parked,100,0,71.87,0,-0.08,395,25,-0.032
2026-01-01 16:12:20,Parked,Parked,100,0,71.87,0,-0.08,395,25,-0.032
2026-01-01 16:12:30,Parked,Parked,100,0,71.87,0,-0.08,395,25,-0.032
2026-01-01 16:12:40,Parked,Parked,100,0,71.87,0,-0.08,395,25,-0.032
2026-01-01 16:12:50,Parked,Parked,100,0,71.87,0,-0.08,395,25,-0.032
2026-01-01 16:13:00,Parked,Parked,100,0,71.87,0,-0.08,395,25,-0.032
2026-01-01 16:13:10,Parked,Parked,100,0,71.87,0,-0.08,395,25,-0.032
2026-01-01 16:13:20,Parked,Parked,100,0,71.87,0,-0.08,395,25,-0.032
2026-01-01 16:13:30,Parked,Parked,100,0,71.87,0,-0.08,395,25,-0.032
2026-01-01 16:13:40,Parked,Parked,100,0,71.87,0,-0.08,395,25,-0.032
2026-01-01 16:13:50,Parked,Parked,100,0,71.87,0,-0.08,395,25,-0.032
2026-01-01 16:14:00,Parked,Parked,100,0,71.87,0,-0.08,395,25,-0.032
2026-01-01 16:14:10,Parked,Parked,100,0,71.87,0,-0.08,395,25,-0.032
2026-01-01 16:14:20,Parked,Parked,100,0,71.87,0,-0.08,395,25,-0.032
2026-01-01 16:14:30,Parked,Parked,100,0,71.87,0,-0.08,395,25,-0.032
2026-01-01 16:14:40,Parked,Parked,100,0,71.87,0,-0.08,395,25,-0.032
2026-01-01 16:14:50,Parked,Parked,100,0,71.87,0,-0.08,395,25,-0.032
2026-01-01 16:15:00,Parked,Parked,100,0,71.87,0,-0.08,395,25,-0.032
2026-01-01 16:15:10,Parked,Parked,100,0,71.87,0,-0.08,395,25,-0.032
2026-01-01 16:15:20,Parked,Parked,100,0,71.87,0,-0.08,395,25,-0.032
2026-01-01 16:15:30,Parked,Parked,100,0,71.87,0,-0.08,395,25,-0.032
2026-01-01 16:15:40,Parked,Parked,100,0,71.87,0,-0.08,395,25,-0.032
2026-01-01 16:15:50,Parked,Parked,100,0,71.869,0,-0.08,395,25,-0.032
2026-01-01 16:16:00,Parked,Parked,100,0,71.869,0,-0.08,395,25,-0.032
2026-01-01 16:16:10,Parked,Parked,100,0,71.869,0,-0.08,395,25,-0.032
2026-01-01 16:16:20,Parked,Parked,100,0,71.869,0,-0.08,395,25,-0.032
2026-01-01 16:16:30,Parked,Parked,100,0,71.869,0,-0.08,395,25,-0.032
2026-01-01 16:16:40,Parked,Parked,100,0,71.869,0,-0.08,395,25,-0.032
2026-01-01 16:16:50,Parked,Parked,100,0,71.869,0,-0.08,395,25,-0.032
2026-01-01 16:17:00,Parked,Parked,100,0,71.869,0,-0.08,395,25,-0.032
2026-01-01 16:17:10,Parked,Parked,100,0,71.869,0,-0.08,395,25,-0.032
2026-01-01 16:17:20,Parked,Parked,100,0,71.869,0,-0.08,395,25,-0.032
2026-01-01 16:17:30,Parked,Parked,100,0,71.869,0,-0.08,395,25,-0.032
2026-01-01 16:17:40,Parked,Parked,100,0,71.869,0,-0.08,395,25,-0.032
2026-01-01 16:17:50,Parked,Parked,100,0,71.869,0,-0.08,395,25,-0.032
2026-01-01 16:18:00,Parked,Parked,100,0,71.869,0,-0.08,395,25,-0.032
2026-01-01 16:18:10,Parked,Parked,100,0,71.869,0,-0.08,395,25,-0.032
2026-01-01 16:18:20,Parked,Parked,100,0,71.869,0,-0.08,395,25,-0.032
2026-01-01 16:18:30,Parked,Parked,100,0,71.869,0,-0.08,395,25,-0.032
2026-01-01 16:18:40,Parked,Parked,100,0,71.869,0,-0.08,395,25,-0.032
2026-01-01 16:18:50,Parked,Parked,100,0,71.869,0,-0.08,395,25,-0.032
2026-01-01 16:19:00,Parked,Parked,100,0,71.869,0,-0.08,395,25,-0.032
2026-01-01 16:19:10,Parked,Parked,100,0,71.869,0,-0.08,395,25,-0.032
2026-01-01 16:19:20,Parked,Parked,100,0,71.869,0,-0.08,395,25,-0.032
2026-01-01 16:19:30,Parked,Parked,100,0,71.869,0,-0.08,395,25,-0.032
2026-01-01 16:19:40,Parked,Parked,100,0,71.868,0,-0.08,395,25,-0.032
2026-01-01 16:19:50,Parked,Parked,100,0,71.868,0,-0.08,395,25,-0.032
2026-01-01 16:20:00,Parked,Parked,100,0,71.868,0,-0.08,395,25,-0.032
2026-01-01 16:20:10,Parked,Parked,100,0,71.868,0,-0.08,395,25,-0.032
2026-01-01 16:20:20,Parked,Parked,100,0,71.868,0,-0.08,395,25,-0.032
2026-01-01 16:20:30,Parked,Parked,100,0,71.868,0,-0.08,395,25,-0.032
2026-01-01 16:20:40,Parked,Parked,100,0,71.868,0,-0.08,395,25,-0.032
2026-01-01 16:20:50,Parked,Parked,100,0,71.868,0,-0.08,395,25,-0.032
2026-01-01 16:21:00,Parked,Parked,100,0,71.868,0,-0.08,395,25,-0.032
2026-01-01 16:21:10,Parked,Parked,100,0,71.868,0,-0.08,395,25,-0.032
2026-01-01 16:21:20,Parked,Parked,100,0,71.868,0,-0.08,395,25,-0.032
2026-01-01 16:21:30,Parked,Parked,100,0,71.868,0,-0.08,395,25,-0.032
2026-01-01 16:21:40,Parked,Parked,100,0,71.868,0,-0.08,395,25,-0.032
2026-01-01 16:21:50,Parked,Parked,100,0,71.868,0,-0.08,395,25,-0.032
2026-01-01 16:22:00,Parked,Parked,100,0,71.868,0,-0.08,395,25,-0.032
2026-01-01 16:22:10,Parked,Parked,100,0,71.868,0,-0.08,395,25,-0.032
2026-01-01 16:22:20,Parked,Parked,100,0,71.868,0,-0.08,395,25,-0.032
2026-01-01 16:22:30,Parked,Parked,100,0,71.868,0,-0.08,395,25,-0.032
2026-01-01 16:22:40,Parked,Parked,100,0,71.868,0,-0.08,395,25,-0.032
2026-01-01 16:22:50,Parked,Parked,100,0,71.868,0,-0.08,395,25,-0.032
2026-01-01 16:23:00,Parked,Parked,100,0,71.868,0,-0.08,395,25,-0.032
2026-01-01 16:23:10,Parked,Parked,100,0,71.868,0,-0.08,395,25,-0.032
2026-01-01 16:23:20,Parked,Parked,100,0,71.868,0,-0.08,395,25,-0.032
2026-01-01 16:23:30,Parked,Parked,100,0,71.867,0,-0.08,395,25,-0.032
2026-01-01 16:23:40,Parked,Parked,100,0,71.867,0,-0.08,395,25,-0.032
2026-01-01 16:23:50,Parked,Parked,100,0,71.867,0,-0.08,395,25,-0.032
2026-01-01 16:24:00,Parked,Parked,100,0,71.867,0,-0.08,395,25,-0.032
2026-01-01 16:24:10,Parked,Parked,100,0,71.867,0,-0.08,395,25,-0.032
2026-01-01 16:24:20,Parked,Parked,100,0,71.867,0,-0.08,395,25,-0.032
2026-01-01 16:24:30,Parked,Parked,100,0,71.867,0,-0.08,395,25,-0.032
2026-01-01 16:24:40,Parked,Parked,100,0,71.867,0,-0.08,395,25,-0.032
2026-01-01 16:24:50,Parked,Parked,100,0,71.867,0,-0.08,395,25,-0.032
2026-01-01 16:25:00,Parked,Parked,100,0,71.867,0,-0.08,395,25,-0.032
2026-01-01 16:25:10,Parked,Parked,100,0,71.867,0,-0.08,395,25,-0.032
2026-01-01 16:25:20,Parked,Parked,100,0,71.867,0,-0.08,395,25,-0.032
2026-01-01 16:25:30,Parked,Parked,100,0,71.867,0,-0.08,395,25,-0.032
2026-01-01 16:25:40,Parked,Parked,100,0,71.867,0,-0.08,395,25,-0.032
2026-01-01 16:25:50,Parked,Parked,100,0,71.867,0,-0.08,395,25,-0.032
2026-01-01 16:26:00,Parked,Parked,100,0,71.867,0,-0.08,395,25,-0.032
2026-01-01 16:26:10,Parked,Parked,100,0,71.867,0,-0.08,395,25,-0.032
2026-01-01 16:26:20,Parked,Parked,100,0,71.867,0,-0.08,395,25,-0.032
2026-01-01 16:26:30,Parked,Parked,100,0,71.867,0,-0.08,395,25,-0.032
2026-01-01 16:26:40,Parked,Parked,100,0,71.867,0,-0.08,395,25,-0.032
2026-01-01 16:26:50,Parked,Parked,100,0,71.867,0,-0.08,395,25,-0.032
2026-01-01 16:27:00,Parked,Parked,100,0,71.867,0,-0.08,395,25,-0.032
2026-01-01 16:27:10,Parked,Parked,100,0,71.866,0,-0.08,395,25,-0.032
2026-01-01 16:27:20,Parked,Parked,100,0,71.866,0,-0.08,395,25,-0.032
2026-01-01 16:27:30,Parked,Parked,100,0,71.866,0,-0.08,395,25,-0.032
2026-01-01 16:27:40,Parked,Parked,100,0,71.866,0,-0.08,395,25,-0.032
2026-01-01 16:27:50,Parked,Parked,100,0,71.866,0,-0.08,395,25,-0.032
2026-01-01 16:28:00,Parked,Parked,100,0,71.866,0,-0.08,395,25,-0.032
2026-01-01 16:28:10,Parked,Parked,100,0,71.866,0,-0.08,395,25,-0.032
2026-01-01 16:28:20,Parked,Parked,100,0,71.866,0,-0.08,395,25,-0.032
2026-01-01 16:28:30,Parked,Parked,100,0,71.866,0,-0.08,395,25,-0.032
2026-01-01 16:28:40,Parked,Parked,100,0,71.866,0,-0.08,395,25,-0.032
2026-01-01 16:28:50,Parked,Parked,100,0,71.866,0,-0.08,395,25,-0.032
2026-01-01 16:29:00,Parked,Parked,100,0,71.866,0,-0.08,395,25,-0.032
2026-01-01 16:29:10,Parked,Parked,100,0,71.866,0,-0.08,395,25,-0.032
2026-01-01 16:29:20,Parked,Parked,100,0,71.866,0,-0.08,395,25,-0.032
2026-01-01 16:29:30,Parked,Parked,100,0,71.866,0,-0.08,395,25,-0.032
2026-01-01 16:29:40,Parked,Parked,100,0,71.866,0,-0.08,395,25,-0.032
2026-01-01 16:29:50,Parked,Parked,100,0,71.866,0,-0.08,395,25,-0.032
2026-01-01 16:30:00,Parked,Parked,100,0,71.866,0,-0.08,395,25,-0.032
2026-01-01 16:30:10,Parked,Parked,100,0,71.866,0,-0.08,395,25,-0.032
2026-01-01 16:30:20,Parked,Parked,100,0,71.866,0,-0.08,395,25,-0.032
2026-01-01 16:30:30,Parked,Parked,100,0,71.866,0,-0.08,395,25,-0.032
2026-01-01 16:30:40,Parked,Parked,100,0,71.866,0,-0.08,395,25,-0.032
2026-01-01 16:30:50,Parked,Parked,100,0,71.866,0,-0.08,395,25,-0.032
2026-01-01 16:31:00,Parked,Parked,100,0,71.865,0,-0.08,395,25,-0.032
2026-01-01 16:31:10,Parked,Parked,100,0,71.865,0,-0.08,395,25,-0.032
2026-01-01 16:31:20,Parked,Parked,100,0,71.865,0,-0.08,395,25,-0.032
2026-01-01 16:31:30,Parked,Parked,100,0,71.865,0,-0.08,395,25,-0.032
2026-01-01 16:31:40,Parked,Parked,100,0,71.865,0,-0.08,395,25,-0.032
2026-01-01 16:31:50,Parked,Parked,100,0,71.865,0,-0.08,395,25,-0.032
2026-01-01 16:32:00,Parked,Parked,100,0,71.865,0,-0.08,395,25,-0.032
2026-01-01 16:32:10,Parked,Parked,100,0,71.865,0,-0.08,395,25,-0.032
2026-01-01 16:32:20,Parked,Parked,100,0,71.865,0,-0.08,395,25,-0.032
2026-01-01 16:32:30,Parked,Parked,100,0,71.865,0,-0.08,395,25,-0.032
2026-01-01 16:32:40,Parked,Parked,100,0,71.865,0,-0.08,395,25,-0.032
2026-01-01 16:32:50,Parked,Parked,100,0,71.865,0,-0.08,395,25,-0.032
2026-01-01 16:33:00,Parked,Parked,100,0,71.865,0,-0.08,395,25,-0.032
2026-01-01 16:33:10,Parked,Parked,100,0,71.865,0,-0.08,395,25,-0.032
2026-01-01 16:33:20,Parked,Parked,100,0,71.865,0,-0.08,395,25,-0.032
2026-01-01 16:33:30,Parked,Parked,100,0,71.865,0,-0.08,395,25,-0.032
2026-01-01 16:33:40,Parked,Parked,100,0,71.865,0,-0.08,395,25,-0.032
2026-01-01 16:33:50,Parked,Parked,100,0,71.865,0,-0.08,395,25,-0.032
2026-01-01 16:34:00,Parked,Parked,100,0,71.865,0,-0.08,395,25,-0.032
2026-01-01 16:34:10,Parked,Parked,100,0,71.865,0,-0.08,395,25,-0.032
2026-01-01 16:34:20,Parked,Parked,100,0,71.865,0,-0.08,395,25,-0.032
2026-01-01 16:34:30,Parked,Parked,100,0,71.865,0,-0.08,395,25,-0.032
2026-01-01 16:34:40,Parked,Parked,100,0,71.865,0,-0.08,395,25,-0.032
2026-01-01 16:34:50,Parked,Parked,100,0,71.864,0,-0.08,395,25,-0.032
2026-01-01 16:35:00,Parked,Parked,100,0,71.864,0,-0.08,395,25,-0.032
2026-01-01 16:35:10,Parked,Parked,100,0,71.864,0,-0.08,395,25,-0.032
2026-01-01 16:35:20,Parked,Parked,100,0,71.864,0,-0.08,395,25,-0.032
2026-01-01 16:35:30,Parked,Parked,100,0,71.864,0,-0.08,395,25,-0.032
2026-01-01 16:35:40,Parked,Parked,100,0,71.864,0,-0.08,395,25,-0.032
2026-01-01 16:35:50,Parked,Parked,100,0,71.864,0,-0.08,395,25,-0.032
2026-01-01 16:36:00,Parked,Parked,100,0,71.864,0,-0.08,395,25,-0.032
2026-01-01 16:36:10,Parked,Parked,100,0,71.864,0,-0.08,395,25,-0.032
2026-01-01 16:36:20,Parked,Parked,100,0,71.864,0,-0.08,395,25,-0.032
2026-01-01 16:36:30,Parked,Parked,100,0,71.864,0,-0.08,395,25,-0.032
2026-01-01 16:36:40,Parked,Parked,100,0,71.864,0,-0.08,395,25,-0.032
2026-01-01 16:36:50,Parked,Parked,100,0,71.864,0,-0.08,395,25,-0.032
2026-01-01 16:37:00,Parked,Parked,100,0,71.864,0,-0.08,395,25,-0.032
2026-01-01 16:37:10,Parked,Parked,100,0,71.864,0,-0.08,395,25,-0.032
2026-01-01 16:37:20,Parked,Parked,100,0,71.864,0,-0.08,395,25,-0.032
2026-01-01 16:37:30,Parked,Parked,100,0,71.864,0,-0.08,395,25,-0.032
2026-01-01 16:37:40,Parked,Parked,100,0,71.864,0,-0.08,395,25,-0.032
2026-01-01 16:37:50,Parked,Parked,100,0,71.864,0,-0.08,395,25,-0.032
2026-01-01 16:38:00,Parked,Parked,100,0,71.864,0,-0.08,395,25,-0.032
2026-01-01 16:38:10,Parked,Parked,100,0,71.864,0,-0.08,395,25,-0.032
2026-01-01 16:38:20,Parked,Parked,100,0,71.864,0,-0.08,395,25,-0.032
2026-01-01 16:38:30,Parked,Parked,100,0,71.864,0,-0.08,395,25,-0.032
2026-01-01 16:38:40,Parked,Parked,100,0,71.863,0,-0.08,395,25,-0.032
2026-01-01 16:38:50,Parked,Parked,100,0,71.863,0,-0.08,395,25,-0.032
2026-01-01 16:39:00,Parked,Parked,100,0,71.863,0,-0.08,395,25,-0.032
2026-01-01 16:39:10,Parked,Parked,100,0,71.863,0,-0.08,395,25,-0.032
2026-01-01 16:39:20,Parked,Parked,100,0,71.863,0,-0.08,395,25,-0.032
2026-01-01 16:39:30,Parked,Parked,100,0,71.863,0,-0.08,395,25,-0.032
2026-01-01 16:39:40,Parked,Parked,100,0,71.863,0,-0.08,395,25,-0.032
2026-01-01 16:39:50,Parked,Parked,100,0,71.863,0,-0.08,395,25,-0.032
2026-01-01 16:40:00,Parked,Parked,100,0,71.863,0,-0.08,395,25,-0.032
2026-01-01 16:40:10,Parked,Parked,100,0,71.863,0,-0.08,395,25,-0.032
2026-01-01 16:40:20,Parked,Parked,100,0,71.863,0,-0.08,395,25,-0.032
2026-01-01 16:40:30,Parked,Parked,100,0,71.863,0,-0.08,395,25,-0.032
2026-01-01 16:40:40,Parked,Parked,100,0,71.863,0,-0.08,395,25,-0.032
2026-01-01 16:40:50,Parked,Parked,100,0,71.863,0,-0.08,395,25,-0.032
2026-01-01 16:41:00,Parked,Parked,100,0,71.863,0,-0.08,395,25,-0.032
2026-01-01 16:41:10,Parked,Parked,100,0,71.863,0,-0.08,395,25,-0.032
2026-01-01 16:41:20,Parked,Parked,100,0,71.863,0,-0.08,395,25,-0.032
2026-01-01 16:41:30,Parked,Parked,100,0,71.863,0,-0.08,395,25,-0.032
2026-01-01 16:41:40,Parked,Parked,100,0,71.863,0,-0.08,395,25,-0.032
2026-01-01 16:41:50,Parked,Parked,100,0,71.863,0,-0.08,395,25,-0.032
2026-01-01 16:42:00,Parked,Parked,100,0,71.863,0,-0.08,395,25,-0.032
2026-01-01 16:42:10,Parked,Parked,100,0,71.863,0,-0.08,395,25,-0.032
2026-01-01 16:42:20,Parked,Parked,100,0,71.863,0,-0.08,395,25,-0.032
2026-01-01 16:42:30,Parked,Parked,100,0,71.862,0,-0.08,395,25,-0.032
2026-01-01 16:42:40,Parked,Parked,100,0,71.862,0,-0.08,395,25,-0.032
2026-01-01 16:42:50,Parked,Parked,100,0,71.862,0,-0.08,395,25,-0.032
2026-01-01 16:43:00,Parked,Parked,100,0,71.862,0,-0.08,395,25,-0.032
2026-01-01 16:43:10,Parked,Parked,100,0,71.862,0,-0.08,395,25,-0.032
2026-01-01 16:43:20,Parked,Parked,100,0,71.862,0,-0.08,395,25,-0.032
2026-01-01 16:43:30,Parked,Parked,100,0,71.862,0,-0.08,395,25,-0.032
2026-01-01 16:43:40,Parked,Parked,100,0,71.862,0,-0.08,395,25,-0.032
2026-01-01 16:43:50,Parked,Parked,100,0,71.862,0,-0.08,395,25,-0.032
2026-01-01 16:44:00,Parked,Parked,100,0,71.862,0,-0.08,395,25,-0.032
2026-01-01 16:44:10,Parked,Parked,100,0,71.862,0,-0.08,395,25,-0.032
2026-01-01 16:44:20,Parked,Parked,100,0,71.862,0,-0.08,395,25,-0.032
2026-01-01 16:44:30,Parked,Parked,100,0,71.862,0,-0.08,395,25,-0.032
2026-01-01 16:44:40,Parked,Parked,100,0,71.862,0,-0.08,395,25,-0.032
2026-01-01 16:44:50,Parked,Parked,100,0,71.862,0,-0.08,395,25,-0.032
2026-01-01 16:45:00,Parked,Parked,100,0,71.862,0,-0.08,395,25,-0.032
2026-01-01 16:45:10,Parked,Parked,100,0,71.862,0,-0.08,395,25,-0.032
2026-01-01 16:45:20,Parked,Parked,100,0,71.862,0,-0.08,395,25,-0.032
2026-01-01 16:45:30,Parked,Parked,100,0,71.862,0,-0.08,395,25,-0.032
2026-01-01 16:45:40,Parked,Parked,100,0,71.862,0,-0.08,395,25,-0.032
2026-01-01 16:45:50,Parked,Parked,100,0,71.862,0,-0.08,395,25,-0.032
2026-01-01 16:46:00,Parked,Parked,100,0,71.862,0,-0.08,395,25,-0.032
2026-01-01 16:46:10,Parked,Parked,100,0,71.861,0,-0.08,395,25,-0.032
2026-01-01 16:46:20,Parked,Parked,100,0,71.861,0,-0.08,395,25,-0.032
2026-01-01 16:46:30,Parked,Parked,100,0,71.861,0,-0.08,395,25,-0.032
2026-01-01 16:46:40,Parked,Parked,100,0,71.861,0,-0.08,395,25,-0.032
2026-01-01 16:46:50,Parked,Parked,100,0,71.861,0,-0.08,395,25,-0.032
2026-01-01 16:47:00,Parked,Parked,100,0,71.861,0,-0.08,395,25,-0.032
2026-01-01 16:47:10,Parked,Parked,100,0,71.861,0,-0.08,395,25,-0.032
2026-01-01 16:47:20,Parked,Parked,100,0,71.861,0,-0.08,395,25,-0.032
2026-01-01 16:47:30,Parked,Parked,100,0,71.861,0,-0.08,395,25,-0.032
2026-01-01 16:47:40,Parked,Parked,100,0,71.861,0,-0.08,395,25,-0.032
2026-01-01 16:47:50,Parked,Parked,100,0,71.861,0,-0.08,395,25,-0.032
2026-01-01 16:48:00,Parked,Parked,100,0,71.861,0,-0.08,395,25,-0.032
2026-01-01 16:48:10,Parked,Parked,100,0,71.861,0,-0.08,395,25,-0.032
2026-01-01 16:48:20,Parked,Parked,100,0,71.861,0,-0.08,395,25,-0.032
2026-01-01 16:48:30,Parked,Parked,100,0,71.861,0,-0.08,395,25,-0.032
2026-01-01 16:48:40,Parked,Parked,100,0,71.861,0,-0.08,395,25,-0.032
2026-01-01 16:48:50,Parked,Parked,100,0,71.861,0,-0.08,395,25,-0.032
2026-01-01 16:49:00,Parked,Parked,100,0,71.861,0,-0.08,395,25,-0.032
2026-01-01 16:49:10,Parked,Parked,100,0,71.861,0,-0.08,395,25,-0.032
2026-01-01 16:49:20,Parked,Parked,100,0,71.861,0,-0.08,395,25,-0.032
2026-01-01 16:49:30,Parked,Parked,100,0,71.861,0,-0.08,395,25,-0.032
2026-01-01 16:49:40,Parked,Parked,100,0,71.861,0,-0.08,395,25,-0.032
2026-01-01 16:49:50,Parked,Parked,100,0,71.861,0,-0.08,395,25,-0.032
2026-01-01 16:50:00,Parked,Parked,100,0,71.86,0,-0.08,395,25,-0.032
2026-01-01 16:50:10,Parked,Parked,100,0,71.86,0,-0.08,395,25,-0.032
2026-01-01 16:50:20,Parked,Parked,100,0,71.86,0,-0.08,395,25,-0.032
2026-01-01 16:50:30,Parked,Parked,100,0,71.86,0,-0.08,395,25,-0.032
2026-01-01 16:50:40,Parked,Parked,100,0,71.86,0,-0.08,395,25,-0.032
2026-01-01 16:50:50,Parked,Parked,100,0,71.86,0,-0.08,395,25,-0.032
2026-01-01 16:51:00,Parked,Parked,100,0,71.86,0,-0.08,395,25,-0.032
2026-01-01 16:51:10,Parked,Parked,100,0,71.86,0,-0.08,395,25,-0.032
2026-01-01 16:51:20,Parked,Parked,100,0,71.86,0,-0.08,395,25,-0.032
2026-01-01 16:51:30,Parked,Parked,100,0,71.86,0,-0.08,395,25,-0.032
2026-01-01 16:51:40,Parked,Parked,100,0,71.86,0,-0.08,395,25,-0.032
2026-01-01 16:51:50,Parked,Parked,100,0,71.86,0,-0.08,395,25,-0.032
2026-01-01 16:52:00,Parked,Parked,100,0,71.86,0,-0.08,395,25,-0.032
2026-01-01 16:52:10,Parked,Parked,100,0,71.86,0,-0.08,395,25,-0.032
2026-01-01 16:52:20,Parked,Parked,100,0,71.86,0,-0.08,395,25,-0.032
2026-01-01 16:52:30,Parked,Parked,100,0,71.86,0,-0.08,395,25,-0.032
2026-01-01 16:52:40,Parked,Parked,100,0,71.86,0,-0.08,395,25,-0.032
2026-01-01 16:52:50,Parked,Parked,100,0,71.86,0,-0.08,395,25,-0.032
2026-01-01 16:53:00,Parked,Parked,100,0,71.86,0,-0.08,395,25,-0.032
2026-01-01 16:53:10,Parked,Parked,100,0,71.86,0,-0.08,395,25,-0.032
2026-01-01 16:53:20,Parked,Parked,100,0,71.86,0,-0.08,395,25,-0.032
2026-01-01 16:53:30,Parked,Parked,100,0,71.86,0,-0.08,395,25,-0.032
2026-01-01 16:53:40,Parked,Parked,100,0,71.86,0,-0.08,395,25,-0.032
2026-01-01 16:53:50,Parked,Parked,100,0,71.859,0,-0.08,395,25,-0.032
2026-01-01 16:54:00,Parked,Parked,100,0,71.859,0,-0.08,395,25,-0.032
2026-01-01 16:54:10,Parked,Parked,100,0,71.859,0,-0.08,395,25,-0.032
2026-01-01 16:54:20,Parked,Parked,100,0,71.859,0,-0.08,395,25,-0.032
2026-01-01 16:54:30,Parked,Parked,100,0,71.859,0,-0.08,395,25,-0.032
2026-01-01 16:54:40,Parked,Parked,100,0,71.859,0,-0.08,395,25,-0.032
2026-01-01 16:54:50,Parked,Parked,100,0,71.859,0,-0.08,395,25,-0.032
2026-01-01 16:55:00,Parked,Parked,100,0,71.859,0,-0.08,395,25,-0.032
2026-01-01 16:55:10,Parked,Parked,100,0,71.859,0,-0.08,395,25,-0.032
2026-01-01 16:55:20,Parked,Parked,100,0,71.859,0,-0.08,395,25,-0.032
2026-01-01 16:55:30,Parked,Parked,100,0,71.859,0,-0.08,395,25,-0.032
2026-01-01 16:55:40,Parked,Parked,100,0,71.859,0,-0.08,395,25,-0.032
2026-01-01 16:55:50,Parked,Parked,100,0,71.859,0,-0.08,395,25,-0.032
2026-01-01 16:56:00,Parked,Parked,100,0,71.859,0,-0.08,395,25,-0.032
2026-01-01 16:56:10,Parked,Parked,100,0,71.859,0,-0.08,395,25,-0.032
2026-01-01 16:56:20,Parked,Parked,100,0,71.859,0,-0.08,395,25,-0.032
2026-01-01 16:56:30,Parked,Parked,100,0,71.859,0,-0.08,395,25,-0.032
2026-01-01 16:56:40,Parked,Parked,100,0,71.859,0,-0.08,395,25,-0.032
2026-01-01 16:56:50,Parked,Parked,100,0,71.859,0,-0.08,395,25,-0.032
2026-01-01 16:57:00,Parked,Parked,100,0,71.859,0,-0.08,395,25,-0.032
2026-01-01 16:57:10,Parked,Parked,100,0,71.859,0,-0.08,395,25,-0.032
2026-01-01 16:57:20,Parked,Parked,100,0,71.859,0,-0.08,395,25,-0.032
2026-01-01 16:57:30,Parked,Parked,100,0,71.859,0,-0.08,395,25,-0.032
2026-01-01 16:57:40,Parked,Parked,100,0,71.858,0,-0.08,395,25,-0.032
2026-01-01 16:57:50,Parked,Parked,100,0,71.858,0,-0.08,395,25,-0.032
2026-01-01 16:58:00,Parked,Parked,100,0,71.858,0,-0.08,395,25,-0.032
2026-01-01 16:58:10,Parked,Parked,100,0,71.858,0,-0.08,395,25,-0.032
2026-01-01 16:58:20,Parked,Parked,100,0,71.858,0,-0.08,395,25,-0.032
2026-01-01 16:58:30,Parked,Parked,100,0,71.858,0,-0.08,395,25,-0.032
2026-01-01 16:58:40,Parked,Parked,100,0,71.858,0,-0.08,395,25,-0.032
2026-01-01 16:58:50,Parked,Parked,100,0,71.858,0,-0.08,395,25,-0.032
2026-01-01 16:59:00,Parked,Parked,100,0,71.858,0,-0.08,395,25,-0.032
2026-01-01 16:59:10,Parked,Parked,100,0,71.858,0,-0.08,395,25,-0.032
2026-01-01 16:59:20,Parked,Parked,100,0,71.858,0,-0.08,395,25,-0.032
2026-01-01 16:59:30,Parked,Parked,100,0,71.858,0,-0.08,395,25,-0.032
2026-01-01 16:59:40,Parked,Parked,100,0,71.858,0,-0.08,395,25,-0.032
2026-01-01 16:59:50,Parked,Parked,100,0,71.858,0,-0.08,395,25,-0.032
2026-01-01 17:00:00,Parked,Parked,100,0,71.858,0,-0.08,395,25,-0.032
2026-01-01 17:00:10,Parked,Parked,100,0,71.858,0,-0.08,395,25,-0.032
2026-01-01 17:00:20,Parked,Parked,100,0,71.858,0,-0.08,395,25,-0.032
2026-01-01 17:00:30,Parked,Parked,100,0,71.858,0,-0.08,395,25,-0.032
2026-01-01 17:00:40,Parked,Parked,100,0,71.858,0,-0.08,395,25,-0.032
2026-01-01 17:00:50,Parked,Parked,100,0,71.858,0,-0.08,395,25,-0.032
2026-01-01 17:01:00,Parked,Parked,100,0,71.858,0,-0.08,395,25,-0.032
2026-01-01 17:01:10,Parked,Parked,100,0,71.858,0,-0.08,395,25,-0.032
2026-01-01 17:01:20,Parked,Parked,100,0,71.858,0,-0.08,395,25,-0.032
2026-01-01 17:01:30,Parked,Parked,100,0,71.857,0,-0.08,395,25,-0.032
2026-01-01 17:01:40,Parked,Parked,100,0,71.857,0,-0.08,395,25,-0.032
2026-01-01 17:01:50,Parked,Parked,100,0,71.857,0,-0.08,395,25,-0.032
2026-01-01 17:02:00,Parked,Parked,100,0,71.857,0,-0.08,395,25,-0.032
2026-01-01 17:02:10,Parked,Parked,100,0,71.857,0,-0.08,395,25,-0.032
2026-01-01 17:02:20,Parked,Parked,100,0,71.857,0,-0.08,395,25,-0.032
2026-01-01 17:02:30,Parked,Parked,100,0,71.857,0,-0.08,395,25,-0.032
2026-01-01 17:02:40,Parked,Parked,100,0,71.857,0,-0.08,395,25,-0.032
2026-01-01 17:02:50,Parked,Parked,100,0,71.857,0,-0.08,395,25,-0.032
2026-01-01 17:03:00,Parked,Parked,100,0,71.857,0,-0.08,395,25,-0.032
2026-01-01 17:03:10,Parked,Parked,100,0,71.857,0,-0.08,395,25,-0.032
2026-01-01 17:03:20,Parked,Parked,100,0,71.857,0,-0.08,395,25,-0.032
2026-01-01 17:03:30,Parked,Parked,100,0,71.857,0,-0.08,395,25,-0.032
2026-01-01 17:03:40,Parked,Parked,100,0,71.857,0,-0.08,395,25,-0.032
2026-01-01 17:03:50,Parked,Parked,100,0,71.857,0,-0.08,395,25,-0.032
2026-01-01 17:04:00,Parked,Parked,100,0,71.857,0,-0.08,395,25,-0.032
2026-01-01 17:04:10,Parked,Parked,100,0,71.857,0,-0.08,395,25,-0.032
2026-01-01 17:04:20,Parked,Parked,100,0,71.857,0,-0.08,395,25,-0.032
2026-01-01 17:04:30,Parked,Parked,100,0,71.857,0,-0.08,395,25,-0.032
2026-01-01 17:04:40,Parked,Parked,100,0,71.857,0,-0.08,395,25,-0.032
2026-01-01 17:04:50,Parked,Parked,100,0,71.857,0,-0.08,395,25,-0.032
2026-01-01 17:05:00,Parked,Parked,100,0,71.857,0,-0.08,395,25,-0.032
2026-01-01 17:05:10,Parked,Parked,100,0,71.856,0,-0.08,395,25,-0.032
2026-01-01 17:05:20,Parked,Parked,100,0,71.856,0,-0.08,395,25,-0.032
2026-01-01 17:05:30,Parked,Parked,100,0,71.856,0,-0.08,395,25,-0.032
2026-01-01 17:05:40,Parked,Parked,100,0,71.856,0,-0.08,395,25,-0.032
2026-01-01 17:05:50,Parked,Parked,100,0,71.856,0,-0.08,395,25,-0.032
2026-01-01 17:06:00,Parked,Parked,100,0,71.856,0,-0.08,395,25,-0.032
2026-01-01 17:06:10,Parked,Parked,100,0,71.856,0,-0.08,395,25,-0.032
2026-01-01 17:06:20,Parked,Parked,100,0,71.856,0,-0.08,395,25,-0.032
2026-01-01 17:06:30,Parked,Parked,100,0,71.856,0,-0.08,395,25,-0.032
2026-01-01 17:06:40,Parked,Parked,100,0,71.856,0,-0.08,395,25,-0.032
2026-01-01 17:06:50,Parked,Parked,100,0,71.856,0,-0.08,395,25,-0.032
2026-01-01 17:07:00,Parked,Parked,100,0,71.856,0,-0.08,395,25,-0.032
2026-01-01 17:07:10,Parked,Parked,100,0,71.856,0,-0.08,395,25,-0.032
2026-01-01 17:07:20,Parked,Parked,100,0,71.856,0,-0.08,395,25,-0.032
2026-01-01 17:07:30,Parked,Parked,100,0,71.856,0,-0.08,395,25,-0.032
2026-01-01 17:07:40,Parked,Parked,100,0,71.856,0,-0.08,395,25,-0.032
2026-01-01 17:07:50,Parked,Parked,100,0,71.856,0,-0.08,395,25,-0.032
2026-01-01 17:08:00,Parked,Parked,100,0,71.856,0,-0.08,395,25,-0.032
2026-01-01 17:08:10,Parked,Parked,100,0,71.856,0,-0.08,395,25,-0.032
2026-01-01 17:08:20,Parked,Parked,100,0,71.856,0,-0.08,395,25,-0.032
2026-01-01 17:08:30,Parked,Parked,100,0,71.856,0,-0.08,395,25,-0.032
2026-01-01 17:08:40,Parked,Parked,100,0,71.856,0,-0.08,395,25,-0.032
2026-01-01 17:08:50,Parked,Parked,100,0,71.856,0,-0.08,395,25,-0.032
2026-01-01 17:09:00,Parked,Parked,100,0,71.855,0,-0.08,395,25,-0.032
2026-01-01 17:09:10,Parked,Parked,100,0,71.855,0,-0.08,395,25,-0.032
2026-01-01 17:09:20,Parked,Parked,100,0,71.855,0,-0.08,395,25,-0.032
2026-01-01 17:09:30,Parked,Parked,100,0,71.855,0,-0.08,395,25,-0.032
2026-01-01 17:09:40,Parked,Parked,100,0,71.855,0,-0.08,395,25,-0.032
2026-01-01 17:09:50,Parked,Parked,100,0,71.855,0,-0.08,395,25,-0.032
2026-01-01 17:10:00,Parked,Parked,100,0,71.855,0,-0.08,395,25,-0.032
2026-01-01 17:10:10,Parked,Parked,100,0,71.855,0,-0.08,395,25,-0.032
2026-01-01 17:10:20,Parked,Parked,100,0,71.855,0,-0.08,395,25,-0.032
2026-01-01 17:10:30,Parked,Parked,100,0,71.855,0,-0.08,395,25,-0.032
2026-01-01 17:10:40,Parked,Parked,100,0,71.855,0,-0.08,395,25,-0.032
2026-01-01 17:10:50,Parked,Parked,100,0,71.855,0,-0.08,395,25,-0.032
2026-01-01 17:11:00,Parked,Parked,100,0,71.855,0,-0.08,395,25,-0.032
2026-01-01 17:11:10,Parked,Parked,100,0,71.855,0,-0.08,395,25,-0.032
2026-01-01 17:11:20,Parked,Parked,100,0,71.855,0,-0.08,395,25,-0.032
2026-01-01 17:11:30,Parked,Parked,100,0,71.855,0,-0.08,395,25,-0.032
2026-01-01 17:11:40,Parked,Parked,100,0,71.855,0,-0.08,395,25,-0.032
2026-01-01 17:11:50,Parked,Parked,100,0,71.855,0,-0.08,395,25,-0.032
2026-01-01 17:12:00,Parked,Parked,100,0,71.855,0,-0.08,395,25,-0.032
2026-01-01 17:12:10,Parked,Parked,100,0,71.855,0,-0.08,395,25,-0.032
2026-01-01 17:12:20,Parked,Parked,100,0,71.855,0,-0.08,395,25,-0.032
2026-01-01 17:12:30,Parked,Parked,100,0,71.855,0,-0.08,395,25,-0.032
2026-01-01 17:12:40,Parked,Parked,100,0,71.855,0,-0.08,395,25,-0.032
2026-01-01 17:12:50,Parked,Parked,100,0,71.854,0,-0.08,395,25,-0.032
2026-01-01 17:13:00,Parked,Parked,100,0,71.854,0,-0.08,395,25,-0.032
2026-01-01 17:13:10,Parked,Parked,100,0,71.854,0,-0.08,395,25,-0.032
2026-01-01 17:13:20,Parked,Parked,100,0,71.854,0,-0.08,395,25,-0.032
2026-01-01 17:13:30,Parked,Parked,100,0,71.854,0,-0.08,395,25,-0.032
2026-01-01 17:13:40,Parked,Parked,100,0,71.854,0,-0.08,395,25,-0.032
2026-01-01 17:13:50,Parked,Parked,100,0,71.854,0,-0.08,395,25,-0.032
2026-01-01 17:14:00,Parked,Parked,100,0,71.854,0,-0.08,395,25,-0.032
2026-01-01 17:14:10,Parked,Parked,100,0,71.854,0,-0.08,395,25,-0.032
2026-01-01 17:14:20,Parked,Parked,100,0,71.854,0,-0.08,395,25,-0.032
2026-01-01 17:14:30,Parked,Parked,100,0,71.854,0,-0.08,395,25,-0.032
2026-01-01 17:14:40,Parked,Parked,100,0,71.854,0,-0.08,395,25,-0.032
2026-01-01 17:14:50,Parked,Parked,100,0,71.854,0,-0.08,395,25,-0.032
2026-01-01 17:15:00,Parked,Parked,100,0,71.854,0,-0.08,395,25,-0.032
2026-01-01 17:15:10,Parked,Parked,100,0,71.854,0,-0.08,395,25,-0.032
2026-01-01 17:15:20,Parked,Parked,100,0,71.854,0,-0.08,395,25,-0.032
2026-01-01 17:15:30,Parked,Parked,100,0,71.854,0,-0.08,395,25,-0.032
2026-01-01 17:15:40,Parked,Parked,100,0,71.854,0,-0.08,395,25,-0.032
2026-01-01 17:15:50,Parked,Parked,100,0,71.854,0,-0.08,395,25,-0.032
2026-01-01 17:16:00,Parked,Parked,100,0,71.854,0,-0.08,395,25,-0.032
2026-01-01 17:16:10,Parked,Parked,100,0,71.854,0,-0.08,395,25,-0.032
2026-01-01 17:16:20,Parked,Parked,100,0,71.854,0,-0.08,395,25,-0.032
2026-01-01 17:16:30,Parked,Parked,100,0,71.854,0,-0.08,395,25,-0.032
2026-01-01 17:16:40,Parked,Parked,100,0,71.853,0,-0.08,395,25,-0.032
2026-01-01 17:16:50,Parked,Parked,100,0,71.853,0,-0.08,395,25,-0.032
2026-01-01 17:17:00,Parked,Parked,100,0,71.853,0,-0.08,395,25,-0.032
2026-01-01 17:17:10,Parked,Parked,100,0,71.853,0,-0.08,395,25,-0.032
2026-01-01 17:17:20,Parked,Parked,100,0,71.853,0,-0.08,395,25,-0.032
2026-01-01 17:17:30,Parked,Parked,100,0,71.853,0,-0.08,395,25,-0.032
2026-01-01 17:17:40,Parked,Parked,100,0,71.853,0,-0.08,395,25,-0.032
2026-01-01 17:17:50,Parked,Parked,100,0,71.853,0,-0.08,395,25,-0.032
2026-01-01 17:18:00,Parked,Parked,100,0,71.853,0,-0.08,395,25,-0.032
2026-01-01 17:18:10,Parked,Parked,100,0,71.853,0,-0.08,395,25,-0.032
2026-01-01 17:18:20,Parked,Parked,100,0,71.853,0,-0.08,395,25,-0.032
2026-01-01 17:18:30,Parked,Parked,100,0,71.853,0,-0.08,395,25,-0.032
2026-01-01 17:18:40,Parked,Parked,100,0,71.853,0,-0.08,395,25,-0.032
2026-01-01 17:18:50,Parked,Parked,100,0,71.853,0,-0.08,395,25,-0.032
2026-01-01 17:19:00,Parked,Parked,100,0,71.853,0,-0.08,395,25,-0.032
2026-01-01 17:19:10,Parked,Parked,100,0,71.853,0,-0.08,395,25,-0.032
2026-01-01 17:19:20,Parked,Parked,100,0,71.853,0,-0.08,395,25,-0.032
2026-01-01 17:19:30,Parked,Parked,100,0,71.853,0,-0.08,395,25,-0.032
2026-01-01 17:19:40,Parked,Parked,100,0,71.853,0,-0.08,395,25,-0.032
2026-01-01 17:19:50,Parked,Parked,100,0,71.853,0,-0.08,395,25,-0.032
2026-01-01 17:20:00,Parked,Parked,100,0,71.853,0,-0.08,395,25,-0.032
2026-01-01 17:20:10,Parked,Parked,100,0,71.853,0,-0.08,395,25,-0.032
2026-01-01 17:20:20,Parked,Parked,100,0,71.853,0,-0.08,395,25,-0.032
2026-01-01 17:20:30,Parked,Parked,100,0,71.852,0,-0.08,395,25,-0.032
2026-01-01 17:20:40,Parked,Parked,100,0,71.852,0,-0.08,395,25,-0.032
2026-01-01 17:20:50,Parked,Parked,100,0,71.852,0,-0.08,395,25,-0.032
2026-01-01 17:21:00,Parked,Parked,100,0,71.852,0,-0.08,395,25,-0.032
2026-01-01 17:21:10,Parked,Parked,100,0,71.852,0,-0.08,395,25,-0.032
2026-01-01 17:21:20,Parked,Parked,100,0,71.852,0,-0.08,395,25,-0.032
2026-01-01 17:21:30,Parked,Parked,100,0,71.852,0,-0.08,395,25,-0.032
2026-01-01 17:21:40,Parked,Parked,100,0,71.852,0,-0.08,395,25,-0.032
2026-01-01 17:21:50,Parked,Parked,100,0,71.852,0,-0.08,395,25,-0.032
2026-01-01 17:22:00,Parked,Parked,100,0,71.852,0,-0.08,395,25,-0.032
2026-01-01 17:22:10,Parked,Parked,100,0,71.852,0,-0.08,395,25,-0.032
2026-01-01 17:22:20,Parked,Parked,100,0,71.852,0,-0.08,395,25,-0.032
2026-01-01 17:22:30,Parked,Parked,100,0,71.852,0,-0.08,395,25,-0.032
2026-01-01 17:22:40,Parked,Parked,100,0,71.852,0,-0.08,395,25,-0.032
2026-01-01 17:22:50,Parked,Parked,100,0,71.852,0,-0.08,395,25,-0.032
2026-01-01 17:23:00,Parked,Parked,100,0,71.852,0,-0.08,395,25,-0.032
2026-01-01 17:23:10,Parked,Parked,100,0,71.852,0,-0.08,395,25,-0.032
2026-01-01 17:23:20,Parked,Parked,100,0,71.852,0,-0.08,395,25,-0.032
2026-01-01 17:23:30,Parked,Parked,100,0,71.852,0,-0.08,395,25,-0.032
2026-01-01 17:23:40,Parked,Parked,100,0,71.852,0,-0.08,395,25,-0.032
2026-01-01 17:23:50,Parked,Parked,100,0,71.852,0,-0.08,395,25,-0.032
2026-01-01 17:24:00,Parked,Parked,100,0,71.852,0,-0.08,395,25,-0.032
2026-01-01 17:24:10,Parked,Parked,100,0,71.851,0,-0.08,395,25,-0.032
2026-01-01 17:24:20,Parked,Parked,100,0,71.851,0,-0.08,395,25,-0.032
2026-01-01 17:24:30,Parked,Parked,100,0,71.851,0,-0.08,395,25,-0.032
2026-01-01 17:24:40,Parked,Parked,100,0,71.851,0,-0.08,395,25,-0.032
2026-01-01 17:24:50,Parked,Parked,100,0,71.851,0,-0.08,395,25,-0.032
2026-01-01 17:25:00,Parked,Parked,100,0,71.851,0,-0.08,395,25,-0.032
2026-01-01 17:25:10,Parked,Parked,100,0,71.851,0,-0.08,395,25,-0.032
2026-01-01 17:25:20,Parked,Parked,100,0,71.851,0,-0.08,395,25,-0.032
2026-01-01 17:25:30,Parked,Parked,100,0,71.851,0,-0.08,395,25,-0.032
2026-01-01 17:25:40,Parked,Parked,100,0,71.851,0,-0.08,395,25,-0.032
2026-01-01 17:25:50,Parked,Parked,100,0,71.851,0,-0.08,395,25,-0.032
2026-01-01 17:26:00,Parked,Parked,100,0,71.851,0,-0.08,395,25,-0.032
2026-01-01 17:26:10,Parked,Parked,100,0,71.851,0,-0.08,395,25,-0.032
2026-01-01 17:26:20,Parked,Parked,100,0,71.851,0,-0.08,395,25,-0.032
2026-01-01 17:26:30,Parked,Parked,100,0,71.851,0,-0.08,395,25,-0.032
2026-01-01 17:26:40,Parked,Parked,100,0,71.851,0,-0.08,395,25,-0.032
2026-01-01 17:26:50,Parked,Parked,100,0,71.851,0,-0.08,395,25,-0.032
2026-01-01 17:27:00,Parked,Parked,100,0,71.851,0,-0.08,395,25,-0.032
2026-01-01 17:27:10,Parked,Parked,100,0,71.851,0,-0.08,395,25,-0.032
2026-01-01 17:27:20,Parked,Parked,100,0,71.851,0,-0.08,395,25,-0.032
2026-01-01 17:27:30,Parked,Parked,100,0,71.851,0,-0.08,395,25,-0.032
2026-01-01 17:27:40,Parked,Parked,100,0,71.851,0,-0.08,395,25,-0.032
2026-01-01 17:27:50,Parked,Parked,100,0,71.851,0,-0.08,395,25,-0.032
2026-01-01 17:28:00,Parked,Parked,100,0,71.85,0,-0.08,395,25,-0.032
2026-01-01 17:28:10,Parked,Parked,100,0,71.85,0,-0.08,395,25,-0.032
2026-01-01 17:28:20,Parked,Parked,100,0,71.85,0,-0.08,395,25,-0.032
2026-01-01 17:28:30,Parked,Parked,100,0,71.85,0,-0.08,395,25,-0.032
2026-01-01 17:28:40,Parked,Parked,100,0,71.85,0,-0.08,395,25,-0.032
2026-01-01 17:28:50,Parked,Parked,100,0,71.85,0,-0.08,395,25,-0.032
2026-01-01 17:29:00,Parked,Parked,100,0,71.85,0,-0.08,395,25,-0.032
2026-01-01 17:29:10,Parked,Parked,100,0,71.85,0,-0.08,395,25,-0.032
2026-01-01 17:29:20,Parked,Parked,100,0,71.85,0,-0.08,395,25,-0.032
2026-01-01 17:29:30,Parked,Parked,100,0,71.85,0,-0.08,395,25,-0.032
2026-01-01 17:29:40,Parked,Parked,100,0,71.85,0,-0.08,395,25,-0.032
2026-01-01 17:29:50,Parked,Parked,100,0,71.85,0,-0.08,395,25,-0.032
2026-01-01 17:30:00,Driving,Driving,100,0,71.85,34,-37.3,388.94,25,-14.507
2026-01-01 17:30:10,Driving,Driving,100,0,71.825,34.18,-37.38,388.92,25,-14.538
2026-01-01 17:30:20,Driving,Driving,100,0,71.799,34.36,-37.46,388.89,25,-14.568
2026-01-01 17:30:30,Driving,Driving,100,0,71.774,34.54,-37.54,388.86,25,-14.598
2026-01-01 17:30:40,Driving,Driving,100,0,71.748,34.72,-37.62,388.83,25,-14.628
2026-01-01 17:30:50,Driving,Driving,100,0,71.723,34.89,-37.7,388.8,25,-14.658
2026-01-01 17:31:00,Driving,Driving,100,0,71.697,35.07,-37.78,388.78,25,-14.688
2026-01-01 17:31:10,Driving,Driving,100,0,71.672,35.24,-37.86,388.75,25,-14.718
2026-01-01 17:31:20,Driving,Driving,100,0,71.646,35.41,-37.93,388.72,25,-14.744
2026-01-01 17:31:30,Driving,Driving,100,0,71.621,35.58,-38.01,388.7,25,-14.774
2026-01-01 17:31:40,Driving,Driving,100,0,71.595,35.74,-38.08,388.67,25,-14.801
2026-01-01 17:31:50,Driving,Driving,100,0,71.57,35.9,-38.16,388.64,25,-14.831
2026-01-01 17:32:00,Driving,Driving,100,0,71.544,36.06,-38.23,388.62,25,-14.857
2026-01-01 17:32:10,Driving,Driving,100,0,71.519,36.21,-38.29,388.6,25,-14.879
2026-01-01 17:32:20,Driving,Driving,100,0,71.493,36.36,-38.36,388.57,25,-14.906
2026-01-01 17:32:30,Driving,Driving,100,0,71.468,36.5,-38.42,388.55,25,-14.928
2026-01-01 17:32:40,Driving,Driving,100,0,71.443,36.64,-38.49,388.53,25,-14.955
2026-01-01 17:32:50,Driving,Driving,100,0,71.417,36.77,-38.55,388.51,25,-14.977
2026-01-01 17:33:00,Driving,Driving,100,0,71.392,36.9,-38.61,388.49,25,-15
2026-01-01 17:33:10,Driving,Driving,100,0,71.366,37.02,-38.66,388.47,25,-15.018
2026-01-01 17:33:20,Driving,Driving,100,0,71.341,37.14,-38.71,388.45,25,-15.037
2026-01-01 17:33:30,Driving,Driving,100,0,71.315,37.25,-38.76,388.43,25,-15.056
2026-01-01 17:33:40,Driving,Driving,100,0,71.29,37.35,-38.81,388.42,25,-15.075
2026-01-01 17:33:50,Driving,Driving,100,0,71.264,37.44,-38.85,388.4,25,-15.089
2026-01-01 17:34:00,Driving,Driving,100,0,71.239,37.53,-38.89,388.39,25,-15.104
2026-01-01 17:34:10,Driving,Driving,100,0,71.213,37.61,-38.92,388.38,25,-15.116
2026-01-01 17:34:20,Driving,Driving,100,0,71.188,37.69,-38.96,388.36,25,-15.131
2026-01-01 17:34:30,Driving,Driving,100,0,71.162,37.75,-38.99,388.35,25,-15.142
2026-01-01 17:34:40,Driving,Driving,100,0,71.137,37.81,-39.01,388.35,25,-15.15
2026-01-01 17:34:50,Driving,Driving,100,0,71.112,37.86,-39.04,388.34,25,-15.161
2026-01-01 17:35:00,Driving,Driving,100,0,71.086,37.91,-39.06,388.33,25,-15.168
2026-01-01 17:35:10,Driving,Driving,100,0,71.061,37.94,-39.07,388.33,25,-15.172
2026-01-01 17:35:20,Driving,Driving,100,0,71.035,37.97,-39.09,388.32,25,-15.179
2026-01-01 17:35:30,Driving,Driving,100,0,71.01,37.99,-39.1,388.32,25,-15.183
2026-01-01 17:35:40,Driving,Driving,100,0,70.984,38,-39.1,388.32,25,-15.183
2026-01-01 17:35:50,Driving,Driving,100,0,70.959,38,-39.1,388.32,25,-15.183
2026-01-01 17:36:00,Driving,Driving,100,0,70.933,37.99,-39.1,388.32,25,-15.183
2026-01-01 17:36:10,Driving,Driving,100,0,70.908,37.98,-39.09,388.32,25,-15.179
2026-01-01 17:36:20,Driving,Driving,100,0,70.882,37.96,-39.08,388.32,25,-15.176
2026-01-01 17:36:30,Driving,Driving,100,0,70.857,37.93,-39.07,388.33,25,-15.172
2026-01-01 17:36:40,Driving,Driving,100,0,70.831,37.89,-39.05,388.33,25,-15.164
2026-01-01 17:36:50,Driving,Driving,100,0,70.806,37.85,-39.03,388.34,25,-15.157
2026-01-01 17:37:00,Driving,Driving,100,0,70.78,37.79,-39.01,388.35,25,-15.15
2026-01-01 17:37:10,Driving,Driving,100,0,70.755,37.73,-38.98,388.36,25,-15.138
2026-01-01 17:37:20,Driving,Driving,100,0,70.73,37.66,-38.95,388.37,25,-15.127
2026-01-01 17:37:30,Driving,Driving,100,0,70.704,37.59,-38.92,388.38,25,-15.116
2026-01-01 17:37:40,Driving,Driving,100,0,70.679,37.5,-38.88,388.39,25,-15.101
2026-01-01 17:37:50,Driving,Driving,100,0,70.653,37.41,-38.83,388.41,25,-15.082
2026-01-01 17:38:00,Driving,Driving,100,0,70.628,37.32,-38.79,388.42,25,-15.067
2026-01-01 17:38:10,Driving,Driving,100,0,70.602,37.21,-38.74,388.44,25,-15.048
2026-01-01 17:38:20,Driving,Driving,100,0,70.577,37.1,-38.7,388.46,25,-15.033
2026-01-01 17:38:30,Driving,Driving,100,0,70.551,36.98,-38.64,388.48,25,-15.011
2026-01-01 17:38:40,Driving,Driving,100,0,70.526,36.86,-38.59,388.49,25,-14.992
2026-01-01 17:38:50,Driving,Driving,100,0,70.5,36.73,-38.53,388.51,25,-14.969
2026-01-01 17:39:00,Driving,Driving,100,0,70.475,36.6,-38.47,388.54,25,-14.947
2026-01-01 17:39:10,Driving,Driving,100,0,70.449,36.46,-38.41,388.56,25,-14.925
2026-01-01 17:39:20,Driving,Driving,100,0,70.424,36.31,-38.34,388.58,25,-14.898
2026-01-01 17:39:30,Driving,Driving,100,0,70.399,36.16,-38.27,388.61,25,-14.872
2026-01-01 17:39:40,Driving,Driving,100,0,70.373,36.01,-38.2,388.63,25,-14.846
2026-01-01 17:39:50,Driving,Driving,100,0,70.348,35.85,-38.13,388.65,25,-14.819
2026-01-01 17:40:00,Driving,Driving,100,0,70.322,35.69,-38.06,388.68,25,-14.793
2026-01-01 17:40:10,Driving,Driving,100,0,70.297,35.52,-37.98,388.71,25,-14.763
2026-01-01 17:40:20,Driving,Driving,100,0,70.271,35.36,-37.91,388.73,25,-14.737
2026-01-01 17:40:30,Driving,Driving,100,0,70.246,35.18,-37.83,388.76,25,-14.707
2026-01-01 17:40:40,Driving,Driving,100,0,70.22,35.01,-37.75,388.79,25,-14.677
2026-01-01 17:40:50,Driving,Driving,100,0,70.195,34.84,-37.68,388.81,25,-14.65
2026-01-01 17:41:00,Driving,Driving,100,0,70.169,34.66,-37.6,388.84,25,-14.62
2026-01-01 17:41:10,Driving,Driving,100,0,70.144,34.48,-37.52,388.87,25,-14.59
2026-01-01 17:41:20,Driving,Driving,100,0,70.118,34.3,-37.44,388.9,25,-14.56
2026-01-01 17:41:30,Driving,Driving,100,0,70.093,34.12,-37.35,388.93,25,-14.527
2026-01-01 17:41:40,Driving,Driving,100,0,70.067,33.94,-37.27,388.96,25,-14.497
2026-01-01 17:41:50,Driving,Driving,100,0,70.042,33.76,-37.19,388.98,25,-14.466
2026-01-01 17:42:00,Driving,Driving,100,0,70.017,33.58,-37.11,389.01,25,-14.436
2026-01-01 17:42:10,Driving,Driving,100,0,69.991,33.4,-37.03,389.04,25,-14.406
2026-01-01 17:42:20,Driving,Driving,100,0,69.966,33.22,-36.95,389.07,25,-14.376
2026-01-01 17:42:30,Driving,Driving,100,0,69.94,33.05,-36.87,389.1,25,-14.346
2026-01-01 17:42:40,Driving,Driving,100,0,69.915,32.87,-36.79,389.12,25,-14.316
2026-01-01 17:42:50,Driving,Driving,100,0,69.889,32.7,-36.72,389.15,25,-14.29
2026-01-01 17:43:00,Driving,Driving,100,0,69.864,32.53,-36.64,389.18,25,-14.26
2026-01-01 17:43:10,Driving,Driving,100,0,69.838,32.37,-36.57,389.2,25,-14.233
2026-01-01 17:43:20,Driving,Driving,100,0,69.813,32.2,-36.49,389.23,25,-14.203
2026-01-01 17:43:30,Driving,Driving,100,0,69.787,32.04,-36.42,389.25,25,-14.176
2026-01-01 17:43:40,Driving,Driving,100,0,69.762,31.89,-36.35,389.28,25,-14.15
2026-01-01 17:43:50,Driving,Driving,100,0,69.736,31.74,-36.28,389.3,25,-14.124
2026-01-01 17:44:00,Driving,Driving,100,0,69.711,31.59,-36.22,389.32,25,-14.101
2026-01-01 17:44:10,Driving,Driving,100,0,69.686,31.45,-36.15,389.35,25,-14.075
2026-01-01 17:44:20,Driving,Driving,100,0,69.66,31.31,-36.09,389.37,25,-14.052
2026-01-01 17:44:30,Driving,Driving,100,0,69.635,31.18,-36.03,389.39,25,-14.03
2026-01-01 17:44:40,Driving,Driving,100,0,69.609,31.06,-35.98,389.41,25,-14.011
2026-01-01 17:44:50,Driving,Driving,100,0,69.584,30.94,-35.92,389.43,25,-13.988
2026-01-01 17:45:00,Driving,Driving,100,0,69.558,30.83,-35.87,389.45,25,-13.97
2026-01-01 17:45:10,Driving,Driving,100,0,69.533,30.72,-35.82,389.46,25,-13.95
2026-01-01 17:45:20,Driving,Driving,100,0,69.507,30.62,-35.78,389.48,25,-13.936
2026-01-01 17:45:30,Driving,Driving,100,0,69.482,30.53,-35.74,389.49,25,-13.92
2026-01-01 17:45:40,Driving,Driving,100,0,69.456,30.44,-35.7,389.5,25,-13.905
2026-01-01 17:45:50,Driving,Driving,100,0,69.431,30.36,-35.66,389.52,25,-13.89
2026-01-01 17:46:00,Driving,Driving,100,0,69.405,30.29,-35.63,389.53,25,-13.879
2026-01-01 17:46:10,Driving,Driving,100,0,69.38,30.23,-35.6,389.54,25,-13.868
2026-01-01 17:46:20,Driving,Driving,100,0,69.354,30.17,-35.58,389.55,25,-13.86
2026-01-01 17:46:30,Driving,Driving,100,0,69.329,30.12,-35.55,389.56,25,-13.849
2026-01-01 17:46:40,Driving,Driving,100,0,69.304,30.08,-35.54,389.56,25,-13.845
2026-01-01 17:46:50,Driving,Driving,100,0,69.278,30.05,-35.52,389.57,25,-13.838
2026-01-01 17:47:00,Driving,Driving,100,0,69.253,30.03,-35.51,389.57,25,-13.834
2026-01-01 17:47:10,Driving,Driving,100,0,69.227,30.01,-35.5,389.58,25,-13.83
2026-01-01 17:47:20,Driving,Driving,100,0,69.202,30,-35.5,389.58,25,-13.83
2026-01-01 17:47:30,Driving,Driving,100,0,69.176,30,-35.5,389.58,25,-13.83
2026-01-01 17:47:40,Driving,Driving,100,0,69.151,30.01,-35.5,389.58,25,-13.83
2026-01-01 17:47:50,Driving,Driving,100,0,69.125,30.03,-35.51,389.57,25,-13.834
2026-01-01 17:48:00,Driving,Driving,100,0,69.1,30.05,-35.52,389.57,25,-13.838
2026-01-01 17:48:10,Driving,Driving,100,0,69.074,30.08,-35.54,389.56,25,-13.845
2026-01-01 17:48:20,Driving,Driving,100,0,69.049,30.12,-35.55,389.56,25,-13.849
2026-01-01 17:48:30,Driving,Driving,100,0,69.023,30.17,-35.58,389.55,25,-13.86
2026-01-01 17:48:40,Driving,Driving,100,0,68.998,30.23,-35.6,389.54,25,-13.868
2026-01-01 17:48:50,Driving,Driving,100,0,68.972,30.29,-35.63,389.53,25,-13.879
2026-01-01 17:49:00,Driving,Driving,100,0,68.947,30.36,-35.66,389.52,25,-13.89
2026-01-01 17:49:10,Driving,Driving,100,0,68.922,30.44,-35.7,389.5,25,-13.905
2026-01-01 17:49:20,Driving,Driving,100,0,68.896,30.53,-35.74,389.49,25,-13.92
2026-01-01 17:49:30,Driving,Driving,100,0,68.871,30.62,-35.78,389.48,25,-13.936
2026-01-01 17:49:40,Driving,Driving,100,0,68.845,30.72,-35.82,389.46,25,-13.95
2026-01-01 17:49:50,Driving,Driving,100,0,68.82,30.83,-35.87,389.45,25,-13.97
2026-01-01 17:50:00,Driving,Driving,100,0,68.794,30.94,-35.92,389.43,25,-13.988
2026-01-01 17:50:10,Driving,Driving,100,0,68.769,31.06,-35.98,389.41,25,-14.011
2026-01-01 17:50:20,Driving,Driving,100,0,68.743,31.18,-36.03,389.39,25,-14.03
2026-01-01 17:50:30,Driving,Driving,100,0,68.718,31.31,-36.09,389.37,25,-14.052
2026-01-01 17:50:40,Driving,Driving,100,0,68.692,31.45,-36.15,389.35,25,-14.075
2026-01-01 17:50:50,Driving,Driving,100,0,68.667,31.59,-36.22,389.32,25,-14.101
2026-01-01 17:51:00,Driving,Driving,100,0,68.641,31.74,-36.28,389.3,25,-14.124
2026-01-01 17:51:10,Driving,Driving,100,0,68.616,31.89,-36.35,389.28,25,-14.15
2026-01-01 17:51:20,Driving,Driving,100,0,68.591,32.04,-36.42,389.25,25,-14.176
2026-01-01 17:51:30,Driving,Driving,100,0,68.565,32.2,-36.49,389.23,25,-14.203
2026-01-01 17:51:40,Driving,Driving,100,0,68.54,32.37,-36.57,389.2,25,-14.233
2026-01-01 17:51:50,Driving,Driving,100,0,68.514,32.53,-36.64,389.18,25,-14.26
2026-01-01 17:52:00,Driving,Driving,100,0,68.489,32.7,-36.72,389.15,25,-14.29
2026-01-01 17:52:10,Driving,Driving,100,0,68.463,32.87,-36.79,389.12,25,-14.316
2026-01-01 17:52:20,Driving,Driving,100,0,68.438,33.05,-36.87,389.1,25,-14.346
2026-01-01 17:52:30,Driving,Driving,100,0,68.412,33.22,-36.95,389.07,25,-14.376
2026-01-01 17:52:40,Driving,Driving,100,0,68.387,33.4,-37.03,389.04,25,-14.406
2026-01-01 17:52:50,Driving,Driving,100,0,68.361,33.58,-37.11,389.01,25,-14.436
2026-01-01 17:53:00,Driving,Driving,100,0,68.336,33.76,-37.19,388.98,25,-14.466
2026-01-01 17:53:10,Driving,Driving,100,0,68.31,33.94,-37.27,388.96,25,-14.497
2026-01-01 17:53:20,Driving,Driving,100,0,68.285,34.12,-37.35,388.93,25,-14.527
2026-01-01 17:53:30,Driving,Driving,100,0,68.259,34.3,-37.44,388.9,25,-14.56
2026-01-01 17:53:40,Driving,Driving,100,0,68.234,34.48,-37.52,388.87,25,-14.59
2026-01-01 17:53:50,Driving,Driving,100,0,68.209,34.66,-37.6,388.84,25,-14.62
2026-01-01 17:54:00,Driving,Driving,100,0,68.183,34.84,-37.68,388.81,25,-14.65
2026-01-01 17:54:10,Driving,Driving,100,0,68.158,35.01,-37.75,388.79,25,-14.677
2026-01-01 17:54:20,Driving,Driving,100,0,68.132,35.18,-37.83,388.76,25,-14.707
2026-01-01 17:54:30,Driving,Driving,100,0,68.107,35.36,-37.91,388.73,25,-14.737
2026-01-01 17:54:40,Driving,Driving,100,0,68.081,35.52,-37.98,388.71,25,-14.763
2026-01-01 17:54:50,Driving,Driving,100,0,68.056,35.69,-38.06,388.68,25,-14.793
2026-01-01 17:55:00,Driving,Driving,100,0,68.03,35.85,-38.13,388.65,25,-14.819
2026-01-01 17:55:10,Driving,Driving,100,0,68.005,36.01,-38.2,388.63,25,-14.846
2026-01-01 17:55:20,Driving,Driving,100,0,67.979,36.16,-38.27,388.61,25,-14.872
2026-01-01 17:55:30,Driving,Driving,100,0,67.954,36.31,-38.34,388.58,25,-14.898
2026-01-01 17:55:40,Driving,Driving,100,0,67.928,36.46,-38.41,388.56,25,-14.925
2026-01-01 17:55:50,Driving,Driving,100,0,67.903,36.6,-38.47,388.54,25,-14.947
2026-01-01 17:56:00,Driving,Driving,100,0,67.878,36.73,-38.53,388.51,25,-14.969
2026-01-01 17:56:10,Driving,Driving,100,0,67.852,36.86,-38.59,388.49,25,-14.992
2026-01-01 17:56:20,Driving,Driving,100,0,67.827,36.98,-38.64,388.48,25,-15.011
2026-01-01 17:56:30,Driving,Driving,100,0,67.801,37.1,-38.7,388.46,25,-15.033
2026-01-01 17:56:40,Driving,Driving,100,0,67.776,37.21,-38.74,388.44,25,-15.048
2026-01-01 17:56:50,Driving,Driving,100,0,67.75,37.32,-38.79,388.42,25,-15.067
2026-01-01 17:57:00,Driving,Driving,100,0,67.725,37.41,-38.83,388.41,25,-15.082
2026-01-01 17:57:10,Driving,Driving,100,0,67.699,37.5,-38.88,388.39,25,-15.101
2026-01-01 17:57:20,Driving,Driving,100,0,67.674,37.59,-38.92,388.38,25,-15.116
2026-01-01 17:57:30,Driving,Driving,100,0,67.648,37.66,-38.95,388.37,25,-15.127
2026-01-01 17:57:40,Driving,Driving,100,0,67.623,37.73,-38.98,388.36,25,-15.138
2026-01-01 17:57:50,Driving,Driving,100,0,67.597,37.79,-39.01,388.35,25,-15.15
2026-01-01 17:58:00,Driving,Driving,100,0,67.572,37.85,-39.03,388.34,25,-15.157
2026-01-01 17:58:10,Driving,Driving,100,0,67.546,37.89,-39.05,388.33,25,-15.164
2026-01-01 17:58:20,Driving,Driving,100,0,67.521,37.93,-39.07,388.33,25,-15.172
2026-01-01 17:58:30,Driving,Driving,100,0,67.496,37.96,-39.08,388.32,25,-15.176
2026-01-01 17:58:40,Driving,Driving,100,0,67.47,37.98,-39.09,388.32,25,-15.179
2026-01-01 17:58:50,Driving,Driving,100,0,67.445,37.99,-39.1,388.32,25,-15.183
2026-01-01 17:59:00,Driving,Driving,100,0,67.419,38,-39.1,388.32,25,-15.183
2026-01-01 17:59:10,Driving,Driving,100,0,67.394,38,-39.1,388.32,25,-15.183
2026-01-01 17:59:20,Driving,Driving,100,0,67.368,37.99,-39.1,388.32,25,-15.183
2026-01-01 17:59:30,Driving,Driving,100,0,67.343,37.97,-39.09,388.32,25,-15.179
2026-01-01 17:59:40,Driving,Driving,100,0,67.317,37.94,-39.07,388.33,25,-15.172
2026-01-01 17:59:50,Driving,Driving,100,0,67.292,37.91,-39.06,388.33,25,-15.168
2026-01-01 18:00:00,Driving,Driving,100,0,67.266,37.86,-39.04,388.34,25,-15.161
2026-01-01 18:00:10,Driving,Driving,100,0,67.241,37.81,-39.01,388.35,25,-15.15
2026-01-01 18:00:20,Driving,Driving,100,0,67.215,37.75,-38.99,388.35,25,-15.142
2026-01-01 18:00:30,Driving,Driving,100,0,67.19,37.69,-38.96,388.36,25,-15.131
2026-01-01 18:00:40,Driving,Driving,100,0,67.164,37.61,-38.92,388.38,25,-15.116
2026-01-01 18:00:50,Driving,Driving,100,0,67.139,37.53,-38.89,388.39,25,-15.104
2026-01-01 18:01:00,Driving,Driving,100,0,67.114,37.44,-38.85,388.4,25,-15.089
2026-01-01 18:01:10,Driving,Driving,100,0,67.088,37.35,-38.81,388.42,25,-15.075
2026-01-01 18:01:20,Driving,Driving,100,0,67.063,37.25,-38.76,388.43,25,-15.056
2026-01-01 18:01:30,Driving,Driving,100,0,67.037,37.14,-38.71,388.45,25,-15.037
2026-01-01 18:01:40,Driving,Driving,100,0,67.012,37.02,-38.66,388.47,25,-15.018
2026-01-01 18:01:50,Driving,Driving,100,0,66.986,36.9,-38.61,388.49,25,-15
2026-01-01 18:02:00,Driving,Driving,100,0,66.961,36.77,-38.55,388.51,25,-14.977
2026-01-01 18:02:10,Driving,Driving,100,0,66.935,36.64,-38.49,388.53,25,-14.955
2026-01-01 18:02:20,Driving,Driving,100,0,66.91,36.5,-38.42,388.55,25,-14.928
2026-01-01 18:02:30,Driving,Driving,100,0,66.884,36.36,-38.36,388.57,25,-14.906
2026-01-01 18:02:40,Driving,Driving,100,0,66.859,36.21,-38.29,388.6,25,-14.879
2026-01-01 18:02:50,Driving,Driving,100,0,66.833,36.06,-38.23,388.62,25,-14.857
2026-01-01 18:03:00,Driving,Driving,100,0,66.808,35.9,-38.16,388.64,25,-14.831
2026-01-01 18:03:10,Driving,Driving,100,0,66.783,35.74,-38.08,388.67,25,-14.801
2026-01-01 18:03:20,Driving,Driving,100,0,66.757,35.58,-38.01,388.7,25,-14.774
2026-01-01 18:03:30,Driving,Driving,100,0,66.732,35.41,-37.93,388.72,25,-14.744
2026-01-01 18:03:40,Driving,Driving,100,0,66.706,35.24,-37.86,388.75,25,-14.718
2026-01-01 18:03:50,Driving,Driving,100,0,66.681,35.07,-37.78,388.78,25,-14.688
2026-01-01 18:04:00,Driving,Driving,100,0,66.655,34.89,-37.7,388.8,25,-14.658
2026-01-01 18:04:10,Driving,Driving,100,0,66.63,34.72,-37.62,388.83,25,-14.628
2026-01-01 18:04:20,Driving,Driving,100,0,66.604,34.54,-37.54,388.86,25,-14.598
2026-01-01 18:04:30,Driving,Driving,100,0,66.579,34.36,-37.46,388.89,25,-14.568
2026-01-01 18:04:40,Driving,Driving,100,0,66.553,34.18,-37.38,388.92,25,-14.538
2026-01-01 18:04:50,Driving,Driving,100,0,66.528,34,-37.3,388.94,25,-14.507
2026-01-01 18:05:00,Parking,Parking,100,0,66.502,18,-5,395,25,-1.975
2026-01-01 18:05:10,Parking,Parking,100,0,66.477,17.69,-4.91,395,25,-1.939
2026-01-01 18:05:20,Parking,Parking,100,0,66.451,17.39,-4.83,395,25,-1.908
2026-01-01 18:05:30,Parking,Parking,100,0,66.426,17.08,-4.75,395,25,-1.876
2026-01-01 18:05:40,Parking,Parking,100,0,66.401,16.78,-4.66,395,25,-1.841
2026-01-01 18:05:50,Parking,Parking,100,0,66.375,16.47,-4.58,395,25,-1.809
2026-01-01 18:06:00,Parking,Parking,100,0,66.35,16.17,-4.5,395,25,-1.778
2026-01-01 18:06:10,Parking,Parking,100,0,66.324,15.86,-4.41,395,25,-1.742
2026-01-01 18:06:20,Parking,Parking,100,0,66.299,15.56,-4.33,395,25,-1.71
2026-01-01 18:06:30,Parking,Parking,100,0,66.273,15.25,-4.25,395,25,-1.679
2026-01-01 18:06:40,Parking,Parking,100,0,66.248,14.95,-4.16,395,25,-1.643
2026-01-01 18:06:50,Parking,Parking,100,0,66.222,14.64,-4.08,395,25,-1.612
2026-01-01 18:07:00,Parking,Parking,100,0,66.197,14.34,-4,395,25,-1.58
2026-01-01 18:07:10,Parking,Parking,100,0,66.171,14.03,-3.91,395,25,-1.544
2026-01-01 18:07:20,Parking,Parking,100,0,66.146,13.73,-3.83,395,25,-1.513
2026-01-01 18:07:30,Parking,Parking,100,0,66.12,13.42,-3.75,395,25,-1.481
2026-01-01 18:07:40,Parking,Parking,100,0,66.095,13.12,-3.66,395,25,-1.446
2026-01-01 18:07:50,Parking,Parking,100,0,66.07,12.81,-3.58,395,25,-1.414
2026-01-01 18:08:00,Parking,Parking,100,0,66.044,12.51,-3.5,395,25,-1.382
2026-01-01 18:08:10,Parking,Parking,100,0,66.019,12.2,-3.41,395,25,-1.347
2026-01-01 18:08:20,Parking,Parking,100,0,65.993,11.9,-3.33,395,25,-1.315
2026-01-01 18:08:30,Parking,Parking,100,0,65.968,11.59,-3.25,395,25,-1.284
2026-01-01 18:08:40,Parking,Parking,100,0,65.942,11.29,-3.16,395,25,-1.248
2026-01-01 18:08:50,Parking,Parking,100,0,65.917,10.98,-3.08,395,25,-1.217
2026-01-01 18:09:00,Parking,Parking,100,0,65.891,10.68,-3,395,25,-1.185
2026-01-01 18:09:10,Parking,Parking,100,0,65.866,10.37,-2.91,395,25,-1.149
2026-01-01 18:09:20,Parking,Parking,100,0,65.84,10.07,-2.83,395,25,-1.118
2026-01-01 18:09:30,Parking,Parking,100,0,65.815,9.76,-2.75,395,25,-1.086
2026-01-01 18:09:40,Parking,Parking,100,0,65.789,9.46,-2.66,395,25,-1.051
2026-01-01 18:09:50,Parking,Parking,100,0,65.764,9.15,-2.58,395,25,-1.019
2026-01-01 18:10:00,Parking,Parking,100,0,65.738,8.85,-2.5,395,25,-0.988
2026-01-01 18:10:10,Parking,Parking,100,0,65.713,8.54,-2.41,395,25,-0.952
2026-01-01 18:10:20,Parking,Parking,100,0,65.688,8.24,-2.33,395,25,-0.92
2026-01-01 18:10:30,Parking,Parking,100,0,65.662,7.93,-2.25,395,25,-0.889
2026-01-01 18:10:40,Parking,Parking,100,0,65.637,7.63,-2.16,395,25,-0.853
2026-01-01 18:10:50,Parking,Parking,100,0,65.611,7.32,-2.08,395,25,-0.822
2026-01-01 18:11:00,Parking,Parking,100,0,65.586,7.02,-2,395,25,-0.79
2026-01-01 18:11:10,Parking,Parking,100,0,65.56,6.71,-1.91,395,25,-0.754
2026-01-01 18:11:20,Parking,Parking,100,0,65.535,6.41,-1.83,395,25,-0.723
2026-01-01 18:11:30,Parking,Parking,100,0,65.509,6.1,-1.75,395,25,-0.691
2026-01-01 18:11:40,Parking,Parking,100,0,65.484,5.8,-1.66,395,25,-0.656
2026-01-01 18:11:50,Parking,Parking,100,0,65.458,5.49,-1.58,395,25,-0.624
2026-01-01 18:12:00,Parking,Parking,100,0,65.433,5.19,-1.5,395,25,-0.592
2026-01-01 18:12:10,Parking,Parking,100,0,65.407,4.88,-1.41,395,25,-0.557
2026-01-01 18:12:20,Parking,Parking,100,0,65.382,4.58,-1.33,395,25,-0.525
2026-01-01 18:12:30,Parking,Parking,100,0,65.357,4.27,-1.25,395,25,-0.494
2026-01-01 18:12:40,Parking,Parking,100,0,65.331,3.97,-1.16,395,25,-0.458
2026-01-01 18:12:50,Parking,Parking,100,0,65.306,3.66,-1.08,395,25,-0.427
2026-01-01 18:13:00,Parking,Parking,100,0,65.28,3.36,-1,395,25,-0.395
2026-01-01 18:13:10,Parking,Parking,100,0,65.255,3.05,-0.91,395,25,-0.359
2026-01-01 18:13:20,Parking,Parking,100,0,65.229,2.75,-0.83,395,25,-0.328
2026-01-01 18:13:30,Parking,Parking,100,0,65.204,2.44,-0.75,395,25,-0.296
2026-01-01 18:13:40,Parking,Parking,100,0,65.178,2.14,-0.66,395,25,-0.261
2026-01-01 18:13:50,Parking,Parking,100,0,65.153,1.83,-0.58,395,25,-0.229
2026-01-01 18:14:00,Parking,Parking,100,0,65.127,1.53,-0.5,395,25,-0.198
2026-01-01 18:14:10,Parking,Parking,100,0,65.102,1.22,-0.41,395,25,-0.162
2026-01-01 18:14:20,Parking,Parking,100,0,65.076,0.92,-0.33,395,25,-0.13
2026-01-01 18:14:30,Parking,Parking,100,0,65.051,0.61,-0.25,395,25,-0.099
2026-01-01 18:14:40,Parking,Parking,100,0,65.025,0.31,-0.16,395,25,-0.063
2026-01-01 18:14:50,Parking,Parking,100,0,65,0,-0.08,395,25,-0.032
2026-01-01 18:15:00,Parked,Parked,100,0,65,0,-0.08,395,25,-0.032
2026-01-01 18:15:10,Parked,Parked,100,0,65,0,-0.08,395,25,-0.032
2026-01-01 18:15:20,Parked,Parked,100,0,65,0,-0.08,395,25,-0.032
2026-01-01 18:15:30,Parked,Parked,100,0,64.999,0,-0.08,395,25,-0.032
2026-01-01 18:15:40,Parked,Parked,100,0,64.999,0,-0.08,395,25,-0.032
2026-01-01 18:15:50,Parked,Parked,100,0,64.999,0,-0.08,395,25,-0.032
2026-01-01 18:16:00,Parked,Parked,100,0,64.999,0,-0.08,395,25,-0.032
2026-01-01 18:16:10,Parked,Parked,100,0,64.999,0,-0.08,395,25,-0.032
2026-01-01 18:16:20,Parked,Parked,100,0,64.999,0,-0.08,395,25,-0.032
2026-01-01 18:16:30,Parked,Parked,100,0,64.998,0,-0.08,395,25,-0.032
2026-01-01 18:16:40,Parked,Parked,100,0,64.998,0,-0.08,395,25,-0.032
2026-01-01 18:16:50,Parked,Parked,100,0,64.998,0,-0.08,395,25,-0.032
2026-01-01 18:17:00,Parked,Parked,100,0,64.998,0,-0.08,395,25,-0.032
2026-01-01 18:17:10,Parked,Parked,100,0,64.998,0,-0.08,395,25,-0.032
2026-01-01 18:17:20,Parked,Parked,100,0,64.997,0,-0.08,395,25,-0.032
2026-01-01 18:17:30,Parked,Parked,100,0,64.997,0,-0.08,395,25,-0.032
2026-01-01 18:17:40,Parked,Parked,100,0,64.997,0,-0.08,395,25,-0.032
2026-01-01 18:17:50,Parked,Parked,100,0,64.997,0,-0.08,395,25,-0.032
2026-01-01 18:18:00,Parked,Parked,100,0,64.997,0,-0.08,395,25,-0.032
2026-01-01 18:18:10,Parked,Parked,100,0,64.996,0,-0.08,395,25,-0.032
2026-01-01 18:18:20,Parked,Parked,100,0,64.996,0,-0.08,395,25,-0.032
2026-01-01 18:18:30,Parked,Parked,100,0,64.996,0,-0.08,395,25,-0.032
2026-01-01 18:18:40,Parked,Parked,100,0,64.996,0,-0.08,395,25,-0.032
2026-01-01 18:18:50,Parked,Parked,100,0,64.996,0,-0.08,395,25,-0.032
2026-01-01 18:19:00,Parked,Parked,100,0,64.996,0,-0.08,395,25,-0.032
2026-01-01 18:19:10,Parked,Parked,100,0,64.995,0,-0.08,395,25,-0.032
2026-01-01 18:19:20,Parked,Parked,100,0,64.995,0,-0.08,395,25,-0.032
2026-01-01 18:19:30,Parked,Parked,100,0,64.995,0,-0.08,395,25,-0.032
2026-01-01 18:19:40,Parked,Parked,100,0,64.995,0,-0.08,395,25,-0.032
2026-01-01 18:19:50,Parked,Parked,100,0,64.995,0,-0.08,395,25,-0.032
2026-01-01 18:20:00,Parked,Parked,100,0,64.994,0,-0.08,395,25,-0.032
2026-01-01 18:20:10,Parked,Parked,100,0,64.994,0,-0.08,395,25,-0.032
2026-01-01 18:20:20,Parked,Parked,100,0,64.994,0,-0.08,395,25,-0.032
2026-01-01 18:20:30,Parked,Parked,100,0,64.994,0,-0.08,395,25,-0.032
2026-01-01 18:20:40,Parked,Parked,100,0,64.994,0,-0.08,395,25,-0.032
2026-01-01 18:20:50,Parked,Parked,100,0,64.993,0,-0.08,395,25,-0.032
2026-01-01 18:21:00,Parked,Parked,100,0,64.993,0,-0.08,395,25,-0.032
2026-01-01 18:21:10,Parked,Parked,100,0,64.993,0,-0.08,395,25,-0.032
2026-01-01 18:21:20,Parked,Parked,100,0,64.993,0,-0.08,395,25,-0.032
2026-01-01 18:21:30,Parked,Parked,100,0,64.993,0,-0.08,395,25,-0.032
2026-01-01 18:21:40,Parked,Parked,100,0,64.993,0,-0.08,395,25,-0.032
2026-01-01 18:21:50,Parked,Parked,100,0,64.992,0,-0.08,395,25,-0.032
2026-01-01 18:22:00,Parked,Parked,100,0,64.992,0,-0.08,395,25,-0.032
2026-01-01 18:22:10,Parked,Parked,100,0,64.992,0,-0.08,395,25,-0.032
2026-01-01 18:22:20,Parked,Parked,100,0,64.992,0,-0.08,395,25,-0.032
2026-01-01 18:22:30,Parked,Parked,100,0,64.992,0,-0.08,395,25,-0.032
2026-01-01 18:22:40,Parked,Parked,100,0,64.991,0,-0.08,395,25,-0.032
2026-01-01 18:22:50,Parked,Parked,100,0,64.991,0,-0.08,395,25,-0.032
2026-01-01 18:23:00,Parked,Parked,100,0,64.991,0,-0.08,395,25,-0.032
2026-01-01 18:23:10,Parked,Parked,100,0,64.991,0,-0.08,395,25,-0.032
2026-01-01 18:23:20,Parked,Parked,100,0,64.991,0,-0.08,395,25,-0.032
2026-01-01 18:23:30,Parked,Parked,100,0,64.991,0,-0.08,395,25,-0.032
2026-01-01 18:23:40,Parked,Parked,100,0,64.99,0,-0.08,395,25,-0.032
2026-01-01 18:23:50,Parked,Parked,100,0,64.99,0,-0.08,395,25,-0.032
2026-01-01 18:24:00,Parked,Parked,100,0,64.99,0,-0.08,395,25,-0.032
2026-01-01 18:24:10,Parked,Parked,100,0,64.99,0,-0.08,395,25,-0.032
2026-01-01 18:24:20,Parked,Parked,100,0,64.99,0,-0.08,395,25,-0.032
2026-01-01 18:24:30,Parked,Parked,100,0,64.989,0,-0.08,395,25,-0.032
2026-01-01 18:24:40,Parked,Parked,100,0,64.989,0,-0.08,395,25,-0.032
2026-01-01 18:24:50,Parked,Parked,100,0,64.989,0,-0.08,395,25,-0.032
2026-01-01 18:25:00,Parked,Parked,100,0,64.989,0,-0.08,395,25,-0.032
2026-01-01 18:25:10,Parked,Parked,100,0,64.989,0,-0.08,395,25,-0.032
2026-01-01 18:25:20,Parked,Parked,100,0,64.988,0,-0.08,395,25,-0.032
2026-01-01 18:25:30,Parked,Parked,100,0,64.988,0,-0.08,395,25,-0.032
2026-01-01 18:25:40,Parked,Parked,100,0,64.988,0,-0.08,395,25,-0.032
2026-01-01 18:25:50,Parked,Parked,100,0,64.988,0,-0.08,395,25,-0.032
2026-01-01 18:26:00,Parked,Parked,100,0,64.988,0,-0.08,395,25,-0.032
2026-01-01 18:26:10,Parked,Parked,100,0,64.988,0,-0.08,395,25,-0.032
2026-01-01 18:26:20,Parked,Parked,100,0,64.987,0,-0.08,395,25,-0.032
2026-01-01 18:26:30,Parked,Parked,100,0,64.987,0,-0.08,395,25,-0.032
2026-01-01 18:26:40,Parked,Parked,100,0,64.987,0,-0.08,395,25,-0.032
2026-01-01 18:26:50,Parked,Parked,100,0,64.987,0,-0.08,395,25,-0.032
2026-01-01 18:27:00,Parked,Parked,100,0,64.987,0,-0.08,395,25,-0.032
2026-01-01 18:27:10,Parked,Parked,100,0,64.986,0,-0.08,395,25,-0.032
2026-01-01 18:27:20,Parked,Parked,100,0,64.986,0,-0.08,395,25,-0.032
2026-01-01 18:27:30,Parked,Parked,100,0,64.986,0,-0.08,395,25,-0.032
2026-01-01 18:27:40,Parked,Parked,100,0,64.986,0,-0.08,395,25,-0.032
2026-01-01 18:27:50,Parked,Parked,100,0,64.986,0,-0.08,395,25,-0.032
2026-01-01 18:28:00,Parked,Parked,100,0,64.986,0,-0.08,395,25,-0.032
2026-01-01 18:28:10,Parked,Parked,100,0,64.985,0,-0.08,395,25,-0.032
2026-01-01 18:28:20,Parked,Parked,100,0,64.985,0,-0.08,395,25,-0.032
2026-01-01 18:28:30,Parked,Parked,100,0,64.985,0,-0.08,395,25,-0.032
2026-01-01 18:28:40,Parked,Parked,100,0,64.985,0,-0.08,395,25,-0.032
2026-01-01 18:28:50,Parked,Parked,100,0,64.985,0,-0.08,395,25,-0.032
2026-01-01 18:29:00,Parked,Parked,100,0,64.984,0,-0.08,395,25,-0.032
2026-01-01 18:29:10,Parked,Parked,100,0,64.984,0,-0.08,395,25,-0.032
2026-01-01 18:29:20,Parked,Parked,100,0,64.984,0,-0.08,395,25,-0.032
2026-01-01 18:29:30,Parked,Parked,100,0,64.984,0,-0.08,395,25,-0.032
2026-01-01 18:29:40,Parked,Parked,100,0,64.984,0,-0.08,395,25,-0.032
2026-01-01 18:29:50,Parked,Parked,100,0,64.983,0,-0.08,395,25,-0.032
2026-01-01 18:30:00,Parked,Parked,100,0,64.983,0,-0.08,395,25,-0.032
2026-01-01 18:30:10,Parked,Parked,100,0,64.983,0,-0.08,395,25,-0.032
2026-01-01 18:30:20,Parked,Parked,100,0,64.983,0,-0.08,395,25,-0.032
2026-01-01 18:30:30,Parked,Parked,100,0,64.983,0,-0.08,395,25,-0.032
2026-01-01 18:30:40,Parked,Parked,100,0,64.983,0,-0.08,395,25,-0.032
2026-01-01 18:30:50,Parked,Parked,100,0,64.982,0,-0.08,395,25,-0.032
2026-01-01 18:31:00,Parked,Parked,100,0,64.982,0,-0.08,395,25,-0.032
2026-01-01 18:31:10,Parked,Parked,100,0,64.982,0,-0.08,395,25,-0.032
2026-01-01 18:31:20,Parked,Parked,100,0,64.982,0,-0.08,395,25,-0.032
2026-01-01 18:31:30,Parked,Parked,100,0,64.982,0,-0.08,395,25,-0.032
2026-01-01 18:31:40,Parked,Parked,100,0,64.981,0,-0.08,395,25,-0.032
2026-01-01 18:31:50,Parked,Parked,100,0,64.981,0,-0.08,395,25,-0.032
2026-01-01 18:32:00,Parked,Parked,100,0,64.981,0,-0.08,395,25,-0.032
2026-01-01 18:32:10,Parked,Parked,100,0,64.981,0,-0.08,395,25,-0.032
2026-01-01 18:32:20,Parked,Parked,100,0,64.981,0,-0.08,395,25,-0.032
2026-01-01 18:32:30,Parked,Parked,100,0,64.98,0,-0.08,395,25,-0.032
2026-01-01 18:32:40,Parked,Parked,100,0,64.98,0,-0.08,395,25,-0.032
2026-01-01 18:32:50,Parked,Parked,100,0,64.98,0,-0.08,395,25,-0.032
2026-01-01 18:33:00,Parked,Parked,100,0,64.98,0,-0.08,395,25,-0.032
2026-01-01 18:33:10,Parked,Parked,100,0,64.98,0,-0.08,395,25,-0.032
2026-01-01 18:33:20,Parked,Parked,100,0,64.98,0,-0.08,395,25,-0.032
2026-01-01 18:33:30,Parked,Parked,100,0,64.979,0,-0.08,395,25,-0.032
2026-01-01 18:33:40,Parked,Parked,100,0,64.979,0,-0.08,395,25,-0.032
2026-01-01 18:33:50,Parked,Parked,100,0,64.979,0,-0.08,395,25,-0.032
2026-01-01 18:34:00,Parked,Parked,100,0,64.979,0,-0.08,395,25,-0.032
2026-01-01 18:34:10,Parked,Parked,100,0,64.979,0,-0.08,395,25,-0.032
2026-01-01 18:34:20,Parked,Parked,100,0,64.978,0,-0.08,395,25,-0.032
2026-01-01 18:34:30,Parked,Parked,100,0,64.978,0,-0.08,395,25,-0.032
2026-01-01 18:34:40,Parked,Parked,100,0,64.978,0,-0.08,395,25,-0.032
2026-01-01 18:34:50,Parked,Parked,100,0,64.978,0,-0.08,395,25,-0.032
2026-01-01 18:35:00,Parked,Parked,100,0,64.978,0,-0.08,395,25,-0.032
2026-01-01 18:35:10,Parked,Parked,100,0,64.978,0,-0.08,395,25,-0.032
2026-01-01 18:35:20,Parked,Parked,100,0,64.977,0,-0.08,395,25,-0.032
2026-01-01 18:35:30,Parked,Parked,100,0,64.977,0,-0.08,395,25,-0.032
2026-01-01 18:35:40,Parked,Parked,100,0,64.977,0,-0.08,395,25,-0.032
2026-01-01 18:35:50,Parked,Parked,100,0,64.977,0,-0.08,395,25,-0.032
2026-01-01 18:36:00,Parked,Parked,100,0,64.977,0,-0.08,395,25,-0.032
2026-01-01 18:36:10,Parked,Parked,100,0,64.976,0,-0.08,395,25,-0.032
2026-01-01 18:36:20,Parked,Parked,100,0,64.976,0,-0.08,395,25,-0.032
2026-01-01 18:36:30,Parked,Parked,100,0,64.976,0,-0.08,395,25,-0.032
2026-01-01 18:36:40,Parked,Parked,100,0,64.976,0,-0.08,395,25,-0.032
2026-01-01 18:36:50,Parked,Parked,100,0,64.976,0,-0.08,395,25,-0.032
2026-01-01 18:37:00,Parked,Parked,100,0,64.975,0,-0.08,395,25,-0.032
2026-01-01 18:37:10,Parked,Parked,100,0,64.975,0,-0.08,395,25,-0.032
2026-01-01 18:37:20,Parked,Parked,100,0,64.975,0,-0.08,395,25,-0.032
2026-01-01 18:37:30,Parked,Parked,100,0,64.975,0,-0.08,395,25,-0.032
2026-01-01 18:37:40,Parked,Parked,100,0,64.975,0,-0.08,395,25,-0.032
2026-01-01 18:37:50,Parked,Parked,100,0,64.975,0,-0.08,395,25,-0.032
2026-01-01 18:38:00,Parked,Parked,100,0,64.974,0,-0.08,395,25,-0.032
2026-01-01 18:38:10,Parked,Parked,100,0,64.974,0,-0.08,395,25,-0.032
2026-01-01 18:38:20,Parked,Parked,100,0,64.974,0,-0.08,395,25,-0.032
2026-01-01 18:38:30,Parked,Parked,100,0,64.974,0,-0.08,395,25,-0.032
2026-01-01 18:38:40,Parked,Parked,100,0,64.974,0,-0.08,395,25,-0.032
2026-01-01 18:38:50,Parked,Parked,100,0,64.973,0,-0.08,395,25,-0.032
2026-01-01 18:39:00,Parked,Parked,100,0,64.973,0,-0.08,395,25,-0.032
2026-01-01 18:39:10,Parked,Parked,100,0,64.973,0,-0.08,395,25,-0.032
2026-01-01 18:39:20,Parked,Parked,100,0,64.973,0,-0.08,395,25,-0.032
2026-01-01 18:39:30,Parked,Parked,100,0,64.973,0,-0.08,395,25,-0.032
2026-01-01 18:39:40,Parked,Parked,100,0,64.972,0,-0.08,395,25,-0.032
2026-01-01 18:39:50,Parked,Parked,100,0,64.972,0,-0.08,395,25,-0.032
2026-01-01 18:40:00,Parked,Parked,100,0,64.972,0,-0.08,395,25,-0.032
2026-01-01 18:40:10,Parked,Parked,100,0,64.972,0,-0.08,395,25,-0.032
2026-01-01 18:40:20,Parked,Parked,100,0,64.972,0,-0.08,395,25,-0.032
2026-01-01 18:40:30,Parked,Parked,100,0,64.972,0,-0.08,395,25,-0.032
2026-01-01 18:40:40,Parked,Parked,100,0,64.971,0,-0.08,395,25,-0.032
2026-01-01 18:40:50,Parked,Parked,100,0,64.971,0,-0.08,395,25,-0.032
2026-01-01 18:41:00,Parked,Parked,100,0,64.971,0,-0.08,395,25,-0.032
2026-01-01 18:41:10,Parked,Parked,100,0,64.971,0,-0.08,395,25,-0.032
2026-01-01 18:41:20,Parked,Parked,100,0,64.971,0,-0.08,395,25,-0.032
2026-01-01 18:41:30,Parked,Parked,100,0,64.97,0,-0.08,395,25,-0.032
2026-01-01 18:41:40,Parked,Parked,100,0,64.97,0,-0.08,395,25,-0.032
2026-01-01 18:41:50,Parked,Parked,100,0,64.97,0,-0.08,395,25,-0.032
2026-01-01 18:42:00,Parked,Parked,100,0,64.97,0,-0.08,395,25,-0.032
2026-01-01 18:42:10,Parked,Parked,100,0,64.97,0,-0.08,395,25,-0.032
2026-01-01 18:42:20,Parked,Parked,100,0,64.97,0,-0.08,395,25,-0.032
2026-01-01 18:42:30,Parked,Parked,100,0,64.969,0,-0.08,395,25,-0.032
2026-01-01 18:42:40,Parked,Parked,100,0,64.969,0,-0.08,395,25,-0.032
2026-01-01 18:42:50,Parked,Parked,100,0,64.969,0,-0.08,395,25,-0.032
2026-01-01 18:43:00,Parked,Parked,100,0,64.969,0,-0.08,395,25,-0.032
2026-01-01 18:43:10,Parked,Parked,100,0,64.969,0,-0.08,395,25,-0.032
2026-01-01 18:43:20,Parked,Parked,100,0,64.968,0,-0.08,395,25,-0.032
2026-01-01 18:43:30,Parked,Parked,100,0,64.968,0,-0.08,395,25,-0.032
2026-01-01 18:43:40,Parked,Parked,100,0,64.968,0,-0.08,395,25,-0.032
2026-01-01 18:43:50,Parked,Parked,100,0,64.968,0,-0.08,395,25,-0.032
2026-01-01 18:44:00,Parked,Parked,100,0,64.968,0,-0.08,395,25,-0.032
2026-01-01 18:44:10,Parked,Parked,100,0,64.967,0,-0.08,395,25,-0.032
2026-01-01 18:44:20,Parked,Parked,100,0,64.967,0,-0.08,395,25,-0.032
2026-01-01 18:44:30,Parked,Parked,100,0,64.967,0,-0.08,395,25,-0.032
2026-01-01 18:44:40,Parked,Parked,100,0,64.967,0,-0.08,395,25,-0.032
2026-01-01 18:44:50,Parked,Parked,100,0,64.967,0,-0.08,395,25,-0.032
2026-01-01 18:45:00,Parked,Parked,100,0,64.967,0,-0.08,395,25,-0.032
2026-01-01 18:45:10,Parked,Parked,100,0,64.966,0,-0.08,395,25,-0.032
2026-01-01 18:45:20,Parked,Parked,100,0,64.966,0,-0.08,395,25,-0.032
2026-01-01 18:45:30,Parked,Parked,100,0,64.966,0,-0.08,395,25,-0.032
2026-01-01 18:45:40,Parked,Parked,100,0,64.966,0,-0.08,395,25,-0.032
2026-01-01 18:45:50,Parked,Parked,100,0,64.966,0,-0.08,395,25,-0.032
2026-01-01 18:46:00,Parked,Parked,100,0,64.965,0,-0.08,395,25,-0.032
2026-01-01 18:46:10,Parked,Parked,100,0,64.965,0,-0.08,395,25,-0.032
2026-01-01 18:46:20,Parked,Parked,100,0,64.965,0,-0.08,395,25,-0.032
2026-01-01 18:46:30,Parked,Parked,100,0,64.965,0,-0.08,395,25,-0.032
2026-01-01 18:46:40,Parked,Parked,100,0,64.965,0,-0.08,395,25,-0.032
2026-01-01 18:46:50,Parked,Parked,100,0,64.964,0,-0.08,395,25,-0.032
2026-01-01 18:47:00,Parked,Parked,100,0,64.964,0,-0.08,395,25,-0.032
2026-01-01 18:47:10,Parked,Parked,100,0,64.964,0,-0.08,395,25,-0.032
2026-01-01 18:47:20,Parked,Parked,100,0,64.964,0,-0.08,395,25,-0.032
2026-01-01 18:47:30,Parked,Parked,100,0,64.964,0,-0.08,395,25,-0.032
2026-01-01 18:47:40,Parked,Parked,100,0,64.964,0,-0.08,395,25,-0.032
2026-01-01 18:47:50,Parked,Parked,100,0,64.963,0,-0.08,395,25,-0.032
2026-01-01 18:48:00,Parked,Parked,100,0,64.963,0,-0.08,395,25,-0.032
2026-01-01 18:48:10,Parked,Parked,100,0,64.963,0,-0.08,395,25,-0.032
2026-01-01 18:48:20,Parked,Parked,100,0,64.963,0,-0.08,395,25,-0.032
2026-01-01 18:48:30,Parked,Parked,100,0,64.963,0,-0.08,395,25,-0.032
2026-01-01 18:48:40,Parked,Parked,100,0,64.962,0,-0.08,395,25,-0.032
2026-01-01 18:48:50,Parked,Parked,100,0,64.962,0,-0.08,395,25,-0.032
2026-01-01 18:49:00,Parked,Parked,100,0,64.962,0,-0.08,395,25,-0.032
2026-01-01 18:49:10,Parked,Parked,100,0,64.962,0,-0.08,395,25,-0.032
2026-01-01 18:49:20,Parked,Parked,100,0,64.962,0,-0.08,395,25,-0.032
2026-01-01 18:49:30,Parked,Parked,100,0,64.962,0,-0.08,395,25,-0.032
2026-01-01 18:49:40,Parked,Parked,100,0,64.961,0,-0.08,395,25,-0.032
2026-01-01 18:49:50,Parked,Parked,100,0,64.961,0,-0.08,395,25,-0.032
2026-01-01 18:50:00,Parked,Parked,100,0,64.961,0,-0.08,395,25,-0.032
2026-01-01 18:50:10,Parked,Parked,100,0,64.961,0,-0.08,395,25,-0.032
2026-01-01 18:50:20,Parked,Parked,100,0,64.961,0,-0.08,395,25,-0.032
2026-01-01 18:50:30,Parked,Parked,100,0,64.96,0,-0.08,395,25,-0.032
2026-01-01 18:50:40,Parked,Parked,100,0,64.96,0,-0.08,395,25,-0.032
2026-01-01 18:50:50,Parked,Parked,100,0,64.96,0,-0.08,395,25,-0.032
2026-01-01 18:51:00,Parked,Parked,100,0,64.96,0,-0.08,395,25,-0.032
2026-01-01 18:51:10,Parked,Parked,100,0,64.96,0,-0.08,395,25,-0.032
2026-01-01 18:51:20,Parked,Parked,100,0,64.959,0,-0.08,395,25,-0.032
2026-01-01 18:51:30,Parked,Parked,100,0,64.959,0,-0.08,395,25,-0.032
2026-01-01 18:51:40,Parked,Parked,100,0,64.959,0,-0.08,395,25,-0.032
2026-01-01 18:51:50,Parked,Parked,100,0,64.959,0,-0.08,395,25,-0.032
2026-01-01 18:52:00,Parked,Parked,100,0,64.959,0,-0.08,395,25,-0.032
2026-01-01 18:52:10,Parked,Parked,100,0,64.959,0,-0.08,395,25,-0.032
2026-01-01 18:52:20,Parked,Parked,100,0,64.958,0,-0.08,395,25,-0.032
2026-01-01 18:52:30,Parked,Parked,100,0,64.958,0,-0.08,395,25,-0.032
2026-01-01 18:52:40,Parked,Parked,100,0,64.958,0,-0.08,395,25,-0.032
2026-01-01 18:52:50,Parked,Parked,100,0,64.958,0,-0.08,395,25,-0.032
2026-01-01 18:53:00,Parked,Parked,100,0,64.958,0,-0.08,395,25,-0.032
2026-01-01 18:53:10,Parked,Parked,100,0,64.957,0,-0.08,395,25,-0.032
2026-01-01 18:53:20,Parked,Parked,100,0,64.957,0,-0.08,395,25,-0.032
2026-01-01 18:53:30,Parked,Parked,100,0,64.957,0,-0.08,395,25,-0.032
2026-01-01 18:53:40,Parked,Parked,100,0,64.957,0,-0.08,395,25,-0.032
2026-01-01 18:53:50,Parked,Parked,100,0,64.957,0,-0.08,395,25,-0.032
2026-01-01 18:54:00,Parked,Parked,100,0,64.957,0,-0.08,395,25,-0.032
2026-01-01 18:54:10,Parked,Parked,100,0,64.956,0,-0.08,395,25,-0.032
2026-01-01 18:54:20,Parked,Parked,100,0,64.956,0,-0.08,395,25,-0.032
2026-01-01 18:54:30,Parked,Parked,100,0,64.956,0,-0.08,395,25,-0.032
2026-01-01 18:54:40,Parked,Parked,100,0,64.956,0,-0.08,395,25,-0.032
2026-01-01 18:54:50,Parked,Parked,100,0,64.956,0,-0.08,395,25,-0.032
2026-01-01 18:55:00,Parked,Parked,100,0,64.955,0,-0.08,395,25,-0.032
2026-01-01 18:55:10,Parked,Parked,100,0,64.955,0,-0.08,395,25,-0.032
2026-01-01 18:55:20,Parked,Parked,100,0,64.955,0,-0.08,395,25,-0.032
2026-01-01 18:55:30,Parked,Parked,100,0,64.955,0,-0.08,395,25,-0.032
2026-01-01 18:55:40,Parked,Parked,100,0,64.955,0,-0.08,395,25,-0.032
2026-01-01 18:55:50,Parked,Parked,100,0,64.954,0,-0.08,395,25,-0.032
2026-01-01 18:56:00,Parked,Parked,100,0,64.954,0,-0.08,395,25,-0.032
2026-01-01 18:56:10,Parked,Parked,100,0,64.954,0,-0.08,395,25,-0.032
2026-01-01 18:56:20,Parked,Parked,100,0,64.954,0,-0.08,395,25,-0.032
2026-01-01 18:56:30,Parked,Parked,100,0,64.954,0,-0.08,395,25,-0.032
2026-01-01 18:56:40,Parked,Parked,100,0,64.954,0,-0.08,395,25,-0.032
2026-01-01 18:56:50,Parked,Parked,100,0,64.953,0,-0.08,395,25,-0.032
2026-01-01 18:57:00,Parked,Parked,100,0,64.953,0,-0.08,395,25,-0.032
2026-01-01 18:57:10,Parked,Parked,100,0,64.953,0,-0.08,395,25,-0.032
2026-01-01 18:57:20,Parked,Parked,100,0,64.953,0,-0.08,395,25,-0.032
2026-01-01 18:57:30,Parked,Parked,100,0,64.953,0,-0.08,395,25,-0.032
2026-01-01 18:57:40,Parked,Parked,100,0,64.952,0,-0.08,395,25,-0.032
2026-01-01 18:57:50,Parked,Parked,100,0,64.952,0,-0.08,395,25,-0.032
2026-01-01 18:58:00,Parked,Parked,100,0,64.952,0,-0.08,395,25,-0.032
2026-01-01 18:58:10,Parked,Parked,100,0,64.952,0,-0.08,395,25,-0.032
2026-01-01 18:58:20,Parked,Parked,100,0,64.952,0,-0.08,395,25,-0.032
2026-01-01 18:58:30,Parked,Parked,100,0,64.951,0,-0.08,395,25,-0.032
2026-01-01 18:58:40,Parked,Parked,100,0,64.951,0,-0.08,395,25,-0.032
2026-01-01 18:58:50,Parked,Parked,100,0,64.951,0,-0.08,395,25,-0.032
2026-01-01 18:59:00,Parked,Parked,100,0,64.951,0,-0.08,395,25,-0.032
2026-01-01 18:59:10,Parked,Parked,100,0,64.951,0,-0.08,395,25,-0.032
2026-01-01 18:59:20,Parked,Parked,100,0,64.951,0,-0.08,395,25,-0.032
2026-01-01 18:59:30,Parked,Parked,100,0,64.95,0,-0.08,395,25,-0.032
2026-01-01 18:59:40,Parked,Parked,100,0,64.95,0,-0.08,395,25,-0.032
2026-01-01 18:59:50,Parked,Parked,100,0,64.95,0,-0.08,395,25,-0.032
2026-01-01 19:00:00,Charging,Charging,100,0,64.95,0,22,370,25,8.14
2026-01-01 19:00:10,Charging,Charging,100,0,64.983,0,22,370.03,25,8.141
2026-01-01 19:00:20,Charging,Charging,100,0,65.017,0,22,370.07,25,8.142
2026-01-01 19:00:30,Charging,Charging,100,0,65.05,0,22,370.1,25,8.142
2026-01-01 19:00:40,Charging,Charging,100,0,65.084,0,22,370.13,25,8.143
2026-01-01 19:00:50,Charging,Charging,100,0,65.117,0,22,370.17,25,8.144
2026-01-01 19:01:00,Charging,Charging,100,0,65.151,0,22,370.2,25,8.144
2026-01-01 19:01:10,Charging,Charging,100,0,65.184,0,22,370.23,25,8.145
2026-01-01 19:01:20,Charging,Charging,100,0,65.217,0,22,370.27,25,8.146
2026-01-01 19:01:30,Charging,Charging,100,0,65.251,0,22,370.3,25,8.147
2026-01-01 19:01:40,Charging,Charging,100,0,65.284,0,22,370.33,25,8.147
2026-01-01 19:01:50,Charging,Charging,100,0,65.318,0,22,370.37,25,8.148
2026-01-01 19:02:00,Charging,Charging,100,0,65.351,0,22,370.4,25,8.149
2026-01-01 19:02:10,Charging,Charging,100,0,65.385,0,22,370.43,25,8.149
2026-01-01 19:02:20,Charging,Charging,100,0,65.418,0,22,370.47,25,8.15
2026-01-01 19:02:30,Charging,Charging,100,0,65.451,0,22,370.5,25,8.151
2026-01-01 19:02:40,Charging,Charging,100,0,65.485,0,22,370.53,25,8.152
2026-01-01 19:02:50,Charging,Charging,100,0,65.518,0,22,370.57,25,8.153
2026-01-01 19:03:00,Charging,Charging,100,0,65.552,0,22,370.6,25,8.153
2026-01-01 19:03:10,Charging,Charging,100,0,65.585,0,22,370.63,25,8.154
2026-01-01 19:03:20,Charging,Charging,100,0,65.619,0,22,370.67,25,8.155
2026-01-01 19:03:30,Charging,Charging,100,0,65.652,0,22,370.7,25,8.155
2026-01-01 19:03:40,Charging,Charging,100,0,65.685,0,22,370.73,25,8.156
2026-01-01 19:03:50,Charging,Charging,100,0,65.719,0,22,370.77,25,8.157
2026-01-01 19:04:00,Charging,Charging,100,0,65.752,0,22,370.8,25,8.158
2026-01-01 19:04:10,Charging,Charging,100,0,65.786,0,22,370.83,25,8.158
2026-01-01 19:04:20,Charging,Charging,100,0,65.819,0,22,370.87,25,8.159
2026-01-01 19:04:30,Charging,Charging,100,0,65.853,0,22,370.9,25,8.16
2026-01-01 19:04:40,Charging,Charging,100,0,65.886,0,22,370.93,25,8.16
2026-01-01 19:04:50,Charging,Charging,100,0,65.919,0,22,370.97,25,8.161
2026-01-01 19:05:00,Charging,Charging,100,0,65.953,0,22,371,25,8.162
2026-01-01 19:05:10,Charging,Charging,100,0,65.986,0,22,371.03,25,8.163
2026-01-01 19:05:20,Charging,Charging,100,0,66.02,0,22,371.07,25,8.164
2026-01-01 19:05:30,Charging,Charging,100,0,66.053,0,22,371.1,25,8.164
2026-01-01 19:05:40,Charging,Charging,100,0,66.086,0,22,371.13,25,8.165
2026-01-01 19:05:50,Charging,Charging,100,0,66.12,0,22,371.17,25,8.166
2026-01-01 19:06:00,Charging,Charging,100,0,66.153,0,22,371.2,25,8.166
2026-01-01 19:06:10,Charging,Charging,100,0,66.187,0,22,371.23,25,8.167
2026-01-01 19:06:20,Charging,Charging,100,0,66.22,0,22,371.27,25,8.168
2026-01-01 19:06:30,Charging,Charging,100,0,66.254,0,22,371.3,25,8.169
2026-01-01 19:06:40,Charging,Charging,100,0,66.287,0,22,371.33,25,8.169
2026-01-01 19:06:50,Charging,Charging,100,0,66.32,0,22,371.37,25,8.17
2026-01-01 19:07:00,Charging,Charging,100,0,66.354,0,22,371.4,25,8.171
2026-01-01 19:07:10,Charging,Charging,100,0,66.387,0,22,371.43,25,8.171
2026-01-01 19:07:20,Charging,Charging,100,0,66.421,0,22,371.47,25,8.172
2026-01-01 19:07:30,Charging,Charging,100,0,66.454,0,22,371.5,25,8.173
2026-01-01 19:07:40,Charging,Charging,100,0,66.488,0,22,371.54,25,8.174
2026-01-01 19:07:50,Charging,Charging,100,0,66.521,0,22,371.57,25,8.175
2026-01-01 19:08:00,Charging,Charging,100,0,66.554,0,22,371.6,25,8.175
2026-01-01 19:08:10,Charging,Charging,100,0,66.588,0,22,371.64,25,8.176
2026-01-01 19:08:20,Charging,Charging,100,0,66.621,0,22,371.67,25,8.177
2026-01-01 19:08:30,Charging,Charging,100,0,66.655,0,22,371.7,25,8.177
2026-01-01 19:08:40,Charging,Charging,100,0,66.688,0,22,371.74,25,8.178
2026-01-01 19:08:50,Charging,Charging,100,0,66.722,0,22,371.77,25,8.179
2026-01-01 19:09:00,Charging,Charging,100,0,66.755,0,22,371.8,25,8.18
2026-01-01 19:09:10,Charging,Charging,100,0,66.788,0,22,371.84,25,8.18
2026-01-01 19:09:20,Charging,Charging,100,0,66.822,0,22,371.87,25,8.181
2026-01-01 19:09:30,Charging,Charging,100,0,66.855,0,22,371.9,25,8.182
2026-01-01 19:09:40,Charging,Charging,100,0,66.889,0,22,371.94,25,8.183
2026-01-01 19:09:50,Charging,Charging,100,0,66.922,0,22,371.97,25,8.183
2026-01-01 19:10:00,Charging,Charging,100,0,66.956,0,22,372,25,8.184
2026-01-01 19:10:10,Charging,Charging,100,0,66.989,0,22,372.04,25,8.185
2026-01-01 19:10:20,Charging,Charging,100,0,67.022,0,22,372.07,25,8.186
2026-01-01 19:10:30,Charging,Charging,100,0,67.056,0,22,372.1,25,8.186
2026-01-01 19:10:40,Charging,Charging,100,0,67.089,0,22,372.14,25,8.187
2026-01-01 19:10:50,Charging,Charging,100,0,67.123,0,22,372.17,25,8.188
2026-01-01 19:11:00,Charging,Charging,100,0,67.156,0,22,372.2,25,8.188
2026-01-01 19:11:10,Charging,Charging,100,0,67.19,0,22,372.24,25,8.189
2026-01-01 19:11:20,Charging,Charging,100,0,67.223,0,22,372.27,25,8.19
2026-01-01 19:11:30,Charging,Charging,100,0,67.256,0,22,372.3,25,8.191
2026-01-01 19:11:40,Charging,Charging,100,0,67.29,0,22,372.34,25,8.191
2026-01-01 19:11:50,Charging,Charging,100,0,67.323,0,22,372.37,25,8.192
2026-01-01 19:12:00,Charging,Charging,100,0,67.357,0,22,372.4,25,8.193
2026-01-01 19:12:10,Charging,Charging,100,0,67.39,0,22,372.44,25,8.194
2026-01-01 19:12:20,Charging,Charging,100,0,67.424,0,22,372.47,25,8.194
2026-01-01 19:12:30,Charging,Charging,100,0,67.457,0,22,372.5,25,8.195
2026-01-01 19:12:40,Charging,Charging,100,0,67.49,0,22,372.54,25,8.196
2026-01-01 19:12:50,Charging,Charging,100,0,67.524,0,22,372.57,25,8.197
2026-01-01 19:13:00,Charging,Charging,100,0,67.557,0,22,372.6,25,8.197
2026-01-01 19:13:10,Charging,Charging,100,0,67.591,0,22,372.64,25,8.198
2026-01-01 19:13:20,Charging,Charging,100,0,67.624,0,22,372.67,25,8.199
2026-01-01 19:13:30,Charging,Charging,100,0,67.658,0,22,372.7,25,8.199
2026-01-01 19:13:40,Charging,Charging,100,0,67.691,0,22,372.74,25,8.2
2026-01-01 19:13:50,Charging,Charging,100,0,67.724,0,22,372.77,25,8.201
2026-01-01 19:14:00,Charging,Charging,100,0,67.758,0,22,372.8,25,8.202
2026-01-01 19:14:10,Charging,Charging,100,0,67.791,0,22,372.84,25,8.202
2026-01-01 19:14:20,Charging,Charging,100,0,67.825,0,22,372.87,25,8.203
2026-01-01 19:14:30,Charging,Charging,100,0,67.858,0,22,372.9,25,8.204
2026-01-01 19:14:40,Charging,Charging,100,0,67.891,0,22,372.94,25,8.205
2026-01-01 19:14:50,Charging,Charging,100,0,67.925,0,22,372.97,25,8.205
2026-01-01 19:15:00,Charging,Charging,100,0,67.958,0,22,373,25,8.206
2026-01-01 19:15:10,Charging,Charging,100,0,67.992,0,22,373.04,25,8.207
2026-01-01 19:15:20,Charging,Charging,100,0,68.025,0,22,373.07,25,8.208
2026-01-01 19:15:30,Charging,Charging,100,0,68.059,0,22,373.1,25,8.208
2026-01-01 19:15:40,Charging,Charging,100,0,68.092,0,22,373.14,25,8.209
2026-01-01 19:15:50,Charging,Charging,100,0,68.125,0,22,373.17,25,8.21
2026-01-01 19:16:00,Charging,Charging,100,0,68.159,0,22,373.2,25,8.21
2026-01-01 19:16:10,Charging,Charging,100,0,68.192,0,22,373.24,25,8.211
2026-01-01 19:16:20,Charging,Charging,100,0,68.226,0,22,373.27,25,8.212
2026-01-01 19:16:30,Charging,Charging,100,0,68.259,0,22,373.3,25,8.213
2026-01-01 19:16:40,Charging,Charging,100,0,68.293,0,22,373.34,25,8.213
2026-01-01 19:16:50,Charging,Charging,100,0,68.326,0,22,373.37,25,8.214
2026-01-01 19:17:00,Charging,Charging,100,0,68.359,0,22,373.4,25,8.215
2026-01-01 19:17:10,Charging,Charging,100,0,68.393,0,22,373.44,25,8.216
2026-01-01 19:17:20,Charging,Charging,100,0,68.426,0,22,373.47,25,8.216
2026-01-01 19:17:30,Charging,Charging,100,0,68.46,0,22,373.5,25,8.217
2026-01-01 19:17:40,Charging,Charging,100,0,68.493,0,22,373.54,25,8.218
2026-01-01 19:17:50,Charging,Charging,100,0,68.527,0,22,373.57,25,8.219
2026-01-01 19:18:00,Charging,Charging,100,0,68.56,0,22,373.6,25,8.219
2026-01-01 19:18:10,Charging,Charging,100,0,68.593,0,22,373.64,25,8.22
2026-01-01 19:18:20,Charging,Charging,100,0,68.627,0,22,373.67,25,8.221
2026-01-01 19:18:30,Charging,Charging,100,0,68.66,0,22,373.7,25,8.221
2026-01-01 19:18:40,Charging,Charging,100,0,68.694,0,22,373.74,25,8.222
2026-01-01 19:18:50,Charging,Charging,100,0,68.727,0,22,373.77,25,8.223
2026-01-01 19:19:00,Charging,Charging,100,0,68.761,0,22,373.8,25,8.224
2026-01-01 19:19:10,Charging,Charging,100,0,68.794,0,22,373.84,25,8.224
2026-01-01 19:19:20,Charging,Charging,100,0,68.827,0,22,373.87,25,8.225
2026-01-01 19:19:30,Charging,Charging,100,0,68.861,0,22,373.9,25,8.226
2026-01-01 19:19:40,Charging,Charging,100,0,68.894,0,22,373.94,25,8.227
2026-01-01 19:19:50,Charging,Charging,100,0,68.928,0,22,373.97,25,8.227
2026-01-01 19:20:00,Charging,Charging,100,0,68.961,0,22,374,25,8.228
2026-01-01 19:20:10,Charging,Charging,100,0,68.995,0,22,374.04,25,8.229
2026-01-01 19:20:20,Charging,Charging,100,0,69.028,0,22,374.07,25,8.23
2026-01-01 19:20:30,Charging,Charging,100,0,69.061,0,22,374.1,25,8.23
2026-01-01 19:20:40,Charging,Charging,100,0,69.095,0,22,374.14,25,8.231
2026-01-01 19:20:50,Charging,Charging,100,0,69.128,0,22,374.17,25,8.232
2026-01-01 19:21:00,Charging,Charging,100,0,69.162,0,22,374.2,25,8.232
2026-01-01 19:21:10,Charging,Charging,100,0,69.195,0,22,374.24,25,8.233
2026-01-01 19:21:20,Charging,Charging,100,0,69.229,0,22,374.27,25,8.234
2026-01-01 19:21:30,Charging,Charging,100,0,69.262,0,22,374.3,25,8.235
2026-01-01 19:21:40,Charging,Charging,100,0,69.295,0,22,374.34,25,8.235
2026-01-01 19:21:50,Charging,Charging,100,0,69.329,0,22,374.37,25,8.236
2026-01-01 19:22:00,Charging,Charging,100,0,69.362,0,22,374.4,25,8.237
2026-01-01 19:22:10,Charging,Charging,100,0,69.396,0,22,374.44,25,8.238
2026-01-01 19:22:20,Charging,Charging,100,0,69.429,0,22,374.47,25,8.238
2026-01-01 19:22:30,Charging,Charging,100,0,69.463,0,22,374.51,25,8.239
2026-01-01 19:22:40,Charging,Charging,100,0,69.496,0,22,374.54,25,8.24
2026-01-01 19:22:50,Charging,Charging,100,0,69.529,0,22,374.57,25,8.241
2026-01-01 19:23:00,Charging,Charging,100,0,69.563,0,22,374.61,25,8.241
2026-01-01 19:23:10,Charging,Charging,100,0,69.596,0,22,374.64,25,8.242
2026-01-01 19:23:20,Charging,Charging,100,0,69.63,0,22,374.67,25,8.243
2026-01-01 19:23:30,Charging,Charging,100,0,69.663,0,22,374.71,25,8.244
2026-01-01 19:23:40,Charging,Charging,100,0,69.696,0,22,374.74,25,8.244
2026-01-01 19:23:50,Charging,Charging,100,0,69.73,0,22,374.77,25,8.245
2026-01-01 19:24:00,Charging,Charging,100,0,69.763,0,22,374.81,25,8.246
2026-01-01 19:24:10,Charging,Charging,100,0,69.797,0,22,374.84,25,8.246
2026-01-01 19:24:20,Charging,Charging,100,0,69.83,0,22,374.87,25,8.247
2026-01-01 19:24:30,Charging,Charging,100,0,69.864,0,22,374.91,25,8.248
2026-01-01 19:24:40,Charging,Charging,100,0,69.897,0,22,374.94,25,8.249
2026-01-01 19:24:50,Charging,Charging,100,0,69.93,0,22,374.97,25,8.249
2026-01-01 19:25:00,Charging,Charging,100,0,69.964,0,22,375.01,25,8.25
2026-01-01 19:25:10,Charging,Charging,100,0,69.997,0,22,375.04,25,8.251
2026-01-01 19:25:20,Charging,Charging,100,0,70.031,0,22,375.07,25,8.252
2026-01-01 19:25:30,Charging,Charging,100,0,70.064,0,22,375.11,25,8.252
2026-01-01 19:25:40,Charging,Charging,100,0,70.098,0,22,375.14,25,8.253
2026-01-01 19:25:50,Charging,Charging,100,0,70.131,0,22,375.17,25,8.254
2026-01-01 19:26:00,Charging,Charging,100,0,70.164,0,22,375.21,25,8.255
2026-01-01 19:26:10,Charging,Charging,100,0,70.198,0,22,375.24,25,8.255
2026-01-01 19:26:20,Charging,Charging,100,0,70.231,0,22,375.27,25,8.256
2026-01-01 19:26:30,Charging,Charging,100,0,70.265,0,22,375.31,25,8.257
2026-01-01 19:26:40,Charging,Charging,100,0,70.298,0,22,375.34,25,8.257
2026-01-01 19:26:50,Charging,Charging,100,0,70.332,0,22,375.37,25,8.258
2026-01-01 19:27:00,Charging,Charging,100,0,70.365,0,22,375.41,25,8.259
2026-01-01 19:27:10,Charging,Charging,100,0,70.398,0,22,375.44,25,8.26
2026-01-01 19:27:20,Charging,Charging,100,0,70.432,0,22,375.47,25,8.26
2026-01-01 19:27:30,Charging,Charging,100,0,70.465,0,22,375.51,25,8.261
2026-01-01 19:27:40,Charging,Charging,100,0,70.499,0,22,375.54,25,8.262
2026-01-01 19:27:50,Charging,Charging,100,0,70.532,0,22,375.57,25,8.263
2026-01-01 19:28:00,Charging,Charging,100,0,70.566,0,22,375.61,25,8.263
2026-01-01 19:28:10,Charging,Charging,100,0,70.599,0,22,375.64,25,8.264
2026-01-01 19:28:20,Charging,Charging,100,0,70.632,0,22,375.67,25,8.265
2026-01-01 19:28:30,Charging,Charging,100,0,70.666,0,22,375.71,25,8.266
2026-01-01 19:28:40,Charging,Charging,100,0,70.699,0,22,375.74,25,8.266
2026-01-01 19:28:50,Charging,Charging,100,0,70.733,0,22,375.77,25,8.267
2026-01-01 19:29:00,Charging,Charging,100,0,70.766,0,22,375.81,25,8.268
2026-01-01 19:29:10,Charging,Charging,100,0,70.8,0,22,375.84,25,8.268
2026-01-01 19:29:20,Charging,Charging,100,0,70.833,0,22,375.87,25,8.269
2026-01-01 19:29:30,Charging,Charging,100,0,70.866,0,22,375.91,25,8.27
2026-01-01 19:29:40,Charging,Charging,100,0,70.9,0,22,375.94,25,8.271
2026-01-01 19:29:50,Charging,Charging,100,0,70.933,0,22,375.97,25,8.271
2026-01-01 19:30:00,Charging,Charging,100,0,70.967,0,22,376.01,25,8.272
2026-01-01 19:30:10,Charging,Charging,100,0,71,0,22,376.04,25,8.273
2026-01-01 19:30:20,Charging,Charging,100,0,71.034,0,22,376.07,25,8.274
2026-01-01 19:30:30,Charging,Charging,100,0,71.067,0,22,376.11,25,8.274
2026-01-01 19:30:40,Charging,Charging,100,0,71.1,0,22,376.14,25,8.275
2026-01-01 19:30:50,Charging,Charging,100,0,71.134,0,22,376.17,25,8.276
2026-01-01 19:31:00,Charging,Charging,100,0,71.167,0,22,376.21,25,8.277
2026-01-01 19:31:10,Charging,Charging,100,0,71.201,0,22,376.24,25,8.277
2026-01-01 19:31:20,Charging,Charging,100,0,71.234,0,22,376.27,25,8.278
2026-01-01 19:31:30,Charging,Charging,100,0,71.268,0,22,376.31,25,8.279
2026-01-01 19:31:40,Charging,Charging,100,0,71.301,0,22,376.34,25,8.279
2026-01-01 19:31:50,Charging,Charging,100,0,71.334,0,22,376.37,25,8.28
2026-01-01 19:32:00,Charging,Charging,100,0,71.368,0,22,376.41,25,8.281
2026-01-01 19:32:10,Charging,Charging,100,0,71.401,0,22,376.44,25,8.282
2026-01-01 19:32:20,Charging,Charging,100,0,71.435,0,22,376.47,25,8.282
2026-01-01 19:32:30,Charging,Charging,100,0,71.468,0,22,376.51,25,8.283
2026-01-01 19:32:40,Charging,Charging,100,0,71.502,0,22,376.54,25,8.284
2026-01-01 19:32:50,Charging,Charging,100,0,71.535,0,22,376.57,25,8.285
2026-01-01 19:33:00,Charging,Charging,100,0,71.568,0,22,376.61,25,8.285
2026-01-01 19:33:10,Charging,Charging,100,0,71.602,0,22,376.64,25,8.286
2026-01-01 19:33:20,Charging,Charging,100,0,71.635,0,22,376.67,25,8.287
2026-01-01 19:33:30,Charging,Charging,100,0,71.669,0,22,376.71,25,8.288
2026-01-01 19:33:40,Charging,Charging,100,0,71.702,0,22,376.74,25,8.288
2026-01-01 19:33:50,Charging,Charging,100,0,71.735,0,22,376.77,25,8.289
2026-01-01 19:34:00,Charging,Charging,100,0,71.769,0,22,376.81,25,8.29
2026-01-01 19:34:10,Charging,Charging,100,0,71.802,0,22,376.84,25,8.29
2026-01-01 19:34:20,Charging,Charging,100,0,71.836,0,22,376.87,25,8.291
2026-01-01 19:34:30,Charging,Charging,100,0,71.869,0,22,376.91,25,8.292
2026-01-01 19:34:40,Charging,Charging,100,0,71.903,0,22,376.94,25,8.293
2026-01-01 19:34:50,Charging,Charging,100,0,71.936,0,22,376.97,25,8.293
2026-01-01 19:35:00,Charging,Charging,100,0,71.969,0,22,377.01,25,8.294
2026-01-01 19:35:10,Charging,Charging,100,0,72.003,0,22,377.04,25,8.295
2026-01-01 19:35:20,Charging,Charging,100,0,72.036,0,22,377.07,25,8.296
2026-01-01 19:35:30,Charging,Charging,100,0,72.07,0,22,377.11,25,8.296
2026-01-01 19:35:40,Charging,Charging,100,0,72.103,0,22,377.14,25,8.297
2026-01-01 19:35:50,Charging,Charging,100,0,72.137,0,22,377.17,25,8.298
2026-01-01 19:36:00,Charging,Charging,100,0,72.17,0,22,377.21,25,8.299
2026-01-01 19:36:10,Charging,Charging,100,0,72.203,0,22,377.24,25,8.299
2026-01-01 19:36:20,Charging,Charging,100,0,72.237,0,22,377.27,25,8.3
2026-01-01 19:36:30,Charging,Charging,100,0,72.27,0,22,377.31,25,8.301
2026-01-01 19:36:40,Charging,Charging,100,0,72.304,0,22,377.34,25,8.301
2026-01-01 19:36:50,Charging,Charging,100,0,72.337,0,22,377.37,25,8.302
2026-01-01 19:37:00,Charging,Charging,100,0,72.371,0,22,377.41,25,8.303
2026-01-01 19:37:10,Charging,Charging,100,0,72.404,0,22,377.44,25,8.304
2026-01-01 19:37:20,Charging,Charging,100,0,72.437,0,22,377.47,25,8.304
2026-01-01 19:37:30,Charging,Charging,100,0,72.471,0,22,377.51,25,8.305
2026-01-01 19:37:40,Charging,Charging,100,0,72.504,0,22,377.54,25,8.306
2026-01-01 19:37:50,Charging,Charging,100,0,72.538,0,22,377.58,25,8.307
2026-01-01 19:38:00,Charging,Charging,100,0,72.571,0,22,377.61,25,8.307
2026-01-01 19:38:10,Charging,Charging,100,0,72.605,0,22,377.64,25,8.308
2026-01-01 19:38:20,Charging,Charging,100,0,72.638,0,22,377.68,25,8.309
2026-01-01 19:38:30,Charging,Charging,100,0,72.671,0,22,377.71,25,8.31
2026-01-01 19:38:40,Charging,Charging,100,0,72.705,0,22,377.74,25,8.31
2026-01-01 19:38:50,Charging,Charging,100,0,72.738,0,22,377.78,25,8.311
2026-01-01 19:39:00,Charging,Charging,100,0,72.772,0,22,377.81,25,8.312
2026-01-01 19:39:10,Charging,Charging,100,0,72.805,0,22,377.84,25,8.312
2026-01-01 19:39:20,Charging,Charging,100,0,72.839,0,22,377.88,25,8.313
2026-01-01 19:39:30,Charging,Charging,100,0,72.872,0,22,377.91,25,8.314
2026-01-01 19:39:40,Charging,Charging,100,0,72.905,0,22,377.94,25,8.315
2026-01-01 19:39:50,Charging,Charging,100,0,72.939,0,22,377.98,25,8.316
2026-01-01 19:40:00,Charging,Charging,100,0,72.972,0,22,378.01,25,8.316
2026-01-01 19:40:10,Charging,Charging,100,0,73.006,0,22,378.04,25,8.317
2026-01-01 19:40:20,Charging,Charging,100,0,73.039,0,22,378.08,25,8.318
2026-01-01 19:40:30,Charging,Charging,100,0,73.073,0,22,378.11,25,8.318
2026-01-01 19:40:40,Charging,Charging,100,0,73.106,0,22,378.14,25,8.319
2026-01-01 19:40:50,Charging,Charging,100,0,73.139,0,22,378.18,25,8.32
2026-01-01 19:41:00,Charging,Charging,100,0,73.173,0,22,378.21,25,8.321
2026-01-01 19:41:10,Charging,Charging,100,0,73.206,0,22,378.24,25,8.321
2026-01-01 19:41:20,Charging,Charging,100,0,73.24,0,22,378.28,25,8.322
2026-01-01 19:41:30,Charging,Charging,100,0,73.273,0,22,378.31,25,8.323
2026-01-01 19:41:40,Charging,Charging,100,0,73.307,0,22,378.34,25,8.323
2026-01-01 19:41:50,Charging,Charging,100,0,73.34,0,22,378.38,25,8.324
2026-01-01 19:42:00,Charging,Charging,100,0,73.373,0,22,378.41,25,8.325
2026-01-01 19:42:10,Charging,Charging,100,0,73.407,0,22,378.44,25,8.326
2026-01-01 19:42:20,Charging,Charging,100,0,73.44,0,22,378.48,25,8.327
2026-01-01 19:42:30,Charging,Charging,100,0,73.474,0,22,378.51,25,8.327
2026-01-01 19:42:40,Charging,Charging,100,0,73.507,0,22,378.54,25,8.328
2026-01-01 19:42:50,Charging,Charging,100,0,73.54,0,22,378.58,25,8.329
2026-01-01 19:43:00,Charging,Charging,100,0,73.574,0,22,378.61,25,8.329
2026-01-01 19:43:10,Charging,Charging,100,0,73.607,0,22,378.64,25,8.33
2026-01-01 19:43:20,Charging,Charging,100,0,73.641,0,22,378.68,25,8.331
2026-01-01 19:43:30,Charging,Charging,100,0,73.674,0,22,378.71,25,8.332
2026-01-01 19:43:40,Charging,Charging,100,0,73.708,0,22,378.74,25,8.332
2026-01-01 19:43:50,Charging,Charging,100,0,73.741,0,22,378.78,25,8.333
2026-01-01 19:44:00,Charging,Charging,100,0,73.774,0,22,378.81,25,8.334
2026-01-01 19:44:10,Charging,Charging,100,0,73.808,0,22,378.84,25,8.334
2026-01-01 19:44:20,Charging,Charging,100,0,73.841,0,22,378.88,25,8.335
2026-01-01 19:44:30,Charging,Charging,100,0,73.875,0,22,378.91,25,8.336
2026-01-01 19:44:40,Charging,Charging,100,0,73.908,0,22,378.94,25,8.337
2026-01-01 19:44:50,Charging,Charging,100,0,73.942,0,22,378.98,25,8.338
2026-01-01 19:45:00,Charging,Charging,100,0,73.975,0,22,379.01,25,8.338
2026-01-01 19:45:10,Charging,Charging,100,0,74.008,0,22,379.04,25,8.339
2026-01-01 19:45:20,Charging,Charging,100,0,74.042,0,22,379.08,25,8.34
2026-01-01 19:45:30,Charging,Charging,100,0,74.075,0,22,379.11,25,8.34
2026-01-01 19:45:40,Charging,Charging,100,0,74.109,0,22,379.14,25,8.341
2026-01-01 19:45:50,Charging,Charging,100,0,74.142,0,22,379.18,25,8.342
2026-01-01 19:46:00,Charging,Charging,100,0,74.176,0,22,379.21,25,8.343
2026-01-01 19:46:10,Charging,Charging,100,0,74.209,0,22,379.24,25,8.343
2026-01-01 19:46:20,Charging,Charging,100,0,74.242,0,22,379.28,25,8.344
2026-01-01 19:46:30,Charging,Charging,100,0,74.276,0,22,379.31,25,8.345
2026-01-01 19:46:40,Charging,Charging,100,0,74.309,0,22,379.34,25,8.345
2026-01-01 19:46:50,Charging,Charging,100,0,74.343,0,22,379.38,25,8.346
2026-01-01 19:47:00,Charging,Charging,100,0,74.376,0,22,379.41,25,8.347
2026-01-01 19:47:10,Charging,Charging,100,0,74.41,0,22,379.44,25,8.348
2026-01-01 19:47:20,Charging,Charging,100,0,74.443,0,22,379.48,25,8.349
2026-01-01 19:47:30,Charging,Charging,100,0,74.476,0,22,379.51,25,8.349
2026-01-01 19:47:40,Charging,Charging,100,0,74.51,0,22,379.54,25,8.35
2026-01-01 19:47:50,Charging,Charging,100,0,74.543,0,22,379.58,25,8.351
2026-01-01 19:48:00,Charging,Charging,100,0,74.577,0,22,379.61,25,8.351
2026-01-01 19:48:10,Charging,Charging,100,0,74.61,0,22,379.64,25,8.352
2026-01-01 19:48:20,Charging,Charging,100,0,74.644,0,22,379.68,25,8.353
2026-01-01 19:48:30,Charging,Charging,100,0,74.677,0,22,379.71,25,8.354
2026-01-01 19:48:40,Charging,Charging,100,0,74.71,0,22,379.74,25,8.354
2026-01-01 19:48:50,Charging,Charging,100,0,74.744,0,22,379.78,25,8.355
2026-01-01 19:49:00,Charging,Charging,100,0,74.777,0,22,379.81,25,8.356
2026-01-01 19:49:10,Charging,Charging,100,0,74.811,0,22,379.84,25,8.356
2026-01-01 19:49:20,Charging,Charging,100,0,74.844,0,22,379.88,25,8.357
2026-01-01 19:49:30,Charging,Charging,100,0,74.878,0,22,379.91,25,8.358
2026-01-01 19:49:40,Charging,Charging,100,0,74.911,0,22,379.94,25,8.359
2026-01-01 19:49:50,Charging,Charging,100,0,74.944,0,22,379.98,25,8.36
2026-01-01 19:50:00,Charging,Charging,100,0,74.978,0,22,380.01,25,8.36
2026-01-01 19:50:10,Charging,Charging,100,0,75.011,0,22,380.04,25,8.361
2026-01-01 19:50:20,Charging,Charging,100,0,75.045,0,22,380.08,25,8.362
2026-01-01 19:50:30,Charging,Charging,100,0,75.078,0,22,380.11,25,8.362
2026-01-01 19:50:40,Charging,Charging,100,0,75.112,0,22,380.14,25,8.363
2026-01-01 19:50:50,Charging,Charging,100,0,75.145,0,22,380.18,25,8.364
2026-01-01 19:51:00,Charging,Charging,100,0,75.178,0,22,380.21,25,8.365
2026-01-01 19:51:10,Charging,Charging,100,0,75.212,0,22,380.24,25,8.365
2026-01-01 19:51:20,Charging,Charging,100,0,75.245,0,22,380.28,25,8.366
2026-01-01 19:51:30,Charging,Charging,100,0,75.279,0,22,380.31,25,8.367
2026-01-01 19:51:40,Charging,Charging,100,0,75.312,0,22,380.34,25,8.367
2026-01-01 19:51:50,Charging,Charging,100,0,75.345,0,22,380.38,25,8.368
2026-01-01 19:52:00,Charging,Charging,100,0,75.379,0,22,380.41,25,8.369
2026-01-01 19:52:10,Charging,Charging,100,0,75.412,0,22,380.44,25,8.37
2026-01-01 19:52:20,Charging,Charging,100,0,75.446,0,22,380.48,25,8.371
2026-01-01 19:52:30,Charging,Charging,100,0,75.479,0,22,380.51,25,8.371
2026-01-01 19:52:40,Charging,Charging,100,0,75.513,0,22,380.55,25,8.372
2026-01-01 19:52:50,Charging,Charging,100,0,75.546,0,22,380.58,25,8.373
2026-01-01 19:53:00,Charging,Charging,100,0,75.579,0,22,380.61,25,8.373
2026-01-01 19:53:10,Charging,Charging,100,0,75.613,0,22,380.65,25,8.374
2026-01-01 19:53:20,Charging,Charging,100,0,75.646,0,22,380.68,25,8.375
2026-01-01 19:53:30,Charging,Charging,100,0,75.68,0,22,380.71,25,8.376
2026-01-01 19:53:40,Charging,Charging,100,0,75.713,0,22,380.75,25,8.376
2026-01-01 19:53:50,Charging,Charging,100,0,75.747,0,22,380.78,25,8.377
2026-01-01 19:54:00,Charging,Charging,100,0,75.78,0,22,380.81,25,8.378
2026-01-01 19:54:10,Charging,Charging,100,0,75.813,0,22,380.85,25,8.379
2026-01-01 19:54:20,Charging,Charging,100,0,75.847,0,22,380.88,25,8.379
2026-01-01 19:54:30,Charging,Charging,100,0,75.88,0,22,380.91,25,8.38
2026-01-01 19:54:40,Charging,Charging,100,0,75.914,0,22,380.95,25,8.381
2026-01-01 19:54:50,Charging,Charging,100,0,75.947,0,22,380.98,25,8.382
2026-01-01 19:55:00,Charging,Charging,100,0,75.981,0,22,381.01,25,8.382
2026-01-01 19:55:10,Charging,Charging,100,0,76.014,0,22,381.05,25,8.383
2026-01-01 19:55:20,Charging,Charging,100,0,76.047,0,22,381.08,25,8.384
2026-01-01 19:55:30,Charging,Charging,100,0,76.081,0,22,381.11,25,8.384
2026-01-01 19:55:40,Charging,Charging,100,0,76.114,0,22,381.15,25,8.385
2026-01-01 19:55:50,Charging,Charging,100,0,76.148,0,22,381.18,25,8.386
2026-01-01 19:56:00,Charging,Charging,100,0,76.181,0,22,381.21,25,8.387
2026-01-01 19:56:10,Charging,Charging,100,0,76.215,0,22,381.25,25,8.388
2026-01-01 19:56:20,Charging,Charging,100,0,76.248,0,22,381.28,25,8.388
2026-01-01 19:56:30,Charging,Charging,100,0,76.281,0,22,381.31,25,8.389
2026-01-01 19:56:40,Charging,Charging,100,0,76.315,0,22,381.35,25,8.39
2026-01-01 19:56:50,Charging,Charging,100,0,76.348,0,22,381.38,25,8.39
2026-01-01 19:57:00,Charging,Charging,100,0,76.382,0,22,381.41,25,8.391
2026-01-01 19:57:10,Charging,Charging,100,0,76.415,0,22,381.45,25,8.392
2026-01-01 19:57:20,Charging,Charging,100,0,76.449,0,22,381.48,25,8.393
2026-01-01 19:57:30,Charging,Charging,100,0,76.482,0,22,381.51,25,8.393
2026-01-01 19:57:40,Charging,Charging,100,0,76.515,0,22,381.55,25,8.394
2026-01-01 19:57:50,Charging,Charging,100,0,76.549,0,22,381.58,25,8.395
2026-01-01 19:58:00,Charging,Charging,100,0,76.582,0,22,381.61,25,8.395
2026-01-01 19:58:10,Charging,Charging,100,0,76.616,0,22,381.65,25,8.396
2026-01-01 19:58:20,Charging,Charging,100,0,76.649,0,22,381.68,25,8.397
2026-01-01 19:58:30,Charging,Charging,100,0,76.683,0,22,381.71,25,8.398
2026-01-01 19:58:40,Charging,Charging,100,0,76.716,0,22,381.75,25,8.398
2026-01-01 19:58:50,Charging,Charging,100,0,76.749,0,22,381.78,25,8.399
2026-01-01 19:59:00,Charging,Charging,100,0,76.783,0,22,381.81,25,8.4
2026-01-01 19:59:10,Charging,Charging,100,0,76.816,0,22,381.85,25,8.401
2026-01-01 19:59:20,Charging,Charging,100,0,76.85,0,22,381.88,25,8.401
2026-01-01 19:59:30,Charging,Charging,100,0,76.883,0,22,381.91,25,8.402
2026-01-01 19:59:40,Charging,Charging,100,0,76.917,0,22,381.95,25,8.403
2026-01-01 19:59:50,Charging,Charging,100,0,76.95,0,22,381.98,25,8.404
2026-01-01 20:00:00,Charging,Charging,100,0,76.983,0,22,382.01,25,8.404
2026-01-01 20:00:10,Charging,Charging,100,0,77.017,0,22,382.05,25,8.405
2026-01-01 20:00:20,Charging,Charging,100,0,77.05,0,22,382.08,25,8.406
2026-01-01 20:00:30,Charging,Charging,100,0,77.084,0,22,382.11,25,8.406
2026-01-01 20:00:40,Charging,Charging,100,0,77.117,0,22,382.15,25,8.407
2026-01-01 20:00:50,Charging,Charging,100,0,77.151,0,22,382.18,25,8.408
2026-01-01 20:01:00,Charging,Charging,100,0,77.184,0,22,382.21,25,8.409
2026-01-01 20:01:10,Charging,Charging,100,0,77.217,0,22,382.25,25,8.41
2026-01-01 20:01:20,Charging,Charging,100,0,77.251,0,22,382.28,25,8.41
2026-01-01 20:01:30,Charging,Charging,100,0,77.284,0,22,382.31,25,8.411
2026-01-01 20:01:40,Charging,Charging,100,0,77.318,0,22,382.35,25,8.412
2026-01-01 20:01:50,Charging,Charging,100,0,77.351,0,22,382.38,25,8.412
2026-01-01 20:02:00,Charging,Charging,100,0,77.384,0,22,382.41,25,8.413
2026-01-01 20:02:10,Charging,Charging,100,0,77.418,0,22,382.45,25,8.414
2026-01-01 20:02:20,Charging,Charging,100,0,77.451,0,22,382.48,25,8.415
2026-01-01 20:02:30,Charging,Charging,100,0,77.485,0,22,382.51,25,8.415
2026-01-01 20:02:40,Charging,Charging,100,0,77.518,0,22,382.55,25,8.416
2026-01-01 20:02:50,Charging,Charging,100,0,77.552,0,22,382.58,25,8.417
2026-01-01 20:03:00,Charging,Charging,100,0,77.585,0,22,382.61,25,8.417
2026-01-01 20:03:10,Charging,Charging,100,0,77.618,0,22,382.65,25,8.418
2026-01-01 20:03:20,Charging,Charging,100,0,77.652,0,22,382.68,25,8.419
2026-01-01 20:03:30,Charging,Charging,100,0,77.685,0,22,382.71,25,8.42
2026-01-01 20:03:40,Charging,Charging,100,0,77.719,0,22,382.75,25,8.42
2026-01-01 20:03:50,Charging,Charging,100,0,77.752,0,22,382.78,25,8.421
2026-01-01 20:04:00,Charging,Charging,100,0,77.786,0,22,382.81,25,8.422
2026-01-01 20:04:10,Charging,Charging,100,0,77.819,0,22,382.85,25,8.423
2026-01-01 20:04:20,Charging,Charging,100,0,77.852,0,22,382.88,25,8.423
2026-01-01 20:04:30,Charging,Charging,100,0,77.886,0,22,382.91,25,8.424
2026-01-01 20:04:40,Charging,Charging,100,0,77.919,0,22,382.95,25,8.425
2026-01-01 20:04:50,Charging,Charging,100,0,77.953,0,22,382.98,25,8.426
2026-01-01 20:05:00,Charging,Charging,100,0,77.986,0,22,383.01,25,8.426
2026-01-01 20:05:10,Charging,Charging,100,0,78.02,0,22,383.05,25,8.427
2026-01-01 20:05:20,Charging,Charging,100,0,78.053,0,22,383.08,25,8.428
2026-01-01 20:05:30,Charging,Charging,100,0,78.086,0,22,383.11,25,8.428
2026-01-01 20:05:40,Charging,Charging,100,0,78.12,0,22,383.15,25,8.429
2026-01-01 20:05:50,Charging,Charging,100,0,78.153,0,22,383.18,25,8.43
2026-01-01 20:06:00,Charging,Charging,100,0,78.187,0,22,383.21,25,8.431
2026-01-01 20:06:10,Charging,Charging,100,0,78.22,0,22,383.25,25,8.432
2026-01-01 20:06:20,Charging,Charging,100,0,78.254,0,22,383.28,25,8.432
2026-01-01 20:06:30,Charging,Charging,100,0,78.287,0,22,383.31,25,8.433
2026-01-01 20:06:40,Charging,Charging,100,0,78.32,0,22,383.35,25,8.434
2026-01-01 20:06:50,Charging,Charging,100,0,78.354,0,22,383.38,25,8.434
2026-01-01 20:07:00,Charging,Charging,100,0,78.387,0,22,383.41,25,8.435
2026-01-01 20:07:10,Charging,Charging,100,0,78.421,0,22,383.45,25,8.436
2026-01-01 20:07:20,Charging,Charging,100,0,78.454,0,22,383.48,25,8.437
2026-01-01 20:07:30,Charging,Charging,100,0,78.488,0,22,383.52,25,8.437
2026-01-01 20:07:40,Charging,Charging,100,0,78.521,0,22,383.55,25,8.438
2026-01-01 20:07:50,Charging,Charging,100,0,78.554,0,22,383.58,25,8.439
2026-01-01 20:08:00,Charging,Charging,100,0,78.588,0,22,383.62,25,8.44
2026-01-01 20:08:10,Charging,Charging,100,0,78.621,0,22,383.65,25,8.44
2026-01-01 20:08:20,Charging,Charging,100,0,78.655,0,22,383.68,25,8.441
2026-01-01 20:08:30,Charging,Charging,100,0,78.688,0,22,383.72,25,8.442
2026-01-01 20:08:40,Charging,Charging,100,0,78.722,0,22,383.75,25,8.442
2026-01-01 20:08:50,Charging,Charging,100,0,78.755,0,22,383.78,25,8.443
2026-01-01 20:09:00,Charging,Charging,100,0,78.788,0,22,383.82,25,8.444
2026-01-01 20:09:10,Charging,Charging,100,0,78.822,0,22,383.85,25,8.445
2026-01-01 20:09:20,Charging,Charging,100,0,78.855,0,22,383.88,25,8.445
2026-01-01 20:09:30,Charging,Charging,100,0,78.889,0,22,383.92,25,8.446
2026-01-01 20:09:40,Charging,Charging,100,0,78.922,0,22,383.95,25,8.447
2026-01-01 20:09:50,Charging,Charging,100,0,78.956,0,22,383.98,25,8.448
2026-01-01 20:10:00,Charging,Charging,100,0,78.989,0,22,384.02,25,8.448
2026-01-01 20:10:10,Charging,Charging,100,0,79.022,0,22,384.05,25,8.449
2026-01-01 20:10:20,Charging,Charging,100,0,79.056,0,22,384.08,25,8.45
2026-01-01 20:10:30,Charging,Charging,100,0,79.089,0,22,384.12,25,8.451
2026-01-01 20:10:40,Charging,Charging,100,0,79.123,0,22,384.15,25,8.451
2026-01-01 20:10:50,Charging,Charging,100,0,79.156,0,22,384.18,25,8.452
2026-01-01 20:11:00,Charging,Charging,100,0,79.189,0,22,384.22,25,8.453
2026-01-01 20:11:10,Charging,Charging,100,0,79.223,0,22,384.25,25,8.454
2026-01-01 20:11:20,Charging,Charging,100,0,79.256,0,22,384.28,25,8.454
2026-01-01 20:11:30,Charging,Charging,100,0,79.29,0,22,384.32,25,8.455
2026-01-01 20:11:40,Charging,Charging,100,0,79.323,0,22,384.35,25,8.456
2026-01-01 20:11:50,Charging,Charging,100,0,79.357,0,22,384.38,25,8.456
2026-01-01 20:12:00,Charging,Charging,100,0,79.39,0,22,384.42,25,8.457
2026-01-01 20:12:10,Charging,Charging,100,0,79.423,0,22,384.45,25,8.458
2026-01-01 20:12:20,Charging,Charging,100,0,79.457,0,22,384.48,25,8.459
2026-01-01 20:12:30,Charging,Charging,100,0,79.49,0,22,384.52,25,8.459
2026-01-01 20:12:40,Charging,Charging,100,0,79.524,0,22,384.55,25,8.46
2026-01-01 20:12:50,Charging,Charging,100,0,79.557,0,22,384.58,25,8.461
2026-01-01 20:13:00,Charging,Charging,100,0,79.591,0,22,384.62,25,8.462
2026-01-01 20:13:10,Charging,Charging,100,0,79.624,0,22,384.65,25,8.462
2026-01-01 20:13:20,Charging,Charging,100,0,79.657,0,22,384.68,25,8.463
2026-01-01 20:13:30,Charging,Charging,100,0,79.691,0,22,384.72,25,8.464
2026-01-01 20:13:40,Charging,Charging,100,0,79.724,0,22,384.75,25,8.464
2026-01-01 20:13:50,Charging,Charging,100,0,79.758,0,22,384.78,25,8.465
2026-01-01 20:14:00,Charging,Charging,100,0,79.791,0,22,384.82,25,8.466
2026-01-01 20:14:10,Charging,Charging,100,0,79.825,0,22,384.85,25,8.467
2026-01-01 20:14:20,Charging,Charging,100,0,79.858,0,22,384.88,25,8.467
2026-01-01 20:14:30,Charging,Charging,100,0,79.891,0,22,384.92,25,8.468
2026-01-01 20:14:40,Charging,Charging,100,0,79.925,0,22,384.95,25,8.469
2026-01-01 20:14:50,Charging,Charging,100,0,79.958,0,22,384.98,25,8.47
2026-01-01 20:15:00,Charging,Charging,100,0,79.992,0,22,385.02,25,8.47
2026-01-01 20:15:10,Charging,Charging,100,0,80.025,0,22,385.05,25,8.471
2026-01-01 20:15:20,Charging,Charging,100,0,80.059,0,22,385.08,25,8.472
2026-01-01 20:15:30,Charging,Charging,100,0,80.092,0,22,385.12,25,8.473
2026-01-01 20:15:40,Charging,Charging,100,0,80.125,0,22,385.15,25,8.473
2026-01-01 20:15:50,Charging,Charging,100,0,80.159,0,22,385.18,25,8.474
2026-01-01 20:16:00,Charging,Charging,100,0,80.192,0,22,385.22,25,8.475
2026-01-01 20:16:10,Charging,Charging,100,0,80.226,0,22,385.25,25,8.476
2026-01-01 20:16:20,Charging,Charging,100,0,80.259,0,22,385.28,25,8.476
2026-01-01 20:16:30,Charging,Charging,100,0,80.293,0,22,385.32,25,8.477
2026-01-01 20:16:40,Charging,Charging,100,0,80.326,0,22,385.35,25,8.478
2026-01-01 20:16:50,Charging,Charging,100,0,80.359,0,22,385.38,25,8.478
2026-01-01 20:17:00,Charging,Charging,100,0,80.393,0,22,385.42,25,8.479
2026-01-01 20:17:10,Charging,Charging,100,0,80.426,0,22,385.45,25,8.48
2026-01-01 20:17:20,Charging,Charging,100,0,80.46,0,22,385.48,25,8.481
2026-01-01 20:17:30,Charging,Charging,100,0,80.493,0,22,385.52,25,8.481
2026-01-01 20:17:40,Charging,Charging,100,0,80.527,0,22,385.55,25,8.482
2026-01-01 20:17:50,Charging,Charging,100,0,80.56,0,22,385.58,25,8.483
2026-01-01 20:18:00,Charging,Charging,100,0,80.593,0,22,385.62,25,8.484
2026-01-01 20:18:10,Charging,Charging,100,0,80.627,0,22,385.65,25,8.484
2026-01-01 20:18:20,Charging,Charging,100,0,80.66,0,22,385.68,25,8.485
2026-01-01 20:18:30,Charging,Charging,100,0,80.694,0,22,385.72,25,8.486
2026-01-01 20:18:40,Charging,Charging,100,0,80.727,0,22,385.75,25,8.486
2026-01-01 20:18:50,Charging,Charging,100,0,80.761,0,22,385.78,25,8.487
2026-01-01 20:19:00,Charging,Charging,100,0,80.794,0,22,385.82,25,8.488
2026-01-01 20:19:10,Charging,Charging,100,0,80.827,0,22,385.85,25,8.489
2026-01-01 20:19:20,Charging,Charging,100,0,80.861,0,22,385.88,25,8.489
2026-01-01 20:19:30,Charging,Charging,100,0,80.894,0,22,385.92,25,8.49
2026-01-01 20:19:40,Charging,Charging,100,0,80.928,0,22,385.95,25,8.491
2026-01-01 20:19:50,Charging,Charging,100,0,80.961,0,22,385.98,25,8.492
2026-01-01 20:20:00,Charging,Charging,100,0,80.994,0,22,386.02,25,8.492
2026-01-01 20:20:10,Charging,Charging,100,0,81.028,0,22,386.05,25,8.493
2026-01-01 20:20:20,Charging,Charging,100,0,81.061,0,22,386.08,25,8.494
2026-01-01 20:20:30,Charging,Charging,100,0,81.095,0,22,386.12,25,8.495
2026-01-01 20:20:40,Charging,Charging,100,0,81.128,0,22,386.15,25,8.495
2026-01-01 20:20:50,Charging,Charging,100,0,81.162,0,22,386.18,25,8.496
2026-01-01 20:21:00,Charging,Charging,100,0,81.195,0,22,386.22,25,8.497
2026-01-01 20:21:10,Charging,Charging,100,0,81.228,0,22,386.25,25,8.498
2026-01-01 20:21:20,Charging,Charging,100,0,81.262,0,22,386.28,25,8.498
2026-01-01 20:21:30,Charging,Charging,100,0,81.295,0,22,386.32,25,8.499
2026-01-01 20:21:40,Charging,Charging,100,0,81.329,0,22,386.35,25,8.5
2026-01-01 20:21:50,Charging,Charging,100,0,81.362,0,22,386.38,25,8.5
2026-01-01 20:22:00,Charging,Charging,100,0,81.396,0,22,386.42,25,8.501
2026-01-01 20:22:10,Charging,Charging,100,0,81.429,0,22,386.45,25,8.502
2026-01-01 20:22:20,Charging,Charging,100,0,81.462,0,22,386.48,25,8.503
2026-01-01 20:22:30,Charging,Charging,100,0,81.496,0,22,386.52,25,8.503
2026-01-01 20:22:40,Charging,Charging,100,0,81.529,0,22,386.55,25,8.504
2026-01-01 20:22:50,Charging,Charging,100,0,81.563,0,22,386.59,25,8.505
2026-01-01 20:23:00,Charging,Charging,100,0,81.596,0,22,386.62,25,8.506
2026-01-01 20:23:10,Charging,Charging,100,0,81.63,0,22,386.65,25,8.506
2026-01-01 20:23:20,Charging,Charging,100,0,81.663,0,22,386.69,25,8.507
2026-01-01 20:23:30,Charging,Charging,100,0,81.696,0,22,386.72,25,8.508
2026-01-01 20:23:40,Charging,Charging,100,0,81.73,0,22,386.75,25,8.508
2026-01-01 20:23:50,Charging,Charging,100,0,81.763,0,22,386.79,25,8.509
2026-01-01 20:24:00,Charging,Charging,100,0,81.797,0,22,386.82,25,8.51
2026-01-01 20:24:10,Charging,Charging,100,0,81.83,0,22,386.85,25,8.511
2026-01-01 20:24:20,Charging,Charging,100,0,81.864,0,22,386.89,25,8.512
2026-01-01 20:24:30,Charging,Charging,100,0,81.897,0,22,386.92,25,8.512
2026-01-01 20:24:40,Charging,Charging,100,0,81.93,0,22,386.95,25,8.513
2026-01-01 20:24:50,Charging,Charging,100,0,81.964,0,22,386.99,25,8.514
2026-01-01 20:25:00,Charging,Charging,100,0,81.997,0,22,387.02,25,8.514
2026-01-01 20:25:10,Charging,Charging,100,0,82.031,0,22,387.05,25,8.515
2026-01-01 20:25:20,Charging,Charging,100,0,82.064,0,22,387.09,25,8.516
2026-01-01 20:25:30,Charging,Charging,100,0,82.098,0,22,387.12,25,8.517
2026-01-01 20:25:40,Charging,Charging,100,0,82.131,0,22,387.15,25,8.517
2026-01-01 20:25:50,Charging,Charging,100,0,82.164,0,22,387.19,25,8.518
2026-01-01 20:26:00,Charging,Charging,100,0,82.198,0,22,387.22,25,8.519
2026-01-01 20:26:10,Charging,Charging,100,0,82.231,0,22,387.25,25,8.52
2026-01-01 20:26:20,Charging,Charging,100,0,82.265,0,22,387.29,25,8.52
2026-01-01 20:26:30,Charging,Charging,100,0,82.298,0,22,387.32,25,8.521
2026-01-01 20:26:40,Charging,Charging,100,0,82.332,0,22,387.35,25,8.522
2026-01-01 20:26:50,Charging,Charging,100,0,82.365,0,22,387.39,25,8.523
2026-01-01 20:27:00,Charging,Charging,100,0,82.398,0,22,387.42,25,8.523
2026-01-01 20:27:10,Charging,Charging,100,0,82.432,0,22,387.45,25,8.524
2026-01-01 20:27:20,Charging,Charging,100,0,82.465,0,22,387.49,25,8.525
2026-01-01 20:27:30,Charging,Charging,100,0,82.499,0,22,387.52,25,8.525
2026-01-01 20:27:40,Charging,Charging,100,0,82.532,0,22,387.55,25,8.526
2026-01-01 20:27:50,Charging,Charging,100,0,82.566,0,22,387.59,25,8.527
2026-01-01 20:28:00,Charging,Charging,100,0,82.599,0,22,387.62,25,8.528
2026-01-01 20:28:10,Charging,Charging,100,0,82.632,0,22,387.65,25,8.528
2026-01-01 20:28:20,Charging,Charging,100,0,82.666,0,22,387.69,25,8.529
2026-01-01 20:28:30,Charging,Charging,100,0,82.699,0,22,387.72,25,8.53
2026-01-01 20:28:40,Charging,Charging,100,0,82.733,0,22,387.75,25,8.53
2026-01-01 20:28:50,Charging,Charging,100,0,82.766,0,22,387.79,25,8.531
2026-01-01 20:29:00,Charging,Charging,100,0,82.799,0,22,387.82,25,8.532
2026-01-01 20:29:10,Charging,Charging,100,0,82.833,0,22,387.85,25,8.533
2026-01-01 20:29:20,Charging,Charging,100,0,82.866,0,22,387.89,25,8.534
2026-01-01 20:29:30,Charging,Charging,100,0,82.9,0,22,387.92,25,8.534
2026-01-01 20:29:40,Charging,Charging,100,0,82.933,0,22,387.95,25,8.535
2026-01-01 20:29:50,Charging,Charging,100,0,82.967,0,22,387.99,25,8.536
2026-01-01 20:30:00,Charging,Charging,100,0,83,0,22,388.02,25,8.536
2026-01-01 20:30:10,Charging,Charging,100,0,83.033,0,22,388.05,25,8.537
2026-01-01 20:30:20,Charging,Charging,100,0,83.067,0,22,388.09,25,8.538
2026-01-01 20:30:30,Charging,Charging,100,0,83.1,0,22,388.12,25,8.539
2026-01-01 20:30:40,Charging,Charging,100,0,83.134,0,22,388.15,25,8.539
2026-01-01 20:30:50,Charging,Charging,100,0,83.167,0,22,388.19,25,8.54
2026-01-01 20:31:00,Charging,Charging,100,0,83.201,0,22,388.22,25,8.541
2026-01-01 20:31:10,Charging,Charging,100,0,83.234,0,22,388.25,25,8.542
2026-01-01 20:31:20,Charging,Charging,100,0,83.267,0,22,388.29,25,8.542
2026-01-01 20:31:30,Charging,Charging,100,0,83.301,0,22,388.32,25,8.543
2026-01-01 20:31:40,Charging,Charging,100,0,83.334,0,22,388.35,25,8.544
2026-01-01 20:31:50,Charging,Charging,100,0,83.368,0,22,388.39,25,8.545
2026-01-01 20:32:00,Charging,Charging,100,0,83.401,0,22,388.42,25,8.545
2026-01-01 20:32:10,Charging,Charging,100,0,83.435,0,22,388.45,25,8.546
2026-01-01 20:32:20,Charging,Charging,100,0,83.468,0,22,388.49,25,8.547
2026-01-01 20:32:30,Charging,Charging,100,0,83.501,0,22,388.52,25,8.547
2026-01-01 20:32:40,Charging,Charging,100,0,83.535,0,22,388.55,25,8.548
2026-01-01 20:32:50,Charging,Charging,100,0,83.568,0,22,388.59,25,8.549
2026-01-01 20:33:00,Charging,Charging,100,0,83.602,0,22,388.62,25,8.55
2026-01-01 20:33:10,Charging,Charging,100,0,83.635,0,22,388.65,25,8.55
2026-01-01 20:33:20,Charging,Charging,100,0,83.669,0,22,388.69,25,8.551
2026-01-01 20:33:30,Charging,Charging,100,0,83.702,0,22,388.72,25,8.552
2026-01-01 20:33:40,Charging,Charging,100,0,83.735,0,22,388.75,25,8.552
2026-01-01 20:33:50,Charging,Charging,100,0,83.769,0,22,388.79,25,8.553
2026-01-01 20:34:00,Charging,Charging,100,0,83.802,0,22,388.82,25,8.554
2026-01-01 20:34:10,Charging,Charging,100,0,83.836,0,22,388.85,25,8.555
2026-01-01 20:34:20,Charging,Charging,100,0,83.869,0,22,388.89,25,8.556
2026-01-01 20:34:30,Charging,Charging,100,0,83.903,0,22,388.92,25,8.556
2026-01-01 20:34:40,Charging,Charging,100,0,83.936,0,22,388.95,25,8.557
2026-01-01 20:34:50,Charging,Charging,100,0,83.969,0,22,388.99,25,8.558
2026-01-01 20:35:00,Charging,Charging,100,0,84.003,0,22,389.02,25,8.558
2026-01-01 20:35:10,Charging,Charging,100,0,84.036,0,22,389.05,25,8.559
2026-01-01 20:35:20,Charging,Charging,100,0,84.07,0,22,389.09,25,8.56
2026-01-01 20:35:30,Charging,Charging,100,0,84.103,0,22,389.12,25,8.561
2026-01-01 20:35:40,Charging,Charging,100,0,84.137,0,22,389.15,25,8.561
2026-01-01 20:35:50,Charging,Charging,100,0,84.17,0,22,389.19,25,8.562
2026-01-01 20:36:00,Charging,Charging,100,0,84.203,0,22,389.22,25,8.563
2026-01-01 20:36:10,Charging,Charging,100,0,84.237,0,22,389.25,25,8.564
2026-01-01 20:36:20,Charging,Charging,100,0,84.27,0,22,389.29,25,8.564
2026-01-01 20:36:30,Charging,Charging,100,0,84.304,0,22,389.32,25,8.565
2026-01-01 20:36:40,Charging,Charging,100,0,84.337,0,22,389.35,25,8.566
2026-01-01 20:36:50,Charging,Charging,100,0,84.371,0,22,389.39,25,8.567
2026-01-01 20:37:00,Charging,Charging,100,0,84.404,0,22,389.42,25,8.567
2026-01-01 20:37:10,Charging,Charging,100,0,84.437,0,22,389.45,25,8.568
2026-01-01 20:37:20,Charging,Charging,100,0,84.471,0,22,389.49,25,8.569
2026-01-01 20:37:30,Charging,Charging,100,0,84.504,0,22,389.52,25,8.569
2026-01-01 20:37:40,Charging,Charging,100,0,84.538,0,22,389.56,25,8.57
2026-01-01 20:37:50,Charging,Charging,100,0,84.571,0,22,389.59,25,8.571
2026-01-01 20:38:00,Charging,Charging,100,0,84.605,0,22,389.62,25,8.572
2026-01-01 20:38:10,Charging,Charging,100,0,84.638,0,22,389.66,25,8.573
2026-01-01 20:38:20,Charging,Charging,100,0,84.671,0,22,389.69,25,8.573
2026-01-01 20:38:30,Charging,Charging,100,0,84.705,0,22,389.72,25,8.574
2026-01-01 20:38:40,Charging,Charging,100,0,84.738,0,22,389.76,25,8.575
2026-01-01 20:38:50,Charging,Charging,100,0,84.772,0,22,389.79,25,8.575
2026-01-01 20:39:00,Charging,Charging,100,0,84.805,0,22,389.82,25,8.576
2026-01-01 20:39:10,Charging,Charging,100,0,84.838,0,22,389.86,25,8.577
2026-01-01 20:39:20,Charging,Charging,100,0,84.872,0,22,389.89,25,8.578
2026-01-01 20:39:30,Charging,Charging,100,0,84.905,0,22,389.92,25,8.578
2026-01-01 20:39:40,Charging,Charging,100,0,84.939,0,22,389.96,25,8.579
2026-01-01 20:39:50,Charging,Charging,100,0,84.972,0,22,389.99,25,8.58
2026-01-01 20:40:00,Charging,Charging,100,0,85.006,0,22,390.02,25,8.58
2026-01-01 20:40:10,Charging,Charging,100,0,85.039,0,22,390.06,25,8.581
2026-01-01 20:40:20,Charging,Charging,100,0,85.072,0,22,390.09,25,8.582
2026-01-01 20:40:30,Charging,Charging,100,0,85.106,0,22,390.12,25,8.583
2026-01-01 20:40:40,Charging,Charging,100,0,85.139,0,22,390.16,25,8.584
2026-01-01 20:40:50,Charging,Charging,100,0,85.173,0,22,390.19,25,8.584
2026-01-01 20:41:00,Charging,Charging,100,0,85.206,0,22,390.22,25,8.585
2026-01-01 20:41:10,Charging,Charging,100,0,85.24,0,22,390.26,25,8.586
2026-01-01 20:41:20,Charging,Charging,100,0,85.273,0,22,390.29,25,8.586
2026-01-01 20:41:30,Charging,Charging,100,0,85.306,0,22,390.32,25,8.587
2026-01-01 20:41:40,Charging,Charging,100,0,85.34,0,22,390.36,25,8.588
2026-01-01 20:41:50,Charging,Charging,100,0,85.373,0,22,390.39,25,8.589
2026-01-01 20:42:00,Charging,Charging,100,0,85.407,0,22,390.42,25,8.589
2026-01-01 20:42:10,Charging,Charging,100,0,85.44,0,22,390.46,25,8.59
2026-01-01 20:42:20,Charging,Charging,100,0,85.474,0,22,390.49,25,8.591
2026-01-01 20:42:30,Charging,Charging,100,0,85.507,0,22,390.52,25,8.591
2026-01-01 20:42:40,Charging,Charging,100,0,85.54,0,22,390.56,25,8.592
2026-01-01 20:42:50,Charging,Charging,100,0,85.574,0,22,390.59,25,8.593
2026-01-01 20:43:00,Charging,Charging,100,0,85.607,0,22,390.62,25,8.594
2026-01-01 20:43:10,Charging,Charging,100,0,85.641,0,22,390.66,25,8.595
2026-01-01 20:43:20,Charging,Charging,100,0,85.674,0,22,390.69,25,8.595
2026-01-01 20:43:30,Charging,Charging,100,0,85.708,0,22,390.72,25,8.596
2026-01-01 20:43:40,Charging,Charging,100,0,85.741,0,22,390.76,25,8.597
2026-01-01 20:43:50,Charging,Charging,100,0,85.774,0,22,390.79,25,8.597
2026-01-01 20:44:00,Charging,Charging,100,0,85.808,0,22,390.82,25,8.598
2026-01-01 20:44:10,Charging,Charging,100,0,85.841,0,22,390.86,25,8.599
2026-01-01 20:44:20,Charging,Charging,100,0,85.875,0,22,390.89,25,8.6
2026-01-01 20:44:30,Charging,Charging,100,0,85.908,0,22,390.92,25,8.6
2026-01-01 20:44:40,Charging,Charging,100,0,85.942,0,22,390.96,25,8.601
2026-01-01 20:44:50,Charging,Charging,100,0,85.975,0,22,390.99,25,8.602
2026-01-01 20:45:00,Charging,Charging,100,0,86.008,0,22,391.02,25,8.602
2026-01-01 20:45:10,Charging,Charging,100,0,86.042,0,22,391.06,25,8.603
2026-01-01 20:45:20,Charging,Charging,100,0,86.075,0,22,391.09,25,8.604
2026-01-01 20:45:30,Charging,Charging,100,0,86.109,0,22,391.12,25,8.605
2026-01-01 20:45:40,Charging,Charging,100,0,86.142,0,22,391.16,25,8.606
2026-01-01 20:45:50,Charging,Charging,100,0,86.176,0,22,391.19,25,8.606
2026-01-01 20:46:00,Charging,Charging,100,0,86.209,0,22,391.22,25,8.607
2026-01-01 20:46:10,Charging,Charging,100,0,86.242,0,22,391.26,25,8.608
2026-01-01 20:46:20,Charging,Charging,100,0,86.276,0,22,391.29,25,8.608
2026-01-01 20:46:30,Charging,Charging,100,0,86.309,0,22,391.32,25,8.609
2026-01-01 20:46:40,Charging,Charging,100,0,86.343,0,22,391.36,25,8.61
2026-01-01 20:46:50,Charging,Charging,100,0,86.376,0,22,391.39,25,8.611
2026-01-01 20:47:00,Charging,Charging,100,0,86.41,0,22,391.42,25,8.611
2026-01-01 20:47:10,Charging,Charging,100,0,86.443,0,22,391.46,25,8.612
2026-01-01 20:47:20,Charging,Charging,100,0,86.476,0,22,391.49,25,8.613
2026-01-01 20:47:30,Charging,Charging,100,0,86.51,0,22,391.52,25,8.613
2026-01-01 20:47:40,Charging,Charging,100,0,86.543,0,22,391.56,25,8.614
2026-01-01 20:47:50,Charging,Charging,100,0,86.577,0,22,391.59,25,8.615
2026-01-01 20:48:00,Charging,Charging,100,0,86.61,0,22,391.62,25,8.616
2026-01-01 20:48:10,Charging,Charging,100,0,86.643,0,22,391.66,25,8.617
2026-01-01 20:48:20,Charging,Charging,100,0,86.677,0,22,391.69,25,8.617
2026-01-01 20:48:30,Charging,Charging,100,0,86.71,0,22,391.72,25,8.618
2026-01-01 20:48:40,Charging,Charging,100,0,86.744,0,22,391.76,25,8.619
2026-01-01 20:48:50,Charging,Charging,100,0,86.777,0,22,391.79,25,8.619
2026-01-01 20:49:00,Charging,Charging,100,0,86.811,0,22,391.82,25,8.62
2026-01-01 20:49:10,Charging,Charging,100,0,86.844,0,22,391.86,25,8.621
2026-01-01 20:49:20,Charging,Charging,100,0,86.877,0,22,391.89,25,8.622
2026-01-01 20:49:30,Charging,Charging,100,0,86.911,0,22,391.92,25,8.622
2026-01-01 20:49:40,Charging,Charging,100,0,86.944,0,22,391.96,25,8.623
2026-01-01 20:49:50,Charging,Charging,100,0,86.978,0,22,391.99,25,8.624
2026-01-01 20:50:00,Charging,Charging,100,0,87.011,0,22,392.02,25,8.624
2026-01-01 20:50:10,Charging,Charging,100,0,87.045,0,22,392.06,25,8.625
2026-01-01 20:50:20,Charging,Charging,100,0,87.078,0,22,392.09,25,8.626
2026-01-01 20:50:30,Charging,Charging,100,0,87.111,0,22,392.12,25,8.627
2026-01-01 20:50:40,Charging,Charging,100,0,87.145,0,22,392.16,25,8.628
2026-01-01 20:50:50,Charging,Charging,100,0,87.178,0,22,392.19,25,8.628
2026-01-01 20:51:00,Charging,Charging,100,0,87.212,0,22,392.22,25,8.629
2026-01-01 20:51:10,Charging,Charging,100,0,87.245,0,22,392.26,25,8.63
2026-01-01 20:51:20,Charging,Charging,100,0,87.279,0,22,392.29,25,8.63
2026-01-01 20:51:30,Charging,Charging,100,0,87.312,0,22,392.32,25,8.631
2026-01-01 20:51:40,Charging,Charging,100,0,87.345,0,22,392.36,25,8.632
2026-01-01 20:51:50,Charging,Charging,100,0,87.379,0,22,392.39,25,8.633
2026-01-01 20:52:00,Charging,Charging,100,0,87.412,0,22,392.42,25,8.633
2026-01-01 20:52:10,Charging,Charging,100,0,87.446,0,22,392.46,25,8.634
2026-01-01 20:52:20,Charging,Charging,100,0,87.479,0,22,392.49,25,8.635
2026-01-01 20:52:30,Charging,Charging,100,0,87.513,0,22,392.53,25,8.636
2026-01-01 20:52:40,Charging,Charging,100,0,87.546,0,22,392.56,25,8.636
2026-01-01 20:52:50,Charging,Charging,100,0,87.579,0,22,392.59,25,8.637
2026-01-01 20:53:00,Charging,Charging,100,0,87.613,0,22,392.63,25,8.638
2026-01-01 20:53:10,Charging,Charging,100,0,87.646,0,22,392.66,25,8.639
2026-01-01 20:53:20,Charging,Charging,100,0,87.68,0,22,392.69,25,8.639
2026-01-01 20:53:30,Charging,Charging,100,0,87.713,0,22,392.73,25,8.64
2026-01-01 20:53:40,Charging,Charging,100,0,87.747,0,22,392.76,25,8.641
2026-01-01 20:53:50,Charging,Charging,100,0,87.78,0,22,392.79,25,8.641
2026-01-01 20:54:00,Charging,Charging,100,0,87.813,0,22,392.83,25,8.642
2026-01-01 20:54:10,Charging,Charging,100,0,87.847,0,22,392.86,25,8.643
2026-01-01 20:54:20,Charging,Charging,100,0,87.88,0,22,392.89,25,8.644
2026-01-01 20:54:30,Charging,Charging,100,0,87.914,0,22,392.93,25,8.644
2026-01-01 20:54:40,Charging,Charging,100,0,87.947,0,22,392.96,25,8.645
2026-01-01 20:54:50,Charging,Charging,100,0,87.981,0,22,392.99,25,8.646
2026-01-01 20:55:00,Charging,Charging,100,0,88.014,0,22,393.03,25,8.647
2026-01-01 20:55:10,Charging,Charging,100,0,88.047,0,22,393.06,25,8.647
2026-01-01 20:55:20,Charging,Charging,100,0,88.081,0,22,393.09,25,8.648
2026-01-01 20:55:30,Charging,Charging,100,0,88.114,0,22,393.13,25,8.649
2026-01-01 20:55:40,Charging,Charging,100,0,88.148,0,22,393.16,25,8.65
2026-01-01 20:55:50,Charging,Charging,100,0,88.181,0,22,393.19,25,8.65
2026-01-01 20:56:00,Charging,Charging,100,0,88.215,0,22,393.23,25,8.651
2026-01-01 20:56:10,Charging,Charging,100,0,88.248,0,22,393.26,25,8.652
2026-01-01 20:56:20,Charging,Charging,100,0,88.281,0,22,393.29,25,8.652
2026-01-01 20:56:30,Charging,Charging,100,0,88.315,0,22,393.33,25,8.653
2026-01-01 20:56:40,Charging,Charging,100,0,88.348,0,22,393.36,25,8.654
2026-01-01 20:56:50,Charging,Charging,100,0,88.382,0,22,393.39,25,8.655
2026-01-01 20:57:00,Charging,Charging,100,0,88.415,0,22,393.43,25,8.655
2026-01-01 20:57:10,Charging,Charging,100,0,88.448,0,22,393.46,25,8.656
2026-01-01 20:57:20,Charging,Charging,100,0,88.482,0,22,393.49,25,8.657
2026-01-01 20:57:30,Charging,Charging,100,0,88.515,0,22,393.53,25,8.658
2026-01-01 20:57:40,Charging,Charging,100,0,88.549,0,22,393.56,25,8.658
2026-01-01 20:57:50,Charging,Charging,100,0,88.582,0,22,393.59,25,8.659
2026-01-01 20:58:00,Charging,Charging,100,0,88.616,0,22,393.63,25,8.66
2026-01-01 20:58:10,Charging,Charging,100,0,88.649,0,22,393.66,25,8.661
2026-01-01 20:58:20,Charging,Charging,100,0,88.682,0,22,393.69,25,8.661
2026-01-01 20:58:30,Charging,Charging,100,0,88.716,0,22,393.73,25,8.662
2026-01-01 20:58:40,Charging,Charging,100,0,88.749,0,22,393.76,25,8.663
2026-01-01 20:58:50,Charging,Charging,100,0,88.783,0,22,393.79,25,8.663
2026-01-01 20:59:00,Charging,Charging,100,0,88.816,0,22,393.83,25,8.664
2026-01-01 20:59:10,Charging,Charging,100,0,88.85,0,22,393.86,25,8.665
2026-01-01 20:59:20,Charging,Charging,100,0,88.883,0,22,393.89,25,8.666
2026-01-01 20:59:30,Charging,Charging,100,0,88.916,0,22,393.93,25,8.666
2026-01-01 20:59:40,Charging,Charging,100,0,88.95,0,22,393.96,25,8.667
2026-01-01 20:59:50,Charging,Charging,100,0,88.983,0,22,393.99,25,8.668
2026-01-01 21:00:00,Charging,Charging,100,0,89.017,0,22,394.03,25,8.669
2026-01-01 21:00:10,Charging,Charging,100,0,89.05,0,22,394.06,25,8.669
2026-01-01 21:00:20,Charging,Charging,100,0,89.084,0,22,394.09,25,8.67
2026-01-01 21:00:30,Charging,Charging,100,0,89.117,0,22,394.13,25,8.671
2026-01-01 21:00:40,Charging,Charging,100,0,89.15,0,22,394.16,25,8.672
2026-01-01 21:00:50,Charging,Charging,100,0,89.184,0,22,394.19,25,8.672
2026-01-01 21:01:00,Charging,Charging,100,0,89.217,0,22,394.23,25,8.673
2026-01-01 21:01:10,Charging,Charging,100,0,89.251,0,22,394.26,25,8.674
2026-01-01 21:01:20,Charging,Charging,100,0,89.284,0,22,394.29,25,8.674
2026-01-01 21:01:30,Charging,Charging,100,0,89.318,0,22,394.33,25,8.675
2026-01-01 21:01:40,Charging,Charging,100,0,89.351,0,22,394.36,25,8.676
2026-01-01 21:01:50,Charging,Charging,100,0,89.384,0,22,394.39,25,8.677
2026-01-01 21:02:00,Charging,Charging,100,0,89.418,0,22,394.43,25,8.677
2026-01-01 21:02:10,Charging,Charging,100,0,89.451,0,22,394.46,25,8.678
2026-01-01 21:02:20,Charging,Charging,100,0,89.485,0,22,394.49,25,8.679
2026-01-01 21:02:30,Charging,Charging,100,0,89.518,0,22,394.53,25,8.68
2026-01-01 21:02:40,Charging,Charging,100,0,89.552,0,22,394.56,25,8.68
2026-01-01 21:02:50,Charging,Charging,100,0,89.585,0,22,394.59,25,8.681
2026-01-01 21:03:00,Charging,Charging,100,0,89.618,0,22,394.63,25,8.682
2026-01-01 21:03:10,Charging,Charging,100,0,89.652,0,22,394.66,25,8.683
2026-01-01 21:03:20,Charging,Charging,100,0,89.685,0,22,394.69,25,8.683
2026-01-01 21:03:30,Charging,Charging,100,0,89.719,0,22,394.73,25,8.684
2026-01-01 21:03:40,Charging,Charging,100,0,89.752,0,22,394.76,25,8.685
2026-01-01 21:03:50,Charging,Charging,100,0,89.786,0,22,394.79,25,8.685
2026-01-01 21:04:00,Charging,Charging,100,0,89.819,0,22,394.83,25,8.686
2026-01-01 21:04:10,Charging,Charging,100,0,89.852,0,22,394.86,25,8.687
2026-01-01 21:04:20,Charging,Charging,100,0,89.886,0,22,394.89,25,8.688
2026-01-01 21:04:30,Charging,Charging,100,0,89.919,0,22,394.93,25,8.688
2026-01-01 21:04:40,Charging,Charging,100,0,89.953,0,22,394.96,25,8.689
2026-01-01 21:04:50,Charging,Charging,100,0,89.986,0,22,394.99,25,8.69
2026-01-01 21:05:00,Charging,Charging,100,0,90.02,0,22,395.03,25,8.691
2026-01-01 21:05:10,Charging,Charging,100,0,90.053,0,22,395.06,25,8.691
2026-01-01 21:05:20,Charging,Charging,100,0,90.086,0,22,395.09,25,8.692
2026-01-01 21:05:30,Charging,Charging,100,0,90.12,0,22,395.13,25,8.693
2026-01-01 21:05:40,Charging,Charging,100,0,90.153,0,22,395.16,25,8.694
2026-01-01 21:05:50,Charging,Charging,100,0,90.187,0,22,395.19,25,8.694
2026-01-01 21:06:00,Charging,Charging,100,0,90.22,0,22,395.23,25,8.695
2026-01-01 21:06:10,Charging,Charging,100,0,90.254,0,22,395.26,25,8.696
2026-01-01 21:06:20,Charging,Charging,100,0,90.287,0,22,395.29,25,8.696
2026-01-01 21:06:30,Charging,Charging,100,0,90.32,0,22,395.33,25,8.697
2026-01-01 21:06:40,Charging,Charging,100,0,90.354,0,22,395.36,25,8.698
2026-01-01 21:06:50,Charging,Charging,100,0,90.387,0,22,395.39,25,8.699
2026-01-01 21:07:00,Charging,Charging,100,0,90.421,0,22,395.43,25,8.699
2026-01-01 21:07:10,Charging,Charging,100,0,90.454,0,22,395.46,25,8.7
2026-01-01 21:07:20,Charging,Charging,100,0,90.487,0,22,395.49,25,8.701
2026-01-01 21:07:30,Charging,Charging,100,0,90.521,0,22,395.53,25,8.702
2026-01-01 21:07:40,Charging,Charging,100,0,90.554,0,22,395.56,25,8.702
2026-01-01 21:07:50,Charging,Charging,100,0,90.588,0,22,395.6,25,8.703
2026-01-01 21:08:00,Charging,Charging,100,0,90.621,0,22,395.63,25,8.704
2026-01-01 21:08:10,Charging,Charging,100,0,90.655,0,22,395.66,25,8.705
2026-01-01 21:08:20,Charging,Charging,100,0,90.688,0,22,395.7,25,8.705
2026-01-01 21:08:30,Charging,Charging,100,0,90.721,0,22,395.73,25,8.706
2026-01-01 21:08:40,Charging,Charging,100,0,90.755,0,22,395.76,25,8.707
2026-01-01 21:08:50,Charging,Charging,100,0,90.788,0,22,395.8,25,8.708
2026-01-01 21:09:00,Charging,Charging,100,0,90.822,0,22,395.83,25,8.708
2026-01-01 21:09:10,Charging,Charging,100,0,90.855,0,22,395.86,25,8.709
2026-01-01 21:09:20,Charging,Charging,100,0,90.889,0,22,395.9,25,8.71
2026-01-01 21:09:30,Charging,Charging,100,0,90.922,0,22,395.93,25,8.71
2026-01-01 21:09:40,Charging,Charging,100,0,90.955,0,22,395.96,25,8.711
2026-01-01 21:09:50,Charging,Charging,100,0,90.989,0,22,396,25,8.712
2026-01-01 21:10:00,Charging,Charging,100,0,91.022,0,22,396.03,25,8.713
2026-01-01 21:10:10,Charging,Charging,100,0,91.056,0,22,396.06,25,8.713
2026-01-01 21:10:20,Charging,Charging,100,0,91.089,0,22,396.1,25,8.714
2026-01-01 21:10:30,Charging,Charging,100,0,91.123,0,22,396.13,25,8.715
2026-01-01 21:10:40,Charging,Charging,100,0,91.156,0,22,396.16,25,8.716
2026-01-01 21:10:50,Charging,Charging,100,0,91.189,0,22,396.2,25,8.716
2026-01-01 21:11:00,Charging,Charging,100,0,91.223,0,22,396.23,25,8.717
2026-01-01 21:11:10,Charging,Charging,100,0,91.256,0,22,396.26,25,8.718
2026-01-01 21:11:20,Charging,Charging,100,0,91.29,0,22,396.3,25,8.719
2026-01-01 21:11:30,Charging,Charging,100,0,91.323,0,22,396.33,25,8.719
2026-01-01 21:11:40,Charging,Charging,100,0,91.357,0,22,396.36,25,8.72
2026-01-01 21:11:50,Charging,Charging,100,0,91.39,0,22,396.4,25,8.721
2026-01-01 21:12:00,Charging,Charging,100,0,91.423,0,22,396.43,25,8.721
2026-01-01 21:12:10,Charging,Charging,100,0,91.457,0,22,396.46,25,8.722
2026-01-01 21:12:20,Charging,Charging,100,0,91.49,0,22,396.5,25,8.723
2026-01-01 21:12:30,Charging,Charging,100,0,91.524,0,22,396.53,25,8.724
2026-01-01 21:12:40,Charging,Charging,100,0,91.557,0,22,396.56,25,8.724
2026-01-01 21:12:50,Charging,Charging,100,0,91.591,0,22,396.6,25,8.725
2026-01-01 21:13:00,Charging,Charging,100,0,91.624,0,22,396.63,25,8.726
2026-01-01 21:13:10,Charging,Charging,100,0,91.657,0,22,396.66,25,8.727
2026-01-01 21:13:20,Charging,Charging,100,0,91.691,0,22,396.7,25,8.727
2026-01-01 21:13:30,Charging,Charging,100,0,91.724,0,22,396.73,25,8.728
2026-01-01 21:13:40,Charging,Charging,100,0,91.758,0,22,396.76,25,8.729
2026-01-01 21:13:50,Charging,Charging,100,0,91.791,0,22,396.8,25,8.73
2026-01-01 21:14:00,Charging,Charging,100,0,91.825,0,22,396.83,25,8.73
2026-01-01 21:14:10,Charging,Charging,100,0,91.858,0,22,396.86,25,8.731
2026-01-01 21:14:20,Charging,Charging,100,0,91.891,0,22,396.9,25,8.732
2026-01-01 21:14:30,Charging,Charging,100,0,91.925,0,22,396.93,25,8.732
2026-01-01 21:14:40,Charging,Charging,100,0,91.958,0,22,396.96,25,8.733
2026-01-01 21:14:50,Charging,Charging,100,0,91.992,0,22,397,25,8.734
2026-01-01 21:15:00,Charging,Charging,100,0,92.025,0,22,397.03,25,8.735
2026-01-01 21:15:10,Charging,Charging,100,0,92.059,0,22,397.06,25,8.735
2026-01-01 21:15:20,Charging,Charging,100,0,92.092,0,22,397.1,25,8.736
2026-01-01 21:15:30,Charging,Charging,100,0,92.125,0,22,397.13,25,8.737
2026-01-01 21:15:40,Charging,Charging,100,0,92.159,0,22,397.16,25,8.738
2026-01-01 21:15:50,Charging,Charging,100,0,92.192,0,22,397.2,25,8.738
2026-01-01 21:16:00,Charging,Charging,100,0,92.226,0,22,397.23,25,8.739
2026-01-01 21:16:10,Charging,Charging,100,0,92.259,0,22,397.26,25,8.74
2026-01-01 21:16:20,Charging,Charging,100,0,92.292,0,22,397.3,25,8.741
2026-01-01 21:16:30,Charging,Charging,100,0,92.326,0,22,397.33,25,8.741
2026-01-01 21:16:40,Charging,Charging,100,0,92.359,0,22,397.36,25,8.742
2026-01-01 21:16:50,Charging,Charging,100,0,92.393,0,22,397.4,25,8.743
2026-01-01 21:17:00,Charging,Charging,100,0,92.426,0,22,397.43,25,8.743
2026-01-01 21:17:10,Charging,Charging,100,0,92.46,0,22,397.46,25,8.744
2026-01-01 21:17:20,Charging,Charging,100,0,92.493,0,22,397.5,25,8.745
2026-01-01 21:17:30,Charging,Charging,100,0,92.526,0,22,397.53,25,8.746
2026-01-01 21:17:40,Charging,Charging,100,0,92.56,0,22,397.56,25,8.746
2026-01-01 21:17:50,Charging,Charging,100,0,92.593,0,22,397.6,25,8.747
2026-01-01 21:18:00,Charging,Charging,100,0,92.627,0,22,397.63,25,8.748
2026-01-01 21:18:10,Charging,Charging,100,0,92.66,0,22,397.66,25,8.749
2026-01-01 21:18:20,Charging,Charging,100,0,92.694,0,22,397.7,25,8.749
2026-01-01 21:18:30,Charging,Charging,100,0,92.727,0,22,397.73,25,8.75
2026-01-01 21:18:40,Charging,Charging,100,0,92.76,0,22,397.76,25,8.751
2026-01-01 21:18:50,Charging,Charging,100,0,92.794,0,22,397.8,25,8.752
2026-01-01 21:19:00,Charging,Charging,100,0,92.827,0,22,397.83,25,8.752
2026-01-01 21:19:10,Charging,Charging,100,0,92.861,0,22,397.86,25,8.753
2026-01-01 21:19:20,Charging,Charging,100,0,92.894,0,22,397.9,25,8.754
2026-01-01 21:19:30,Charging,Charging,100,0,92.928,0,22,397.93,25,8.754
2026-01-01 21:19:40,Charging,Charging,100,0,92.961,0,22,397.96,25,8.755
2026-01-01 21:19:50,Charging,Charging,100,0,92.994,0,22,398,25,8.756
2026-01-01 21:20:00,Charging,Charging,100,0,93.028,0,22,398.03,25,8.757
2026-01-01 21:20:10,Charging,Charging,100,0,93.061,0,22,398.06,25,8.757
2026-01-01 21:20:20,Charging,Charging,100,0,93.095,0,22,398.1,25,8.758
2026-01-01 21:20:30,Charging,Charging,100,0,93.128,0,22,398.13,25,8.759
2026-01-01 21:20:40,Charging,Charging,100,0,93.162,0,22,398.16,25,8.76
2026-01-01 21:20:50,Charging,Charging,100,0,93.195,0,22,398.2,25,8.76
2026-01-01 21:21:00,Charging,Charging,100,0,93.228,0,22,398.23,25,8.761
2026-01-01 21:21:10,Charging,Charging,100,0,93.262,0,22,398.26,25,8.762
2026-01-01 21:21:20,Charging,Charging,100,0,93.295,0,22,398.3,25,8.763
2026-01-01 21:21:30,Charging,Charging,100,0,93.329,0,22,398.33,25,8.763
2026-01-01 21:21:40,Charging,Charging,100,0,93.362,0,22,398.36,25,8.764
2026-01-01 21:21:50,Charging,Charging,100,0,93.396,0,22,398.4,25,8.765
2026-01-01 21:22:00,Charging,Charging,100,0,93.429,0,22,398.43,25,8.765
2026-01-01 21:22:10,Charging,Charging,100,0,93.462,0,22,398.46,25,8.766
2026-01-01 21:22:20,Charging,Charging,100,0,93.496,0,22,398.5,25,8.767
2026-01-01 21:22:30,Charging,Charging,100,0,93.529,0,22,398.53,25,8.768
2026-01-01 21:22:40,Charging,Charging,100,0,93.563,0,22,398.57,25,8.769
2026-01-01 21:22:50,Charging,Charging,100,0,93.596,0,22,398.6,25,8.769
2026-01-01 21:23:00,Charging,Charging,100,0,93.63,0,22,398.63,25,8.77
2026-01-01 21:23:10,Charging,Charging,100,0,93.663,0,22,398.67,25,8.771
2026-01-01 21:23:20,Charging,Charging,100,0,93.696,0,22,398.7,25,8.771
2026-01-01 21:23:30,Charging,Charging,100,0,93.73,0,22,398.73,25,8.772
2026-01-01 21:23:40,Charging,Charging,100,0,93.763,0,22,398.77,25,8.773
2026-01-01 21:23:50,Charging,Charging,100,0,93.797,0,22,398.8,25,8.774
2026-01-01 21:24:00,Charging,Charging,100,0,93.83,0,22,398.83,25,8.774
2026-01-01 21:24:10,Charging,Charging,100,0,93.864,0,22,398.87,25,8.775
2026-01-01 21:24:20,Charging,Charging,100,0,93.897,0,22,398.9,25,8.776
2026-01-01 21:24:30,Charging,Charging,100,0,93.93,0,22,398.93,25,8.776
2026-01-01 21:24:40,Charging,Charging,100,0,93.964,0,22,398.97,25,8.777
2026-01-01 21:24:50,Charging,Charging,100,0,93.997,0,22,399,25,8.778
2026-01-01 21:25:00,Charging,Charging,100,0,94.031,0,22,399.03,25,8.779
2026-01-01 21:25:10,Charging,Charging,100,0,94.064,0,22,399.07,25,8.78
2026-01-01 21:25:20,Charging,Charging,100,0,94.097,0,22,399.1,25,8.78
2026-01-01 21:25:30,Charging,Charging,100,0,94.131,0,22,399.13,25,8.781
2026-01-01 21:25:40,Charging,Charging,100,0,94.164,0,22,399.17,25,8.782
2026-01-01 21:25:50,Charging,Charging,100,0,94.198,0,22,399.2,25,8.782
2026-01-01 21:26:00,Charging,Charging,100,0,94.231,0,22,399.23,25,8.783
2026-01-01 21:26:10,Charging,Charging,100,0,94.265,0,22,399.27,25,8.784
2026-01-01 21:26:20,Charging,Charging,100,0,94.298,0,22,399.3,25,8.785
2026-01-01 21:26:30,Charging,Charging,100,0,94.331,0,22,399.33,25,8.785
2026-01-01 21:26:40,Charging,Charging,100,0,94.365,0,22,399.37,25,8.786
2026-01-01 21:26:50,Charging,Charging,100,0,94.398,0,22,399.4,25,8.787
2026-01-01 21:27:00,Charging,Charging,100,0,94.432,0,22,399.43,25,8.787
2026-01-01 21:27:10,Charging,Charging,100,0,94.465,0,22,399.47,25,8.788
2026-01-01 21:27:20,Charging,Charging,100,0,94.499,0,22,399.5,25,8.789
2026-01-01 21:27:30,Charging,Charging,100,0,94.532,0,22,399.53,25,8.79
2026-01-01 21:27:40,Charging,Charging,100,0,94.565,0,22,399.57,25,8.791
2026-01-01 21:27:50,Charging,Charging,100,0,94.599,0,22,399.6,25,8.791
2026-01-01 21:28:00,Charging,Charging,100,0,94.632,0,22,399.63,25,8.792
2026-01-01 21:28:10,Charging,Charging,100,0,94.666,0,22,399.67,25,8.793
2026-01-01 21:28:20,Charging,Charging,100,0,94.699,0,22,399.7,25,8.793
2026-01-01 21:28:30,Charging,Charging,100,0,94.733,0,22,399.73,25,8.794
2026-01-01 21:28:40,Charging,Charging,100,0,94.766,0,22,399.77,25,8.795
2026-01-01 21:28:50,Charging,Charging,100,0,94.799,0,22,399.8,25,8.796
2026-01-01 21:29:00,Charging,Charging,100,0,94.833,0,22,399.83,25,8.796
2026-01-01 21:29:10,Charging,Charging,100,0,94.866,0,22,399.87,25,8.797
2026-01-01 21:29:20,Charging,Charging,100,0,94.9,0,22,399.9,25,8.798
2026-01-01 21:29:30,Charging,Charging,100,0,94.933,0,22,399.93,25,8.798
2026-01-01 21:29:40,Charging,Charging,100,0,94.967,0,22,399.97,25,8.799
2026-01-01 21:29:50,Charging,Charging,100,0,95,0,22,400,25,8.8
2026-01-01 21:30:00,Idle,Idle,100,0,95,0,-0.1,395,25,-0.04
2026-01-01 21:30:10,Idle,Idle,100,0,95,0,-0.1,395,25,-0.04
2026-01-01 21:30:20,Idle,Idle,100,0,95,0,-0.1,395,25,-0.04
2026-01-01 21:30:30,Idle,Idle,100,0,95,0,-0.1,395,25,-0.04
2026-01-01 21:30:40,Idle,Idle,100,0,95,0,-0.1,395,25,-0.04
2026-01-01 21:30:50,Idle,Idle,100,0,95,0,-0.1,395,25,-0.04
2026-01-01 21:31:00,Idle,Idle,100,0,95,0,-0.1,395,25,-0.04
2026-01-01 21:31:10,Idle,Idle,100,0,95,0,-0.1,395,25,-0.04
2026-01-01 21:31:20,Idle,Idle,100,0,95,0,-0.1,395,25,-0.04
2026-01-01 21:31:30,Idle,Idle,100,0,95,0,-0.1,395,25,-0.04
2026-01-01 21:31:40,Idle,Idle,100,0,95,0,-0.1,395,25,-0.04
2026-01-01 21:31:50,Idle,Idle,100,0,95,0,-0.1,395,25,-0.04
2026-01-01 21:32:00,Idle,Idle,100,0,95,0,-0.1,395,25,-0.04
2026-01-01 21:32:10,Idle,Idle,100,0,95,0,-0.1,395,25,-0.04
2026-01-01 21:32:20,Idle,Idle,100,0,95,0,-0.1,395,25,-0.04
2026-01-01 21:32:30,Idle,Idle,100,0,95,0,-0.1,395,25,-0.04
2026-01-01 21:32:40,Idle,Idle,100,0,95,0,-0.1,395,25,-0.04
2026-01-01 21:32:50,Idle,Idle,100,0,95,0,-0.1,395,25,-0.04
2026-01-01 21:33:00,Idle,Idle,100,0,95,0,-0.1,395,25,-0.04
2026-01-01 21:33:10,Idle,Idle,100,0,95,0,-0.1,395,25,-0.04
2026-01-01 21:33:20,Idle,Idle,100,0,95,0,-0.1,395,25,-0.04
2026-01-01 21:33:30,Idle,Idle,100,0,95,0,-0.1,395,25,-0.04
2026-01-01 21:33:40,Idle,Idle,100,0,95,0,-0.1,395,25,-0.04
2026-01-01 21:33:50,Idle,Idle,100,0,94.999,0,-0.1,395,25,-0.04
2026-01-01 21:34:00,Idle,Idle,100,0,94.999,0,-0.1,395,25,-0.04
2026-01-01 21:34:10,Idle,Idle,100,0,94.999,0,-0.1,395,25,-0.04
2026-01-01 21:34:20,Idle,Idle,100,0,94.999,0,-0.1,395,25,-0.04
2026-01-01 21:34:30,Idle,Idle,100,0,94.999,0,-0.1,395,25,-0.04
2026-01-01 21:34:40,Idle,Idle,100,0,94.999,0,-0.1,395,25,-0.04
2026-01-01 21:34:50,Idle,Idle,100,0,94.999,0,-0.1,395,25,-0.04
2026-01-01 21:35:00,Idle,Idle,100,0,94.999,0,-0.1,395,25,-0.04
2026-01-01 21:35:10,Idle,Idle,100,0,94.999,0,-0.1,395,25,-0.04
2026-01-01 21:35:20,Idle,Idle,100,0,94.999,0,-0.1,395,25,-0.04
2026-01-01 21:35:30,Idle,Idle,100,0,94.999,0,-0.1,395,25,-0.04
2026-01-01 21:35:40,Idle,Idle,100,0,94.999,0,-0.1,395,25,-0.04
2026-01-01 21:35:50,Idle,Idle,100,0,94.999,0,-0.1,395,25,-0.04
2026-01-01 21:36:00,Idle,Idle,100,0,94.999,0,-0.1,395,25,-0.04
2026-01-01 21:36:10,Idle,Idle,100,0,94.999,0,-0.1,395,25,-0.04
2026-01-01 21:36:20,Idle,Idle,100,0,94.999,0,-0.1,395,25,-0.04
2026-01-01 21:36:30,Idle,Idle,100,0,94.999,0,-0.1,395,25,-0.04
2026-01-01 21:36:40,Idle,Idle,100,0,94.999,0,-0.1,395,25,-0.04
2026-01-01 21:36:50,Idle,Idle,100,0,94.999,0,-0.1,395,25,-0.04
2026-01-01 21:37:00,Idle,Idle,100,0,94.999,0,-0.1,395,25,-0.04
2026-01-01 21:37:10,Idle,Idle,100,0,94.999,0,-0.1,395,25,-0.04
2026-01-01 21:37:20,Idle,Idle,100,0,94.999,0,-0.1,395,25,-0.04
2026-01-01 21:37:30,Idle,Idle,100,0,94.999,0,-0.1,395,25,-0.04
2026-01-01 21:37:40,Idle,Idle,100,0,94.999,0,-0.1,395,25,-0.04
2026-01-01 21:37:50,Idle,Idle,100,0,94.999,0,-0.1,395,25,-0.04
2026-01-01 21:38:00,Idle,Idle,100,0,94.999,0,-0.1,395,25,-0.04
2026-01-01 21:38:10,Idle,Idle,100,0,94.999,0,-0.1,395,25,-0.04
2026-01-01 21:38:20,Idle,Idle,100,0,94.999,0,-0.1,395,25,-0.04
2026-01-01 21:38:30,Idle,Idle,100,0,94.999,0,-0.1,395,25,-0.04
2026-01-01 21:38:40,Idle,Idle,100,0,94.999,0,-0.1,395,25,-0.04
2026-01-01 21:38:50,Idle,Idle,100,0,94.999,0,-0.1,395,25,-0.04
2026-01-01 21:39:00,Idle,Idle,100,0,94.999,0,-0.1,395,25,-0.04
2026-01-01 21:39:10,Idle,Idle,100,0,94.999,0,-0.1,395,25,-0.04
2026-01-01 21:39:20,Idle,Idle,100,0,94.999,0,-0.1,395,25,-0.04
2026-01-01 21:39:30,Idle,Idle,100,0,94.999,0,-0.1,395,25,-0.04
2026-01-01 21:39:40,Idle,Idle,100,0,94.999,0,-0.1,395,25,-0.04
2026-01-01 21:39:50,Idle,Idle,100,0,94.999,0,-0.1,395,25,-0.04
2026-01-01 21:40:00,Idle,Idle,100,0,94.999,0,-0.1,395,25,-0.04
2026-01-01 21:40:10,Idle,Idle,100,0,94.999,0,-0.1,395,25,-0.04
2026-01-01 21:40:20,Idle,Idle,100,0,94.999,0,-0.1,395,25,-0.04
2026-01-01 21:40:30,Idle,Idle,100,0,94.999,0,-0.1,395,25,-0.04
2026-01-01 21:40:40,Idle,Idle,100,0,94.999,0,-0.1,395,25,-0.04
2026-01-01 21:40:50,Idle,Idle,100,0,94.999,0,-0.1,395,25,-0.04
2026-01-01 21:41:00,Idle,Idle,100,0,94.999,0,-0.1,395,25,-0.04
2026-01-01 21:41:10,Idle,Idle,100,0,94.999,0,-0.1,395,25,-0.04
2026-01-01 21:41:20,Idle,Idle,100,0,94.998,0,-0.1,395,25,-0.04
2026-01-01 21:41:30,Idle,Idle,100,0,94.998,0,-0.1,395,25,-0.04
2026-01-01 21:41:40,Idle,Idle,100,0,94.998,0,-0.1,395,25,-0.04
2026-01-01 21:41:50,Idle,Idle,100,0,94.998,0,-0.1,395,25,-0.04
2026-01-01 21:42:00,Idle,Idle,100,0,94.998,0,-0.1,395,25,-0.04
2026-01-01 21:42:10,Idle,Idle,100,0,94.998,0,-0.1,395,25,-0.04
2026-01-01 21:42:20,Idle,Idle,100,0,94.998,0,-0.1,395,25,-0.04
2026-01-01 21:42:30,Idle,Idle,100,0,94.998,0,-0.1,395,25,-0.04
2026-01-01 21:42:40,Idle,Idle,100,0,94.998,0,-0.1,395,25,-0.04
2026-01-01 21:42:50,Idle,Idle,100,0,94.998,0,-0.1,395,25,-0.04
2026-01-01 21:43:00,Idle,Idle,100,0,94.998,0,-0.1,395,25,-0.04
2026-01-01 21:43:10,Idle,Idle,100,0,94.998,0,-0.1,395,25,-0.04
2026-01-01 21:43:20,Idle,Idle,100,0,94.998,0,-0.1,395,25,-0.04
2026-01-01 21:43:30,Idle,Idle,100,0,94.998,0,-0.1,395,25,-0.04
2026-01-01 21:43:40,Idle,Idle,100,0,94.998,0,-0.1,395,25,-0.04
2026-01-01 21:43:50,Idle,Idle,100,0,94.998,0,-0.1,395,25,-0.04
2026-01-01 21:44:00,Idle,Idle,100,0,94.998,0,-0.1,395,25,-0.04
2026-01-01 21:44:10,Idle,Idle,100,0,94.998,0,-0.1,395,25,-0.04
2026-01-01 21:44:20,Idle,Idle,100,0,94.998,0,-0.1,395,25,-0.04
2026-01-01 21:44:30,Idle,Idle,100,0,94.998,0,-0.1,395,25,-0.04
2026-01-01 21:44:40,Idle,Idle,100,0,94.998,0,-0.1,395,25,-0.04
2026-01-01 21:44:50,Idle,Idle,100,0,94.998,0,-0.1,395,25,-0.04
2026-01-01 21:45:00,Idle,Idle,100,0,94.998,0,-0.1,395,25,-0.04
2026-01-01 21:45:10,Idle,Idle,100,0,94.998,0,-0.1,395,25,-0.04
2026-01-01 21:45:20,Idle,Idle,100,0,94.998,0,-0.1,395,25,-0.04
2026-01-01 21:45:30,Idle,Idle,100,0,94.998,0,-0.1,395,25,-0.04
2026-01-01 21:45:40,Idle,Idle,100,0,94.998,0,-0.1,395,25,-0.04
2026-01-01 21:45:50,Idle,Idle,100,0,94.998,0,-0.1,395,25,-0.04
2026-01-01 21:46:00,Idle,Idle,100,0,94.998,0,-0.1,395,25,-0.04
2026-01-01 21:46:10,Idle,Idle,100,0,94.998,0,-0.1,395,25,-0.04
2026-01-01 21:46:20,Idle,Idle,100,0,94.998,0,-0.1,395,25,-0.04
2026-01-01 21:46:30,Idle,Idle,100,0,94.998,0,-0.1,395,25,-0.04
2026-01-01 21:46:40,Idle,Idle,100,0,94.998,0,-0.1,395,25,-0.04
2026-01-01 21:46:50,Idle,Idle,100,0,94.998,0,-0.1,395,25,-0.04
2026-01-01 21:47:00,Idle,Idle,100,0,94.998,0,-0.1,395,25,-0.04
2026-01-01 21:47:10,Idle,Idle,100,0,94.998,0,-0.1,395,25,-0.04
2026-01-01 21:47:20,Idle,Idle,100,0,94.998,0,-0.1,395,25,-0.04
2026-01-01 21:47:30,Idle,Idle,100,0,94.998,0,-0.1,395,25,-0.04
2026-01-01 21:47:40,Idle,Idle,100,0,94.998,0,-0.1,395,25,-0.04
2026-01-01 21:47:50,Idle,Idle,100,0,94.998,0,-0.1,395,25,-0.04
2026-01-01 21:48:00,Idle,Idle,100,0,94.998,0,-0.1,395,25,-0.04
2026-01-01 21:48:10,Idle,Idle,100,0,94.998,0,-0.1,395,25,-0.04
2026-01-01 21:48:20,Idle,Idle,100,0,94.998,0,-0.1,395,25,-0.04
2026-01-01 21:48:30,Idle,Idle,100,0,94.998,0,-0.1,395,25,-0.04
2026-01-01 21:48:40,Idle,Idle,100,0,94.998,0,-0.1,395,25,-0.04
2026-01-01 21:48:50,Idle,Idle,100,0,94.997,0,-0.1,395,25,-0.04
2026-01-01 21:49:00,Idle,Idle,100,0,94.997,0,-0.1,395,25,-0.04
2026-01-01 21:49:10,Idle,Idle,100,0,94.997,0,-0.1,395,25,-0.04
2026-01-01 21:49:20,Idle,Idle,100,0,94.997,0,-0.1,395,25,-0.04
2026-01-01 21:49:30,Idle,Idle,100,0,94.997,0,-0.1,395,25,-0.04
2026-01-01 21:49:40,Idle,Idle,100,0,94.997,0,-0.1,395,25,-0.04
2026-01-01 21:49:50,Idle,Idle,100,0,94.997,0,-0.1,395,25,-0.04
2026-01-01 21:50:00,Idle,Idle,100,0,94.997,0,-0.1,395,25,-0.04
2026-01-01 21:50:10,Idle,Idle,100,0,94.997,0,-0.1,395,25,-0.04
2026-01-01 21:50:20,Idle,Idle,100,0,94.997,0,-0.1,395,25,-0.04
2026-01-01 21:50:30,Idle,Idle,100,0,94.997,0,-0.1,395,25,-0.04
2026-01-01 21:50:40,Idle,Idle,100,0,94.997,0,-0.1,395,25,-0.04
2026-01-01 21:50:50,Idle,Idle,100,0,94.997,0,-0.1,395,25,-0.04
2026-01-01 21:51:00,Idle,Idle,100,0,94.997,0,-0.1,395,25,-0.04
2026-01-01 21:51:10,Idle,Idle,100,0,94.997,0,-0.1,395,25,-0.04
2026-01-01 21:51:20,Idle,Idle,100,0,94.997,0,-0.1,395,25,-0.04
2026-01-01 21:51:30,Idle,Idle,100,0,94.997,0,-0.1,395,25,-0.04
2026-01-01 21:51:40,Idle,Idle,100,0,94.997,0,-0.1,395,25,-0.04
2026-01-01 21:51:50,Idle,Idle,100,0,94.997,0,-0.1,395,25,-0.04
2026-01-01 21:52:00,Idle,Idle,100,0,94.997,0,-0.1,395,25,-0.04
2026-01-01 21:52:10,Idle,Idle,100,0,94.997,0,-0.1,395,25,-0.04
2026-01-01 21:52:20,Idle,Idle,100,0,94.997,0,-0.1,395,25,-0.04
2026-01-01 21:52:30,Idle,Idle,100,0,94.997,0,-0.1,395,25,-0.04
2026-01-01 21:52:40,Idle,Idle,100,0,94.997,0,-0.1,395,25,-0.04
2026-01-01 21:52:50,Idle,Idle,100,0,94.997,0,-0.1,395,25,-0.04
2026-01-01 21:53:00,Idle,Idle,100,0,94.997,0,-0.1,395,25,-0.04
2026-01-01 21:53:10,Idle,Idle,100,0,94.997,0,-0.1,395,25,-0.04
2026-01-01 21:53:20,Idle,Idle,100,0,94.997,0,-0.1,395,25,-0.04
2026-01-01 21:53:30,Idle,Idle,100,0,94.997,0,-0.1,395,25,-0.04
2026-01-01 21:53:40,Idle,Idle,100,0,94.997,0,-0.1,395,25,-0.04
2026-01-01 21:53:50,Idle,Idle,100,0,94.997,0,-0.1,395,25,-0.04
2026-01-01 21:54:00,Idle,Idle,100,0,94.997,0,-0.1,395,25,-0.04
2026-01-01 21:54:10,Idle,Idle,100,0,94.997,0,-0.1,395,25,-0.04
2026-01-01 21:54:20,Idle,Idle,100,0,94.997,0,-0.1,395,25,-0.04
2026-01-01 21:54:30,Idle,Idle,100,0,94.997,0,-0.1,395,25,-0.04
2026-01-01 21:54:40,Idle,Idle,100,0,94.997,0,-0.1,395,25,-0.04
2026-01-01 21:54:50,Idle,Idle,100,0,94.997,0,-0.1,395,25,-0.04
2026-01-01 21:55:00,Idle,Idle,100,0,94.997,0,-0.1,395,25,-0.04
2026-01-01 21:55:10,Idle,Idle,100,0,94.997,0,-0.1,395,25,-0.04
2026-01-01 21:55:20,Idle,Idle,100,0,94.997,0,-0.1,395,25,-0.04
2026-01-01 21:55:30,Idle,Idle,100,0,94.997,0,-0.1,395,25,-0.04
2026-01-01 21:55:40,Idle,Idle,100,0,94.997,0,-0.1,395,25,-0.04
2026-01-01 21:55:50,Idle,Idle,100,0,94.997,0,-0.1,395,25,-0.04
2026-01-01 21:56:00,Idle,Idle,100,0,94.997,0,-0.1,395,25,-0.04
2026-01-01 21:56:10,Idle,Idle,100,0,94.997,0,-0.1,395,25,-0.04
2026-01-01 21:56:20,Idle,Idle,100,0,94.996,0,-0.1,395,25,-0.04
2026-01-01 21:56:30,Idle,Idle,100,0,94.996,0,-0.1,395,25,-0.04
2026-01-01 21:56:40,Idle,Idle,100,0,94.996,0,-0.1,395,25,-0.04
2026-01-01 21:56:50,Idle,Idle,100,0,94.996,0,-0.1,395,25,-0.04
2026-01-01 21:57:00,Idle,Idle,100,0,94.996,0,-0.1,395,25,-0.04
2026-01-01 21:57:10,Idle,Idle,100,0,94.996,0,-0.1,395,25,-0.04
2026-01-01 21:57:20,Idle,Idle,100,0,94.996,0,-0.1,395,25,-0.04
2026-01-01 21:57:30,Idle,Idle,100,0,94.996,0,-0.1,395,25,-0.04
2026-01-01 21:57:40,Idle,Idle,100,0,94.996,0,-0.1,395,25,-0.04
2026-01-01 21:57:50,Idle,Idle,100,0,94.996,0,-0.1,395,25,-0.04
2026-01-01 21:58:00,Idle,Idle,100,0,94.996,0,-0.1,395,25,-0.04
2026-01-01 21:58:10,Idle,Idle,100,0,94.996,0,-0.1,395,25,-0.04
2026-01-01 21:58:20,Idle,Idle,100,0,94.996,0,-0.1,395,25,-0.04
2026-01-01 21:58:30,Idle,Idle,100,0,94.996,0,-0.1,395,25,-0.04
2026-01-01 21:58:40,Idle,Idle,100,0,94.996,0,-0.1,395,25,-0.04
2026-01-01 21:58:50,Idle,Idle,100,0,94.996,0,-0.1,395,25,-0.04
2026-01-01 21:59:00,Idle,Idle,100,0,94.996,0,-0.1,395,25,-0.04
2026-01-01 21:59:10,Idle,Idle,100,0,94.996,0,-0.1,395,25,-0.04
2026-01-01 21:59:20,Idle,Idle,100,0,94.996,0,-0.1,395,25,-0.04
2026-01-01 21:59:30,Idle,Idle,100,0,94.996,0,-0.1,395,25,-0.04
2026-01-01 21:59:40,Idle,Idle,100,0,94.996,0,-0.1,395,25,-0.04
2026-01-01 21:59:50,Idle,Idle,100,0,94.996,0,-0.1,395,25,-0.04
2026-01-01 22:00:00,Idle,Idle,100,0,94.996,0,-0.1,395,25,-0.04
2026-01-01 22:00:10,Idle,Idle,100,0,94.996,0,-0.1,395,25,-0.04
2026-01-01 22:00:20,Idle,Idle,100,0,94.996,0,-0.1,395,25,-0.04
2026-01-01 22:00:30,Idle,Idle,100,0,94.996,0,-0.1,395,25,-0.04
2026-01-01 22:00:40,Idle,Idle,100,0,94.996,0,-0.1,395,25,-0.04
2026-01-01 22:00:50,Idle,Idle,100,0,94.996,0,-0.1,395,25,-0.04
2026-01-01 22:01:00,Idle,Idle,100,0,94.996,0,-0.1,395,25,-0.04
2026-01-01 22:01:10,Idle,Idle,100,0,94.996,0,-0.1,395,25,-0.04
2026-01-01 22:01:20,Idle,Idle,100,0,94.996,0,-0.1,395,25,-0.04
2026-01-01 22:01:30,Idle,Idle,100,0,94.996,0,-0.1,395,25,-0.04
2026-01-01 22:01:40,Idle,Idle,100,0,94.996,0,-0.1,395,25,-0.04
2026-01-01 22:01:50,Idle,Idle,100,0,94.996,0,-0.1,395,25,-0.04
2026-01-01 22:02:00,Idle,Idle,100,0,94.996,0,-0.1,395,25,-0.04
2026-01-01 22:02:10,Idle,Idle,100,0,94.996,0,-0.1,395,25,-0.04
2026-01-01 22:02:20,Idle,Idle,100,0,94.996,0,-0.1,395,25,-0.04
2026-01-01 22:02:30,Idle,Idle,100,0,94.996,0,-0.1,395,25,-0.04
2026-01-01 22:02:40,Idle,Idle,100,0,94.996,0,-0.1,395,25,-0.04
2026-01-01 22:02:50,Idle,Idle,100,0,94.996,0,-0.1,395,25,-0.04
2026-01-01 22:03:00,Idle,Idle,100,0,94.996,0,-0.1,395,25,-0.04
2026-01-01 22:03:10,Idle,Idle,100,0,94.996,0,-0.1,395,25,-0.04
2026-01-01 22:03:20,Idle,Idle,100,0,94.996,0,-0.1,395,25,-0.04
2026-01-01 22:03:30,Idle,Idle,100,0,94.996,0,-0.1,395,25,-0.04
2026-01-01 22:03:40,Idle,Idle,100,0,94.996,0,-0.1,395,25,-0.04
2026-01-01 22:03:50,Idle,Idle,100,0,94.995,0,-0.1,395,25,-0.04
2026-01-01 22:04:00,Idle,Idle,100,0,94.995,0,-0.1,395,25,-0.04
2026-01-01 22:04:10,Idle,Idle,100,0,94.995,0,-0.1,395,25,-0.04
2026-01-01 22:04:20,Idle,Idle,100,0,94.995,0,-0.1,395,25,-0.04
2026-01-01 22:04:30,Idle,Idle,100,0,94.995,0,-0.1,395,25,-0.04
2026-01-01 22:04:40,Idle,Idle,100,0,94.995,0,-0.1,395,25,-0.04
2026-01-01 22:04:50,Idle,Idle,100,0,94.995,0,-0.1,395,25,-0.04
2026-01-01 22:05:00,Idle,Idle,100,0,94.995,0,-0.1,395,25,-0.04
2026-01-01 22:05:10,Idle,Idle,100,0,94.995,0,-0.1,395,25,-0.04
2026-01-01 22:05:20,Idle,Idle,100,0,94.995,0,-0.1,395,25,-0.04
2026-01-01 22:05:30,Idle,Idle,100,0,94.995,0,-0.1,395,25,-0.04
2026-01-01 22:05:40,Idle,Idle,100,0,94.995,0,-0.1,395,25,-0.04
2026-01-01 22:05:50,Idle,Idle,100,0,94.995,0,-0.1,395,25,-0.04
2026-01-01 22:06:00,Idle,Idle,100,0,94.995,0,-0.1,395,25,-0.04
2026-01-01 22:06:10,Idle,Idle,100,0,94.995,0,-0.1,395,25,-0.04
2026-01-01 22:06:20,Idle,Idle,100,0,94.995,0,-0.1,395,25,-0.04
2026-01-01 22:06:30,Idle,Idle,100,0,94.995,0,-0.1,395,25,-0.04
2026-01-01 22:06:40,Idle,Idle,100,0,94.995,0,-0.1,395,25,-0.04
2026-01-01 22:06:50,Idle,Idle,100,0,94.995,0,-0.1,395,25,-0.04
2026-01-01 22:07:00,Idle,Idle,100,0,94.995,0,-0.1,395,25,-0.04
2026-01-01 22:07:10,Idle,Idle,100,0,94.995,0,-0.1,395,25,-0.04
2026-01-01 22:07:20,Idle,Idle,100,0,94.995,0,-0.1,395,25,-0.04
2026-01-01 22:07:30,Idle,Idle,100,0,94.995,0,-0.1,395,25,-0.04
2026-01-01 22:07:40,Idle,Idle,100,0,94.995,0,-0.1,395,25,-0.04
2026-01-01 22:07:50,Idle,Idle,100,0,94.995,0,-0.1,395,25,-0.04
2026-01-01 22:08:00,Idle,Idle,100,0,94.995,0,-0.1,395,25,-0.04
2026-01-01 22:08:10,Idle,Idle,100,0,94.995,0,-0.1,395,25,-0.04
2026-01-01 22:08:20,Idle,Idle,100,0,94.995,0,-0.1,395,25,-0.04
2026-01-01 22:08:30,Idle,Idle,100,0,94.995,0,-0.1,395,25,-0.04
2026-01-01 22:08:40,Idle,Idle,100,0,94.995,0,-0.1,395,25,-0.04
2026-01-01 22:08:50,Idle,Idle,100,0,94.995,0,-0.1,395,25,-0.04
2026-01-01 22:09:00,Idle,Idle,100,0,94.995,0,-0.1,395,25,-0.04
2026-01-01 22:09:10,Idle,Idle,100,0,94.995,0,-0.1,395,25,-0.04
2026-01-01 22:09:20,Idle,Idle,100,0,94.995,0,-0.1,395,25,-0.04
2026-01-01 22:09:30,Idle,Idle,100,0,94.995,0,-0.1,395,25,-0.04
2026-01-01 22:09:40,Idle,Idle,100,0,94.995,0,-0.1,395,25,-0.04
2026-01-01 22:09:50,Idle,Idle,100,0,94.995,0,-0.1,395,25,-0.04
2026-01-01 22:10:00,Idle,Idle,100,0,94.995,0,-0.1,395,25,-0.04
2026-01-01 22:10:10,Idle,Idle,100,0,94.995,0,-0.1,395,25,-0.04
2026-01-01 22:10:20,Idle,Idle,100,0,94.995,0,-0.1,395,25,-0.04
2026-01-01 22:10:30,Idle,Idle,100,0,94.995,0,-0.1,395,25,-0.04
2026-01-01 22:10:40,Idle,Idle,100,0,94.995,0,-0.1,395,25,-0.04
2026-01-01 22:10:50,Idle,Idle,100,0,94.995,0,-0.1,395,25,-0.04
2026-01-01 22:11:00,Idle,Idle,100,0,94.995,0,-0.1,395,25,-0.04
2026-01-01 22:11:10,Idle,Idle,100,0,94.995,0,-0.1,395,25,-0.04
2026-01-01 22:11:20,Idle,Idle,100,0,94.994,0,-0.1,395,25,-0.04
2026-01-01 22:11:30,Idle,Idle,100,0,94.994,0,-0.1,395,25,-0.04
2026-01-01 22:11:40,Idle,Idle,100,0,94.994,0,-0.1,395,25,-0.04
2026-01-01 22:11:50,Idle,Idle,100,0,94.994,0,-0.1,395,25,-0.04
2026-01-01 22:12:00,Idle,Idle,100,0,94.994,0,-0.1,395,25,-0.04
2026-01-01 22:12:10,Idle,Idle,100,0,94.994,0,-0.1,395,25,-0.04
2026-01-01 22:12:20,Idle,Idle,100,0,94.994,0,-0.1,395,25,-0.04
2026-01-01 22:12:30,Idle,Idle,100,0,94.994,0,-0.1,395,25,-0.04
2026-01-01 22:12:40,Idle,Idle,100,0,94.994,0,-0.1,395,25,-0.04
2026-01-01 22:12:50,Idle,Idle,100,0,94.994,0,-0.1,395,25,-0.04
2026-01-01 22:13:00,Idle,Idle,100,0,94.994,0,-0.1,395,25,-0.04
2026-01-01 22:13:10,Idle,Idle,100,0,94.994,0,-0.1,395,25,-0.04
2026-01-01 22:13:20,Idle,Idle,100,0,94.994,0,-0.1,395,25,-0.04
2026-01-01 22:13:30,Idle,Idle,100,0,94.994,0,-0.1,395,25,-0.04
2026-01-01 22:13:40,Idle,Idle,100,0,94.994,0,-0.1,395,25,-0.04
2026-01-01 22:13:50,Idle,Idle,100,0,94.994,0,-0.1,395,25,-0.04
2026-01-01 22:14:00,Idle,Idle,100,0,94.994,0,-0.1,395,25,-0.04
2026-01-01 22:14:10,Idle,Idle,100,0,94.994,0,-0.1,395,25,-0.04
2026-01-01 22:14:20,Idle,Idle,100,0,94.994,0,-0.1,395,25,-0.04
2026-01-01 22:14:30,Idle,Idle,100,0,94.994,0,-0.1,395,25,-0.04
2026-01-01 22:14:40,Idle,Idle,100,0,94.994,0,-0.1,395,25,-0.04
2026-01-01 22:14:50,Idle,Idle,100,0,94.994,0,-0.1,395,25,-0.04
2026-01-01 22:15:00,Idle,Idle,100,0,94.994,0,-0.1,395,25,-0.04
2026-01-01 22:15:10,Idle,Idle,100,0,94.994,0,-0.1,395,25,-0.04
2026-01-01 22:15:20,Idle,Idle,100,0,94.994,0,-0.1,395,25,-0.04
2026-01-01 22:15:30,Idle,Idle,100,0,94.994,0,-0.1,395,25,-0.04
2026-01-01 22:15:40,Idle,Idle,100,0,94.994,0,-0.1,395,25,-0.04
2026-01-01 22:15:50,Idle,Idle,100,0,94.994,0,-0.1,395,25,-0.04
2026-01-01 22:16:00,Idle,Idle,100,0,94.994,0,-0.1,395,25,-0.04
2026-01-01 22:16:10,Idle,Idle,100,0,94.994,0,-0.1,395,25,-0.04
2026-01-01 22:16:20,Idle,Idle,100,0,94.994,0,-0.1,395,25,-0.04
2026-01-01 22:16:30,Idle,Idle,100,0,94.994,0,-0.1,395,25,-0.04
2026-01-01 22:16:40,Idle,Idle,100,0,94.994,0,-0.1,395,25,-0.04
2026-01-01 22:16:50,Idle,Idle,100,0,94.994,0,-0.1,395,25,-0.04
2026-01-01 22:17:00,Idle,Idle,100,0,94.994,0,-0.1,395,25,-0.04
2026-01-01 22:17:10,Idle,Idle,100,0,94.994,0,-0.1,395,25,-0.04
2026-01-01 22:17:20,Idle,Idle,100,0,94.994,0,-0.1,395,25,-0.04
2026-01-01 22:17:30,Idle,Idle,100,0,94.994,0,-0.1,395,25,-0.04
2026-01-01 22:17:40,Idle,Idle,100,0,94.994,0,-0.1,395,25,-0.04
2026-01-01 22:17:50,Idle,Idle,100,0,94.994,0,-0.1,395,25,-0.04
2026-01-01 22:18:00,Idle,Idle,100,0,94.994,0,-0.1,395,25,-0.04
2026-01-01 22:18:10,Idle,Idle,100,0,94.994,0,-0.1,395,25,-0.04
2026-01-01 22:18:20,Idle,Idle,100,0,94.994,0,-0.1,395,25,-0.04
2026-01-01 22:18:30,Idle,Idle,100,0,94.994,0,-0.1,395,25,-0.04
2026-01-01 22:18:40,Idle,Idle,100,0,94.994,0,-0.1,395,25,-0.04
2026-01-01 22:18:50,Idle,Idle,100,0,94.993,0,-0.1,395,25,-0.04
2026-01-01 22:19:00,Idle,Idle,100,0,94.993,0,-0.1,395,25,-0.04
2026-01-01 22:19:10,Idle,Idle,100,0,94.993,0,-0.1,395,25,-0.04
2026-01-01 22:19:20,Idle,Idle,100,0,94.993,0,-0.1,395,25,-0.04
2026-01-01 22:19:30,Idle,Idle,100,0,94.993,0,-0.1,395,25,-0.04
2026-01-01 22:19:40,Idle,Idle,100,0,94.993,0,-0.1,395,25,-0.04
2026-01-01 22:19:50,Idle,Idle,100,0,94.993,0,-0.1,395,25,-0.04
2026-01-01 22:20:00,Idle,Idle,100,0,94.993,0,-0.1,395,25,-0.04
2026-01-01 22:20:10,Idle,Idle,100,0,94.993,0,-0.1,395,25,-0.04
2026-01-01 22:20:20,Idle,Idle,100,0,94.993,0,-0.1,395,25,-0.04
2026-01-01 22:20:30,Idle,Idle,100,0,94.993,0,-0.1,395,25,-0.04
2026-01-01 22:20:40,Idle,Idle,100,0,94.993,0,-0.1,395,25,-0.04
2026-01-01 22:20:50,Idle,Idle,100,0,94.993,0,-0.1,395,25,-0.04
2026-01-01 22:21:00,Idle,Idle,100,0,94.993,0,-0.1,395,25,-0.04
2026-01-01 22:21:10,Idle,Idle,100,0,94.993,0,-0.1,395,25,-0.04
2026-01-01 22:21:20,Idle,Idle,100,0,94.993,0,-0.1,395,25,-0.04
2026-01-01 22:21:30,Idle,Idle,100,0,94.993,0,-0.1,395,25,-0.04
2026-01-01 22:21:40,Idle,Idle,100,0,94.993,0,-0.1,395,25,-0.04
2026-01-01 22:21:50,Idle,Idle,100,0,94.993,0,-0.1,395,25,-0.04
2026-01-01 22:22:00,Idle,Idle,100,0,94.993,0,-0.1,395,25,-0.04
2026-01-01 22:22:10,Idle,Idle,100,0,94.993,0,-0.1,395,25,-0.04
2026-01-01 22:22:20,Idle,Idle,100,0,94.993,0,-0.1,395,25,-0.04
2026-01-01 22:22:30,Idle,Idle,100,0,94.993,0,-0.1,395,25,-0.04
2026-01-01 22:22:40,Idle,Idle,100,0,94.993,0,-0.1,395,25,-0.04
2026-01-01 22:22:50,Idle,Idle,100,0,94.993,0,-0.1,395,25,-0.04
2026-01-01 22:23:00,Idle,Idle,100,0,94.993,0,-0.1,395,25,-0.04
2026-01-01 22:23:10,Idle,Idle,100,0,94.993,0,-0.1,395,25,-0.04
2026-01-01 22:23:20,Idle,Idle,100,0,94.993,0,-0.1,395,25,-0.04
2026-01-01 22:23:30,Idle,Idle,100,0,94.993,0,-0.1,395,25,-0.04
2026-01-01 22:23:40,Idle,Idle,100,0,94.993,0,-0.1,395,25,-0.04
2026-01-01 22:23:50,Idle,Idle,100,0,94.993,0,-0.1,395,25,-0.04
2026-01-01 22:24:00,Idle,Idle,100,0,94.993,0,-0.1,395,25,-0.04
2026-01-01 22:24:10,Idle,Idle,100,0,94.993,0,-0.1,395,25,-0.04
2026-01-01 22:24:20,Idle,Idle,100,0,94.993,0,-0.1,395,25,-0.04
2026-01-01 22:24:30,Idle,Idle,100,0,94.993,0,-0.1,395,25,-0.04
2026-01-01 22:24:40,Idle,Idle,100,0,94.993,0,-0.1,395,25,-0.04
2026-01-01 22:24:50,Idle,Idle,100,0,94.993,0,-0.1,395,25,-0.04
2026-01-01 22:25:00,Idle,Idle,100,0,94.993,0,-0.1,395,25,-0.04
2026-01-01 22:25:10,Idle,Idle,100,0,94.993,0,-0.1,395,25,-0.04
2026-01-01 22:25:20,Idle,Idle,100,0,94.993,0,-0.1,395,25,-0.04
2026-01-01 22:25:30,Idle,Idle,100,0,94.993,0,-0.1,395,25,-0.04
2026-01-01 22:25:40,Idle,Idle,100,0,94.993,0,-0.1,395,25,-0.04
2026-01-01 22:25:50,Idle,Idle,100,0,94.993,0,-0.1,395,25,-0.04
2026-01-01 22:26:00,Idle,Idle,100,0,94.993,0,-0.1,395,25,-0.04
2026-01-01 22:26:10,Idle,Idle,100,0,94.993,0,-0.1,395,25,-0.04
2026-01-01 22:26:20,Idle,Idle,100,0,94.992,0,-0.1,395,25,-0.04
2026-01-01 22:26:30,Idle,Idle,100,0,94.992,0,-0.1,395,25,-0.04
2026-01-01 22:26:40,Idle,Idle,100,0,94.992,0,-0.1,395,25,-0.04
2026-01-01 22:26:50,Idle,Idle,100,0,94.992,0,-0.1,395,25,-0.04
2026-01-01 22:27:00,Idle,Idle,100,0,94.992,0,-0.1,395,25,-0.04
2026-01-01 22:27:10,Idle,Idle,100,0,94.992,0,-0.1,395,25,-0.04
2026-01-01 22:27:20,Idle,Idle,100,0,94.992,0,-0.1,395,25,-0.04
2026-01-01 22:27:30,Idle,Idle,100,0,94.992,0,-0.1,395,25,-0.04
2026-01-01 22:27:40,Idle,Idle,100,0,94.992,0,-0.1,395,25,-0.04
2026-01-01 22:27:50,Idle,Idle,100,0,94.992,0,-0.1,395,25,-0.04
2026-01-01 22:28:00,Idle,Idle,100,0,94.992,0,-0.1,395,25,-0.04
2026-01-01 22:28:10,Idle,Idle,100,0,94.992,0,-0.1,395,25,-0.04
2026-01-01 22:28:20,Idle,Idle,100,0,94.992,0,-0.1,395,25,-0.04
2026-01-01 22:28:30,Idle,Idle,100,0,94.992,0,-0.1,395,25,-0.04
2026-01-01 22:28:40,Idle,Idle,100,0,94.992,0,-0.1,395,25,-0.04
2026-01-01 22:28:50,Idle,Idle,100,0,94.992,0,-0.1,395,25,-0.04
2026-01-01 22:29:00,Idle,Idle,100,0,94.992,0,-0.1,395,25,-0.04
2026-01-01 22:29:10,Idle,Idle,100,0,94.992,0,-0.1,395,25,-0.04
2026-01-01 22:29:20,Idle,Idle,100,0,94.992,0,-0.1,395,25,-0.04
2026-01-01 22:29:30,Idle,Idle,100,0,94.992,0,-0.1,395,25,-0.04
2026-01-01 22:29:40,Idle,Idle,100,0,94.992,0,-0.1,395,25,-0.04
2026-01-01 22:29:50,Idle,Idle,100,0,94.992,0,-0.1,395,25,-0.04
2026-01-01 22:30:00,Idle,Idle,100,0,94.992,0,-0.1,395,25,-0.04
2026-01-01 22:30:10,Idle,Idle,100,0,94.992,0,-0.1,395,25,-0.04
2026-01-01 22:30:20,Idle,Idle,100,0,94.992,0,-0.1,395,25,-0.04
2026-01-01 22:30:30,Idle,Idle,100,0,94.992,0,-0.1,395,25,-0.04
2026-01-01 22:30:40,Idle,Idle,100,0,94.992,0,-0.1,395,25,-0.04
2026-01-01 22:30:50,Idle,Idle,100,0,94.992,0,-0.1,395,25,-0.04
2026-01-01 22:31:00,Idle,Idle,100,0,94.992,0,-0.1,395,25,-0.04
2026-01-01 22:31:10,Idle,Idle,100,0,94.992,0,-0.1,395,25,-0.04
2026-01-01 22:31:20,Idle,Idle,100,0,94.992,0,-0.1,395,25,-0.04
2026-01-01 22:31:30,Idle,Idle,100,0,94.992,0,-0.1,395,25,-0.04
2026-01-01 22:31:40,Idle,Idle,100,0,94.992,0,-0.1,395,25,-0.04
2026-01-01 22:31:50,Idle,Idle,100,0,94.992,0,-0.1,395,25,-0.04
2026-01-01 22:32:00,Idle,Idle,100,0,94.992,0,-0.1,395,25,-0.04
2026-01-01 22:32:10,Idle,Idle,100,0,94.992,0,-0.1,395,25,-0.04
2026-01-01 22:32:20,Idle,Idle,100,0,94.992,0,-0.1,395,25,-0.04
2026-01-01 22:32:30,Idle,Idle,100,0,94.992,0,-0.1,395,25,-0.04
2026-01-01 22:32:40,Idle,Idle,100,0,94.992,0,-0.1,395,25,-0.04
2026-01-01 22:32:50,Idle,Idle,100,0,94.992,0,-0.1,395,25,-0.04
2026-01-01 22:33:00,Idle,Idle,100,0,94.992,0,-0.1,395,25,-0.04
2026-01-01 22:33:10,Idle,Idle,100,0,94.992,0,-0.1,395,25,-0.04
2026-01-01 22:33:20,Idle,Idle,100,0,94.992,0,-0.1,395,25,-0.04
2026-01-01 22:33:30,Idle,Idle,100,0,94.992,0,-0.1,395,25,-0.04
2026-01-01 22:33:40,Idle,Idle,100,0,94.992,0,-0.1,395,25,-0.04
2026-01-01 22:33:50,Idle,Idle,100,0,94.991,0,-0.1,395,25,-0.04
2026-01-01 22:34:00,Idle,Idle,100,0,94.991,0,-0.1,395,25,-0.04
2026-01-01 22:34:10,Idle,Idle,100,0,94.991,0,-0.1,395,25,-0.04
2026-01-01 22:34:20,Idle,Idle,100,0,94.991,0,-0.1,395,25,-0.04
2026-01-01 22:34:30,Idle,Idle,100,0,94.991,0,-0.1,395,25,-0.04
2026-01-01 22:34:40,Idle,Idle,100,0,94.991,0,-0.1,395,25,-0.04
2026-01-01 22:34:50,Idle,Idle,100,0,94.991,0,-0.1,395,25,-0.04
2026-01-01 22:35:00,Idle,Idle,100,0,94.991,0,-0.1,395,25,-0.04
2026-01-01 22:35:10,Idle,Idle,100,0,94.991,0,-0.1,395,25,-0.04
2026-01-01 22:35:20,Idle,Idle,100,0,94.991,0,-0.1,395,25,-0.04
2026-01-01 22:35:30,Idle,Idle,100,0,94.991,0,-0.1,395,25,-0.04
2026-01-01 22:35:40,Idle,Idle,100,0,94.991,0,-0.1,395,25,-0.04
2026-01-01 22:35:50,Idle,Idle,100,0,94.991,0,-0.1,395,25,-0.04
2026-01-01 22:36:00,Idle,Idle,100,0,94.991,0,-0.1,395,25,-0.04
2026-01-01 22:36:10,Idle,Idle,100,0,94.991,0,-0.1,395,25,-0.04
2026-01-01 22:36:20,Idle,Idle,100,0,94.991,0,-0.1,395,25,-0.04
2026-01-01 22:36:30,Idle,Idle,100,0,94.991,0,-0.1,395,25,-0.04
2026-01-01 22:36:40,Idle,Idle,100,0,94.991,0,-0.1,395,25,-0.04
2026-01-01 22:36:50,Idle,Idle,100,0,94.991,0,-0.1,395,25,-0.04
2026-01-01 22:37:00,Idle,Idle,100,0,94.991,0,-0.1,395,25,-0.04
2026-01-01 22:37:10,Idle,Idle,100,0,94.991,0,-0.1,395,25,-0.04
2026-01-01 22:37:20,Idle,Idle,100,0,94.991,0,-0.1,395,25,-0.04
2026-01-01 22:37:30,Idle,Idle,100,0,94.991,0,-0.1,395,25,-0.04
2026-01-01 22:37:40,Idle,Idle,100,0,94.991,0,-0.1,395,25,-0.04
2026-01-01 22:37:50,Idle,Idle,100,0,94.991,0,-0.1,395,25,-0.04
2026-01-01 22:38:00,Idle,Idle,100,0,94.991,0,-0.1,395,25,-0.04
2026-01-01 22:38:10,Idle,Idle,100,0,94.991,0,-0.1,395,25,-0.04
2026-01-01 22:38:20,Idle,Idle,100,0,94.991,0,-0.1,395,25,-0.04
2026-01-01 22:38:30,Idle,Idle,100,0,94.991,0,-0.1,395,25,-0.04
2026-01-01 22:38:40,Idle,Idle,100,0,94.991,0,-0.1,395,25,-0.04
2026-01-01 22:38:50,Idle,Idle,100,0,94.991,0,-0.1,395,25,-0.04
2026-01-01 22:39:00,Idle,Idle,100,0,94.991,0,-0.1,395,25,-0.04
2026-01-01 22:39:10,Idle,Idle,100,0,94.991,0,-0.1,395,25,-0.04
2026-01-01 22:39:20,Idle,Idle,100,0,94.991,0,-0.1,395,25,-0.04
2026-01-01 22:39:30,Idle,Idle,100,0,94.991,0,-0.1,395,25,-0.04
2026-01-01 22:39:40,Idle,Idle,100,0,94.991,0,-0.1,395,25,-0.04
2026-01-01 22:39:50,Idle,Idle,100,0,94.991,0,-0.1,395,25,-0.04
2026-01-01 22:40:00,Idle,Idle,100,0,94.991,0,-0.1,395,25,-0.04
2026-01-01 22:40:10,Idle,Idle,100,0,94.991,0,-0.1,395,25,-0.04
2026-01-01 22:40:20,Idle,Idle,100,0,94.991,0,-0.1,395,25,-0.04
2026-01-01 22:40:30,Idle,Idle,100,0,94.991,0,-0.1,395,25,-0.04
2026-01-01 22:40:40,Idle,Idle,100,0,94.991,0,-0.1,395,25,-0.04
2026-01-01 22:40:50,Idle,Idle,100,0,94.991,0,-0.1,395,25,-0.04
2026-01-01 22:41:00,Idle,Idle,100,0,94.991,0,-0.1,395,25,-0.04
2026-01-01 22:41:10,Idle,Idle,100,0,94.991,0,-0.1,395,25,-0.04
2026-01-01 22:41:20,Idle,Idle,100,0,94.99,0,-0.1,395,25,-0.04
2026-01-01 22:41:30,Idle,Idle,100,0,94.99,0,-0.1,395,25,-0.04
2026-01-01 22:41:40,Idle,Idle,100,0,94.99,0,-0.1,395,25,-0.04
2026-01-01 22:41:50,Idle,Idle,100,0,94.99,0,-0.1,395,25,-0.04
2026-01-01 22:42:00,Idle,Idle,100,0,94.99,0,-0.1,395,25,-0.04
2026-01-01 22:42:10,Idle,Idle,100,0,94.99,0,-0.1,395,25,-0.04
2026-01-01 22:42:20,Idle,Idle,100,0,94.99,0,-0.1,395,25,-0.04
2026-01-01 22:42:30,Idle,Idle,100,0,94.99,0,-0.1,395,25,-0.04
2026-01-01 22:42:40,Idle,Idle,100,0,94.99,0,-0.1,395,25,-0.04
2026-01-01 22:42:50,Idle,Idle,100,0,94.99,0,-0.1,395,25,-0.04
2026-01-01 22:43:00,Idle,Idle,100,0,94.99,0,-0.1,395,25,-0.04
2026-01-01 22:43:10,Idle,Idle,100,0,94.99,0,-0.1,395,25,-0.04
2026-01-01 22:43:20,Idle,Idle,100,0,94.99,0,-0.1,395,25,-0.04
2026-01-01 22:43:30,Idle,Idle,100,0,94.99,0,-0.1,395,25,-0.04
2026-01-01 22:43:40,Idle,Idle,100,0,94.99,0,-0.1,395,25,-0.04
2026-01-01 22:43:50,Idle,Idle,100,0,94.99,0,-0.1,395,25,-0.04
2026-01-01 22:44:00,Idle,Idle,100,0,94.99,0,-0.1,395,25,-0.04
2026-01-01 22:44:10,Idle,Idle,100,0,94.99,0,-0.1,395,25,-0.04
2026-01-01 22:44:20,Idle,Idle,100,0,94.99,0,-0.1,395,25,-0.04
2026-01-01 22:44:30,Idle,Idle,100,0,94.99,0,-0.1,395,25,-0.04
2026-01-01 22:44:40,Idle,Idle,100,0,94.99,0,-0.1,395,25,-0.04
2026-01-01 22:44:50,Idle,Idle,100,0,94.99,0,-0.1,395,25,-0.04
2026-01-01 22:45:00,Idle,Idle,100,0,94.99,0,-0.1,395,25,-0.04
2026-01-01 22:45:10,Idle,Idle,100,0,94.99,0,-0.1,395,25,-0.04
2026-01-01 22:45:20,Idle,Idle,100,0,94.99,0,-0.1,395,25,-0.04
2026-01-01 22:45:30,Idle,Idle,100,0,94.99,0,-0.1,395,25,-0.04
2026-01-01 22:45:40,Idle,Idle,100,0,94.99,0,-0.1,395,25,-0.04
2026-01-01 22:45:50,Idle,Idle,100,0,94.99,0,-0.1,395,25,-0.04
2026-01-01 22:46:00,Idle,Idle,100,0,94.99,0,-0.1,395,25,-0.04
2026-01-01 22:46:10,Idle,Idle,100,0,94.99,0,-0.1,395,25,-0.04
2026-01-01 22:46:20,Idle,Idle,100,0,94.99,0,-0.1,395,25,-0.04
2026-01-01 22:46:30,Idle,Idle,100,0,94.99,0,-0.1,395,25,-0.04
2026-01-01 22:46:40,Idle,Idle,100,0,94.99,0,-0.1,395,25,-0.04
2026-01-01 22:46:50,Idle,Idle,100,0,94.99,0,-0.1,395,25,-0.04
2026-01-01 22:47:00,Idle,Idle,100,0,94.99,0,-0.1,395,25,-0.04
2026-01-01 22:47:10,Idle,Idle,100,0,94.99,0,-0.1,395,25,-0.04
2026-01-01 22:47:20,Idle,Idle,100,0,94.99,0,-0.1,395,25,-0.04
2026-01-01 22:47:30,Idle,Idle,100,0,94.99,0,-0.1,395,25,-0.04
2026-01-01 22:47:40,Idle,Idle,100,0,94.99,0,-0.1,395,25,-0.04
2026-01-01 22:47:50,Idle,Idle,100,0,94.99,0,-0.1,395,25,-0.04
2026-01-01 22:48:00,Idle,Idle,100,0,94.99,0,-0.1,395,25,-0.04
2026-01-01 22:48:10,Idle,Idle,100,0,94.99,0,-0.1,395,25,-0.04
2026-01-01 22:48:20,Idle,Idle,100,0,94.99,0,-0.1,395,25,-0.04
2026-01-01 22:48:30,Idle,Idle,100,0,94.99,0,-0.1,395,25,-0.04
2026-01-01 22:48:40,Idle,Idle,100,0,94.989,0,-0.1,395,25,-0.04
2026-01-01 22:48:50,Idle,Idle,100,0,94.989,0,-0.1,395,25,-0.04
2026-01-01 22:49:00,Idle,Idle,100,0,94.989,0,-0.1,395,25,-0.04
2026-01-01 22:49:10,Idle,Idle,100,0,94.989,0,-0.1,395,25,-0.04
2026-01-01 22:49:20,Idle,Idle,100,0,94.989,0,-0.1,395,25,-0.04
2026-01-01 22:49:30,Idle,Idle,100,0,94.989,0,-0.1,395,25,-0.04
2026-01-01 22:49:40,Idle,Idle,100,0,94.989,0,-0.1,395,25,-0.04
2026-01-01 22:49:50,Idle,Idle,100,0,94.989,0,-0.1,395,25,-0.04
2026-01-01 22:50:00,Idle,Idle,100,0,94.989,0,-0.1,395,25,-0.04
2026-01-01 22:50:10,Idle,Idle,100,0,94.989,0,-0.1,395,25,-0.04
2026-01-01 22:50:20,Idle,Idle,100,0,94.989,0,-0.1,395,25,-0.04
2026-01-01 22:50:30,Idle,Idle,100,0,94.989,0,-0.1,395,25,-0.04
2026-01-01 22:50:40,Idle,Idle,100,0,94.989,0,-0.1,395,25,-0.04
2026-01-01 22:50:50,Idle,Idle,100,0,94.989,0,-0.1,395,25,-0.04
2026-01-01 22:51:00,Idle,Idle,100,0,94.989,0,-0.1,395,25,-0.04
2026-01-01 22:51:10,Idle,Idle,100,0,94.989,0,-0.1,395,25,-0.04
2026-01-01 22:51:20,Idle,Idle,100,0,94.989,0,-0.1,395,25,-0.04
2026-01-01 22:51:30,Idle,Idle,100,0,94.989,0,-0.1,395,25,-0.04
2026-01-01 22:51:40,Idle,Idle,100,0,94.989,0,-0.1,395,25,-0.04
2026-01-01 22:51:50,Idle,Idle,100,0,94.989,0,-0.1,395,25,-0.04
2026-01-01 22:52:00,Idle,Idle,100,0,94.989,0,-0.1,395,25,-0.04
2026-01-01 22:52:10,Idle,Idle,100,0,94.989,0,-0.1,395,25,-0.04
2026-01-01 22:52:20,Idle,Idle,100,0,94.989,0,-0.1,395,25,-0.04
2026-01-01 22:52:30,Idle,Idle,100,0,94.989,0,-0.1,395,25,-0.04
2026-01-01 22:52:40,Idle,Idle,100,0,94.989,0,-0.1,395,25,-0.04
2026-01-01 22:52:50,Idle,Idle,100,0,94.989,0,-0.1,395,25,-0.04
2026-01-01 22:53:00,Idle,Idle,100,0,94.989,0,-0.1,395,25,-0.04
2026-01-01 22:53:10,Idle,Idle,100,0,94.989,0,-0.1,395,25,-0.04
2026-01-01 22:53:20,Idle,Idle,100,0,94.989,0,-0.1,395,25,-0.04
2026-01-01 22:53:30,Idle,Idle,100,0,94.989,0,-0.1,395,25,-0.04
2026-01-01 22:53:40,Idle,Idle,100,0,94.989,0,-0.1,395,25,-0.04
2026-01-01 22:53:50,Idle,Idle,100,0,94.989,0,-0.1,395,25,-0.04
2026-01-01 22:54:00,Idle,Idle,100,0,94.989,0,-0.1,395,25,-0.04
2026-01-01 22:54:10,Idle,Idle,100,0,94.989,0,-0.1,395,25,-0.04
2026-01-01 22:54:20,Idle,Idle,100,0,94.989,0,-0.1,395,25,-0.04
2026-01-01 22:54:30,Idle,Idle,100,0,94.989,0,-0.1,395,25,-0.04
2026-01-01 22:54:40,Idle,Idle,100,0,94.989,0,-0.1,395,25,-0.04
2026-01-01 22:54:50,Idle,Idle,100,0,94.989,0,-0.1,395,25,-0.04
2026-01-01 22:55:00,Idle,Idle,100,0,94.989,0,-0.1,395,25,-0.04
2026-01-01 22:55:10,Idle,Idle,100,0,94.989,0,-0.1,395,25,-0.04
2026-01-01 22:55:20,Idle,Idle,100,0,94.989,0,-0.1,395,25,-0.04
2026-01-01 22:55:30,Idle,Idle,100,0,94.989,0,-0.1,395,25,-0.04
2026-01-01 22:55:40,Idle,Idle,100,0,94.989,0,-0.1,395,25,-0.04
2026-01-01 22:55:50,Idle,Idle,100,0,94.989,0,-0.1,395,25,-0.04
2026-01-01 22:56:00,Idle,Idle,100,0,94.989,0,-0.1,395,25,-0.04
2026-01-01 22:56:10,Idle,Idle,100,0,94.988,0,-0.1,395,25,-0.04
2026-01-01 22:56:20,Idle,Idle,100,0,94.988,0,-0.1,395,25,-0.04
2026-01-01 22:56:30,Idle,Idle,100,0,94.988,0,-0.1,395,25,-0.04
2026-01-01 22:56:40,Idle,Idle,100,0,94.988,0,-0.1,395,25,-0.04
2026-01-01 22:56:50,Idle,Idle,100,0,94.988,0,-0.1,395,25,-0.04
2026-01-01 22:57:00,Idle,Idle,100,0,94.988,0,-0.1,395,25,-0.04
2026-01-01 22:57:10,Idle,Idle,100,0,94.988,0,-0.1,395,25,-0.04
2026-01-01 22:57:20,Idle,Idle,100,0,94.988,0,-0.1,395,25,-0.04
2026-01-01 22:57:30,Idle,Idle,100,0,94.988,0,-0.1,395,25,-0.04
2026-01-01 22:57:40,Idle,Idle,100,0,94.988,0,-0.1,395,25,-0.04
2026-01-01 22:57:50,Idle,Idle,100,0,94.988,0,-0.1,395,25,-0.04
2026-01-01 22:58:00,Idle,Idle,100,0,94.988,0,-0.1,395,25,-0.04
2026-01-01 22:58:10,Idle,Idle,100,0,94.988,0,-0.1,395,25,-0.04
2026-01-01 22:58:20,Idle,Idle,100,0,94.988,0,-0.1,395,25,-0.04
2026-01-01 22:58:30,Idle,Idle,100,0,94.988,0,-0.1,395,25,-0.04
2026-01-01 22:58:40,Idle,Idle,100,0,94.988,0,-0.1,395,25,-0.04
2026-01-01 22:58:50,Idle,Idle,100,0,94.988,0,-0.1,395,25,-0.04
2026-01-01 22:59:00,Idle,Idle,100,0,94.988,0,-0.1,395,25,-0.04
2026-01-01 22:59:10,Idle,Idle,100,0,94.988,0,-0.1,395,25,-0.04
2026-01-01 22:59:20,Idle,Idle,100,0,94.988,0,-0.1,395,25,-0.04
2026-01-01 22:59:30,Idle,Idle,100,0,94.988,0,-0.1,395,25,-0.04
2026-01-01 22:59:40,Idle,Idle,100,0,94.988,0,-0.1,395,25,-0.04
2026-01-01 22:59:50,Idle,Idle,100,0,94.988,0,-0.1,395,25,-0.04
2026-01-01 23:00:00,Idle,Idle,100,0,94.988,0,-0.1,395,25,-0.04
2026-01-01 23:00:10,Idle,Idle,100,0,94.988,0,-0.1,395,25,-0.04
2026-01-01 23:00:20,Idle,Idle,100,0,94.988,0,-0.1,395,25,-0.04
2026-01-01 23:00:30,Idle,Idle,100,0,94.988,0,-0.1,395,25,-0.04
2026-01-01 23:00:40,Idle,Idle,100,0,94.988,0,-0.1,395,25,-0.04
2026-01-01 23:00:50,Idle,Idle,100,0,94.988,0,-0.1,395,25,-0.04
2026-01-01 23:01:00,Idle,Idle,100,0,94.988,0,-0.1,395,25,-0.04
2026-01-01 23:01:10,Idle,Idle,100,0,94.988,0,-0.1,395,25,-0.04
2026-01-01 23:01:20,Idle,Idle,100,0,94.988,0,-0.1,395,25,-0.04
2026-01-01 23:01:30,Idle,Idle,100,0,94.988,0,-0.1,395,25,-0.04
2026-01-01 23:01:40,Idle,Idle,100,0,94.988,0,-0.1,395,25,-0.04
2026-01-01 23:01:50,Idle,Idle,100,0,94.988,0,-0.1,395,25,-0.04
2026-01-01 23:02:00,Idle,Idle,100,0,94.988,0,-0.1,395,25,-0.04
2026-01-01 23:02:10,Idle,Idle,100,0,94.988,0,-0.1,395,25,-0.04
2026-01-01 23:02:20,Idle,Idle,100,0,94.988,0,-0.1,395,25,-0.04
2026-01-01 23:02:30,Idle,Idle,100,0,94.988,0,-0.1,395,25,-0.04
2026-01-01 23:02:40,Idle,Idle,100,0,94.988,0,-0.1,395,25,-0.04
2026-01-01 23:02:50,Idle,Idle,100,0,94.988,0,-0.1,395,25,-0.04
2026-01-01 23:03:00,Idle,Idle,100,0,94.988,0,-0.1,395,25,-0.04
2026-01-01 23:03:10,Idle,Idle,100,0,94.988,0,-0.1,395,25,-0.04
2026-01-01 23:03:20,Idle,Idle,100,0,94.988,0,-0.1,395,25,-0.04
2026-01-01 23:03:30,Idle,Idle,100,0,94.988,0,-0.1,395,25,-0.04
2026-01-01 23:03:40,Idle,Idle,100,0,94.987,0,-0.1,395,25,-0.04
2026-01-01 23:03:50,Idle,Idle,100,0,94.987,0,-0.1,395,25,-0.04
2026-01-01 23:04:00,Idle,Idle,100,0,94.987,0,-0.1,395,25,-0.04
2026-01-01 23:04:10,Idle,Idle,100,0,94.987,0,-0.1,395,25,-0.04
2026-01-01 23:04:20,Idle,Idle,100,0,94.987,0,-0.1,395,25,-0.04
2026-01-01 23:04:30,Idle,Idle,100,0,94.987,0,-0.1,395,25,-0.04
2026-01-01 23:04:40,Idle,Idle,100,0,94.987,0,-0.1,395,25,-0.04
2026-01-01 23:04:50,Idle,Idle,100,0,94.987,0,-0.1,395,25,-0.04
2026-01-01 23:05:00,Idle,Idle,100,0,94.987,0,-0.1,395,25,-0.04
2026-01-01 23:05:10,Idle,Idle,100,0,94.987,0,-0.1,395,25,-0.04
2026-01-01 23:05:20,Idle,Idle,100,0,94.987,0,-0.1,395,25,-0.04
2026-01-01 23:05:30,Idle,Idle,100,0,94.987,0,-0.1,395,25,-0.04
2026-01-01 23:05:40,Idle,Idle,100,0,94.987,0,-0.1,395,25,-0.04
2026-01-01 23:05:50,Idle,Idle,100,0,94.987,0,-0.1,395,25,-0.04
2026-01-01 23:06:00,Idle,Idle,100,0,94.987,0,-0.1,395,25,-0.04
2026-01-01 23:06:10,Idle,Idle,100,0,94.987,0,-0.1,395,25,-0.04
2026-01-01 23:06:20,Idle,Idle,100,0,94.987,0,-0.1,395,25,-0.04
2026-01-01 23:06:30,Idle,Idle,100,0,94.987,0,-0.1,395,25,-0.04
2026-01-01 23:06:40,Idle,Idle,100,0,94.987,0,-0.1,395,25,-0.04
2026-01-01 23:06:50,Idle,Idle,100,0,94.987,0,-0.1,395,25,-0.04
2026-01-01 23:07:00,Idle,Idle,100,0,94.987,0,-0.1,395,25,-0.04
2026-01-01 23:07:10,Idle,Idle,100,0,94.987,0,-0.1,395,25,-0.04
2026-01-01 23:07:20,Idle,Idle,100,0,94.987,0,-0.1,395,25,-0.04
2026-01-01 23:07:30,Idle,Idle,100,0,94.987,0,-0.1,395,25,-0.04
2026-01-01 23:07:40,Idle,Idle,100,0,94.987,0,-0.1,395,25,-0.04
2026-01-01 23:07:50,Idle,Idle,100,0,94.987,0,-0.1,395,25,-0.04
2026-01-01 23:08:00,Idle,Idle,100,0,94.987,0,-0.1,395,25,-0.04
2026-01-01 23:08:10,Idle,Idle,100,0,94.987,0,-0.1,395,25,-0.04
2026-01-01 23:08:20,Idle,Idle,100,0,94.987,0,-0.1,395,25,-0.04
2026-01-01 23:08:30,Idle,Idle,100,0,94.987,0,-0.1,395,25,-0.04
2026-01-01 23:08:40,Idle,Idle,100,0,94.987,0,-0.1,395,25,-0.04
2026-01-01 23:08:50,Idle,Idle,100,0,94.987,0,-0.1,395,25,-0.04
2026-01-01 23:09:00,Idle,Idle,100,0,94.987,0,-0.1,395,25,-0.04
2026-01-01 23:09:10,Idle,Idle,100,0,94.987,0,-0.1,395,25,-0.04
2026-01-01 23:09:20,Idle,Idle,100,0,94.987,0,-0.1,395,25,-0.04
2026-01-01 23:09:30,Idle,Idle,100,0,94.987,0,-0.1,395,25,-0.04
2026-01-01 23:09:40,Idle,Idle,100,0,94.987,0,-0.1,395,25,-0.04
2026-01-01 23:09:50,Idle,Idle,100,0,94.987,0,-0.1,395,25,-0.04
2026-01-01 23:10:00,Idle,Idle,100,0,94.987,0,-0.1,395,25,-0.04
2026-01-01 23:10:10,Idle,Idle,100,0,94.987,0,-0.1,395,25,-0.04
2026-01-01 23:10:20,Idle,Idle,100,0,94.987,0,-0.1,395,25,-0.04
2026-01-01 23:10:30,Idle,Idle,100,0,94.987,0,-0.1,395,25,-0.04
2026-01-01 23:10:40,Idle,Idle,100,0,94.987,0,-0.1,395,25,-0.04
2026-01-01 23:10:50,Idle,Idle,100,0,94.987,0,-0.1,395,25,-0.04
2026-01-01 23:11:00,Idle,Idle,100,0,94.987,0,-0.1,395,25,-0.04
2026-01-01 23:11:10,Idle,Idle,100,0,94.986,0,-0.1,395,25,-0.04
2026-01-01 23:11:20,Idle,Idle,100,0,94.986,0,-0.1,395,25,-0.04
2026-01-01 23:11:30,Idle,Idle,100,0,94.986,0,-0.1,395,25,-0.04
2026-01-01 23:11:40,Idle,Idle,100,0,94.986,0,-0.1,395,25,-0.04
2026-01-01 23:11:50,Idle,Idle,100,0,94.986,0,-0.1,395,25,-0.04
2026-01-01 23:12:00,Idle,Idle,100,0,94.986,0,-0.1,395,25,-0.04
2026-01-01 23:12:10,Idle,Idle,100,0,94.986,0,-0.1,395,25,-0.04
2026-01-01 23:12:20,Idle,Idle,100,0,94.986,0,-0.1,395,25,-0.04
2026-01-01 23:12:30,Idle,Idle,100,0,94.986,0,-0.1,395,25,-0.04
2026-01-01 23:12:40,Idle,Idle,100,0,94.986,0,-0.1,395,25,-0.04
2026-01-01 23:12:50,Idle,Idle,100,0,94.986,0,-0.1,395,25,-0.04
2026-01-01 23:13:00,Idle,Idle,100,0,94.986,0,-0.1,395,25,-0.04
2026-01-01 23:13:10,Idle,Idle,100,0,94.986,0,-0.1,395,25,-0.04
2026-01-01 23:13:20,Idle,Idle,100,0,94.986,0,-0.1,395,25,-0.04
2026-01-01 23:13:30,Idle,Idle,100,0,94.986,0,-0.1,395,25,-0.04
2026-01-01 23:13:40,Idle,Idle,100,0,94.986,0,-0.1,395,25,-0.04
2026-01-01 23:13:50,Idle,Idle,100,0,94.986,0,-0.1,395,25,-0.04
2026-01-01 23:14:00,Idle,Idle,100,0,94.986,0,-0.1,395,25,-0.04
2026-01-01 23:14:10,Idle,Idle,100,0,94.986,0,-0.1,395,25,-0.04
2026-01-01 23:14:20,Idle,Idle,100,0,94.986,0,-0.1,395,25,-0.04
2026-01-01 23:14:30,Idle,Idle,100,0,94.986,0,-0.1,395,25,-0.04
2026-01-01 23:14:40,Idle,Idle,100,0,94.986,0,-0.1,395,25,-0.04
2026-01-01 23:14:50,Idle,Idle,100,0,94.986,0,-0.1,395,25,-0.04
2026-01-01 23:15:00,Idle,Idle,100,0,94.986,0,-0.1,395,25,-0.04
2026-01-01 23:15:10,Idle,Idle,100,0,94.986,0,-0.1,395,25,-0.04
2026-01-01 23:15:20,Idle,Idle,100,0,94.986,0,-0.1,395,25,-0.04
2026-01-01 23:15:30,Idle,Idle,100,0,94.986,0,-0.1,395,25,-0.04
2026-01-01 23:15:40,Idle,Idle,100,0,94.986,0,-0.1,395,25,-0.04
2026-01-01 23:15:50,Idle,Idle,100,0,94.986,0,-0.1,395,25,-0.04
2026-01-01 23:16:00,Idle,Idle,100,0,94.986,0,-0.1,395,25,-0.04
2026-01-01 23:16:10,Idle,Idle,100,0,94.986,0,-0.1,395,25,-0.04
2026-01-01 23:16:20,Idle,Idle,100,0,94.986,0,-0.1,395,25,-0.04
2026-01-01 23:16:30,Idle,Idle,100,0,94.986,0,-0.1,395,25,-0.04
2026-01-01 23:16:40,Idle,Idle,100,0,94.986,0,-0.1,395,25,-0.04
2026-01-01 23:16:50,Idle,Idle,100,0,94.986,0,-0.1,395,25,-0.04
2026-01-01 23:17:00,Idle,Idle,100,0,94.986,0,-0.1,395,25,-0.04
2026-01-01 23:17:10,Idle,Idle,100,0,94.986,0,-0.1,395,25,-0.04
2026-01-01 23:17:20,Idle,Idle,100,0,94.986,0,-0.1,395,25,-0.04
2026-01-01 23:17:30,Idle,Idle,100,0,94.986,0,-0.1,395,25,-0.04
2026-01-01 23:17:40,Idle,Idle,100,0,94.986,0,-0.1,395,25,-0.04
2026-01-01 23:17:50,Idle,Idle,100,0,94.986,0,-0.1,395,25,-0.04
2026-01-01 23:18:00,Idle,Idle,100,0,94.986,0,-0.1,395,25,-0.04
2026-01-01 23:18:10,Idle,Idle,100,0,94.986,0,-0.1,395,25,-0.04
2026-01-01 23:18:20,Idle,Idle,100,0,94.986,0,-0.1,395,25,-0.04
2026-01-01 23:18:30,Idle,Idle,100,0,94.986,0,-0.1,395,25,-0.04
2026-01-01 23:18:40,Idle,Idle,100,0,94.985,0,-0.1,395,25,-0.04
2026-01-01 23:18:50,Idle,Idle,100,0,94.985,0,-0.1,395,25,-0.04
2026-01-01 23:19:00,Idle,Idle,100,0,94.985,0,-0.1,395,25,-0.04
2026-01-01 23:19:10,Idle,Idle,100,0,94.985,0,-0.1,395,25,-0.04
2026-01-01 23:19:20,Idle,Idle,100,0,94.985,0,-0.1,395,25,-0.04
2026-01-01 23:19:30,Idle,Idle,100,0,94.985,0,-0.1,395,25,-0.04
2026-01-01 23:19:40,Idle,Idle,100,0,94.985,0,-0.1,395,25,-0.04
2026-01-01 23:19:50,Idle,Idle,100,0,94.985,0,-0.1,395,25,-0.04
2026-01-01 23:20:00,Idle,Idle,100,0,94.985,0,-0.1,395,25,-0.04
2026-01-01 23:20:10,Idle,Idle,100,0,94.985,0,-0.1,395,25,-0.04
2026-01-01 23:20:20,Idle,Idle,100,0,94.985,0,-0.1,395,25,-0.04
2026-01-01 23:20:30,Idle,Idle,100,0,94.985,0,-0.1,395,25,-0.04
2026-01-01 23:20:40,Idle,Idle,100,0,94.985,0,-0.1,395,25,-0.04
2026-01-01 23:20:50,Idle,Idle,100,0,94.985,0,-0.1,395,25,-0.04
2026-01-01 23:21:00,Idle,Idle,100,0,94.985,0,-0.1,395,25,-0.04
2026-01-01 23:21:10,Idle,Idle,100,0,94.985,0,-0.1,395,25,-0.04
2026-01-01 23:21:20,Idle,Idle,100,0,94.985,0,-0.1,395,25,-0.04
2026-01-01 23:21:30,Idle,Idle,100,0,94.985,0,-0.1,395,25,-0.04
2026-01-01 23:21:40,Idle,Idle,100,0,94.985,0,-0.1,395,25,-0.04
2026-01-01 23:21:50,Idle,Idle,100,0,94.985,0,-0.1,395,25,-0.04
2026-01-01 23:22:00,Idle,Idle,100,0,94.985,0,-0.1,395,25,-0.04
2026-01-01 23:22:10,Idle,Idle,100,0,94.985,0,-0.1,395,25,-0.04
2026-01-01 23:22:20,Idle,Idle,100,0,94.985,0,-0.1,395,25,-0.04
2026-01-01 23:22:30,Idle,Idle,100,0,94.985,0,-0.1,395,25,-0.04
2026-01-01 23:22:40,Idle,Idle,100,0,94.985,0,-0.1,395,25,-0.04
2026-01-01 23:22:50,Idle,Idle,100,0,94.985,0,-0.1,395,25,-0.04
2026-01-01 23:23:00,Idle,Idle,100,0,94.985,0,-0.1,395,25,-0.04
2026-01-01 23:23:10,Idle,Idle,100,0,94.985,0,-0.1,395,25,-0.04
2026-01-01 23:23:20,Idle,Idle,100,0,94.985,0,-0.1,395,25,-0.04
2026-01-01 23:23:30,Idle,Idle,100,0,94.985,0,-0.1,395,25,-0.04
2026-01-01 23:23:40,Idle,Idle,100,0,94.985,0,-0.1,395,25,-0.04
2026-01-01 23:23:50,Idle,Idle,100,0,94.985,0,-0.1,395,25,-0.04
2026-01-01 23:24:00,Idle,Idle,100,0,94.985,0,-0.1,395,25,-0.04
2026-01-01 23:24:10,Idle,Idle,100,0,94.985,0,-0.1,395,25,-0.04
2026-01-01 23:24:20,Idle,Idle,100,0,94.985,0,-0.1,395,25,-0.04
2026-01-01 23:24:30,Idle,Idle,100,0,94.985,0,-0.1,395,25,-0.04
2026-01-01 23:24:40,Idle,Idle,100,0,94.985,0,-0.1,395,25,-0.04
2026-01-01 23:24:50,Idle,Idle,100,0,94.985,0,-0.1,395,25,-0.04
2026-01-01 23:25:00,Idle,Idle,100,0,94.985,0,-0.1,395,25,-0.04
2026-01-01 23:25:10,Idle,Idle,100,0,94.985,0,-0.1,395,25,-0.04
2026-01-01 23:25:20,Idle,Idle,100,0,94.985,0,-0.1,395,25,-0.04
2026-01-01 23:25:30,Idle,Idle,100,0,94.985,0,-0.1,395,25,-0.04
2026-01-01 23:25:40,Idle,Idle,100,0,94.985,0,-0.1,395,25,-0.04
2026-01-01 23:25:50,Idle,Idle,100,0,94.985,0,-0.1,395,25,-0.04
2026-01-01 23:26:00,Idle,Idle,100,0,94.985,0,-0.1,395,25,-0.04
2026-01-01 23:26:10,Idle,Idle,100,0,94.984,0,-0.1,395,25,-0.04
2026-01-01 23:26:20,Idle,Idle,100,0,94.984,0,-0.1,395,25,-0.04
2026-01-01 23:26:30,Idle,Idle,100,0,94.984,0,-0.1,395,25,-0.04
2026-01-01 23:26:40,Idle,Idle,100,0,94.984,0,-0.1,395,25,-0.04
2026-01-01 23:26:50,Idle,Idle,100,0,94.984,0,-0.1,395,25,-0.04
2026-01-01 23:27:00,Idle,Idle,100,0,94.984,0,-0.1,395,25,-0.04
2026-01-01 23:27:10,Idle,Idle,100,0,94.984,0,-0.1,395,25,-0.04
2026-01-01 23:27:20,Idle,Idle,100,0,94.984,0,-0.1,395,25,-0.04
2026-01-01 23:27:30,Idle,Idle,100,0,94.984,0,-0.1,395,25,-0.04
2026-01-01 23:27:40,Idle,Idle,100,0,94.984,0,-0.1,395,25,-0.04
2026-01-01 23:27:50,Idle,Idle,100,0,94.984,0,-0.1,395,25,-0.04
2026-01-01 23:28:00,Idle,Idle,100,0,94.984,0,-0.1,395,25,-0.04
2026-01-01 23:28:10,Idle,Idle,100,0,94.984,0,-0.1,395,25,-0.04
2026-01-01 23:28:20,Idle,Idle,100,0,94.984,0,-0.1,395,25,-0.04
2026-01-01 23:28:30,Idle,Idle,100,0,94.984,0,-0.1,395,25,-0.04
2026-01-01 23:28:40,Idle,Idle,100,0,94.984,0,-0.1,395,25,-0.04
2026-01-01 23:28:50,Idle,Idle,100,0,94.984,0,-0.1,395,25,-0.04
2026-01-01 23:29:00,Idle,Idle,100,0,94.984,0,-0.1,395,25,-0.04
2026-01-01 23:29:10,Idle,Idle,100,0,94.984,0,-0.1,395,25,-0.04
2026-01-01 23:29:20,Idle,Idle,100,0,94.984,0,-0.1,395,25,-0.04
2026-01-01 23:29:30,Idle,Idle,100,0,94.984,0,-0.1,395,25,-0.04
2026-01-01 23:29:40,Idle,Idle,100,0,94.984,0,-0.1,395,25,-0.04
2026-01-01 23:29:50,Idle,Idle,100,0,94.984,0,-0.1,395,25,-0.04
2026-01-01 23:30:00,Idle,Idle,100,0,94.984,0,-0.1,395,25,-0.04
2026-01-01 23:30:10,Idle,Idle,100,0,94.984,0,-0.1,395,25,-0.04
2026-01-01 23:30:20,Idle,Idle,100,0,94.984,0,-0.1,395,25,-0.04
2026-01-01 23:30:30,Idle,Idle,100,0,94.984,0,-0.1,395,25,-0.04
2026-01-01 23:30:40,Idle,Idle,100,0,94.984,0,-0.1,395,25,-0.04
2026-01-01 23:30:50,Idle,Idle,100,0,94.984,0,-0.1,395,25,-0.04
2026-01-01 23:31:00,Idle,Idle,100,0,94.984,0,-0.1,395,25,-0.04
2026-01-01 23:31:10,Idle,Idle,100,0,94.984,0,-0.1,395,25,-0.04
2026-01-01 23:31:20,Idle,Idle,100,0,94.984,0,-0.1,395,25,-0.04
2026-01-01 23:31:30,Idle,Idle,100,0,94.984,0,-0.1,395,25,-0.04
2026-01-01 23:31:40,Idle,Idle,100,0,94.984,0,-0.1,395,25,-0.04
2026-01-01 23:31:50,Idle,Idle,100,0,94.984,0,-0.1,395,25,-0.04
2026-01-01 23:32:00,Idle,Idle,100,0,94.984,0,-0.1,395,25,-0.04
2026-01-01 23:32:10,Idle,Idle,100,0,94.984,0,-0.1,395,25,-0.04
2026-01-01 23:32:20,Idle,Idle,100,0,94.984,0,-0.1,395,25,-0.04
2026-01-01 23:32:30,Idle,Idle,100,0,94.984,0,-0.1,395,25,-0.04
2026-01-01 23:32:40,Idle,Idle,100,0,94.984,0,-0.1,395,25,-0.04
2026-01-01 23:32:50,Idle,Idle,100,0,94.984,0,-0.1,395,25,-0.04
2026-01-01 23:33:00,Idle,Idle,100,0,94.984,0,-0.1,395,25,-0.04
2026-01-01 23:33:10,Idle,Idle,100,0,94.984,0,-0.1,395,25,-0.04
2026-01-01 23:33:20,Idle,Idle,100,0,94.984,0,-0.1,395,25,-0.04
2026-01-01 23:33:30,Idle,Idle,100,0,94.984,0,-0.1,395,25,-0.04
2026-01-01 23:33:40,Idle,Idle,100,0,94.983,0,-0.1,395,25,-0.04
2026-01-01 23:33:50,Idle,Idle,100,0,94.983,0,-0.1,395,25,-0.04
2026-01-01 23:34:00,Idle,Idle,100,0,94.983,0,-0.1,395,25,-0.04
2026-01-01 23:34:10,Idle,Idle,100,0,94.983,0,-0.1,395,25,-0.04
2026-01-01 23:34:20,Idle,Idle,100,0,94.983,0,-0.1,395,25,-0.04
2026-01-01 23:34:30,Idle,Idle,100,0,94.983,0,-0.1,395,25,-0.04
2026-01-01 23:34:40,Idle,Idle,100,0,94.983,0,-0.1,395,25,-0.04
2026-01-01 23:34:50,Idle,Idle,100,0,94.983,0,-0.1,395,25,-0.04
2026-01-01 23:35:00,Idle,Idle,100,0,94.983,0,-0.1,395,25,-0.04
2026-01-01 23:35:10,Idle,Idle,100,0,94.983,0,-0.1,395,25,-0.04
2026-01-01 23:35:20,Idle,Idle,100,0,94.983,0,-0.1,395,25,-0.04
2026-01-01 23:35:30,Idle,Idle,100,0,94.983,0,-0.1,395,25,-0.04
2026-01-01 23:35:40,Idle,Idle,100,0,94.983,0,-0.1,395,25,-0.04
2026-01-01 23:35:50,Idle,Idle,100,0,94.983,0,-0.1,395,25,-0.04
2026-01-01 23:36:00,Idle,Idle,100,0,94.983,0,-0.1,395,25,-0.04
2026-01-01 23:36:10,Idle,Idle,100,0,94.983,0,-0.1,395,25,-0.04
2026-01-01 23:36:20,Idle,Idle,100,0,94.983,0,-0.1,395,25,-0.04
2026-01-01 23:36:30,Idle,Idle,100,0,94.983,0,-0.1,395,25,-0.04
2026-01-01 23:36:40,Idle,Idle,100,0,94.983,0,-0.1,395,25,-0.04
2026-01-01 23:36:50,Idle,Idle,100,0,94.983,0,-0.1,395,25,-0.04
2026-01-01 23:37:00,Idle,Idle,100,0,94.983,0,-0.1,395,25,-0.04
2026-01-01 23:37:10,Idle,Idle,100,0,94.983,0,-0.1,395,25,-0.04
2026-01-01 23:37:20,Idle,Idle,100,0,94.983,0,-0.1,395,25,-0.04
2026-01-01 23:37:30,Idle,Idle,100,0,94.983,0,-0.1,395,25,-0.04
2026-01-01 23:37:40,Idle,Idle,100,0,94.983,0,-0.1,395,25,-0.04
2026-01-01 23:37:50,Idle,Idle,100,0,94.983,0,-0.1,395,25,-0.04
2026-01-01 23:38:00,Idle,Idle,100,0,94.983,0,-0.1,395,25,-0.04
2026-01-01 23:38:10,Idle,Idle,100,0,94.983,0,-0.1,395,25,-0.04
2026-01-01 23:38:20,Idle,Idle,100,0,94.983,0,-0.1,395,25,-0.04
2026-01-01 23:38:30,Idle,Idle,100,0,94.983,0,-0.1,395,25,-0.04
2026-01-01 23:38:40,Idle,Idle,100,0,94.983,0,-0.1,395,25,-0.04
2026-01-01 23:38:50,Idle,Idle,100,0,94.983,0,-0.1,395,25,-0.04
2026-01-01 23:39:00,Idle,Idle,100,0,94.983,0,-0.1,395,25,-0.04
2026-01-01 23:39:10,Idle,Idle,100,0,94.983,0,-0.1,395,25,-0.04
2026-01-01 23:39:20,Idle,Idle,100,0,94.983,0,-0.1,395,25,-0.04
2026-01-01 23:39:30,Idle,Idle,100,0,94.983,0,-0.1,395,25,-0.04
2026-01-01 23:39:40,Idle,Idle,100,0,94.983,0,-0.1,395,25,-0.04
2026-01-01 23:39:50,Idle,Idle,100,0,94.983,0,-0.1,395,25,-0.04
2026-01-01 23:40:00,Idle,Idle,100,0,94.983,0,-0.1,395,25,-0.04
2026-01-01 23:40:10,Idle,Idle,100,0,94.983,0,-0.1,395,25,-0.04
2026-01-01 23:40:20,Idle,Idle,100,0,94.983,0,-0.1,395,25,-0.04
2026-01-01 23:40:30,Idle,Idle,100,0,94.983,0,-0.1,395,25,-0.04
2026-01-01 23:40:40,Idle,Idle,100,0,94.983,0,-0.1,395,25,-0.04
2026-01-01 23:40:50,Idle,Idle,100,0,94.983,0,-0.1,395,25,-0.04
2026-01-01 23:41:00,Idle,Idle,100,0,94.983,0,-0.1,395,25,-0.04
2026-01-01 23:41:10,Idle,Idle,100,0,94.982,0,-0.1,395,25,-0.04
2026-01-01 23:41:20,Idle,Idle,100,0,94.982,0,-0.1,395,25,-0.04
2026-01-01 23:41:30,Idle,Idle,100,0,94.982,0,-0.1,395,25,-0.04
2026-01-01 23:41:40,Idle,Idle,100,0,94.982,0,-0.1,395,25,-0.04
2026-01-01 23:41:50,Idle,Idle,100,0,94.982,0,-0.1,395,25,-0.04
2026-01-01 23:42:00,Idle,Idle,100,0,94.982,0,-0.1,395,25,-0.04
2026-01-01 23:42:10,Idle,Idle,100,0,94.982,0,-0.1,395,25,-0.04
2026-01-01 23:42:20,Idle,Idle,100,0,94.982,0,-0.1,395,25,-0.04
2026-01-01 23:42:30,Idle,Idle,100,0,94.982,0,-0.1,395,25,-0.04
2026-01-01 23:42:40,Idle,Idle,100,0,94.982,0,-0.1,395,25,-0.04
2026-01-01 23:42:50,Idle,Idle,100,0,94.982,0,-0.1,395,25,-0.04
2026-01-01 23:43:00,Idle,Idle,100,0,94.982,0,-0.1,395,25,-0.04
2026-01-01 23:43:10,Idle,Idle,100,0,94.982,0,-0.1,395,25,-0.04
2026-01-01 23:43:20,Idle,Idle,100,0,94.982,0,-0.1,395,25,-0.04
2026-01-01 23:43:30,Idle,Idle,100,0,94.982,0,-0.1,395,25,-0.04
2026-01-01 23:43:40,Idle,Idle,100,0,94.982,0,-0.1,395,25,-0.04
2026-01-01 23:43:50,Idle,Idle,100,0,94.982,0,-0.1,395,25,-0.04
2026-01-01 23:44:00,Idle,Idle,100,0,94.982,0,-0.1,395,25,-0.04
2026-01-01 23:44:10,Idle,Idle,100,0,94.982,0,-0.1,395,25,-0.04
2026-01-01 23:44:20,Idle,Idle,100,0,94.982,0,-0.1,395,25,-0.04
2026-01-01 23:44:30,Idle,Idle,100,0,94.982,0,-0.1,395,25,-0.04
2026-01-01 23:44:40,Idle,Idle,100,0,94.982,0,-0.1,395,25,-0.04
2026-01-01 23:44:50,Idle,Idle,100,0,94.982,0,-0.1,395,25,-0.04
2026-01-01 23:45:00,Idle,Idle,100,0,94.982,0,-0.1,395,25,-0.04
2026-01-01 23:45:10,Idle,Idle,100,0,94.982,0,-0.1,395,25,-0.04
2026-01-01 23:45:20,Idle,Idle,100,0,94.982,0,-0.1,395,25,-0.04
2026-01-01 23:45:30,Idle,Idle,100,0,94.982,0,-0.1,395,25,-0.04
2026-01-01 23:45:40,Idle,Idle,100,0,94.982,0,-0.1,395,25,-0.04
2026-01-01 23:45:50,Idle,Idle,100,0,94.982,0,-0.1,395,25,-0.04
2026-01-01 23:46:00,Idle,Idle,100,0,94.982,0,-0.1,395,25,-0.04
2026-01-01 23:46:10,Idle,Idle,100,0,94.982,0,-0.1,395,25,-0.04
2026-01-01 23:46:20,Idle,Idle,100,0,94.982,0,-0.1,395,25,-0.04
2026-01-01 23:46:30,Idle,Idle,100,0,94.982,0,-0.1,395,25,-0.04
2026-01-01 23:46:40,Idle,Idle,100,0,94.982,0,-0.1,395,25,-0.04
2026-01-01 23:46:50,Idle,Idle,100,0,94.982,0,-0.1,395,25,-0.04
2026-01-01 23:47:00,Idle,Idle,100,0,94.982,0,-0.1,395,25,-0.04
2026-01-01 23:47:10,Idle,Idle,100,0,94.982,0,-0.1,395,25,-0.04
2026-01-01 23:47:20,Idle,Idle,100,0,94.982,0,-0.1,395,25,-0.04
2026-01-01 23:47:30,Idle,Idle,100,0,94.982,0,-0.1,395,25,-0.04
2026-01-01 23:47:40,Idle,Idle,100,0,94.982,0,-0.1,395,25,-0.04
2026-01-01 23:47:50,Idle,Idle,100,0,94.982,0,-0.1,395,25,-0.04
2026-01-01 23:48:00,Idle,Idle,100,0,94.982,0,-0.1,395,25,-0.04
2026-01-01 23:48:10,Idle,Idle,100,0,94.982,0,-0.1,395,25,-0.04
2026-01-01 23:48:20,Idle,Idle,100,0,94.982,0,-0.1,395,25,-0.04
2026-01-01 23:48:30,Idle,Idle,100,0,94.982,0,-0.1,395,25,-0.04
2026-01-01 23:48:40,Idle,Idle,100,0,94.981,0,-0.1,395,25,-0.04
2026-01-01 23:48:50,Idle,Idle,100,0,94.981,0,-0.1,395,25,-0.04
2026-01-01 23:49:00,Idle,Idle,100,0,94.981,0,-0.1,395,25,-0.04
2026-01-01 23:49:10,Idle,Idle,100,0,94.981,0,-0.1,395,25,-0.04
2026-01-01 23:49:20,Idle,Idle,100,0,94.981,0,-0.1,395,25,-0.04
2026-01-01 23:49:30,Idle,Idle,100,0,94.981,0,-0.1,395,25,-0.04
2026-01-01 23:49:40,Idle,Idle,100,0,94.981,0,-0.1,395,25,-0.04
2026-01-01 23:49:50,Idle,Idle,100,0,94.981,0,-0.1,395,25,-0.04
2026-01-01 23:50:00,Idle,Idle,100,0,94.981,0,-0.1,395,25,-0.04
2026-01-01 23:50:10,Idle,Idle,100,0,94.981,0,-0.1,395,25,-0.04
2026-01-01 23:50:20,Idle,Idle,100,0,94.981,0,-0.1,395,25,-0.04
2026-01-01 23:50:30,Idle,Idle,100,0,94.981,0,-0.1,395,25,-0.04
2026-01-01 23:50:40,Idle,Idle,100,0,94.981,0,-0.1,395,25,-0.04
2026-01-01 23:50:50,Idle,Idle,100,0,94.981,0,-0.1,395,25,-0.04
2026-01-01 23:51:00,Idle,Idle,100,0,94.981,0,-0.1,395,25,-0.04
2026-01-01 23:51:10,Idle,Idle,100,0,94.981,0,-0.1,395,25,-0.04
2026-01-01 23:51:20,Idle,Idle,100,0,94.981,0,-0.1,395,25,-0.04
2026-01-01 23:51:30,Idle,Idle,100,0,94.981,0,-0.1,395,25,-0.04
2026-01-01 23:51:40,Idle,Idle,100,0,94.981,0,-0.1,395,25,-0.04
2026-01-01 23:51:50,Idle,Idle,100,0,94.981,0,-0.1,395,25,-0.04
2026-01-01 23:52:00,Idle,Idle,100,0,94.981,0,-0.1,395,25,-0.04
2026-01-01 23:52:10,Idle,Idle,100,0,94.981,0,-0.1,395,25,-0.04
2026-01-01 23:52:20,Idle,Idle,100,0,94.981,0,-0.1,395,25,-0.04
2026-01-01 23:52:30,Idle,Idle,100,0,94.981,0,-0.1,395,25,-0.04
2026-01-01 23:52:40,Idle,Idle,100,0,94.981,0,-0.1,395,25,-0.04
2026-01-01 23:52:50,Idle,Idle,100,0,94.981,0,-0.1,395,25,-0.04
2026-01-01 23:53:00,Idle,Idle,100,0,94.981,0,-0.1,395,25,-0.04
2026-01-01 23:53:10,Idle,Idle,100,0,94.981,0,-0.1,395,25,-0.04
2026-01-01 23:53:20,Idle,Idle,100,0,94.981,0,-0.1,395,25,-0.04
2026-01-01 23:53:30,Idle,Idle,100,0,94.981,0,-0.1,395,25,-0.04
2026-01-01 23:53:40,Idle,Idle,100,0,94.981,0,-0.1,395,25,-0.04
2026-01-01 23:53:50,Idle,Idle,100,0,94.981,0,-0.1,395,25,-0.04
2026-01-01 23:54:00,Idle,Idle,100,0,94.981,0,-0.1,395,25,-0.04
2026-01-01 23:54:10,Idle,Idle,100,0,94.981,0,-0.1,395,25,-0.04
2026-01-01 23:54:20,Idle,Idle,100,0,94.981,0,-0.1,395,25,-0.04
2026-01-01 23:54:30,Idle,Idle,100,0,94.981,0,-0.1,395,25,-0.04
2026-01-01 23:54:40,Idle,Idle,100,0,94.981,0,-0.1,395,25,-0.04
2026-01-01 23:54:50,Idle,Idle,100,0,94.981,0,-0.1,395,25,-0.04
2026-01-01 23:55:00,Idle,Idle,100,0,94.981,0,-0.1,395,25,-0.04
2026-01-01 23:55:10,Idle,Idle,100,0,94.981,0,-0.1,395,25,-0.04
2026-01-01 23:55:20,Idle,Idle,100,0,94.981,0,-0.1,395,25,-0.04
2026-01-01 23:55:30,Idle,Idle,100,0,94.981,0,-0.1,395,25,-0.04
2026-01-01 23:55:40,Idle,Idle,100,0,94.981,0,-0.1,395,25,-0.04
2026-01-01 23:55:50,Idle,Idle,100,0,94.981,0,-0.1,395,25,-0.04
2026-01-01 23:56:00,Idle,Idle,100,0,94.981,0,-0.1,395,25,-0.04
2026-01-01 23:56:10,Idle,Idle,100,0,94.98,0,-0.1,395,25,-0.04
2026-01-01 23:56:20,Idle,Idle,100,0,94.98,0,-0.1,395,25,-0.04
2026-01-01 23:56:30,Idle,Idle,100,0,94.98,0,-0.1,395,25,-0.04
2026-01-01 23:56:40,Idle,Idle,100,0,94.98,0,-0.1,395,25,-0.04
2026-01-01 23:56:50,Idle,Idle,100,0,94.98,0,-0.1,395,25,-0.04
2026-01-01 23:57:00,Idle,Idle,100,0,94.98,0,-0.1,395,25,-0.04
2026-01-01 23:57:10,Idle,Idle,100,0,94.98,0,-0.1,395,25,-0.04
2026-01-01 23:57:20,Idle,Idle,100,0,94.98,0,-0.1,395,25,-0.04
2026-01-01 23:57:30,Idle,Idle,100,0,94.98,0,-0.1,395,25,-0.04
2026-01-01 23:57:40,Idle,Idle,100,0,94.98,0,-0.1,395,25,-0.04
2026-01-01 23:57:50,Idle,Idle,100,0,94.98,0,-0.1,395,25,-0.04
2026-01-01 23:58:00,Idle,Idle,100,0,94.98,0,-0.1,395,25,-0.04
2026-01-01 23:58:10,Idle,Idle,100,0,94.98,0,-0.1,395,25,-0.04
2026-01-01 23:58:20,Idle,Idle,100,0,94.98,0,-0.1,395,25,-0.04
2026-01-01 23:58:30,Idle,Idle,100,0,94.98,0,-0.1,395,25,-0.04
2026-01-01 23:58:40,Idle,Idle,100,0,94.98,0,-0.1,395,25,-0.04
2026-01-01 23:58:50,Idle,Idle,100,0,94.98,0,-0.1,395,25,-0.04
2026-01-01 23:59:00,Idle,Idle,100,0,94.98,0,-0.1,395,25,-0.04
2026-01-01 23:59:10,Idle,Idle,100,0,94.98,0,-0.1,395,25,-0.04
2026-01-01 23:59:20,Idle,Idle,100,0,94.98,0,-0.1,395,25,-0.04
2026-01-01 23:59:30,Idle,Idle,100,0,94.98,0,-0.1,395,25,-0.04
2026-01-01 23:59:40,Idle,Idle,100,0,94.98,0,-0.1,395,25,-0.04
2026-01-01 23:59:50,Idle,Idle,100,0,94.98,0,-0.1,395,25,-0.04
